path,language
/content/work/processed_wav/Bengali/11161.wav,Bengali
/content/work/processed_wav/Bengali/11813.wav,Bengali
/content/work/processed_wav/Bengali/11590.wav,Bengali
/content/work/processed_wav/Bengali/11769.wav,Bengali
/content/work/processed_wav/Bengali/10371.wav,Bengali
/content/work/processed_wav/Bengali/11406.wav,Bengali
/content/work/processed_wav/Bengali/10850.wav,Bengali
/content/work/processed_wav/Bengali/10618.wav,Bengali
/content/work/processed_wav/Bengali/1074.wav,Bengali
/content/work/processed_wav/Bengali/10765.wav,Bengali
/content/work/processed_wav/Bengali/11670.wav,Bengali
/content/work/processed_wav/Bengali/11246.wav,Bengali
/content/work/processed_wav/Bengali/1204.wav,Bengali
/content/work/processed_wav/Bengali/11960.wav,Bengali
/content/work/processed_wav/Bengali/11958.wav,Bengali
/content/work/processed_wav/Bengali/11602.wav,Bengali
/content/work/processed_wav/Bengali/11671.wav,Bengali
/content/work/processed_wav/Bengali/1027.wav,Bengali
/content/work/processed_wav/Bengali/10296.wav,Bengali
/content/work/processed_wav/Bengali/11683.wav,Bengali
/content/work/processed_wav/Bengali/11306.wav,Bengali
/content/work/processed_wav/Bengali/11969.wav,Bengali
/content/work/processed_wav/Bengali/11044.wav,Bengali
/content/work/processed_wav/Bengali/10503.wav,Bengali
/content/work/processed_wav/Bengali/11507.wav,Bengali
/content/work/processed_wav/Bengali/11804.wav,Bengali
/content/work/processed_wav/Bengali/11627.wav,Bengali
/content/work/processed_wav/Bengali/12040.wav,Bengali
/content/work/processed_wav/Bengali/11368.wav,Bengali
/content/work/processed_wav/Bengali/11779.wav,Bengali
/content/work/processed_wav/Bengali/10436.wav,Bengali
/content/work/processed_wav/Bengali/11474.wav,Bengali
/content/work/processed_wav/Bengali/10701.wav,Bengali
/content/work/processed_wav/Bengali/11701.wav,Bengali
/content/work/processed_wav/Bengali/10602.wav,Bengali
/content/work/processed_wav/Bengali/11440.wav,Bengali
/content/work/processed_wav/Bengali/11028.wav,Bengali
/content/work/processed_wav/Bengali/11071.wav,Bengali
/content/work/processed_wav/Bengali/1132.wav,Bengali
/content/work/processed_wav/Bengali/10901.wav,Bengali
/content/work/processed_wav/Bengali/1053.wav,Bengali
/content/work/processed_wav/Bengali/11463.wav,Bengali
/content/work/processed_wav/Bengali/1070.wav,Bengali
/content/work/processed_wav/Bengali/11188.wav,Bengali
/content/work/processed_wav/Bengali/11140.wav,Bengali
/content/work/processed_wav/Bengali/1192.wav,Bengali
/content/work/processed_wav/Bengali/11288.wav,Bengali
/content/work/processed_wav/Bengali/11704.wav,Bengali
/content/work/processed_wav/Bengali/10351.wav,Bengali
/content/work/processed_wav/Bengali/11542.wav,Bengali
/content/work/processed_wav/Bengali/11519.wav,Bengali
/content/work/processed_wav/Bengali/11428.wav,Bengali
/content/work/processed_wav/Bengali/11473.wav,Bengali
/content/work/processed_wav/Bengali/10556.wav,Bengali
/content/work/processed_wav/Bengali/10301.wav,Bengali
/content/work/processed_wav/Bengali/10304.wav,Bengali
/content/work/processed_wav/Bengali/11083.wav,Bengali
/content/work/processed_wav/Bengali/11930.wav,Bengali
/content/work/processed_wav/Bengali/10348.wav,Bengali
/content/work/processed_wav/Bengali/11341.wav,Bengali
/content/work/processed_wav/Bengali/11452.wav,Bengali
/content/work/processed_wav/Bengali/11014.wav,Bengali
/content/work/processed_wav/Bengali/10630.wav,Bengali
/content/work/processed_wav/Bengali/11714.wav,Bengali
/content/work/processed_wav/Bengali/1024.wav,Bengali
/content/work/processed_wav/Bengali/12166.wav,Bengali
/content/work/processed_wav/Bengali/13906.wav,Bengali
/content/work/processed_wav/Bengali/12888.wav,Bengali
/content/work/processed_wav/Bengali/12907.wav,Bengali
/content/work/processed_wav/Bengali/13843.wav,Bengali
/content/work/processed_wav/Bengali/12089.wav,Bengali
/content/work/processed_wav/Bengali/13675.wav,Bengali
/content/work/processed_wav/Bengali/12971.wav,Bengali
/content/work/processed_wav/Bengali/12710.wav,Bengali
/content/work/processed_wav/Bengali/13126.wav,Bengali
/content/work/processed_wav/Bengali/13132.wav,Bengali
/content/work/processed_wav/Bengali/13802.wav,Bengali
/content/work/processed_wav/Bengali/12349.wav,Bengali
/content/work/processed_wav/Bengali/13934.wav,Bengali
/content/work/processed_wav/Bengali/12656.wav,Bengali
/content/work/processed_wav/Bengali/12393.wav,Bengali
/content/work/processed_wav/Bengali/13945.wav,Bengali
/content/work/processed_wav/Bengali/13783.wav,Bengali
/content/work/processed_wav/Bengali/12551.wav,Bengali
/content/work/processed_wav/Bengali/13726.wav,Bengali
/content/work/processed_wav/Bengali/12482.wav,Bengali
/content/work/processed_wav/Bengali/13178.wav,Bengali
/content/work/processed_wav/Bengali/12647.wav,Bengali
/content/work/processed_wav/Bengali/13310.wav,Bengali
/content/work/processed_wav/Bengali/12553.wav,Bengali
/content/work/processed_wav/Bengali/12398.wav,Bengali
/content/work/processed_wav/Bengali/1320.wav,Bengali
/content/work/processed_wav/Bengali/12965.wav,Bengali
/content/work/processed_wav/Bengali/12637.wav,Bengali
/content/work/processed_wav/Bengali/13361.wav,Bengali
/content/work/processed_wav/Bengali/13787.wav,Bengali
/content/work/processed_wav/Bengali/13440.wav,Bengali
/content/work/processed_wav/Bengali/12913.wav,Bengali
/content/work/processed_wav/Bengali/12769.wav,Bengali
/content/work/processed_wav/Bengali/12938.wav,Bengali
/content/work/processed_wav/Bengali/13487.wav,Bengali
/content/work/processed_wav/Bengali/12994.wav,Bengali
/content/work/processed_wav/Bengali/13141.wav,Bengali
/content/work/processed_wav/Bengali/12959.wav,Bengali
/content/work/processed_wav/Bengali/12470.wav,Bengali
/content/work/processed_wav/Bengali/13642.wav,Bengali
/content/work/processed_wav/Bengali/12492.wav,Bengali
/content/work/processed_wav/Bengali/13738.wav,Bengali
/content/work/processed_wav/Bengali/12916.wav,Bengali
/content/work/processed_wav/Bengali/12436.wav,Bengali
/content/work/processed_wav/Bengali/12928.wav,Bengali
/content/work/processed_wav/Bengali/12330.wav,Bengali
/content/work/processed_wav/Bengali/1213.wav,Bengali
/content/work/processed_wav/Bengali/12726.wav,Bengali
/content/work/processed_wav/Bengali/13460.wav,Bengali
/content/work/processed_wav/Bengali/12204.wav,Bengali
/content/work/processed_wav/Bengali/13057.wav,Bengali
/content/work/processed_wav/Bengali/12715.wav,Bengali
/content/work/processed_wav/Bengali/12835.wav,Bengali
/content/work/processed_wav/Bengali/13082.wav,Bengali
/content/work/processed_wav/Bengali/1222.wav,Bengali
/content/work/processed_wav/Bengali/12516.wav,Bengali
/content/work/processed_wav/Bengali/13163.wav,Bengali
/content/work/processed_wav/Bengali/13107.wav,Bengali
/content/work/processed_wav/Bengali/13539.wav,Bengali
/content/work/processed_wav/Bengali/13615.wav,Bengali
/content/work/processed_wav/Bengali/12603.wav,Bengali
/content/work/processed_wav/Bengali/12727.wav,Bengali
/content/work/processed_wav/Bengali/12536.wav,Bengali
/content/work/processed_wav/Bengali/12771.wav,Bengali
/content/work/processed_wav/Bengali/13788.wav,Bengali
/content/work/processed_wav/Bengali/13463.wav,Bengali
/content/work/processed_wav/Bengali/12924.wav,Bengali
/content/work/processed_wav/Bengali/12473.wav,Bengali
/content/work/processed_wav/Bengali/13344.wav,Bengali
/content/work/processed_wav/Bengali/13587.wav,Bengali
/content/work/processed_wav/Bengali/13806.wav,Bengali
/content/work/processed_wav/Bengali/12247.wav,Bengali
/content/work/processed_wav/Bengali/12799.wav,Bengali
/content/work/processed_wav/Bengali/12182.wav,Bengali
/content/work/processed_wav/Bengali/13409.wav,Bengali
/content/work/processed_wav/Bengali/14650.wav,Bengali
/content/work/processed_wav/Bengali/15587.wav,Bengali
/content/work/processed_wav/Bengali/14630.wav,Bengali
/content/work/processed_wav/Bengali/15411.wav,Bengali
/content/work/processed_wav/Bengali/149.wav,Bengali
/content/work/processed_wav/Bengali/15726.wav,Bengali
/content/work/processed_wav/Bengali/15714.wav,Bengali
/content/work/processed_wav/Bengali/15337.wav,Bengali
/content/work/processed_wav/Bengali/15183.wav,Bengali
/content/work/processed_wav/Bengali/14944.wav,Bengali
/content/work/processed_wav/Bengali/14580.wav,Bengali
/content/work/processed_wav/Bengali/14171.wav,Bengali
/content/work/processed_wav/Bengali/15212.wav,Bengali
/content/work/processed_wav/Bengali/15642.wav,Bengali
/content/work/processed_wav/Bengali/14448.wav,Bengali
/content/work/processed_wav/Bengali/14063.wav,Bengali
/content/work/processed_wav/Bengali/14145.wav,Bengali
/content/work/processed_wav/Bengali/15737.wav,Bengali
/content/work/processed_wav/Bengali/15712.wav,Bengali
/content/work/processed_wav/Bengali/15742.wav,Bengali
/content/work/processed_wav/Bengali/14810.wav,Bengali
/content/work/processed_wav/Bengali/15299.wav,Bengali
/content/work/processed_wav/Bengali/15653.wav,Bengali
/content/work/processed_wav/Bengali/14603.wav,Bengali
/content/work/processed_wav/Bengali/15589.wav,Bengali
/content/work/processed_wav/Bengali/14606.wav,Bengali
/content/work/processed_wav/Bengali/14703.wav,Bengali
/content/work/processed_wav/Bengali/14049.wav,Bengali
/content/work/processed_wav/Bengali/14661.wav,Bengali
/content/work/processed_wav/Bengali/15555.wav,Bengali
/content/work/processed_wav/Bengali/14313.wav,Bengali
/content/work/processed_wav/Bengali/1448.wav,Bengali
/content/work/processed_wav/Bengali/15592.wav,Bengali
/content/work/processed_wav/Bengali/14534.wav,Bengali
/content/work/processed_wav/Bengali/15009.wav,Bengali
/content/work/processed_wav/Bengali/14051.wav,Bengali
/content/work/processed_wav/Bengali/15001.wav,Bengali
/content/work/processed_wav/Bengali/14704.wav,Bengali
/content/work/processed_wav/Bengali/14299.wav,Bengali
/content/work/processed_wav/Bengali/14390.wav,Bengali
/content/work/processed_wav/Bengali/15249.wav,Bengali
/content/work/processed_wav/Bengali/15428.wav,Bengali
/content/work/processed_wav/Bengali/15639.wav,Bengali
/content/work/processed_wav/Bengali/14635.wav,Bengali
/content/work/processed_wav/Bengali/14084.wav,Bengali
/content/work/processed_wav/Bengali/14984.wav,Bengali
/content/work/processed_wav/Bengali/14552.wav,Bengali
/content/work/processed_wav/Bengali/14783.wav,Bengali
/content/work/processed_wav/Bengali/15441.wav,Bengali
/content/work/processed_wav/Bengali/1441.wav,Bengali
/content/work/processed_wav/Bengali/14030.wav,Bengali
/content/work/processed_wav/Bengali/15720.wav,Bengali
/content/work/processed_wav/Bengali/15516.wav,Bengali
/content/work/processed_wav/Bengali/13985.wav,Bengali
/content/work/processed_wav/Bengali/14053.wav,Bengali
/content/work/processed_wav/Bengali/15317.wav,Bengali
/content/work/processed_wav/Bengali/15.wav,Bengali
/content/work/processed_wav/Bengali/14773.wav,Bengali
/content/work/processed_wav/Bengali/14160.wav,Bengali
/content/work/processed_wav/Bengali/15345.wav,Bengali
/content/work/processed_wav/Bengali/15469.wav,Bengali
/content/work/processed_wav/Bengali/14332.wav,Bengali
/content/work/processed_wav/Bengali/14177.wav,Bengali
/content/work/processed_wav/Bengali/14821.wav,Bengali
/content/work/processed_wav/Bengali/14740.wav,Bengali
/content/work/processed_wav/Bengali/14334.wav,Bengali
/content/work/processed_wav/Bengali/14999.wav,Bengali
/content/work/processed_wav/Bengali/14064.wav,Bengali
/content/work/processed_wav/Bengali/14477.wav,Bengali
/content/work/processed_wav/Bengali/1531.wav,Bengali
/content/work/processed_wav/Bengali/14285.wav,Bengali
/content/work/processed_wav/Bengali/15158.wav,Bengali
/content/work/processed_wav/Bengali/15378.wav,Bengali
/content/work/processed_wav/Bengali/15209.wav,Bengali
/content/work/processed_wav/Bengali/14017.wav,Bengali
/content/work/processed_wav/Bengali/15027.wav,Bengali
/content/work/processed_wav/Bengali/1749.wav,Bengali
/content/work/processed_wav/Bengali/17022 (1).wav,Bengali
/content/work/processed_wav/Bengali/16742 (1).wav,Bengali
/content/work/processed_wav/Bengali/16819 (1).wav,Bengali
/content/work/processed_wav/Bengali/16467.wav,Bengali
/content/work/processed_wav/Bengali/17114.wav,Bengali
/content/work/processed_wav/Bengali/15828.wav,Bengali
/content/work/processed_wav/Bengali/16329.wav,Bengali
/content/work/processed_wav/Bengali/16290.wav,Bengali
/content/work/processed_wav/Bengali/16999 (1).wav,Bengali
/content/work/processed_wav/Bengali/16812 (1).wav,Bengali
/content/work/processed_wav/Bengali/16564.wav,Bengali
/content/work/processed_wav/Bengali/17033 (1).wav,Bengali
/content/work/processed_wav/Bengali/16812.wav,Bengali
/content/work/processed_wav/Bengali/16571.wav,Bengali
/content/work/processed_wav/Bengali/17484.wav,Bengali
/content/work/processed_wav/Bengali/17233.wav,Bengali
/content/work/processed_wav/Bengali/16805 (1).wav,Bengali
/content/work/processed_wav/Bengali/17333.wav,Bengali
/content/work/processed_wav/Bengali/1642.wav,Bengali
/content/work/processed_wav/Bengali/16819.wav,Bengali
/content/work/processed_wav/Bengali/16246.wav,Bengali
/content/work/processed_wav/Bengali/17033.wav,Bengali
/content/work/processed_wav/Bengali/17011 (1).wav,Bengali
/content/work/processed_wav/Bengali/16532.wav,Bengali
/content/work/processed_wav/Bengali/16092.wav,Bengali
/content/work/processed_wav/Bengali/16990 (1).wav,Bengali
/content/work/processed_wav/Bengali/17308.wav,Bengali
/content/work/processed_wav/Bengali/16957 (1).wav,Bengali
/content/work/processed_wav/Bengali/17207.wav,Bengali
/content/work/processed_wav/Bengali/16913 (1).wav,Bengali
/content/work/processed_wav/Bengali/16336.wav,Bengali
/content/work/processed_wav/Bengali/16167.wav,Bengali
/content/work/processed_wav/Bengali/17022.wav,Bengali
/content/work/processed_wav/Bengali/16936 (1).wav,Bengali
/content/work/processed_wav/Bengali/16238.wav,Bengali
/content/work/processed_wav/Bengali/16805.wav,Bengali
/content/work/processed_wav/Bengali/16765 (1).wav,Bengali
/content/work/processed_wav/Bengali/16320.wav,Bengali
/content/work/processed_wav/Bengali/17011.wav,Bengali
/content/work/processed_wav/Bengali/15771.wav,Bengali
/content/work/processed_wav/Bengali/16160.wav,Bengali
/content/work/processed_wav/Bengali/15934.wav,Bengali
/content/work/processed_wav/Bengali/1679 (1).wav,Bengali
/content/work/processed_wav/Bengali/15854.wav,Bengali
/content/work/processed_wav/Bengali/16936.wav,Bengali
/content/work/processed_wav/Bengali/16104.wav,Bengali
/content/work/processed_wav/Bengali/16432.wav,Bengali
/content/work/processed_wav/Bengali/17144.wav,Bengali
/content/work/processed_wav/Bengali/17477.wav,Bengali
/content/work/processed_wav/Bengali/16957.wav,Bengali
/content/work/processed_wav/Bengali/17498.wav,Bengali
/content/work/processed_wav/Bengali/16081.wav,Bengali
/content/work/processed_wav/Bengali/15904.wav,Bengali
/content/work/processed_wav/Bengali/17119.wav,Bengali
/content/work/processed_wav/Bengali/16131.wav,Bengali
/content/work/processed_wav/Bengali/16010.wav,Bengali
/content/work/processed_wav/Bengali/15915.wav,Bengali
/content/work/processed_wav/Bengali/16097.wav,Bengali
/content/work/processed_wav/Bengali/16999.wav,Bengali
/content/work/processed_wav/Bengali/17446.wav,Bengali
/content/work/processed_wav/Bengali/17403.wav,Bengali
/content/work/processed_wav/Bengali/16990.wav,Bengali
/content/work/processed_wav/Bengali/1663.wav,Bengali
/content/work/processed_wav/Bengali/16864 (1).wav,Bengali
/content/work/processed_wav/Bengali/17146.wav,Bengali
/content/work/processed_wav/Bengali/15997.wav,Bengali
/content/work/processed_wav/Bengali/16978 (1).wav,Bengali
/content/work/processed_wav/Bengali/15981.wav,Bengali
/content/work/processed_wav/Bengali/15899.wav,Bengali
/content/work/processed_wav/Bengali/16765.wav,Bengali
/content/work/processed_wav/Bengali/1600.wav,Bengali
/content/work/processed_wav/Bengali/15817.wav,Bengali
/content/work/processed_wav/Bengali/16254.wav,Bengali
/content/work/processed_wav/Bengali/16864.wav,Bengali
/content/work/processed_wav/Bengali/1622.wav,Bengali
/content/work/processed_wav/Bengali/15963.wav,Bengali
/content/work/processed_wav/Bengali/17120.wav,Bengali
/content/work/processed_wav/Bengali/16027.wav,Bengali
/content/work/processed_wav/Bengali/1606.wav,Bengali
/content/work/processed_wav/Bengali/16609.wav,Bengali
/content/work/processed_wav/Bengali/17078.wav,Bengali
/content/work/processed_wav/Bengali/17211.wav,Bengali
/content/work/processed_wav/Bengali/16913.wav,Bengali
/content/work/processed_wav/Bengali/16978.wav,Bengali
/content/work/processed_wav/Bengali/16742.wav,Bengali
/content/work/processed_wav/Bengali/1679.wav,Bengali
/content/work/processed_wav/Bengali/1709.wav,Bengali
/content/work/processed_wav/Bengali/17474.wav,Bengali
/content/work/processed_wav/Bengali/16543.wav,Bengali
/content/work/processed_wav/Bengali/1934.wav,Bengali
/content/work/processed_wav/Bengali/18281.wav,Bengali
/content/work/processed_wav/Bengali/19612.wav,Bengali
/content/work/processed_wav/Bengali/17873.wav,Bengali
/content/work/processed_wav/Bengali/18638.wav,Bengali
/content/work/processed_wav/Bengali/17572.wav,Bengali
/content/work/processed_wav/Bengali/18991.wav,Bengali
/content/work/processed_wav/Bengali/18947.wav,Bengali
/content/work/processed_wav/Bengali/17814.wav,Bengali
/content/work/processed_wav/Bengali/19128.wav,Bengali
/content/work/processed_wav/Bengali/19082.wav,Bengali
/content/work/processed_wav/Bengali/1751.wav,Bengali
/content/work/processed_wav/Bengali/18388.wav,Bengali
/content/work/processed_wav/Bengali/17705.wav,Bengali
/content/work/processed_wav/Bengali/1957.wav,Bengali
/content/work/processed_wav/Bengali/19453.wav,Bengali
/content/work/processed_wav/Bengali/18895.wav,Bengali
/content/work/processed_wav/Bengali/18584.wav,Bengali
/content/work/processed_wav/Bengali/1955.wav,Bengali
/content/work/processed_wav/Bengali/18458.wav,Bengali
/content/work/processed_wav/Bengali/19720.wav,Bengali
/content/work/processed_wav/Bengali/18558.wav,Bengali
/content/work/processed_wav/Bengali/1825.wav,Bengali
/content/work/processed_wav/Bengali/17577.wav,Bengali
/content/work/processed_wav/Bengali/1948.wav,Bengali
/content/work/processed_wav/Bengali/18549.wav,Bengali
/content/work/processed_wav/Bengali/18635.wav,Bengali
/content/work/processed_wav/Bengali/18519.wav,Bengali
/content/work/processed_wav/Bengali/19324.wav,Bengali
/content/work/processed_wav/Bengali/19407.wav,Bengali
/content/work/processed_wav/Bengali/19210.wav,Bengali
/content/work/processed_wav/Bengali/18737.wav,Bengali
/content/work/processed_wav/Bengali/17800.wav,Bengali
/content/work/processed_wav/Bengali/18750.wav,Bengali
/content/work/processed_wav/Bengali/17849.wav,Bengali
/content/work/processed_wav/Bengali/19795.wav,Bengali
/content/work/processed_wav/Bengali/19496.wav,Bengali
/content/work/processed_wav/Bengali/19705.wav,Bengali
/content/work/processed_wav/Bengali/17932.wav,Bengali
/content/work/processed_wav/Bengali/17746.wav,Bengali
/content/work/processed_wav/Bengali/19009.wav,Bengali
/content/work/processed_wav/Bengali/17655.wav,Bengali
/content/work/processed_wav/Bengali/17893.wav,Bengali
/content/work/processed_wav/Bengali/1796.wav,Bengali
/content/work/processed_wav/Bengali/19558.wav,Bengali
/content/work/processed_wav/Bengali/19206.wav,Bengali
/content/work/processed_wav/Bengali/18515.wav,Bengali
/content/work/processed_wav/Bengali/19627.wav,Bengali
/content/work/processed_wav/Bengali/181.wav,Bengali
/content/work/processed_wav/Bengali/19619.wav,Bengali
/content/work/processed_wav/Bengali/18312.wav,Bengali
/content/work/processed_wav/Bengali/18471.wav,Bengali
/content/work/processed_wav/Bengali/19177.wav,Bengali
/content/work/processed_wav/Bengali/18326.wav,Bengali
/content/work/processed_wav/Bengali/19282.wav,Bengali
/content/work/processed_wav/Bengali/182.wav,Bengali
/content/work/processed_wav/Bengali/18304.wav,Bengali
/content/work/processed_wav/Bengali/19690.wav,Bengali
/content/work/processed_wav/Bengali/18223.wav,Bengali
/content/work/processed_wav/Bengali/18686.wav,Bengali
/content/work/processed_wav/Bengali/18290.wav,Bengali
/content/work/processed_wav/Bengali/17862.wav,Bengali
/content/work/processed_wav/Bengali/19240.wav,Bengali
/content/work/processed_wav/Bengali/1889.wav,Bengali
/content/work/processed_wav/Bengali/17735.wav,Bengali
/content/work/processed_wav/Bengali/17543.wav,Bengali
/content/work/processed_wav/Bengali/17621.wav,Bengali
/content/work/processed_wav/Bengali/18068.wav,Bengali
/content/work/processed_wav/Bengali/18962.wav,Bengali
/content/work/processed_wav/Bengali/18747.wav,Bengali
/content/work/processed_wav/Bengali/17607.wav,Bengali
/content/work/processed_wav/Bengali/19509.wav,Bengali
/content/work/processed_wav/Bengali/18222.wav,Bengali
/content/work/processed_wav/Bengali/17728.wav,Bengali
/content/work/processed_wav/Bengali/18933.wav,Bengali
/content/work/processed_wav/Bengali/19099.wav,Bengali
/content/work/processed_wav/Bengali/19051.wav,Bengali
/content/work/processed_wav/Bengali/18849.wav,Bengali
/content/work/processed_wav/Bengali/1882.wav,Bengali
/content/work/processed_wav/Bengali/18863.wav,Bengali
/content/work/processed_wav/Bengali/18073.wav,Bengali
/content/work/processed_wav/Bengali/1880.wav,Bengali
/content/work/processed_wav/Bengali/21026.wav,Bengali
/content/work/processed_wav/Bengali/20737.wav,Bengali
/content/work/processed_wav/Bengali/21844.wav,Bengali
/content/work/processed_wav/Bengali/21567.wav,Bengali
/content/work/processed_wav/Bengali/21495.wav,Bengali
/content/work/processed_wav/Bengali/21134.wav,Bengali
/content/work/processed_wav/Bengali/21055.wav,Bengali
/content/work/processed_wav/Bengali/199.wav,Bengali
/content/work/processed_wav/Bengali/20068.wav,Bengali
/content/work/processed_wav/Bengali/20609.wav,Bengali
/content/work/processed_wav/Bengali/20526.wav,Bengali
/content/work/processed_wav/Bengali/19894.wav,Bengali
/content/work/processed_wav/Bengali/21115.wav,Bengali
/content/work/processed_wav/Bengali/21592.wav,Bengali
/content/work/processed_wav/Bengali/19887.wav,Bengali
/content/work/processed_wav/Bengali/2128.wav,Bengali
/content/work/processed_wav/Bengali/21360.wav,Bengali
/content/work/processed_wav/Bengali/21113.wav,Bengali
/content/work/processed_wav/Bengali/2002.wav,Bengali
/content/work/processed_wav/Bengali/19796.wav,Bengali
/content/work/processed_wav/Bengali/21867.wav,Bengali
/content/work/processed_wav/Bengali/21587.wav,Bengali
/content/work/processed_wav/Bengali/20998.wav,Bengali
/content/work/processed_wav/Bengali/20904.wav,Bengali
/content/work/processed_wav/Bengali/20799.wav,Bengali
/content/work/processed_wav/Bengali/20481.wav,Bengali
/content/work/processed_wav/Bengali/20331.wav,Bengali
/content/work/processed_wav/Bengali/19917.wav,Bengali
/content/work/processed_wav/Bengali/2108.wav,Bengali
/content/work/processed_wav/Bengali/21017.wav,Bengali
/content/work/processed_wav/Bengali/19957.wav,Bengali
/content/work/processed_wav/Bengali/2010.wav,Bengali
/content/work/processed_wav/Bengali/2013.wav,Bengali
/content/work/processed_wav/Bengali/21336.wav,Bengali
/content/work/processed_wav/Bengali/21411.wav,Bengali
/content/work/processed_wav/Bengali/21225.wav,Bengali
/content/work/processed_wav/Bengali/20020.wav,Bengali
/content/work/processed_wav/Bengali/20375.wav,Bengali
/content/work/processed_wav/Bengali/20100.wav,Bengali
/content/work/processed_wav/Bengali/2123.wav,Bengali
/content/work/processed_wav/Bengali/20665.wav,Bengali
/content/work/processed_wav/Bengali/20032.wav,Bengali
/content/work/processed_wav/Bengali/20690.wav,Bengali
/content/work/processed_wav/Bengali/20918.wav,Bengali
/content/work/processed_wav/Bengali/20430.wav,Bengali
/content/work/processed_wav/Bengali/20560.wav,Bengali
/content/work/processed_wav/Bengali/21473.wav,Bengali
/content/work/processed_wav/Bengali/21922.wav,Bengali
/content/work/processed_wav/Bengali/21427.wav,Bengali
/content/work/processed_wav/Bengali/19798.wav,Bengali
/content/work/processed_wav/Bengali/20215.wav,Bengali
/content/work/processed_wav/Bengali/21472.wav,Bengali
/content/work/processed_wav/Bengali/21767.wav,Bengali
/content/work/processed_wav/Bengali/21796.wav,Bengali
/content/work/processed_wav/Bengali/21766.wav,Bengali
/content/work/processed_wav/Bengali/20490.wav,Bengali
/content/work/processed_wav/Bengali/20251.wav,Bengali
/content/work/processed_wav/Bengali/21203.wav,Bengali
/content/work/processed_wav/Bengali/21274.wav,Bengali
/content/work/processed_wav/Bengali/21722.wav,Bengali
/content/work/processed_wav/Bengali/20427.wav,Bengali
/content/work/processed_wav/Bengali/20772.wav,Bengali
/content/work/processed_wav/Bengali/21385.wav,Bengali
/content/work/processed_wav/Bengali/20806.wav,Bengali
/content/work/processed_wav/Bengali/20219.wav,Bengali
/content/work/processed_wav/Bengali/20105.wav,Bengali
/content/work/processed_wav/Bengali/20830.wav,Bengali
/content/work/processed_wav/Bengali/21377.wav,Bengali
/content/work/processed_wav/Bengali/20773.wav,Bengali
/content/work/processed_wav/Bengali/21831.wav,Bengali
/content/work/processed_wav/Bengali/21894.wav,Bengali
/content/work/processed_wav/Bengali/20348.wav,Bengali
/content/work/processed_wav/Bengali/2177.wav,Bengali
/content/work/processed_wav/Bengali/20041.wav,Bengali
/content/work/processed_wav/Bengali/21052.wav,Bengali
/content/work/processed_wav/Bengali/20804.wav,Bengali
/content/work/processed_wav/Bengali/21607.wav,Bengali
/content/work/processed_wav/Bengali/20826.wav,Bengali
/content/work/processed_wav/Bengali/21627.wav,Bengali
/content/work/processed_wav/Bengali/21351.wav,Bengali
/content/work/processed_wav/Bengali/20413.wav,Bengali
/content/work/processed_wav/Bengali/21724.wav,Bengali
/content/work/processed_wav/Bengali/20231.wav,Bengali
/content/work/processed_wav/Bengali/20004.wav,Bengali
/content/work/processed_wav/Bengali/19808.wav,Bengali
/content/work/processed_wav/Bengali/23307.wav,Bengali
/content/work/processed_wav/Bengali/23677.wav,Bengali
/content/work/processed_wav/Bengali/22524.wav,Bengali
/content/work/processed_wav/Bengali/2348.wav,Bengali
/content/work/processed_wav/Bengali/22757.wav,Bengali
/content/work/processed_wav/Bengali/24060.wav,Bengali
/content/work/processed_wav/Bengali/2259.wav,Bengali
/content/work/processed_wav/Bengali/23285.wav,Bengali
/content/work/processed_wav/Bengali/23005.wav,Bengali
/content/work/processed_wav/Bengali/23324.wav,Bengali
/content/work/processed_wav/Bengali/22706.wav,Bengali
/content/work/processed_wav/Bengali/23039.wav,Bengali
/content/work/processed_wav/Bengali/22961.wav,Bengali
/content/work/processed_wav/Bengali/23663.wav,Bengali
/content/work/processed_wav/Bengali/22933.wav,Bengali
/content/work/processed_wav/Bengali/23557.wav,Bengali
/content/work/processed_wav/Bengali/22820.wav,Bengali
/content/work/processed_wav/Bengali/23142.wav,Bengali
/content/work/processed_wav/Bengali/22215.wav,Bengali
/content/work/processed_wav/Bengali/2397.wav,Bengali
/content/work/processed_wav/Bengali/23694.wav,Bengali
/content/work/processed_wav/Bengali/22611.wav,Bengali
/content/work/processed_wav/Bengali/23562.wav,Bengali
/content/work/processed_wav/Bengali/23304.wav,Bengali
/content/work/processed_wav/Bengali/22220.wav,Bengali
/content/work/processed_wav/Bengali/23222.wav,Bengali
/content/work/processed_wav/Bengali/23124.wav,Bengali
/content/work/processed_wav/Bengali/23085.wav,Bengali
/content/work/processed_wav/Bengali/22927.wav,Bengali
/content/work/processed_wav/Bengali/24015.wav,Bengali
/content/work/processed_wav/Bengali/23610.wav,Bengali
/content/work/processed_wav/Bengali/22492.wav,Bengali
/content/work/processed_wav/Bengali/2239.wav,Bengali
/content/work/processed_wav/Bengali/23585.wav,Bengali
/content/work/processed_wav/Bengali/23911.wav,Bengali
/content/work/processed_wav/Bengali/23758.wav,Bengali
/content/work/processed_wav/Bengali/23915.wav,Bengali
/content/work/processed_wav/Bengali/23732.wav,Bengali
/content/work/processed_wav/Bengali/23680.wav,Bengali
/content/work/processed_wav/Bengali/2222.wav,Bengali
/content/work/processed_wav/Bengali/238.wav,Bengali
/content/work/processed_wav/Bengali/23670.wav,Bengali
/content/work/processed_wav/Bengali/22851.wav,Bengali
/content/work/processed_wav/Bengali/22887.wav,Bengali
/content/work/processed_wav/Bengali/23695.wav,Bengali
/content/work/processed_wav/Bengali/22883.wav,Bengali
/content/work/processed_wav/Bengali/23272.wav,Bengali
/content/work/processed_wav/Bengali/23656.wav,Bengali
/content/work/processed_wav/Bengali/23058.wav,Bengali
/content/work/processed_wav/Bengali/23253.wav,Bengali
/content/work/processed_wav/Bengali/2202.wav,Bengali
/content/work/processed_wav/Bengali/22957.wav,Bengali
/content/work/processed_wav/Bengali/2245.wav,Bengali
/content/work/processed_wav/Bengali/22218.wav,Bengali
/content/work/processed_wav/Bengali/23054.wav,Bengali
/content/work/processed_wav/Bengali/22196.wav,Bengali
/content/work/processed_wav/Bengali/22261.wav,Bengali
/content/work/processed_wav/Bengali/22791.wav,Bengali
/content/work/processed_wav/Bengali/22772.wav,Bengali
/content/work/processed_wav/Bengali/22118.wav,Bengali
/content/work/processed_wav/Bengali/24121.wav,Bengali
/content/work/processed_wav/Bengali/23815.wav,Bengali
/content/work/processed_wav/Bengali/22336.wav,Bengali
/content/work/processed_wav/Bengali/23784.wav,Bengali
/content/work/processed_wav/Bengali/23936.wav,Bengali
/content/work/processed_wav/Bengali/2223.wav,Bengali
/content/work/processed_wav/Bengali/23653.wav,Bengali
/content/work/processed_wav/Bengali/22746.wav,Bengali
/content/work/processed_wav/Bengali/23246.wav,Bengali
/content/work/processed_wav/Bengali/23315.wav,Bengali
/content/work/processed_wav/Bengali/22523.wav,Bengali
/content/work/processed_wav/Bengali/2350.wav,Bengali
/content/work/processed_wav/Bengali/22314.wav,Bengali
/content/work/processed_wav/Bengali/23443.wav,Bengali
/content/work/processed_wav/Bengali/22589.wav,Bengali
/content/work/processed_wav/Bengali/22287.wav,Bengali
/content/work/processed_wav/Bengali/2396.wav,Bengali
/content/work/processed_wav/Bengali/23705.wav,Bengali
/content/work/processed_wav/Bengali/23461.wav,Bengali
/content/work/processed_wav/Bengali/23340.wav,Bengali
/content/work/processed_wav/Bengali/22640.wav,Bengali
/content/work/processed_wav/Bengali/22963.wav,Bengali
/content/work/processed_wav/Bengali/23214.wav,Bengali
/content/work/processed_wav/Bengali/22612.wav,Bengali
/content/work/processed_wav/Bengali/23081.wav,Bengali
/content/work/processed_wav/Bengali/25674.wav,Bengali
/content/work/processed_wav/Bengali/26351.wav,Bengali
/content/work/processed_wav/Bengali/24539.wav,Bengali
/content/work/processed_wav/Bengali/26387.wav,Bengali
/content/work/processed_wav/Bengali/24220.wav,Bengali
/content/work/processed_wav/Bengali/25034.wav,Bengali
/content/work/processed_wav/Bengali/24390.wav,Bengali
/content/work/processed_wav/Bengali/24695.wav,Bengali
/content/work/processed_wav/Bengali/2642.wav,Bengali
/content/work/processed_wav/Bengali/25474.wav,Bengali
/content/work/processed_wav/Bengali/24469.wav,Bengali
/content/work/processed_wav/Bengali/24887.wav,Bengali
/content/work/processed_wav/Bengali/24272.wav,Bengali
/content/work/processed_wav/Bengali/25965.wav,Bengali
/content/work/processed_wav/Bengali/26441.wav,Bengali
/content/work/processed_wav/Bengali/24379.wav,Bengali
/content/work/processed_wav/Bengali/25855.wav,Bengali
/content/work/processed_wav/Bengali/24747.wav,Bengali
/content/work/processed_wav/Bengali/26259.wav,Bengali
/content/work/processed_wav/Bengali/25258.wav,Bengali
/content/work/processed_wav/Bengali/24166.wav,Bengali
/content/work/processed_wav/Bengali/25124.wav,Bengali
/content/work/processed_wav/Bengali/24467.wav,Bengali
/content/work/processed_wav/Bengali/24756.wav,Bengali
/content/work/processed_wav/Bengali/25664.wav,Bengali
/content/work/processed_wav/Bengali/24229.wav,Bengali
/content/work/processed_wav/Bengali/24867.wav,Bengali
/content/work/processed_wav/Bengali/25724.wav,Bengali
/content/work/processed_wav/Bengali/24803.wav,Bengali
/content/work/processed_wav/Bengali/24705.wav,Bengali
/content/work/processed_wav/Bengali/24724.wav,Bengali
/content/work/processed_wav/Bengali/25722.wav,Bengali
/content/work/processed_wav/Bengali/2612.wav,Bengali
/content/work/processed_wav/Bengali/25325.wav,Bengali
/content/work/processed_wav/Bengali/24770.wav,Bengali
/content/work/processed_wav/Bengali/26505.wav,Bengali
/content/work/processed_wav/Bengali/26390.wav,Bengali
/content/work/processed_wav/Bengali/26410.wav,Bengali
/content/work/processed_wav/Bengali/26161.wav,Bengali
/content/work/processed_wav/Bengali/25743.wav,Bengali
/content/work/processed_wav/Bengali/25264.wav,Bengali
/content/work/processed_wav/Bengali/25622.wav,Bengali
/content/work/processed_wav/Bengali/24257.wav,Bengali
/content/work/processed_wav/Bengali/26098.wav,Bengali
/content/work/processed_wav/Bengali/26525.wav,Bengali
/content/work/processed_wav/Bengali/26489.wav,Bengali
/content/work/processed_wav/Bengali/25919.wav,Bengali
/content/work/processed_wav/Bengali/24357.wav,Bengali
/content/work/processed_wav/Bengali/25761.wav,Bengali
/content/work/processed_wav/Bengali/25089.wav,Bengali
/content/work/processed_wav/Bengali/2616.wav,Bengali
/content/work/processed_wav/Bengali/25295.wav,Bengali
/content/work/processed_wav/Bengali/25477.wav,Bengali
/content/work/processed_wav/Bengali/2528.wav,Bengali
/content/work/processed_wav/Bengali/24142.wav,Bengali
/content/work/processed_wav/Bengali/24633.wav,Bengali
/content/work/processed_wav/Bengali/25532.wav,Bengali
/content/work/processed_wav/Bengali/24884.wav,Bengali
/content/work/processed_wav/Bengali/24951.wav,Bengali
/content/work/processed_wav/Bengali/24806.wav,Bengali
/content/work/processed_wav/Bengali/2591.wav,Bengali
/content/work/processed_wav/Bengali/25308.wav,Bengali
/content/work/processed_wav/Bengali/2483.wav,Bengali
/content/work/processed_wav/Bengali/25503.wav,Bengali
/content/work/processed_wav/Bengali/25167.wav,Bengali
/content/work/processed_wav/Bengali/24407.wav,Bengali
/content/work/processed_wav/Bengali/26263.wav,Bengali
/content/work/processed_wav/Bengali/24336.wav,Bengali
/content/work/processed_wav/Bengali/26317.wav,Bengali
/content/work/processed_wav/Bengali/24240.wav,Bengali
/content/work/processed_wav/Bengali/25113.wav,Bengali
/content/work/processed_wav/Bengali/26130.wav,Bengali
/content/work/processed_wav/Bengali/24453.wav,Bengali
/content/work/processed_wav/Bengali/24936.wav,Bengali
/content/work/processed_wav/Bengali/24510.wav,Bengali
/content/work/processed_wav/Bengali/24254.wav,Bengali
/content/work/processed_wav/Bengali/24621.wav,Bengali
/content/work/processed_wav/Bengali/25482.wav,Bengali
/content/work/processed_wav/Bengali/24505.wav,Bengali
/content/work/processed_wav/Bengali/24674.wav,Bengali
/content/work/processed_wav/Bengali/25999.wav,Bengali
/content/work/processed_wav/Bengali/24234.wav,Bengali
/content/work/processed_wav/Bengali/25951.wav,Bengali
/content/work/processed_wav/Bengali/25667.wav,Bengali
/content/work/processed_wav/Bengali/26374.wav,Bengali
/content/work/processed_wav/Bengali/262.wav,Bengali
/content/work/processed_wav/Bengali/24500.wav,Bengali
/content/work/processed_wav/Bengali/2458.wav,Bengali
/content/work/processed_wav/Bengali/26456.wav,Bengali
/content/work/processed_wav/Bengali/24416.wav,Bengali
/content/work/processed_wav/Bengali/25173.wav,Bengali
/content/work/processed_wav/Bengali/24265.wav,Bengali
/content/work/processed_wav/Bengali/2915.wav,Bengali
/content/work/processed_wav/Bengali/27193.wav,Bengali
/content/work/processed_wav/Bengali/2775.wav,Bengali
/content/work/processed_wav/Bengali/3606.wav,Bengali
/content/work/processed_wav/Bengali/26748.wav,Bengali
/content/work/processed_wav/Bengali/381.wav,Bengali
/content/work/processed_wav/Bengali/3889.wav,Bengali
/content/work/processed_wav/Bengali/3827.wav,Bengali
/content/work/processed_wav/Bengali/3361.wav,Bengali
/content/work/processed_wav/Bengali/2920.wav,Bengali
/content/work/processed_wav/Bengali/3598.wav,Bengali
/content/work/processed_wav/Bengali/26720.wav,Bengali
/content/work/processed_wav/Bengali/2992.wav,Bengali
/content/work/processed_wav/Bengali/2677.wav,Bengali
/content/work/processed_wav/Bengali/2900.wav,Bengali
/content/work/processed_wav/Bengali/3960.wav,Bengali
/content/work/processed_wav/Bengali/2807.wav,Bengali
/content/work/processed_wav/Bengali/3614.wav,Bengali
/content/work/processed_wav/Bengali/2776.wav,Bengali
/content/work/processed_wav/Bengali/3645.wav,Bengali
/content/work/processed_wav/Bengali/27022.wav,Bengali
/content/work/processed_wav/Bengali/3784.wav,Bengali
/content/work/processed_wav/Bengali/3029.wav,Bengali
/content/work/processed_wav/Bengali/27205.wav,Bengali
/content/work/processed_wav/Bengali/26838.wav,Bengali
/content/work/processed_wav/Bengali/3979.wav,Bengali
/content/work/processed_wav/Bengali/3106.wav,Bengali
/content/work/processed_wav/Bengali/326.wav,Bengali
/content/work/processed_wav/Bengali/26953.wav,Bengali
/content/work/processed_wav/Bengali/4008.wav,Bengali
/content/work/processed_wav/Bengali/3228.wav,Bengali
/content/work/processed_wav/Bengali/27256.wav,Bengali
/content/work/processed_wav/Bengali/2660.wav,Bengali
/content/work/processed_wav/Bengali/3947.wav,Bengali
/content/work/processed_wav/Bengali/3511.wav,Bengali
/content/work/processed_wav/Bengali/4076.wav,Bengali
/content/work/processed_wav/Bengali/2934.wav,Bengali
/content/work/processed_wav/Bengali/26954.wav,Bengali
/content/work/processed_wav/Bengali/3667.wav,Bengali
/content/work/processed_wav/Bengali/3713.wav,Bengali
/content/work/processed_wav/Bengali/3758.wav,Bengali
/content/work/processed_wav/Bengali/26772.wav,Bengali
/content/work/processed_wav/Bengali/2882.wav,Bengali
/content/work/processed_wav/Bengali/3521.wav,Bengali
/content/work/processed_wav/Bengali/3179.wav,Bengali
/content/work/processed_wav/Bengali/3468.wav,Bengali
/content/work/processed_wav/Bengali/380.wav,Bengali
/content/work/processed_wav/Bengali/322.wav,Bengali
/content/work/processed_wav/Bengali/3634.wav,Bengali
/content/work/processed_wav/Bengali/3740.wav,Bengali
/content/work/processed_wav/Bengali/3892.wav,Bengali
/content/work/processed_wav/Bengali/3726.wav,Bengali
/content/work/processed_wav/Bengali/26853.wav,Bengali
/content/work/processed_wav/Bengali/3002.wav,Bengali
/content/work/processed_wav/Bengali/26583.wav,Bengali
/content/work/processed_wav/Bengali/2770.wav,Bengali
/content/work/processed_wav/Bengali/2851.wav,Bengali
/content/work/processed_wav/Bengali/27139.wav,Bengali
/content/work/processed_wav/Bengali/27037.wav,Bengali
/content/work/processed_wav/Bengali/3107.wav,Bengali
/content/work/processed_wav/Bengali/365.wav,Bengali
/content/work/processed_wav/Bengali/36.wav,Bengali
/content/work/processed_wav/Bengali/3525.wav,Bengali
/content/work/processed_wav/Bengali/3365.wav,Bengali
/content/work/processed_wav/Bengali/3336.wav,Bengali
/content/work/processed_wav/Bengali/3685.wav,Bengali
/content/work/processed_wav/Bengali/4104.wav,Bengali
/content/work/processed_wav/Bengali/27028.wav,Bengali
/content/work/processed_wav/Bengali/3282.wav,Bengali
/content/work/processed_wav/Bengali/4038.wav,Bengali
/content/work/processed_wav/Bengali/26707.wav,Bengali
/content/work/processed_wav/Bengali/26815.wav,Bengali
/content/work/processed_wav/Bengali/4113.wav,Bengali
/content/work/processed_wav/Bengali/27206.wav,Bengali
/content/work/processed_wav/Bengali/26755.wav,Bengali
/content/work/processed_wav/Bengali/4065.wav,Bengali
/content/work/processed_wav/Bengali/27027.wav,Bengali
/content/work/processed_wav/Bengali/3094.wav,Bengali
/content/work/processed_wav/Bengali/3111.wav,Bengali
/content/work/processed_wav/Bengali/26785.wav,Bengali
/content/work/processed_wav/Bengali/2833.wav,Bengali
/content/work/processed_wav/Bengali/3345.wav,Bengali
/content/work/processed_wav/Bengali/3299.wav,Bengali
/content/work/processed_wav/Bengali/3389.wav,Bengali
/content/work/processed_wav/Bengali/3507.wav,Bengali
/content/work/processed_wav/Bengali/286.wav,Bengali
/content/work/processed_wav/Bengali/26711.wav,Bengali
/content/work/processed_wav/Bengali/3559.wav,Bengali
/content/work/processed_wav/Bengali/26686.wav,Bengali
/content/work/processed_wav/Bengali/27211.wav,Bengali
/content/work/processed_wav/Bengali/3904.wav,Bengali
/content/work/processed_wav/Bengali/3346.wav,Bengali
/content/work/processed_wav/Bengali/3996.wav,Bengali
/content/work/processed_wav/Bengali/5000.wav,Bengali
/content/work/processed_wav/Bengali/454.wav,Bengali
/content/work/processed_wav/Bengali/434.wav,Bengali
/content/work/processed_wav/Bengali/5250.wav,Bengali
/content/work/processed_wav/Bengali/5756.wav,Bengali
/content/work/processed_wav/Bengali/5043.wav,Bengali
/content/work/processed_wav/Bengali/4553.wav,Bengali
/content/work/processed_wav/Bengali/4745.wav,Bengali
/content/work/processed_wav/Bengali/551.wav,Bengali
/content/work/processed_wav/Bengali/5841.wav,Bengali
/content/work/processed_wav/Bengali/4594.wav,Bengali
/content/work/processed_wav/Bengali/4587.wav,Bengali
/content/work/processed_wav/Bengali/5517.wav,Bengali
/content/work/processed_wav/Bengali/4692.wav,Bengali
/content/work/processed_wav/Bengali/5793.wav,Bengali
/content/work/processed_wav/Bengali/5210.wav,Bengali
/content/work/processed_wav/Bengali/5961.wav,Bengali
/content/work/processed_wav/Bengali/4657.wav,Bengali
/content/work/processed_wav/Bengali/5441.wav,Bengali
/content/work/processed_wav/Bengali/4909.wav,Bengali
/content/work/processed_wav/Bengali/4944.wav,Bengali
/content/work/processed_wav/Bengali/5145.wav,Bengali
/content/work/processed_wav/Bengali/54.wav,Bengali
/content/work/processed_wav/Bengali/4595.wav,Bengali
/content/work/processed_wav/Bengali/5348.wav,Bengali
/content/work/processed_wav/Bengali/4321.wav,Bengali
/content/work/processed_wav/Bengali/4603.wav,Bengali
/content/work/processed_wav/Bengali/5136.wav,Bengali
/content/work/processed_wav/Bengali/4791.wav,Bengali
/content/work/processed_wav/Bengali/554.wav,Bengali
/content/work/processed_wav/Bengali/4652.wav,Bengali
/content/work/processed_wav/Bengali/4598.wav,Bengali
/content/work/processed_wav/Bengali/5082.wav,Bengali
/content/work/processed_wav/Bengali/4656.wav,Bengali
/content/work/processed_wav/Bengali/575.wav,Bengali
/content/work/processed_wav/Bengali/5702.wav,Bengali
/content/work/processed_wav/Bengali/6026.wav,Bengali
/content/work/processed_wav/Bengali/5313.wav,Bengali
/content/work/processed_wav/Bengali/4704.wav,Bengali
/content/work/processed_wav/Bengali/4716.wav,Bengali
/content/work/processed_wav/Bengali/4391.wav,Bengali
/content/work/processed_wav/Bengali/4864.wav,Bengali
/content/work/processed_wav/Bengali/5477.wav,Bengali
/content/work/processed_wav/Bengali/5739.wav,Bengali
/content/work/processed_wav/Bengali/5373.wav,Bengali
/content/work/processed_wav/Bengali/42.wav,Bengali
/content/work/processed_wav/Bengali/5588.wav,Bengali
/content/work/processed_wav/Bengali/5053.wav,Bengali
/content/work/processed_wav/Bengali/5837.wav,Bengali
/content/work/processed_wav/Bengali/4542.wav,Bengali
/content/work/processed_wav/Bengali/5070.wav,Bengali
/content/work/processed_wav/Bengali/4154.wav,Bengali
/content/work/processed_wav/Bengali/4995.wav,Bengali
/content/work/processed_wav/Bengali/597.wav,Bengali
/content/work/processed_wav/Bengali/4678.wav,Bengali
/content/work/processed_wav/Bengali/5596.wav,Bengali
/content/work/processed_wav/Bengali/4279.wav,Bengali
/content/work/processed_wav/Bengali/4565.wav,Bengali
/content/work/processed_wav/Bengali/4297.wav,Bengali
/content/work/processed_wav/Bengali/5221.wav,Bengali
/content/work/processed_wav/Bengali/4828.wav,Bengali
/content/work/processed_wav/Bengali/5102.wav,Bengali
/content/work/processed_wav/Bengali/4552.wav,Bengali
/content/work/processed_wav/Bengali/5302.wav,Bengali
/content/work/processed_wav/Bengali/4723.wav,Bengali
/content/work/processed_wav/Bengali/5463.wav,Bengali
/content/work/processed_wav/Bengali/4551.wav,Bengali
/content/work/processed_wav/Bengali/5586.wav,Bengali
/content/work/processed_wav/Bengali/5554.wav,Bengali
/content/work/processed_wav/Bengali/593.wav,Bengali
/content/work/processed_wav/Bengali/5476.wav,Bengali
/content/work/processed_wav/Bengali/4918.wav,Bengali
/content/work/processed_wav/Bengali/4858.wav,Bengali
/content/work/processed_wav/Bengali/5030.wav,Bengali
/content/work/processed_wav/Bengali/5712.wav,Bengali
/content/work/processed_wav/Bengali/4712.wav,Bengali
/content/work/processed_wav/Bengali/5054.wav,Bengali
/content/work/processed_wav/Bengali/4928.wav,Bengali
/content/work/processed_wav/Bengali/5856.wav,Bengali
/content/work/processed_wav/Bengali/4535.wav,Bengali
/content/work/processed_wav/Bengali/4890.wav,Bengali
/content/work/processed_wav/Bengali/555.wav,Bengali
/content/work/processed_wav/Bengali/5283.wav,Bengali
/content/work/processed_wav/Bengali/5641.wav,Bengali
/content/work/processed_wav/Bengali/5255.wav,Bengali
/content/work/processed_wav/Bengali/5009.wav,Bengali
/content/work/processed_wav/Bengali/5128.wav,Bengali
/content/work/processed_wav/Bengali/4273.wav,Bengali
/content/work/processed_wav/Bengali/5498.wav,Bengali
/content/work/processed_wav/Bengali/4920.wav,Bengali
/content/work/processed_wav/Bengali/4946.wav,Bengali
/content/work/processed_wav/Bengali/5401.wav,Bengali
/content/work/processed_wav/Bengali/7052.wav,Bengali
/content/work/processed_wav/Bengali/8220.wav,Bengali
/content/work/processed_wav/Bengali/8005.wav,Bengali
/content/work/processed_wav/Bengali/7458.wav,Bengali
/content/work/processed_wav/Bengali/6796.wav,Bengali
/content/work/processed_wav/Bengali/7558.wav,Bengali
/content/work/processed_wav/Bengali/6160.wav,Bengali
/content/work/processed_wav/Bengali/6350.wav,Bengali
/content/work/processed_wav/Bengali/6164.wav,Bengali
/content/work/processed_wav/Bengali/7179.wav,Bengali
/content/work/processed_wav/Bengali/6723.wav,Bengali
/content/work/processed_wav/Bengali/6049.wav,Bengali
/content/work/processed_wav/Bengali/8142.wav,Bengali
/content/work/processed_wav/Bengali/8106.wav,Bengali
/content/work/processed_wav/Bengali/8047.wav,Bengali
/content/work/processed_wav/Bengali/8002.wav,Bengali
/content/work/processed_wav/Bengali/7072.wav,Bengali
/content/work/processed_wav/Bengali/7820.wav,Bengali
/content/work/processed_wav/Bengali/6623.wav,Bengali
/content/work/processed_wav/Bengali/6432.wav,Bengali
/content/work/processed_wav/Bengali/8335.wav,Bengali
/content/work/processed_wav/Bengali/8072.wav,Bengali
/content/work/processed_wav/Bengali/6290.wav,Bengali
/content/work/processed_wav/Bengali/6593.wav,Bengali
/content/work/processed_wav/Bengali/6956.wav,Bengali
/content/work/processed_wav/Bengali/6605.wav,Bengali
/content/work/processed_wav/Bengali/6983.wav,Bengali
/content/work/processed_wav/Bengali/6184.wav,Bengali
/content/work/processed_wav/Bengali/7833.wav,Bengali
/content/work/processed_wav/Bengali/8077.wav,Bengali
/content/work/processed_wav/Bengali/6386.wav,Bengali
/content/work/processed_wav/Bengali/6041.wav,Bengali
/content/work/processed_wav/Bengali/6721.wav,Bengali
/content/work/processed_wav/Bengali/6923.wav,Bengali
/content/work/processed_wav/Bengali/6385.wav,Bengali
/content/work/processed_wav/Bengali/8282.wav,Bengali
/content/work/processed_wav/Bengali/7048.wav,Bengali
/content/work/processed_wav/Bengali/798.wav,Bengali
/content/work/processed_wav/Bengali/7783.wav,Bengali
/content/work/processed_wav/Bengali/7364.wav,Bengali
/content/work/processed_wav/Bengali/6652.wav,Bengali
/content/work/processed_wav/Bengali/7018.wav,Bengali
/content/work/processed_wav/Bengali/7056.wav,Bengali
/content/work/processed_wav/Bengali/7979.wav,Bengali
/content/work/processed_wav/Bengali/6280.wav,Bengali
/content/work/processed_wav/Bengali/8229.wav,Bengali
/content/work/processed_wav/Bengali/8051.wav,Bengali
/content/work/processed_wav/Bengali/7267.wav,Bengali
/content/work/processed_wav/Bengali/793.wav,Bengali
/content/work/processed_wav/Bengali/6828.wav,Bengali
/content/work/processed_wav/Bengali/7280.wav,Bengali
/content/work/processed_wav/Bengali/6984.wav,Bengali
/content/work/processed_wav/Bengali/6396.wav,Bengali
/content/work/processed_wav/Bengali/7779.wav,Bengali
/content/work/processed_wav/Bengali/7303.wav,Bengali
/content/work/processed_wav/Bengali/6172.wav,Bengali
/content/work/processed_wav/Bengali/6206.wav,Bengali
/content/work/processed_wav/Bengali/7007.wav,Bengali
/content/work/processed_wav/Bengali/8032.wav,Bengali
/content/work/processed_wav/Bengali/8232.wav,Bengali
/content/work/processed_wav/Bengali/6429.wav,Bengali
/content/work/processed_wav/Bengali/6856.wav,Bengali
/content/work/processed_wav/Bengali/7894.wav,Bengali
/content/work/processed_wav/Bengali/8089.wav,Bengali
/content/work/processed_wav/Bengali/6196.wav,Bengali
/content/work/processed_wav/Bengali/6684.wav,Bengali
/content/work/processed_wav/Bengali/6491.wav,Bengali
/content/work/processed_wav/Bengali/6219.wav,Bengali
/content/work/processed_wav/Bengali/608.wav,Bengali
/content/work/processed_wav/Bengali/6514.wav,Bengali
/content/work/processed_wav/Bengali/6430.wav,Bengali
/content/work/processed_wav/Bengali/6174.wav,Bengali
/content/work/processed_wav/Bengali/6353.wav,Bengali
/content/work/processed_wav/Bengali/7717.wav,Bengali
/content/work/processed_wav/Bengali/6502.wav,Bengali
/content/work/processed_wav/Bengali/7816.wav,Bengali
/content/work/processed_wav/Bengali/8004.wav,Bengali
/content/work/processed_wav/Bengali/7598.wav,Bengali
/content/work/processed_wav/Bengali/8118.wav,Bengali
/content/work/processed_wav/Bengali/6941.wav,Bengali
/content/work/processed_wav/Bengali/7934.wav,Bengali
/content/work/processed_wav/Bengali/8119.wav,Bengali
/content/work/processed_wav/Bengali/8022.wav,Bengali
/content/work/processed_wav/Bengali/6567.wav,Bengali
/content/work/processed_wav/Bengali/7618.wav,Bengali
/content/work/processed_wav/Bengali/6937.wav,Bengali
/content/work/processed_wav/Bengali/9436.wav,Bengali
/content/work/processed_wav/Bengali/8731.wav,Bengali
/content/work/processed_wav/Bengali/8474.wav,Bengali
/content/work/processed_wav/Bengali/9909.wav,Bengali
/content/work/processed_wav/Bengali/9312.wav,Bengali
/content/work/processed_wav/Bengali/8616.wav,Bengali
/content/work/processed_wav/Bengali/951.wav,Bengali
/content/work/processed_wav/Bengali/846.wav,Bengali
/content/work/processed_wav/Bengali/9732.wav,Bengali
/content/work/processed_wav/Bengali/9301.wav,Bengali
/content/work/processed_wav/Bengali/9509.wav,Bengali
/content/work/processed_wav/Bengali/8842.wav,Bengali
/content/work/processed_wav/Bengali/9362.wav,Bengali
/content/work/processed_wav/Bengali/9622.wav,Bengali
/content/work/processed_wav/Bengali/8575.wav,Bengali
/content/work/processed_wav/Bengali/8598.wav,Bengali
/content/work/processed_wav/Bengali/9995.wav,Bengali
/content/work/processed_wav/Bengali/8947.wav,Bengali
/content/work/processed_wav/Bengali/8725.wav,Bengali
/content/work/processed_wav/Bengali/8585.wav,Bengali
/content/work/processed_wav/Bengali/9411.wav,Bengali
/content/work/processed_wav/Bengali/9271.wav,Bengali
/content/work/processed_wav/Bengali/9059.wav,Bengali
/content/work/processed_wav/Bengali/9031.wav,Bengali
/content/work/processed_wav/Bengali/9459.wav,Bengali
/content/work/processed_wav/Bengali/8364.wav,Bengali
/content/work/processed_wav/Bengali/8968.wav,Bengali
/content/work/processed_wav/Bengali/9917.wav,Bengali
/content/work/processed_wav/Bengali/9889.wav,Bengali
/content/work/processed_wav/Bengali/8443.wav,Bengali
/content/work/processed_wav/Bengali/8461.wav,Bengali
/content/work/processed_wav/Bengali/9104.wav,Bengali
/content/work/processed_wav/Bengali/9797.wav,Bengali
/content/work/processed_wav/Bengali/8557.wav,Bengali
/content/work/processed_wav/Bengali/9263.wav,Bengali
/content/work/processed_wav/Bengali/9715.wav,Bengali
/content/work/processed_wav/Bengali/9996.wav,Bengali
/content/work/processed_wav/Bengali/939.wav,Bengali
/content/work/processed_wav/Bengali/961.wav,Bengali
/content/work/processed_wav/Bengali/9740.wav,Bengali
/content/work/processed_wav/Bengali/8789.wav,Bengali
/content/work/processed_wav/Bengali/9601.wav,Bengali
/content/work/processed_wav/Bengali/9424.wav,Bengali
/content/work/processed_wav/Bengali/9185.wav,Bengali
/content/work/processed_wav/Bengali/9348.wav,Bengali
/content/work/processed_wav/Bengali/8990.wav,Bengali
/content/work/processed_wav/Bengali/8971.wav,Bengali
/content/work/processed_wav/Bengali/9858.wav,Bengali
/content/work/processed_wav/Bengali/8645.wav,Bengali
/content/work/processed_wav/Bengali/9434.wav,Bengali
/content/work/processed_wav/Bengali/8849.wav,Bengali
/content/work/processed_wav/Bengali/8807.wav,Bengali
/content/work/processed_wav/Bengali/8444.wav,Bengali
/content/work/processed_wav/Bengali/9677.wav,Bengali
/content/work/processed_wav/Bengali/8885.wav,Bengali
/content/work/processed_wav/Bengali/9351.wav,Bengali
/content/work/processed_wav/Bengali/9246.wav,Bengali
/content/work/processed_wav/Bengali/9944.wav,Bengali
/content/work/processed_wav/Bengali/9840.wav,Bengali
/content/work/processed_wav/Bengali/8565.wav,Bengali
/content/work/processed_wav/Bengali/938.wav,Bengali
/content/work/processed_wav/Bengali/928.wav,Bengali
/content/work/processed_wav/Bengali/995.wav,Bengali
/content/work/processed_wav/Bengali/9315.wav,Bengali
/content/work/processed_wav/Bengali/9224.wav,Bengali
/content/work/processed_wav/Bengali/9559.wav,Bengali
/content/work/processed_wav/Bengali/898.wav,Bengali
/content/work/processed_wav/Bengali/9266.wav,Bengali
/content/work/processed_wav/Bengali/942.wav,Bengali
/content/work/processed_wav/Bengali/8337.wav,Bengali
/content/work/processed_wav/Bengali/8664.wav,Bengali
/content/work/processed_wav/Bengali/8432.wav,Bengali
/content/work/processed_wav/Bengali/9011.wav,Bengali
/content/work/processed_wav/Bengali/8415.wav,Bengali
/content/work/processed_wav/Bengali/8736.wav,Bengali
/content/work/processed_wav/Bengali/8792.wav,Bengali
/content/work/processed_wav/Bengali/844.wav,Bengali
/content/work/processed_wav/Bengali/8609.wav,Bengali
/content/work/processed_wav/Bengali/10192.wav,Bengali
/content/work/processed_wav/Bengali/10167.wav,Bengali
/content/work/processed_wav/Bengali/10229.wav,Bengali
/content/work/processed_wav/Bengali/10013.wav,Bengali
/content/work/processed_wav/Bengali/10176.wav,Bengali
/content/work/processed_wav/Bengali/1002.wav,Bengali
/content/work/processed_wav/Bengali/11579.wav,Bengali
/content/work/processed_wav/Bengali/10291.wav,Bengali
/content/work/processed_wav/Bengali/10294.wav,Bengali
/content/work/processed_wav/Bengali/10807.wav,Bengali
/content/work/processed_wav/Bengali/10686.wav,Bengali
/content/work/processed_wav/Bengali/11275.wav,Bengali
/content/work/processed_wav/Bengali/11907.wav,Bengali
/content/work/processed_wav/Bengali/11114.wav,Bengali
/content/work/processed_wav/Bengali/11324.wav,Bengali
/content/work/processed_wav/Bengali/11430.wav,Bengali
/content/work/processed_wav/Gujarati/10291.wav,Gujarati
/content/work/processed_wav/Gujarati/10348.wav,Gujarati
/content/work/processed_wav/Gujarati/10176.wav,Gujarati
/content/work/processed_wav/Gujarati/10229.wav,Gujarati
/content/work/processed_wav/Gujarati/10167.wav,Gujarati
/content/work/processed_wav/Gujarati/10192.wav,Gujarati
/content/work/processed_wav/Gujarati/10351.wav,Gujarati
/content/work/processed_wav/Gujarati/10371.wav,Gujarati
/content/work/processed_wav/Gujarati/10294.wav,Gujarati
/content/work/processed_wav/Gujarati/10013.wav,Gujarati
/content/work/processed_wav/Gujarati/10301.wav,Gujarati
/content/work/processed_wav/Gujarati/10304.wav,Gujarati
/content/work/processed_wav/Gujarati/10296.wav,Gujarati
/content/work/processed_wav/Gujarati/11671.wav,Gujarati
/content/work/processed_wav/Gujarati/11779.wav,Gujarati
/content/work/processed_wav/Gujarati/11507.wav,Gujarati
/content/work/processed_wav/Gujarati/11341.wav,Gujarati
/content/work/processed_wav/Gujarati/12040.wav,Gujarati
/content/work/processed_wav/Gujarati/12551.wav,Gujarati
/content/work/processed_wav/Gujarati/11602.wav,Gujarati
/content/work/processed_wav/Gujarati/11324.wav,Gujarati
/content/work/processed_wav/Gujarati/11804.wav,Gujarati
/content/work/processed_wav/Gujarati/12204.wav,Gujarati
/content/work/processed_wav/Gujarati/12393.wav,Gujarati
/content/work/processed_wav/Gujarati/12398.wav,Gujarati
/content/work/processed_wav/Gujarati/11083.wav,Gujarati
/content/work/processed_wav/Gujarati/10602.wav,Gujarati
/content/work/processed_wav/Gujarati/11769.wav,Gujarati
/content/work/processed_wav/Gujarati/10765.wav,Gujarati
/content/work/processed_wav/Gujarati/11714.wav,Gujarati
/content/work/processed_wav/Gujarati/12656.wav,Gujarati
/content/work/processed_wav/Gujarati/11960.wav,Gujarati
/content/work/processed_wav/Gujarati/12799.wav,Gujarati
/content/work/processed_wav/Gujarati/12769.wav,Gujarati
/content/work/processed_wav/Gujarati/10503.wav,Gujarati
/content/work/processed_wav/Gujarati/10807.wav,Gujarati
/content/work/processed_wav/Gujarati/12727.wav,Gujarati
/content/work/processed_wav/Gujarati/11670.wav,Gujarati
/content/work/processed_wav/Gujarati/10850.wav,Gujarati
/content/work/processed_wav/Gujarati/12835.wav,Gujarati
/content/work/processed_wav/Gujarati/12771.wav,Gujarati
/content/work/processed_wav/Gujarati/11969.wav,Gujarati
/content/work/processed_wav/Gujarati/11114.wav,Gujarati
/content/work/processed_wav/Gujarati/11627.wav,Gujarati
/content/work/processed_wav/Gujarati/11044.wav,Gujarati
/content/work/processed_wav/Gujarati/11288.wav,Gujarati
/content/work/processed_wav/Gujarati/11474.wav,Gujarati
/content/work/processed_wav/Gujarati/10686.wav,Gujarati
/content/work/processed_wav/Gujarati/11683.wav,Gujarati
/content/work/processed_wav/Gujarati/12637.wav,Gujarati
/content/work/processed_wav/Gujarati/11014.wav,Gujarati
/content/work/processed_wav/Gujarati/12473.wav,Gujarati
/content/work/processed_wav/Gujarati/12247.wav,Gujarati
/content/work/processed_wav/Gujarati/11306.wav,Gujarati
/content/work/processed_wav/Gujarati/11440.wav,Gujarati
/content/work/processed_wav/Gujarati/11579.wav,Gujarati
/content/work/processed_wav/Gujarati/12182.wav,Gujarati
/content/work/processed_wav/Gujarati/12536.wav,Gujarati
/content/work/processed_wav/Gujarati/11542.wav,Gujarati
/content/work/processed_wav/Gujarati/12516.wav,Gujarati
/content/work/processed_wav/Gujarati/11028.wav,Gujarati
/content/work/processed_wav/Gujarati/12166.wav,Gujarati
/content/work/processed_wav/Gujarati/11368.wav,Gujarati
/content/work/processed_wav/Gujarati/12492.wav,Gujarati
/content/work/processed_wav/Gujarati/11590.wav,Gujarati
/content/work/processed_wav/Gujarati/12436.wav,Gujarati
/content/work/processed_wav/Gujarati/10436.wav,Gujarati
/content/work/processed_wav/Gujarati/10630.wav,Gujarati
/content/work/processed_wav/Gujarati/11519.wav,Gujarati
/content/work/processed_wav/Gujarati/10618.wav,Gujarati
/content/work/processed_wav/Gujarati/11907.wav,Gujarati
/content/work/processed_wav/Gujarati/11071.wav,Gujarati
/content/work/processed_wav/Gujarati/11428.wav,Gujarati
/content/work/processed_wav/Gujarati/11246.wav,Gujarati
/content/work/processed_wav/Gujarati/11463.wav,Gujarati
/content/work/processed_wav/Gujarati/12349.wav,Gujarati
/content/work/processed_wav/Gujarati/12330.wav,Gujarati
/content/work/processed_wav/Gujarati/11430.wav,Gujarati
/content/work/processed_wav/Gujarati/12553.wav,Gujarati
/content/work/processed_wav/Gujarati/10556.wav,Gujarati
/content/work/processed_wav/Gujarati/12710.wav,Gujarati
/content/work/processed_wav/Gujarati/11473.wav,Gujarati
/content/work/processed_wav/Gujarati/11140.wav,Gujarati
/content/work/processed_wav/Gujarati/12482.wav,Gujarati
/content/work/processed_wav/Gujarati/12726.wav,Gujarati
/content/work/processed_wav/Gujarati/11701.wav,Gujarati
/content/work/processed_wav/Gujarati/11161.wav,Gujarati
/content/work/processed_wav/Gujarati/11958.wav,Gujarati
/content/work/processed_wav/Gujarati/10701.wav,Gujarati
/content/work/processed_wav/Gujarati/12715.wav,Gujarati
/content/work/processed_wav/Gujarati/12089.wav,Gujarati
/content/work/processed_wav/Gujarati/11406.wav,Gujarati
/content/work/processed_wav/Gujarati/12470.wav,Gujarati
/content/work/processed_wav/Gujarati/12603.wav,Gujarati
/content/work/processed_wav/Gujarati/11813.wav,Gujarati
/content/work/processed_wav/Gujarati/11704.wav,Gujarati
/content/work/processed_wav/Gujarati/12647.wav,Gujarati
/content/work/processed_wav/Gujarati/11930.wav,Gujarati
/content/work/processed_wav/Gujarati/10901.wav,Gujarati
/content/work/processed_wav/Gujarati/11275.wav,Gujarati
/content/work/processed_wav/Gujarati/11188.wav,Gujarati
/content/work/processed_wav/Gujarati/11452.wav,Gujarati
/content/work/processed_wav/Gujarati/14650.wav,Gujarati
/content/work/processed_wav/Gujarati/15299.wav,Gujarati
/content/work/processed_wav/Gujarati/13587.wav,Gujarati
/content/work/processed_wav/Gujarati/15009.wav,Gujarati
/content/work/processed_wav/Gujarati/13141.wav,Gujarati
/content/work/processed_wav/Gujarati/13178.wav,Gujarati
/content/work/processed_wav/Gujarati/13787.wav,Gujarati
/content/work/processed_wav/Gujarati/13487.wav,Gujarati
/content/work/processed_wav/Gujarati/14084.wav,Gujarati
/content/work/processed_wav/Gujarati/13132.wav,Gujarati
/content/work/processed_wav/Gujarati/13726.wav,Gujarati
/content/work/processed_wav/Gujarati/13361.wav,Gujarati
/content/work/processed_wav/Gujarati/14332.wav,Gujarati
/content/work/processed_wav/Gujarati/15027.wav,Gujarati
/content/work/processed_wav/Gujarati/12907.wav,Gujarati
/content/work/processed_wav/Gujarati/12928.wav,Gujarati
/content/work/processed_wav/Gujarati/13409.wav,Gujarati
/content/work/processed_wav/Gujarati/14171.wav,Gujarati
/content/work/processed_wav/Gujarati/14049.wav,Gujarati
/content/work/processed_wav/Gujarati/14821.wav,Gujarati
/content/work/processed_wav/Gujarati/14477.wav,Gujarati
/content/work/processed_wav/Gujarati/14944.wav,Gujarati
/content/work/processed_wav/Gujarati/14160.wav,Gujarati
/content/work/processed_wav/Gujarati/14703.wav,Gujarati
/content/work/processed_wav/Gujarati/15209.wav,Gujarati
/content/work/processed_wav/Gujarati/14704.wav,Gujarati
/content/work/processed_wav/Gujarati/13806.wav,Gujarati
/content/work/processed_wav/Gujarati/12959.wav,Gujarati
/content/work/processed_wav/Gujarati/14552.wav,Gujarati
/content/work/processed_wav/Gujarati/14783.wav,Gujarati
/content/work/processed_wav/Gujarati/13783.wav,Gujarati
/content/work/processed_wav/Gujarati/13057.wav,Gujarati
/content/work/processed_wav/Gujarati/13738.wav,Gujarati
/content/work/processed_wav/Gujarati/14603.wav,Gujarati
/content/work/processed_wav/Gujarati/13107.wav,Gujarati
/content/work/processed_wav/Gujarati/13675.wav,Gujarati
/content/work/processed_wav/Gujarati/14661.wav,Gujarati
/content/work/processed_wav/Gujarati/12916.wav,Gujarati
/content/work/processed_wav/Gujarati/13945.wav,Gujarati
/content/work/processed_wav/Gujarati/13082.wav,Gujarati
/content/work/processed_wav/Gujarati/15158.wav,Gujarati
/content/work/processed_wav/Gujarati/14334.wav,Gujarati
/content/work/processed_wav/Gujarati/14285.wav,Gujarati
/content/work/processed_wav/Gujarati/13615.wav,Gujarati
/content/work/processed_wav/Gujarati/12924.wav,Gujarati
/content/work/processed_wav/Gujarati/13163.wav,Gujarati
/content/work/processed_wav/Gujarati/14063.wav,Gujarati
/content/work/processed_wav/Gujarati/13843.wav,Gujarati
/content/work/processed_wav/Gujarati/15212.wav,Gujarati
/content/work/processed_wav/Gujarati/12965.wav,Gujarati
/content/work/processed_wav/Gujarati/13440.wav,Gujarati
/content/work/processed_wav/Gujarati/12971.wav,Gujarati
/content/work/processed_wav/Gujarati/15249.wav,Gujarati
/content/work/processed_wav/Gujarati/13539.wav,Gujarati
/content/work/processed_wav/Gujarati/14064.wav,Gujarati
/content/work/processed_wav/Gujarati/13460.wav,Gujarati
/content/work/processed_wav/Gujarati/12888.wav,Gujarati
/content/work/processed_wav/Gujarati/13934.wav,Gujarati
/content/work/processed_wav/Gujarati/14390.wav,Gujarati
/content/work/processed_wav/Gujarati/13344.wav,Gujarati
/content/work/processed_wav/Gujarati/13126.wav,Gujarati
/content/work/processed_wav/Gujarati/14740.wav,Gujarati
/content/work/processed_wav/Gujarati/14534.wav,Gujarati
/content/work/processed_wav/Gujarati/14810.wav,Gujarati
/content/work/processed_wav/Gujarati/13463.wav,Gujarati
/content/work/processed_wav/Gujarati/15183.wav,Gujarati
/content/work/processed_wav/Gujarati/13802.wav,Gujarati
/content/work/processed_wav/Gujarati/13642.wav,Gujarati
/content/work/processed_wav/Gujarati/14030.wav,Gujarati
/content/work/processed_wav/Gujarati/15001.wav,Gujarati
/content/work/processed_wav/Gujarati/14448.wav,Gujarati
/content/work/processed_wav/Gujarati/14299.wav,Gujarati
/content/work/processed_wav/Gujarati/14053.wav,Gujarati
/content/work/processed_wav/Gujarati/13788.wav,Gujarati
/content/work/processed_wav/Gujarati/12913.wav,Gujarati
/content/work/processed_wav/Gujarati/14635.wav,Gujarati
/content/work/processed_wav/Gujarati/14051.wav,Gujarati
/content/work/processed_wav/Gujarati/14606.wav,Gujarati
/content/work/processed_wav/Gujarati/12994.wav,Gujarati
/content/work/processed_wav/Gujarati/14630.wav,Gujarati
/content/work/processed_wav/Gujarati/14177.wav,Gujarati
/content/work/processed_wav/Gujarati/14984.wav,Gujarati
/content/work/processed_wav/Gujarati/13985.wav,Gujarati
/content/work/processed_wav/Gujarati/13310.wav,Gujarati
/content/work/processed_wav/Gujarati/14017.wav,Gujarati
/content/work/processed_wav/Gujarati/14313.wav,Gujarati
/content/work/processed_wav/Gujarati/14773.wav,Gujarati
/content/work/processed_wav/Gujarati/13906.wav,Gujarati
/content/work/processed_wav/Gujarati/14145.wav,Gujarati
/content/work/processed_wav/Gujarati/12938.wav,Gujarati
/content/work/processed_wav/Gujarati/14999.wav,Gujarati
/content/work/processed_wav/Gujarati/14580.wav,Gujarati
/content/work/processed_wav/Gujarati/16564.wav,Gujarati
/content/work/processed_wav/Gujarati/16805.wav,Gujarati
/content/work/processed_wav/Gujarati/15317.wav,Gujarati
/content/work/processed_wav/Gujarati/15981.wav,Gujarati
/content/work/processed_wav/Gujarati/15516.wav,Gujarati
/content/work/processed_wav/Gujarati/17022.wav,Gujarati
/content/work/processed_wav/Gujarati/15737.wav,Gujarati
/content/work/processed_wav/Gujarati/16160.wav,Gujarati
/content/work/processed_wav/Gujarati/16329.wav,Gujarati
/content/work/processed_wav/Gujarati/15441.wav,Gujarati
/content/work/processed_wav/Gujarati/16742.wav,Gujarati
/content/work/processed_wav/Gujarati/15934.wav,Gujarati
/content/work/processed_wav/Gujarati/15642.wav,Gujarati
/content/work/processed_wav/Gujarati/15589.wav,Gujarati
/content/work/processed_wav/Gujarati/16246.wav,Gujarati
/content/work/processed_wav/Gujarati/17446.wav,Gujarati
/content/work/processed_wav/Gujarati/15854.wav,Gujarati
/content/work/processed_wav/Gujarati/16167.wav,Gujarati
/content/work/processed_wav/Gujarati/16999.wav,Gujarati
/content/work/processed_wav/Gujarati/16027.wav,Gujarati
/content/work/processed_wav/Gujarati/16812.wav,Gujarati
/content/work/processed_wav/Gujarati/17484.wav,Gujarati
/content/work/processed_wav/Gujarati/15378.wav,Gujarati
/content/work/processed_wav/Gujarati/17114.wav,Gujarati
/content/work/processed_wav/Gujarati/16467.wav,Gujarati
/content/work/processed_wav/Gujarati/15653.wav,Gujarati
/content/work/processed_wav/Gujarati/15469.wav,Gujarati
/content/work/processed_wav/Gujarati/15904.wav,Gujarati
/content/work/processed_wav/Gujarati/15963.wav,Gujarati
/content/work/processed_wav/Gujarati/16290.wav,Gujarati
/content/work/processed_wav/Gujarati/15337.wav,Gujarati
/content/work/processed_wav/Gujarati/17477.wav,Gujarati
/content/work/processed_wav/Gujarati/15997.wav,Gujarati
/content/work/processed_wav/Gujarati/16432.wav,Gujarati
/content/work/processed_wav/Gujarati/17333.wav,Gujarati
/content/work/processed_wav/Gujarati/16913.wav,Gujarati
/content/work/processed_wav/Gujarati/15411.wav,Gujarati
/content/work/processed_wav/Gujarati/16990.wav,Gujarati
/content/work/processed_wav/Gujarati/17403.wav,Gujarati
/content/work/processed_wav/Gujarati/15720.wav,Gujarati
/content/work/processed_wav/Gujarati/17233.wav,Gujarati
/content/work/processed_wav/Gujarati/16532.wav,Gujarati
/content/work/processed_wav/Gujarati/16957.wav,Gujarati
/content/work/processed_wav/Gujarati/16131.wav,Gujarati
/content/work/processed_wav/Gujarati/16609.wav,Gujarati
/content/work/processed_wav/Gujarati/15915.wav,Gujarati
/content/work/processed_wav/Gujarati/16320.wav,Gujarati
/content/work/processed_wav/Gujarati/16571.wav,Gujarati
/content/work/processed_wav/Gujarati/15899.wav,Gujarati
/content/work/processed_wav/Gujarati/16104.wav,Gujarati
/content/work/processed_wav/Gujarati/16543.wav,Gujarati
/content/work/processed_wav/Gujarati/17078.wav,Gujarati
/content/work/processed_wav/Gujarati/17211.wav,Gujarati
/content/work/processed_wav/Gujarati/15712.wav,Gujarati
/content/work/processed_wav/Gujarati/17308.wav,Gujarati
/content/work/processed_wav/Gujarati/15714.wav,Gujarati
/content/work/processed_wav/Gujarati/16978.wav,Gujarati
/content/work/processed_wav/Gujarati/16765.wav,Gujarati
/content/work/processed_wav/Gujarati/16097.wav,Gujarati
/content/work/processed_wav/Gujarati/15817.wav,Gujarati
/content/work/processed_wav/Gujarati/15592.wav,Gujarati
/content/work/processed_wav/Gujarati/17146.wav,Gujarati
/content/work/processed_wav/Gujarati/17144.wav,Gujarati
/content/work/processed_wav/Gujarati/15345.wav,Gujarati
/content/work/processed_wav/Gujarati/15428.wav,Gujarati
/content/work/processed_wav/Gujarati/16238.wav,Gujarati
/content/work/processed_wav/Gujarati/17207.wav,Gujarati
/content/work/processed_wav/Gujarati/17120.wav,Gujarati
/content/work/processed_wav/Gujarati/15726.wav,Gujarati
/content/work/processed_wav/Gujarati/16254.wav,Gujarati
/content/work/processed_wav/Gujarati/15555.wav,Gujarati
/content/work/processed_wav/Gujarati/16936.wav,Gujarati
/content/work/processed_wav/Gujarati/15771.wav,Gujarati
/content/work/processed_wav/Gujarati/17119.wav,Gujarati
/content/work/processed_wav/Gujarati/16864.wav,Gujarati
/content/work/processed_wav/Gujarati/16092.wav,Gujarati
/content/work/processed_wav/Gujarati/15587.wav,Gujarati
/content/work/processed_wav/Gujarati/15639.wav,Gujarati
/content/work/processed_wav/Gujarati/15742.wav,Gujarati
/content/work/processed_wav/Gujarati/17033.wav,Gujarati
/content/work/processed_wav/Gujarati/15681.wav,Gujarati
/content/work/processed_wav/Gujarati/16010.wav,Gujarati
/content/work/processed_wav/Gujarati/16819.wav,Gujarati
/content/work/processed_wav/Gujarati/16336.wav,Gujarati
/content/work/processed_wav/Gujarati/15828.wav,Gujarati
/content/work/processed_wav/Gujarati/17474.wav,Gujarati
/content/work/processed_wav/Gujarati/16081.wav,Gujarati
/content/work/processed_wav/Gujarati/17011.wav,Gujarati
/content/work/processed_wav/Gujarati/17705.wav,Gujarati
/content/work/processed_wav/Gujarati/18549.wav,Gujarati
/content/work/processed_wav/Gujarati/19453.wav,Gujarati
/content/work/processed_wav/Gujarati/19796.wav,Gujarati
/content/work/processed_wav/Gujarati/18895.wav,Gujarati
/content/work/processed_wav/Gujarati/17735.wav,Gujarati
/content/work/processed_wav/Gujarati/19558.wav,Gujarati
/content/work/processed_wav/Gujarati/19509.wav,Gujarati
/content/work/processed_wav/Gujarati/18747.wav,Gujarati
/content/work/processed_wav/Gujarati/17543.wav,Gujarati
/content/work/processed_wav/Gujarati/19324.wav,Gujarati
/content/work/processed_wav/Gujarati/18863.wav,Gujarati
/content/work/processed_wav/Gujarati/19407.wav,Gujarati
/content/work/processed_wav/Gujarati/19099.wav,Gujarati
/content/work/processed_wav/Gujarati/19887.wav,Gujarati
/content/work/processed_wav/Gujarati/19720.wav,Gujarati
/content/work/processed_wav/Gujarati/19128.wav,Gujarati
/content/work/processed_wav/Gujarati/18638.wav,Gujarati
/content/work/processed_wav/Gujarati/19009.wav,Gujarati
/content/work/processed_wav/Gujarati/19240.wav,Gujarati
/content/work/processed_wav/Gujarati/18458.wav,Gujarati
/content/work/processed_wav/Gujarati/19612.wav,Gujarati
/content/work/processed_wav/Gujarati/19957.wav,Gujarati
/content/work/processed_wav/Gujarati/19917.wav,Gujarati
/content/work/processed_wav/Gujarati/18281.wav,Gujarati
/content/work/processed_wav/Gujarati/17621.wav,Gujarati
/content/work/processed_wav/Gujarati/17577.wav,Gujarati
/content/work/processed_wav/Gujarati/18515.wav,Gujarati
/content/work/processed_wav/Gujarati/18326.wav,Gujarati
/content/work/processed_wav/Gujarati/18222.wav,Gujarati
/content/work/processed_wav/Gujarati/18849.wav,Gujarati
/content/work/processed_wav/Gujarati/18471.wav,Gujarati
/content/work/processed_wav/Gujarati/20041.wav,Gujarati
/content/work/processed_wav/Gujarati/17728.wav,Gujarati
/content/work/processed_wav/Gujarati/18073.wav,Gujarati
/content/work/processed_wav/Gujarati/17932.wav,Gujarati
/content/work/processed_wav/Gujarati/20020.wav,Gujarati
/content/work/processed_wav/Gujarati/19894.wav,Gujarati
/content/work/processed_wav/Gujarati/18304.wav,Gujarati
/content/work/processed_wav/Gujarati/19690.wav,Gujarati
/content/work/processed_wav/Gujarati/17498.wav,Gujarati
/content/work/processed_wav/Gujarati/18519.wav,Gujarati
/content/work/processed_wav/Gujarati/19210.wav,Gujarati
/content/work/processed_wav/Gujarati/18312.wav,Gujarati
/content/work/processed_wav/Gujarati/20032.wav,Gujarati
/content/work/processed_wav/Gujarati/18068.wav,Gujarati
/content/work/processed_wav/Gujarati/19082.wav,Gujarati
/content/work/processed_wav/Gujarati/18947.wav,Gujarati
/content/work/processed_wav/Gujarati/19619.wav,Gujarati
/content/work/processed_wav/Gujarati/19705.wav,Gujarati
/content/work/processed_wav/Gujarati/19282.wav,Gujarati
/content/work/processed_wav/Gujarati/19798.wav,Gujarati
/content/work/processed_wav/Gujarati/17572.wav,Gujarati
/content/work/processed_wav/Gujarati/18933.wav,Gujarati
/content/work/processed_wav/Gujarati/18558.wav,Gujarati
/content/work/processed_wav/Gujarati/17607.wav,Gujarati
/content/work/processed_wav/Gujarati/19627.wav,Gujarati
/content/work/processed_wav/Gujarati/17849.wav,Gujarati
/content/work/processed_wav/Gujarati/17862.wav,Gujarati
/content/work/processed_wav/Gujarati/18388.wav,Gujarati
/content/work/processed_wav/Gujarati/17873.wav,Gujarati
/content/work/processed_wav/Gujarati/18290.wav,Gujarati
/content/work/processed_wav/Gujarati/19496.wav,Gujarati
/content/work/processed_wav/Gujarati/17655.wav,Gujarati
/content/work/processed_wav/Gujarati/18635.wav,Gujarati
/content/work/processed_wav/Gujarati/18737.wav,Gujarati
/content/work/processed_wav/Gujarati/19808.wav,Gujarati
/content/work/processed_wav/Gujarati/19051.wav,Gujarati
/content/work/processed_wav/Gujarati/18584.wav,Gujarati
/content/work/processed_wav/Gujarati/17800.wav,Gujarati
/content/work/processed_wav/Gujarati/18962.wav,Gujarati
/content/work/processed_wav/Gujarati/19177.wav,Gujarati
/content/work/processed_wav/Gujarati/18223.wav,Gujarati
/content/work/processed_wav/Gujarati/20004.wav,Gujarati
/content/work/processed_wav/Gujarati/17893.wav,Gujarati
/content/work/processed_wav/Gujarati/18686.wav,Gujarati
/content/work/processed_wav/Gujarati/18750.wav,Gujarati
/content/work/processed_wav/Gujarati/19795.wav,Gujarati
/content/work/processed_wav/Gujarati/18991.wav,Gujarati
/content/work/processed_wav/Gujarati/19206.wav,Gujarati
/content/work/processed_wav/Gujarati/17814.wav,Gujarati
/content/work/processed_wav/Gujarati/17746.wav,Gujarati
/content/work/processed_wav/Gujarati/22492.wav,Gujarati
/content/work/processed_wav/Gujarati/21922.wav,Gujarati
/content/work/processed_wav/Gujarati/21592.wav,Gujarati
/content/work/processed_wav/Gujarati/20100.wav,Gujarati
/content/work/processed_wav/Gujarati/20481.wav,Gujarati
/content/work/processed_wav/Gujarati/21473.wav,Gujarati
/content/work/processed_wav/Gujarati/21627.wav,Gujarati
/content/work/processed_wav/Gujarati/20609.wav,Gujarati
/content/work/processed_wav/Gujarati/21831.wav,Gujarati
/content/work/processed_wav/Gujarati/21844.wav,Gujarati
/content/work/processed_wav/Gujarati/20665.wav,Gujarati
/content/work/processed_wav/Gujarati/21026.wav,Gujarati
/content/work/processed_wav/Gujarati/20490.wav,Gujarati
/content/work/processed_wav/Gujarati/22746.wav,Gujarati
/content/work/processed_wav/Gujarati/20105.wav,Gujarati
/content/work/processed_wav/Gujarati/21115.wav,Gujarati
/content/work/processed_wav/Gujarati/21472.wav,Gujarati
/content/work/processed_wav/Gujarati/20806.wav,Gujarati
/content/work/processed_wav/Gujarati/22589.wav,Gujarati
/content/work/processed_wav/Gujarati/20375.wav,Gujarati
/content/work/processed_wav/Gujarati/22611.wav,Gujarati
/content/work/processed_wav/Gujarati/20219.wav,Gujarati
/content/work/processed_wav/Gujarati/21377.wav,Gujarati
/content/work/processed_wav/Gujarati/22772.wav,Gujarati
/content/work/processed_wav/Gujarati/21351.wav,Gujarati
/content/work/processed_wav/Gujarati/21336.wav,Gujarati
/content/work/processed_wav/Gujarati/20331.wav,Gujarati
/content/work/processed_wav/Gujarati/21017.wav,Gujarati
/content/work/processed_wav/Gujarati/20427.wav,Gujarati
/content/work/processed_wav/Gujarati/21134.wav,Gujarati
/content/work/processed_wav/Gujarati/21225.wav,Gujarati
/content/work/processed_wav/Gujarati/22640.wav,Gujarati
/content/work/processed_wav/Gujarati/21567.wav,Gujarati
/content/work/processed_wav/Gujarati/20799.wav,Gujarati
/content/work/processed_wav/Gujarati/21767.wav,Gujarati
/content/work/processed_wav/Gujarati/22612.wav,Gujarati
/content/work/processed_wav/Gujarati/20690.wav,Gujarati
/content/work/processed_wav/Gujarati/21113.wav,Gujarati
/content/work/processed_wav/Gujarati/22287.wav,Gujarati
/content/work/processed_wav/Gujarati/20918.wav,Gujarati
/content/work/processed_wav/Gujarati/20830.wav,Gujarati
/content/work/processed_wav/Gujarati/20560.wav,Gujarati
/content/work/processed_wav/Gujarati/20068.wav,Gujarati
/content/work/processed_wav/Gujarati/20526.wav,Gujarati
/content/work/processed_wav/Gujarati/21495.wav,Gujarati
/content/work/processed_wav/Gujarati/22336.wav,Gujarati
/content/work/processed_wav/Gujarati/20826.wav,Gujarati
/content/work/processed_wav/Gujarati/20430.wav,Gujarati
/content/work/processed_wav/Gujarati/20772.wav,Gujarati
/content/work/processed_wav/Gujarati/21587.wav,Gujarati
/content/work/processed_wav/Gujarati/22524.wav,Gujarati
/content/work/processed_wav/Gujarati/21055.wav,Gujarati
/content/work/processed_wav/Gujarati/22820.wav,Gujarati
/content/work/processed_wav/Gujarati/22196.wav,Gujarati
/content/work/processed_wav/Gujarati/21427.wav,Gujarati
/content/work/processed_wav/Gujarati/20215.wav,Gujarati
/content/work/processed_wav/Gujarati/21385.wav,Gujarati
/content/work/processed_wav/Gujarati/21411.wav,Gujarati
/content/work/processed_wav/Gujarati/21360.wav,Gujarati
/content/work/processed_wav/Gujarati/20348.wav,Gujarati
/content/work/processed_wav/Gujarati/21722.wav,Gujarati
/content/work/processed_wav/Gujarati/22706.wav,Gujarati
/content/work/processed_wav/Gujarati/21867.wav,Gujarati
/content/work/processed_wav/Gujarati/22220.wav,Gujarati
/content/work/processed_wav/Gujarati/22757.wav,Gujarati
/content/work/processed_wav/Gujarati/21203.wav,Gujarati
/content/work/processed_wav/Gujarati/21052.wav,Gujarati
/content/work/processed_wav/Gujarati/22851.wav,Gujarati
/content/work/processed_wav/Gujarati/20998.wav,Gujarati
/content/work/processed_wav/Gujarati/20231.wav,Gujarati
/content/work/processed_wav/Gujarati/20904.wav,Gujarati
/content/work/processed_wav/Gujarati/22215.wav,Gujarati
/content/work/processed_wav/Gujarati/21266.wav,Gujarati
/content/work/processed_wav/Gujarati/22118.wav,Gujarati
/content/work/processed_wav/Gujarati/22261.wav,Gujarati
/content/work/processed_wav/Gujarati/21894.wav,Gujarati
/content/work/processed_wav/Gujarati/21724.wav,Gujarati
/content/work/processed_wav/Gujarati/20413.wav,Gujarati
/content/work/processed_wav/Gujarati/21274.wav,Gujarati
/content/work/processed_wav/Gujarati/20737.wav,Gujarati
/content/work/processed_wav/Gujarati/20804.wav,Gujarati
/content/work/processed_wav/Gujarati/20773.wav,Gujarati
/content/work/processed_wav/Gujarati/22314.wav,Gujarati
/content/work/processed_wav/Gujarati/22218.wav,Gujarati
/content/work/processed_wav/Gujarati/21766.wav,Gujarati
/content/work/processed_wav/Gujarati/20251.wav,Gujarati
/content/work/processed_wav/Gujarati/21607.wav,Gujarati
/content/work/processed_wav/Gujarati/22523.wav,Gujarati
/content/work/processed_wav/Gujarati/21796.wav,Gujarati
/content/work/processed_wav/Gujarati/22791.wav,Gujarati
/content/work/processed_wav/Gujarati/23695.wav,Gujarati
/content/work/processed_wav/Gujarati/23758.wav,Gujarati
/content/work/processed_wav/Gujarati/24633.wav,Gujarati
/content/work/processed_wav/Gujarati/22933.wav,Gujarati
/content/work/processed_wav/Gujarati/23677.wav,Gujarati
/content/work/processed_wav/Gujarati/23081.wav,Gujarati
/content/work/processed_wav/Gujarati/22887.wav,Gujarati
/content/work/processed_wav/Gujarati/23315.wav,Gujarati
/content/work/processed_wav/Gujarati/23732.wav,Gujarati
/content/work/processed_wav/Gujarati/23562.wav,Gujarati
/content/work/processed_wav/Gujarati/23324.wav,Gujarati
/content/work/processed_wav/Gujarati/23585.wav,Gujarati
/content/work/processed_wav/Gujarati/23694.wav,Gujarati
/content/work/processed_wav/Gujarati/24254.wav,Gujarati
/content/work/processed_wav/Gujarati/23246.wav,Gujarati
/content/work/processed_wav/Gujarati/23670.wav,Gujarati
/content/work/processed_wav/Gujarati/24674.wav,Gujarati
/content/work/processed_wav/Gujarati/22883.wav,Gujarati
/content/work/processed_wav/Gujarati/23039.wav,Gujarati
/content/work/processed_wav/Gujarati/23680.wav,Gujarati
/content/work/processed_wav/Gujarati/24265.wav,Gujarati
/content/work/processed_wav/Gujarati/23663.wav,Gujarati
/content/work/processed_wav/Gujarati/23705.wav,Gujarati
/content/work/processed_wav/Gujarati/23653.wav,Gujarati
/content/work/processed_wav/Gujarati/24407.wav,Gujarati
/content/work/processed_wav/Gujarati/23085.wav,Gujarati
/content/work/processed_wav/Gujarati/22961.wav,Gujarati
/content/work/processed_wav/Gujarati/23142.wav,Gujarati
/content/work/processed_wav/Gujarati/24469.wav,Gujarati
/content/work/processed_wav/Gujarati/23815.wav,Gujarati
/content/work/processed_wav/Gujarati/23656.wav,Gujarati
/content/work/processed_wav/Gujarati/23911.wav,Gujarati
/content/work/processed_wav/Gujarati/23058.wav,Gujarati
/content/work/processed_wav/Gujarati/24467.wav,Gujarati
/content/work/processed_wav/Gujarati/24336.wav,Gujarati
/content/work/processed_wav/Gujarati/24724.wav,Gujarati
/content/work/processed_wav/Gujarati/23784.wav,Gujarati
/content/work/processed_wav/Gujarati/24756.wav,Gujarati
/content/work/processed_wav/Gujarati/23461.wav,Gujarati
/content/work/processed_wav/Gujarati/22963.wav,Gujarati
/content/work/processed_wav/Gujarati/23443.wav,Gujarati
/content/work/processed_wav/Gujarati/24705.wav,Gujarati
/content/work/processed_wav/Gujarati/24539.wav,Gujarati
/content/work/processed_wav/Gujarati/24060.wav,Gujarati
/content/work/processed_wav/Gujarati/23304.wav,Gujarati
/content/work/processed_wav/Gujarati/23936.wav,Gujarati
/content/work/processed_wav/Gujarati/24695.wav,Gujarati
/content/work/processed_wav/Gujarati/24390.wav,Gujarati
/content/work/processed_wav/Gujarati/24015.wav,Gujarati
/content/work/processed_wav/Gujarati/23214.wav,Gujarati
/content/work/processed_wav/Gujarati/23307.wav,Gujarati
/content/work/processed_wav/Gujarati/24220.wav,Gujarati
/content/work/processed_wav/Gujarati/23610.wav,Gujarati
/content/work/processed_wav/Gujarati/24229.wav,Gujarati
/content/work/processed_wav/Gujarati/24621.wav,Gujarati
/content/work/processed_wav/Gujarati/23253.wav,Gujarati
/content/work/processed_wav/Gujarati/24121.wav,Gujarati
/content/work/processed_wav/Gujarati/24416.wav,Gujarati
/content/work/processed_wav/Gujarati/24747.wav,Gujarati
/content/work/processed_wav/Gujarati/23005.wav,Gujarati
/content/work/processed_wav/Gujarati/24770.wav,Gujarati
/content/work/processed_wav/Gujarati/23124.wav,Gujarati
/content/work/processed_wav/Gujarati/24357.wav,Gujarati
/content/work/processed_wav/Gujarati/24505.wav,Gujarati
/content/work/processed_wav/Gujarati/24379.wav,Gujarati
/content/work/processed_wav/Gujarati/23340.wav,Gujarati
/content/work/processed_wav/Gujarati/24234.wav,Gujarati
/content/work/processed_wav/Gujarati/24453.wav,Gujarati
/content/work/processed_wav/Gujarati/24142.wav,Gujarati
/content/work/processed_wav/Gujarati/24510.wav,Gujarati
/content/work/processed_wav/Gujarati/24240.wav,Gujarati
/content/work/processed_wav/Gujarati/24166.wav,Gujarati
/content/work/processed_wav/Gujarati/23222.wav,Gujarati
/content/work/processed_wav/Gujarati/23557.wav,Gujarati
/content/work/processed_wav/Gujarati/23272.wav,Gujarati
/content/work/processed_wav/Gujarati/22957.wav,Gujarati
/content/work/processed_wav/Gujarati/23285.wav,Gujarati
/content/work/processed_wav/Gujarati/23054.wav,Gujarati
/content/work/processed_wav/Gujarati/23915.wav,Gujarati
/content/work/processed_wav/Gujarati/24272.wav,Gujarati
/content/work/processed_wav/Gujarati/24500.wav,Gujarati
/content/work/processed_wav/Gujarati/24257.wav,Gujarati
/content/work/processed_wav/Gujarati/24803.wav,Gujarati
/content/work/processed_wav/Gujarati/22927.wav,Gujarati
/content/work/processed_wav/Gujarati/27022.wav,Gujarati
/content/work/processed_wav/Gujarati/25667.wav,Gujarati
/content/work/processed_wav/Gujarati/26686.wav,Gujarati
/content/work/processed_wav/Gujarati/25173.wav,Gujarati
/content/work/processed_wav/Gujarati/25622.wav,Gujarati
/content/work/processed_wav/Gujarati/26441.wav,Gujarati
/content/work/processed_wav/Gujarati/26711.wav,Gujarati
/content/work/processed_wav/Gujarati/24951.wav,Gujarati
/content/work/processed_wav/Gujarati/26098.wav,Gujarati
/content/work/processed_wav/Gujarati/25919.wav,Gujarati
/content/work/processed_wav/Gujarati/25532.wav,Gujarati
/content/work/processed_wav/Gujarati/24936.wav,Gujarati
/content/work/processed_wav/Gujarati/25295.wav,Gujarati
/content/work/processed_wav/Gujarati/25951.wav,Gujarati
/content/work/processed_wav/Gujarati/26707.wav,Gujarati
/content/work/processed_wav/Gujarati/25722.wav,Gujarati
/content/work/processed_wav/Gujarati/25325.wav,Gujarati
/content/work/processed_wav/Gujarati/25308.wav,Gujarati
/content/work/processed_wav/Gujarati/27211.wav,Gujarati
/content/work/processed_wav/Gujarati/24867.wav,Gujarati
/content/work/processed_wav/Gujarati/25482.wav,Gujarati
/content/work/processed_wav/Gujarati/27193.wav,Gujarati
/content/work/processed_wav/Gujarati/25477.wav,Gujarati
/content/work/processed_wav/Gujarati/25124.wav,Gujarati
/content/work/processed_wav/Gujarati/25474.wav,Gujarati
/content/work/processed_wav/Gujarati/2677.wav,Gujarati
/content/work/processed_wav/Gujarati/26748.wav,Gujarati
/content/work/processed_wav/Gujarati/27125.wav,Gujarati
/content/work/processed_wav/Gujarati/24887.wav,Gujarati
/content/work/processed_wav/Gujarati/25743.wav,Gujarati
/content/work/processed_wav/Gujarati/26387.wav,Gujarati
/content/work/processed_wav/Gujarati/26259.wav,Gujarati
/content/work/processed_wav/Gujarati/26374.wav,Gujarati
/content/work/processed_wav/Gujarati/24806.wav,Gujarati
/content/work/processed_wav/Gujarati/25258.wav,Gujarati
/content/work/processed_wav/Gujarati/26456.wav,Gujarati
/content/work/processed_wav/Gujarati/27258.wav,Gujarati
/content/work/processed_wav/Gujarati/25999.wav,Gujarati
/content/work/processed_wav/Gujarati/25761.wav,Gujarati
/content/work/processed_wav/Gujarati/25503.wav,Gujarati
/content/work/processed_wav/Gujarati/27256.wav,Gujarati
/content/work/processed_wav/Gujarati/26263.wav,Gujarati
/content/work/processed_wav/Gujarati/27037.wav,Gujarati
/content/work/processed_wav/Gujarati/27027.wav,Gujarati
/content/work/processed_wav/Gujarati/26853.wav,Gujarati
/content/work/processed_wav/Gujarati/24884.wav,Gujarati
/content/work/processed_wav/Gujarati/26525.wav,Gujarati
/content/work/processed_wav/Gujarati/26720.wav,Gujarati
/content/work/processed_wav/Gujarati/26785.wav,Gujarati
/content/work/processed_wav/Gujarati/25089.wav,Gujarati
/content/work/processed_wav/Gujarati/25724.wav,Gujarati
/content/work/processed_wav/Gujarati/25167.wav,Gujarati
/content/work/processed_wav/Gujarati/24873.wav,Gujarati
/content/work/processed_wav/Gujarati/26815.wav,Gujarati
/content/work/processed_wav/Gujarati/26161.wav,Gujarati
/content/work/processed_wav/Gujarati/26130.wav,Gujarati
/content/work/processed_wav/Gujarati/26390.wav,Gujarati
/content/work/processed_wav/Gujarati/26838.wav,Gujarati
/content/work/processed_wav/Gujarati/25034.wav,Gujarati
/content/work/processed_wav/Gujarati/26317.wav,Gujarati
/content/work/processed_wav/Gujarati/26583.wav,Gujarati
/content/work/processed_wav/Gujarati/26505.wav,Gujarati
/content/work/processed_wav/Gujarati/27205.wav,Gujarati
/content/work/processed_wav/Gujarati/26489.wav,Gujarati
/content/work/processed_wav/Gujarati/27206.wav,Gujarati
/content/work/processed_wav/Gujarati/25664.wav,Gujarati
/content/work/processed_wav/Gujarati/26953.wav,Gujarati
/content/work/processed_wav/Gujarati/26755.wav,Gujarati
/content/work/processed_wav/Gujarati/26954.wav,Gujarati
/content/work/processed_wav/Gujarati/25855.wav,Gujarati
/content/work/processed_wav/Gujarati/26772.wav,Gujarati
/content/work/processed_wav/Gujarati/27028.wav,Gujarati
/content/work/processed_wav/Gujarati/27261.wav,Gujarati
/content/work/processed_wav/Gujarati/27139.wav,Gujarati
/content/work/processed_wav/Gujarati/26410.wav,Gujarati
/content/work/processed_wav/Gujarati/25264.wav,Gujarati
/content/work/processed_wav/Gujarati/25965.wav,Gujarati
/content/work/processed_wav/Gujarati/25674.wav,Gujarati
/content/work/processed_wav/Gujarati/25113.wav,Gujarati
/content/work/processed_wav/Gujarati/26351.wav,Gujarati
/content/work/processed_wav/Gujarati/2616.wav,Gujarati
/content/work/processed_wav/Gujarati/28052.wav,Gujarati
/content/work/processed_wav/Gujarati/27587.wav,Gujarati
/content/work/processed_wav/Gujarati/28147.wav,Gujarati
/content/work/processed_wav/Gujarati/27824.wav,Gujarati
/content/work/processed_wav/Gujarati/27271.wav,Gujarati
/content/work/processed_wav/Gujarati/28256.wav,Gujarati
/content/work/processed_wav/Gujarati/28562.wav,Gujarati
/content/work/processed_wav/Gujarati/28553.wav,Gujarati
/content/work/processed_wav/Gujarati/27443.wav,Gujarati
/content/work/processed_wav/Gujarati/27745.wav,Gujarati
/content/work/processed_wav/Gujarati/28661.wav,Gujarati
/content/work/processed_wav/Gujarati/27922.wav,Gujarati
/content/work/processed_wav/Gujarati/27617.wav,Gujarati
/content/work/processed_wav/Gujarati/27307.wav,Gujarati
/content/work/processed_wav/Gujarati/27884.wav,Gujarati
/content/work/processed_wav/Gujarati/28028.wav,Gujarati
/content/work/processed_wav/Gujarati/28663.wav,Gujarati
/content/work/processed_wav/Gujarati/28704.wav,Gujarati
/content/work/processed_wav/Gujarati/28432.wav,Gujarati
/content/work/processed_wav/Gujarati/28093.wav,Gujarati
/content/work/processed_wav/Gujarati/27961.wav,Gujarati
/content/work/processed_wav/Gujarati/27450.wav,Gujarati
/content/work/processed_wav/Gujarati/28478.wav,Gujarati
/content/work/processed_wav/Gujarati/27613.wav,Gujarati
/content/work/processed_wav/Gujarati/28831.wav,Gujarati
/content/work/processed_wav/Gujarati/28030.wav,Gujarati
/content/work/processed_wav/Gujarati/28585.wav,Gujarati
/content/work/processed_wav/Gujarati/27660.wav,Gujarati
/content/work/processed_wav/Gujarati/27983.wav,Gujarati
/content/work/processed_wav/Gujarati/28377.wav,Gujarati
/content/work/processed_wav/Gujarati/28484.wav,Gujarati
/content/work/processed_wav/Gujarati/27901.wav,Gujarati
/content/work/processed_wav/Gujarati/28421.wav,Gujarati
/content/work/processed_wav/Gujarati/28062.wav,Gujarati
/content/work/processed_wav/Gujarati/27798.wav,Gujarati
/content/work/processed_wav/Gujarati/28657.wav,Gujarati
/content/work/processed_wav/Gujarati/28032.wav,Gujarati
/content/work/processed_wav/Gujarati/28825.wav,Gujarati
/content/work/processed_wav/Gujarati/28724.wav,Gujarati
/content/work/processed_wav/Gujarati/28616.wav,Gujarati
/content/work/processed_wav/Gujarati/27963.wav,Gujarati
/content/work/processed_wav/Gujarati/29031.wav,Gujarati
/content/work/processed_wav/Gujarati/28774.wav,Gujarati
/content/work/processed_wav/Gujarati/28726.wav,Gujarati
/content/work/processed_wav/Gujarati/28823.wav,Gujarati
/content/work/processed_wav/Gujarati/28374.wav,Gujarati
/content/work/processed_wav/Gujarati/27694.wav,Gujarati
/content/work/processed_wav/Gujarati/28542.wav,Gujarati
/content/work/processed_wav/Gujarati/27741.wav,Gujarati
/content/work/processed_wav/Gujarati/28815.wav,Gujarati
/content/work/processed_wav/Gujarati/28183.wav,Gujarati
/content/work/processed_wav/Gujarati/28922.wav,Gujarati
/content/work/processed_wav/Gujarati/27669.wav,Gujarati
/content/work/processed_wav/Gujarati/27644.wav,Gujarati
/content/work/processed_wav/Gujarati/28931.wav,Gujarati
/content/work/processed_wav/Gujarati/27500.wav,Gujarati
/content/work/processed_wav/Gujarati/28535.wav,Gujarati
/content/work/processed_wav/Gujarati/27512.wav,Gujarati
/content/work/processed_wav/Gujarati/28270.wav,Gujarati
/content/work/processed_wav/Gujarati/28763.wav,Gujarati
/content/work/processed_wav/Gujarati/28100.wav,Gujarati
/content/work/processed_wav/Gujarati/28919.wav,Gujarati
/content/work/processed_wav/Gujarati/27878.wav,Gujarati
/content/work/processed_wav/Gujarati/28046.wav,Gujarati
/content/work/processed_wav/Gujarati/27846.wav,Gujarati
/content/work/processed_wav/Gujarati/28959.wav,Gujarati
/content/work/processed_wav/Gujarati/29126.wav,Gujarati
/content/work/processed_wav/Gujarati/28181.wav,Gujarati
/content/work/processed_wav/Gujarati/27433.wav,Gujarati
/content/work/processed_wav/Gujarati/27920.wav,Gujarati
/content/work/processed_wav/Gujarati/28128.wav,Gujarati
/content/work/processed_wav/Gujarati/27286.wav,Gujarati
/content/work/processed_wav/Gujarati/28893.wav,Gujarati
/content/work/processed_wav/Gujarati/27820.wav,Gujarati
/content/work/processed_wav/Gujarati/27425.wav,Gujarati
/content/work/processed_wav/Gujarati/27883.wav,Gujarati
/content/work/processed_wav/Gujarati/28054.wav,Gujarati
/content/work/processed_wav/Gujarati/28306.wav,Gujarati
/content/work/processed_wav/Gujarati/29077.wav,Gujarati
/content/work/processed_wav/Gujarati/28967.wav,Gujarati
/content/work/processed_wav/Gujarati/28620.wav,Gujarati
/content/work/processed_wav/Gujarati/3667.wav,Gujarati
/content/work/processed_wav/Gujarati/29696.wav,Gujarati
/content/work/processed_wav/Gujarati/29308.wav,Gujarati
/content/work/processed_wav/Gujarati/29328.wav,Gujarati
/content/work/processed_wav/Gujarati/3029.wav,Gujarati
/content/work/processed_wav/Gujarati/4535.wav,Gujarati
/content/work/processed_wav/Gujarati/4321.wav,Gujarati
/content/work/processed_wav/Gujarati/29719.wav,Gujarati
/content/work/processed_wav/Gujarati/3525.wav,Gujarati
/content/work/processed_wav/Gujarati/3634.wav,Gujarati
/content/work/processed_wav/Gujarati/29651.wav,Gujarati
/content/work/processed_wav/Gujarati/4552.wav,Gujarati
/content/work/processed_wav/Gujarati/29254.wav,Gujarati
/content/work/processed_wav/Gujarati/4038.wav,Gujarati
/content/work/processed_wav/Gujarati/29131.wav,Gujarati
/content/work/processed_wav/Gujarati/4154.wav,Gujarati
/content/work/processed_wav/Gujarati/4065.wav,Gujarati
/content/work/processed_wav/Gujarati/29214.wav,Gujarati
/content/work/processed_wav/Gujarati/29374.wav,Gujarati
/content/work/processed_wav/Gujarati/29265.wav,Gujarati
/content/work/processed_wav/Gujarati/3726.wav,Gujarati
/content/work/processed_wav/Gujarati/3713.wav,Gujarati
/content/work/processed_wav/Gujarati/29300.wav,Gujarati
/content/work/processed_wav/Gujarati/2920.wav,Gujarati
/content/work/processed_wav/Gujarati/3521.wav,Gujarati
/content/work/processed_wav/Gujarati/3892.wav,Gujarati
/content/work/processed_wav/Gujarati/4008.wav,Gujarati
/content/work/processed_wav/Gujarati/3740.wav,Gujarati
/content/work/processed_wav/Gujarati/3947.wav,Gujarati
/content/work/processed_wav/Gujarati/29432.wav,Gujarati
/content/work/processed_wav/Gujarati/3827.wav,Gujarati
/content/work/processed_wav/Gujarati/4113.wav,Gujarati
/content/work/processed_wav/Gujarati/3228.wav,Gujarati
/content/work/processed_wav/Gujarati/29144.wav,Gujarati
/content/work/processed_wav/Gujarati/3598.wav,Gujarati
/content/work/processed_wav/Gujarati/29365.wav,Gujarati
/content/work/processed_wav/Gujarati/29390.wav,Gujarati
/content/work/processed_wav/Gujarati/29404.wav,Gujarati
/content/work/processed_wav/Gujarati/3960.wav,Gujarati
/content/work/processed_wav/Gujarati/29287.wav,Gujarati
/content/work/processed_wav/Gujarati/4594.wav,Gujarati
/content/work/processed_wav/Gujarati/29675.wav,Gujarati
/content/work/processed_wav/Gujarati/29444.wav,Gujarati
/content/work/processed_wav/Gujarati/29654.wav,Gujarati
/content/work/processed_wav/Gujarati/3606.wav,Gujarati
/content/work/processed_wav/Gujarati/29623.wav,Gujarati
/content/work/processed_wav/Gujarati/29185.wav,Gujarati
/content/work/processed_wav/Gujarati/29172.wav,Gujarati
/content/work/processed_wav/Gujarati/3784.wav,Gujarati
/content/work/processed_wav/Gujarati/3179.wav,Gujarati
/content/work/processed_wav/Gujarati/3979.wav,Gujarati
/content/work/processed_wav/Gujarati/4279.wav,Gujarati
/content/work/processed_wav/Gujarati/3614.wav,Gujarati
/content/work/processed_wav/Gujarati/4273.wav,Gujarati
/content/work/processed_wav/Gujarati/29650.wav,Gujarati
/content/work/processed_wav/Gujarati/4551.wav,Gujarati
/content/work/processed_wav/Gujarati/3904.wav,Gujarati
/content/work/processed_wav/Gujarati/29587.wav,Gujarati
/content/work/processed_wav/Gujarati/29189.wav,Gujarati
/content/work/processed_wav/Gujarati/3559.wav,Gujarati
/content/work/processed_wav/Gujarati/3996.wav,Gujarati
/content/work/processed_wav/Gujarati/3889.wav,Gujarati
/content/work/processed_wav/Gujarati/29453.wav,Gujarati
/content/work/processed_wav/Gujarati/4391.wav,Gujarati
/content/work/processed_wav/Gujarati/29275.wav,Gujarati
/content/work/processed_wav/Gujarati/3685.wav,Gujarati
/content/work/processed_wav/Gujarati/4553.wav,Gujarati
/content/work/processed_wav/Gujarati/29399.wav,Gujarati
/content/work/processed_wav/Gujarati/3511.wav,Gujarati
/content/work/processed_wav/Gujarati/4297.wav,Gujarati
/content/work/processed_wav/Gujarati/4076.wav,Gujarati
/content/work/processed_wav/Gujarati/4565.wav,Gujarati
/content/work/processed_wav/Gujarati/4587.wav,Gujarati
/content/work/processed_wav/Gujarati/29442.wav,Gujarati
/content/work/processed_wav/Gujarati/4542.wav,Gujarati
/content/work/processed_wav/Gujarati/3645.wav,Gujarati
/content/work/processed_wav/Gujarati/3282.wav,Gujarati
/content/work/processed_wav/Gujarati/3758.wav,Gujarati
/content/work/processed_wav/Gujarati/4104.wav,Gujarati
/content/work/processed_wav/Gujarati/3507.wav,Gujarati
/content/work/processed_wav/Gujarati/29309.wav,Gujarati
/content/work/processed_wav/Gujarati/5373.wav,Gujarati
/content/work/processed_wav/Gujarati/4944.wav,Gujarati
/content/work/processed_wav/Gujarati/6164.wav,Gujarati
/content/work/processed_wav/Gujarati/5221.wav,Gujarati
/content/work/processed_wav/Gujarati/4745.wav,Gujarati
/content/work/processed_wav/Gujarati/5053.wav,Gujarati
/content/work/processed_wav/Gujarati/5210.wav,Gujarati
/content/work/processed_wav/Gujarati/5841.wav,Gujarati
/content/work/processed_wav/Gujarati/5030.wav,Gujarati
/content/work/processed_wav/Gujarati/5082.wav,Gujarati
/content/work/processed_wav/Gujarati/6049.wav,Gujarati
/content/work/processed_wav/Gujarati/5554.wav,Gujarati
/content/work/processed_wav/Gujarati/5961.wav,Gujarati
/content/work/processed_wav/Gujarati/5302.wav,Gujarati
/content/work/processed_wav/Gujarati/5586.wav,Gujarati
/content/work/processed_wav/Gujarati/5145.wav,Gujarati
/content/work/processed_wav/Gujarati/5401.wav,Gujarati
/content/work/processed_wav/Gujarati/4652.wav,Gujarati
/content/work/processed_wav/Gujarati/5498.wav,Gujarati
/content/work/processed_wav/Gujarati/5463.wav,Gujarati
/content/work/processed_wav/Gujarati/6026.wav,Gujarati
/content/work/processed_wav/Gujarati/5255.wav,Gujarati
/content/work/processed_wav/Gujarati/5837.wav,Gujarati
/content/work/processed_wav/Gujarati/4864.wav,Gujarati
/content/work/processed_wav/Gujarati/5596.wav,Gujarati
/content/work/processed_wav/Gujarati/5000.wav,Gujarati
/content/work/processed_wav/Gujarati/6160.wav,Gujarati
/content/work/processed_wav/Gujarati/5136.wav,Gujarati
/content/work/processed_wav/Gujarati/5756.wav,Gujarati
/content/work/processed_wav/Gujarati/5793.wav,Gujarati
/content/work/processed_wav/Gujarati/4791.wav,Gujarati
/content/work/processed_wav/Gujarati/4692.wav,Gujarati
/content/work/processed_wav/Gujarati/5476.wav,Gujarati
/content/work/processed_wav/Gujarati/4995.wav,Gujarati
/content/work/processed_wav/Gujarati/5070.wav,Gujarati
/content/work/processed_wav/Gujarati/4920.wav,Gujarati
/content/work/processed_wav/Gujarati/5054.wav,Gujarati
/content/work/processed_wav/Gujarati/5856.wav,Gujarati
/content/work/processed_wav/Gujarati/4657.wav,Gujarati
/content/work/processed_wav/Gujarati/5641.wav,Gujarati
/content/work/processed_wav/Gujarati/5702.wav,Gujarati
/content/work/processed_wav/Gujarati/4890.wav,Gujarati
/content/work/processed_wav/Gujarati/4928.wav,Gujarati
/content/work/processed_wav/Gujarati/5588.wav,Gujarati
/content/work/processed_wav/Gujarati/4598.wav,Gujarati
/content/work/processed_wav/Gujarati/4828.wav,Gujarati
/content/work/processed_wav/Gujarati/4704.wav,Gujarati
/content/work/processed_wav/Gujarati/5128.wav,Gujarati
/content/work/processed_wav/Gujarati/5009.wav,Gujarati
/content/work/processed_wav/Gujarati/5283.wav,Gujarati
/content/work/processed_wav/Gujarati/4603.wav,Gujarati
/content/work/processed_wav/Gujarati/5102.wav,Gujarati
/content/work/processed_wav/Gujarati/4595.wav,Gujarati
/content/work/processed_wav/Gujarati/4716.wav,Gujarati
/content/work/processed_wav/Gujarati/5477.wav,Gujarati
/content/work/processed_wav/Gujarati/6174.wav,Gujarati
/content/work/processed_wav/Gujarati/5712.wav,Gujarati
/content/work/processed_wav/Gujarati/5043.wav,Gujarati
/content/work/processed_wav/Gujarati/5739.wav,Gujarati
/content/work/processed_wav/Gujarati/4918.wav,Gujarati
/content/work/processed_wav/Gujarati/5313.wav,Gujarati
/content/work/processed_wav/Gujarati/4946.wav,Gujarati
/content/work/processed_wav/Gujarati/5250.wav,Gujarati
/content/work/processed_wav/Gujarati/6172.wav,Gujarati
/content/work/processed_wav/Gujarati/6041.wav,Gujarati
/content/work/processed_wav/Gujarati/4678.wav,Gujarati
/content/work/processed_wav/Gujarati/4723.wav,Gujarati
/content/work/processed_wav/Gujarati/5348.wav,Gujarati
/content/work/processed_wav/Gujarati/5441.wav,Gujarati
/content/work/processed_wav/Gujarati/5517.wav,Gujarati
/content/work/processed_wav/Gujarati/4656.wav,Gujarati
/content/work/processed_wav/Gujarati/4858.wav,Gujarati
/content/work/processed_wav/Gujarati/4909.wav,Gujarati
/content/work/processed_wav/Gujarati/4712.wav,Gujarati
/content/work/processed_wav/Gujarati/8089.wav,Gujarati
/content/work/processed_wav/Gujarati/7458.wav,Gujarati
/content/work/processed_wav/Gujarati/6796.wav,Gujarati
/content/work/processed_wav/Gujarati/7056.wav,Gujarati
/content/work/processed_wav/Gujarati/7598.wav,Gujarati
/content/work/processed_wav/Gujarati/7820.wav,Gujarati
/content/work/processed_wav/Gujarati/6856.wav,Gujarati
/content/work/processed_wav/Gujarati/8004.wav,Gujarati
/content/work/processed_wav/Gujarati/6514.wav,Gujarati
/content/work/processed_wav/Gujarati/7558.wav,Gujarati
/content/work/processed_wav/Gujarati/7364.wav,Gujarati
/content/work/processed_wav/Gujarati/6593.wav,Gujarati
/content/work/processed_wav/Gujarati/6219.wav,Gujarati
/content/work/processed_wav/Gujarati/6196.wav,Gujarati
/content/work/processed_wav/Gujarati/7280.wav,Gujarati
/content/work/processed_wav/Gujarati/6350.wav,Gujarati
/content/work/processed_wav/Gujarati/8142.wav,Gujarati
/content/work/processed_wav/Gujarati/6684.wav,Gujarati
/content/work/processed_wav/Gujarati/8051.wav,Gujarati
/content/work/processed_wav/Gujarati/6652.wav,Gujarati
/content/work/processed_wav/Gujarati/8106.wav,Gujarati
/content/work/processed_wav/Gujarati/6432.wav,Gujarati
/content/work/processed_wav/Gujarati/6430.wav,Gujarati
/content/work/processed_wav/Gujarati/6353.wav,Gujarati
/content/work/processed_wav/Gujarati/6280.wav,Gujarati
/content/work/processed_wav/Gujarati/6491.wav,Gujarati
/content/work/processed_wav/Gujarati/6941.wav,Gujarati
/content/work/processed_wav/Gujarati/6956.wav,Gujarati
/content/work/processed_wav/Gujarati/8072.wav,Gujarati
/content/work/processed_wav/Gujarati/8002.wav,Gujarati
/content/work/processed_wav/Gujarati/6184.wav,Gujarati
/content/work/processed_wav/Gujarati/7072.wav,Gujarati
/content/work/processed_wav/Gujarati/6983.wav,Gujarati
/content/work/processed_wav/Gujarati/7783.wav,Gujarati
/content/work/processed_wav/Gujarati/6828.wav,Gujarati
/content/work/processed_wav/Gujarati/7979.wav,Gujarati
/content/work/processed_wav/Gujarati/7894.wav,Gujarati
/content/work/processed_wav/Gujarati/7048.wav,Gujarati
/content/work/processed_wav/Gujarati/6385.wav,Gujarati
/content/work/processed_wav/Gujarati/8119.wav,Gujarati
/content/work/processed_wav/Gujarati/6567.wav,Gujarati
/content/work/processed_wav/Gujarati/7779.wav,Gujarati
/content/work/processed_wav/Gujarati/7179.wav,Gujarati
/content/work/processed_wav/Gujarati/7816.wav,Gujarati
/content/work/processed_wav/Gujarati/7052.wav,Gujarati
/content/work/processed_wav/Gujarati/7934.wav,Gujarati
/content/work/processed_wav/Gujarati/7018.wav,Gujarati
/content/work/processed_wav/Gujarati/8032.wav,Gujarati
/content/work/processed_wav/Gujarati/7303.wav,Gujarati
/content/work/processed_wav/Gujarati/7267.wav,Gujarati
/content/work/processed_wav/Gujarati/6723.wav,Gujarati
/content/work/processed_wav/Gujarati/6502.wav,Gujarati
/content/work/processed_wav/Gujarati/7833.wav,Gujarati
/content/work/processed_wav/Gujarati/8022.wav,Gujarati
/content/work/processed_wav/Gujarati/6396.wav,Gujarati
/content/work/processed_wav/Gujarati/6386.wav,Gujarati
/content/work/processed_wav/Gujarati/6429.wav,Gujarati
/content/work/processed_wav/Gujarati/8118.wav,Gujarati
/content/work/processed_wav/Gujarati/6206.wav,Gujarati
/content/work/processed_wav/Gujarati/6923.wav,Gujarati
/content/work/processed_wav/Gujarati/6605.wav,Gujarati
/content/work/processed_wav/Gujarati/6623.wav,Gujarati
/content/work/processed_wav/Gujarati/7007.wav,Gujarati
/content/work/processed_wav/Gujarati/8077.wav,Gujarati
/content/work/processed_wav/Gujarati/7717.wav,Gujarati
/content/work/processed_wav/Gujarati/7618.wav,Gujarati
/content/work/processed_wav/Gujarati/8005.wav,Gujarati
/content/work/processed_wav/Gujarati/6721.wav,Gujarati
/content/work/processed_wav/Gujarati/6937.wav,Gujarati
/content/work/processed_wav/Gujarati/6984.wav,Gujarati
/content/work/processed_wav/Gujarati/6290.wav,Gujarati
/content/work/processed_wav/Gujarati/8047.wav,Gujarati
/content/work/processed_wav/Gujarati/9348.wav,Gujarati
/content/work/processed_wav/Gujarati/9559.wav,Gujarati
/content/work/processed_wav/Gujarati/8415.wav,Gujarati
/content/work/processed_wav/Gujarati/9362.wav,Gujarati
/content/work/processed_wav/Gujarati/9185.wav,Gujarati
/content/work/processed_wav/Gujarati/8282.wav,Gujarati
/content/work/processed_wav/Gujarati/9104.wav,Gujarati
/content/work/processed_wav/Gujarati/8220.wav,Gujarati
/content/work/processed_wav/Gujarati/8565.wav,Gujarati
/content/work/processed_wav/Gujarati/8885.wav,Gujarati
/content/work/processed_wav/Gujarati/9944.wav,Gujarati
/content/work/processed_wav/Gujarati/9732.wav,Gujarati
/content/work/processed_wav/Gujarati/9424.wav,Gujarati
/content/work/processed_wav/Gujarati/8229.wav,Gujarati
/content/work/processed_wav/Gujarati/9312.wav,Gujarati
/content/work/processed_wav/Gujarati/9995.wav,Gujarati
/content/work/processed_wav/Gujarati/8443.wav,Gujarati
/content/work/processed_wav/Gujarati/9996.wav,Gujarati
/content/work/processed_wav/Gujarati/8575.wav,Gujarati
/content/work/processed_wav/Gujarati/9601.wav,Gujarati
/content/work/processed_wav/Gujarati/9434.wav,Gujarati
/content/work/processed_wav/Gujarati/8335.wav,Gujarati
/content/work/processed_wav/Gujarati/8364.wav,Gujarati
/content/work/processed_wav/Gujarati/8232.wav,Gujarati
/content/work/processed_wav/Gujarati/8736.wav,Gujarati
/content/work/processed_wav/Gujarati/9224.wav,Gujarati
/content/work/processed_wav/Gujarati/8598.wav,Gujarati
/content/work/processed_wav/Gujarati/9011.wav,Gujarati
/content/work/processed_wav/Gujarati/9509.wav,Gujarati
/content/work/processed_wav/Gujarati/8731.wav,Gujarati
/content/work/processed_wav/Gujarati/9301.wav,Gujarati
/content/work/processed_wav/Gujarati/9917.wav,Gujarati
/content/work/processed_wav/Gujarati/8792.wav,Gujarati
/content/work/processed_wav/Gujarati/9459.wav,Gujarati
/content/work/processed_wav/Gujarati/9858.wav,Gujarati
/content/work/processed_wav/Gujarati/9263.wav,Gujarati
/content/work/processed_wav/Gujarati/8725.wav,Gujarati
/content/work/processed_wav/Gujarati/9246.wav,Gujarati
/content/work/processed_wav/Gujarati/8461.wav,Gujarati
/content/work/processed_wav/Gujarati/8432.wav,Gujarati
/content/work/processed_wav/Gujarati/8474.wav,Gujarati
/content/work/processed_wav/Gujarati/8645.wav,Gujarati
/content/work/processed_wav/Gujarati/8557.wav,Gujarati
/content/work/processed_wav/Gujarati/8337.wav,Gujarati
/content/work/processed_wav/Gujarati/8971.wav,Gujarati
/content/work/processed_wav/Gujarati/9889.wav,Gujarati
/content/work/processed_wav/Gujarati/8968.wav,Gujarati
/content/work/processed_wav/Gujarati/9315.wav,Gujarati
/content/work/processed_wav/Gujarati/8807.wav,Gujarati
/content/work/processed_wav/Gujarati/9840.wav,Gujarati
/content/work/processed_wav/Gujarati/9909.wav,Gujarati
/content/work/processed_wav/Gujarati/9677.wav,Gujarati
/content/work/processed_wav/Gujarati/9266.wav,Gujarati
/content/work/processed_wav/Gujarati/8664.wav,Gujarati
/content/work/processed_wav/Gujarati/8849.wav,Gujarati
/content/work/processed_wav/Gujarati/9715.wav,Gujarati
/content/work/processed_wav/Gujarati/8444.wav,Gujarati
/content/work/processed_wav/Gujarati/8585.wav,Gujarati
/content/work/processed_wav/Gujarati/8842.wav,Gujarati
/content/work/processed_wav/Gujarati/9411.wav,Gujarati
/content/work/processed_wav/Gujarati/9622.wav,Gujarati
/content/work/processed_wav/Gujarati/9031.wav,Gujarati
/content/work/processed_wav/Gujarati/9797.wav,Gujarati
/content/work/processed_wav/Gujarati/9271.wav,Gujarati
/content/work/processed_wav/Gujarati/8947.wav,Gujarati
/content/work/processed_wav/Gujarati/9740.wav,Gujarati
/content/work/processed_wav/Gujarati/8609.wav,Gujarati
/content/work/processed_wav/Gujarati/9436.wav,Gujarati
/content/work/processed_wav/Gujarati/8616.wav,Gujarati
/content/work/processed_wav/Gujarati/9351.wav,Gujarati
/content/work/processed_wav/Gujarati/8789.wav,Gujarati
/content/work/processed_wav/Gujarati/8990.wav,Gujarati
/content/work/processed_wav/Gujarati/9059.wav,Gujarati
/content/work/processed_wav/Kannada/10176.wav,Kannada
/content/work/processed_wav/Kannada/10304.wav,Kannada
/content/work/processed_wav/Kannada/11114.wav,Kannada
/content/work/processed_wav/Kannada/10850.wav,Kannada
/content/work/processed_wav/Kannada/10371.wav,Kannada
/content/work/processed_wav/Kannada/10291.wav,Kannada
/content/work/processed_wav/Kannada/10279.wav,Kannada
/content/work/processed_wav/Kannada/10539.wav,Kannada
/content/work/processed_wav/Kannada/10794.wav,Kannada
/content/work/processed_wav/Kannada/11161.wav,Kannada
/content/work/processed_wav/Kannada/10939.wav,Kannada
/content/work/processed_wav/Kannada/10229.wav,Kannada
/content/work/processed_wav/Kannada/10436.wav,Kannada
/content/work/processed_wav/Kannada/10852.wav,Kannada
/content/work/processed_wav/Kannada/10418.wav,Kannada
/content/work/processed_wav/Kannada/10901.wav,Kannada
/content/work/processed_wav/Kannada/10503.wav,Kannada
/content/work/processed_wav/Kannada/10348.wav,Kannada
/content/work/processed_wav/Kannada/10192.wav,Kannada
/content/work/processed_wav/Kannada/10301.wav,Kannada
/content/work/processed_wav/Kannada/10765.wav,Kannada
/content/work/processed_wav/Kannada/10351.wav,Kannada
/content/work/processed_wav/Kannada/10602.wav,Kannada
/content/work/processed_wav/Kannada/10167.wav,Kannada
/content/work/processed_wav/Kannada/10686.wav,Kannada
/content/work/processed_wav/Kannada/11188.wav,Kannada
/content/work/processed_wav/Kannada/11014.wav,Kannada
/content/work/processed_wav/Kannada/10556.wav,Kannada
/content/work/processed_wav/Kannada/10703.wav,Kannada
/content/work/processed_wav/Kannada/11044.wav,Kannada
/content/work/processed_wav/Kannada/10701.wav,Kannada
/content/work/processed_wav/Kannada/10087.wav,Kannada
/content/work/processed_wav/Kannada/11083.wav,Kannada
/content/work/processed_wav/Kannada/11140.wav,Kannada
/content/work/processed_wav/Kannada/10630.wav,Kannada
/content/work/processed_wav/Kannada/10330.wav,Kannada
/content/work/processed_wav/Kannada/10504.wav,Kannada
/content/work/processed_wav/Kannada/10807.wav,Kannada
/content/work/processed_wav/Kannada/10296.wav,Kannada
/content/work/processed_wav/Kannada/10013.wav,Kannada
/content/work/processed_wav/Kannada/10294.wav,Kannada
/content/work/processed_wav/Kannada/11071.wav,Kannada
/content/work/processed_wav/Kannada/10618.wav,Kannada
/content/work/processed_wav/Kannada/11028.wav,Kannada
/content/work/processed_wav/Kannada/12916.wav,Kannada
/content/work/processed_wav/Kannada/12710.wav,Kannada
/content/work/processed_wav/Kannada/12089.wav,Kannada
/content/work/processed_wav/Kannada/12928.wav,Kannada
/content/work/processed_wav/Kannada/11246.wav,Kannada
/content/work/processed_wav/Kannada/11579.wav,Kannada
/content/work/processed_wav/Kannada/12166.wav,Kannada
/content/work/processed_wav/Kannada/12637.wav,Kannada
/content/work/processed_wav/Kannada/11670.wav,Kannada
/content/work/processed_wav/Kannada/11681.wav,Kannada
/content/work/processed_wav/Kannada/11542.wav,Kannada
/content/work/processed_wav/Kannada/11507.wav,Kannada
/content/work/processed_wav/Kannada/11627.wav,Kannada
/content/work/processed_wav/Kannada/12558.wav,Kannada
/content/work/processed_wav/Kannada/11463.wav,Kannada
/content/work/processed_wav/Kannada/12390.wav,Kannada
/content/work/processed_wav/Kannada/11875.wav,Kannada
/content/work/processed_wav/Kannada/11474.wav,Kannada
/content/work/processed_wav/Kannada/11381.wav,Kannada
/content/work/processed_wav/Kannada/11406.wav,Kannada
/content/work/processed_wav/Kannada/12971.wav,Kannada
/content/work/processed_wav/Kannada/11602.wav,Kannada
/content/work/processed_wav/Kannada/11969.wav,Kannada
/content/work/processed_wav/Kannada/11387.wav,Kannada
/content/work/processed_wav/Kannada/11288.wav,Kannada
/content/work/processed_wav/Kannada/11930.wav,Kannada
/content/work/processed_wav/Kannada/12516.wav,Kannada
/content/work/processed_wav/Kannada/11368.wav,Kannada
/content/work/processed_wav/Kannada/11714.wav,Kannada
/content/work/processed_wav/Kannada/12799.wav,Kannada
/content/work/processed_wav/Kannada/11590.wav,Kannada
/content/work/processed_wav/Kannada/12330.wav,Kannada
/content/work/processed_wav/Kannada/12473.wav,Kannada
/content/work/processed_wav/Kannada/11203.wav,Kannada
/content/work/processed_wav/Kannada/11440.wav,Kannada
/content/work/processed_wav/Kannada/12040.wav,Kannada
/content/work/processed_wav/Kannada/11275.wav,Kannada
/content/work/processed_wav/Kannada/12726.wav,Kannada
/content/work/processed_wav/Kannada/12349.wav,Kannada
/content/work/processed_wav/Kannada/12536.wav,Kannada
/content/work/processed_wav/Kannada/11671.wav,Kannada
/content/work/processed_wav/Kannada/11960.wav,Kannada
/content/work/processed_wav/Kannada/12888.wav,Kannada
/content/work/processed_wav/Kannada/12603.wav,Kannada
/content/work/processed_wav/Kannada/11214.wav,Kannada
/content/work/processed_wav/Kannada/12656.wav,Kannada
/content/work/processed_wav/Kannada/12182.wav,Kannada
/content/work/processed_wav/Kannada/12924.wav,Kannada
/content/work/processed_wav/Kannada/11813.wav,Kannada
/content/work/processed_wav/Kannada/12398.wav,Kannada
/content/work/processed_wav/Kannada/11452.wav,Kannada
/content/work/processed_wav/Kannada/11430.wav,Kannada
/content/work/processed_wav/Kannada/12551.wav,Kannada
/content/work/processed_wav/Kannada/11519.wav,Kannada
/content/work/processed_wav/Kannada/12835.wav,Kannada
/content/work/processed_wav/Kannada/12959.wav,Kannada
/content/work/processed_wav/Kannada/12553.wav,Kannada
/content/work/processed_wav/Kannada/11804.wav,Kannada
/content/work/processed_wav/Kannada/11428.wav,Kannada
/content/work/processed_wav/Kannada/12482.wav,Kannada
/content/work/processed_wav/Kannada/11701.wav,Kannada
/content/work/processed_wav/Kannada/11928.wav,Kannada
/content/work/processed_wav/Kannada/11958.wav,Kannada
/content/work/processed_wav/Kannada/11473.wav,Kannada
/content/work/processed_wav/Kannada/11704.wav,Kannada
/content/work/processed_wav/Kannada/11907.wav,Kannada
/content/work/processed_wav/Kannada/12727.wav,Kannada
/content/work/processed_wav/Kannada/11324.wav,Kannada
/content/work/processed_wav/Kannada/11683.wav,Kannada
/content/work/processed_wav/Kannada/12941.wav,Kannada
/content/work/processed_wav/Kannada/12247.wav,Kannada
/content/work/processed_wav/Kannada/11779.wav,Kannada
/content/work/processed_wav/Kannada/12647.wav,Kannada
/content/work/processed_wav/Kannada/12470.wav,Kannada
/content/work/processed_wav/Kannada/12907.wav,Kannada
/content/work/processed_wav/Kannada/12715.wav,Kannada
/content/work/processed_wav/Kannada/12965.wav,Kannada
/content/work/processed_wav/Kannada/12938.wav,Kannada
/content/work/processed_wav/Kannada/11306.wav,Kannada
/content/work/processed_wav/Kannada/12771.wav,Kannada
/content/work/processed_wav/Kannada/12204.wav,Kannada
/content/work/processed_wav/Kannada/12098.wav,Kannada
/content/work/processed_wav/Kannada/12913.wav,Kannada
/content/work/processed_wav/Kannada/11769.wav,Kannada
/content/work/processed_wav/Kannada/12393.wav,Kannada
/content/work/processed_wav/Kannada/12492.wav,Kannada
/content/work/processed_wav/Kannada/11341.wav,Kannada
/content/work/processed_wav/Kannada/12769.wav,Kannada
/content/work/processed_wav/Kannada/11584.wav,Kannada
/content/work/processed_wav/Kannada/12436.wav,Kannada
/content/work/processed_wav/Kannada/13487.wav,Kannada
/content/work/processed_wav/Kannada/14049.wav,Kannada
/content/work/processed_wav/Kannada/13722.wav,Kannada
/content/work/processed_wav/Kannada/14703.wav,Kannada
/content/work/processed_wav/Kannada/14313.wav,Kannada
/content/work/processed_wav/Kannada/14821.wav,Kannada
/content/work/processed_wav/Kannada/14097.wav,Kannada
/content/work/processed_wav/Kannada/14552.wav,Kannada
/content/work/processed_wav/Kannada/14145.wav,Kannada
/content/work/processed_wav/Kannada/13409.wav,Kannada
/content/work/processed_wav/Kannada/13344.wav,Kannada
/content/work/processed_wav/Kannada/14630.wav,Kannada
/content/work/processed_wav/Kannada/14299.wav,Kannada
/content/work/processed_wav/Kannada/14984.wav,Kannada
/content/work/processed_wav/Kannada/14810.wav,Kannada
/content/work/processed_wav/Kannada/14635.wav,Kannada
/content/work/processed_wav/Kannada/14084.wav,Kannada
/content/work/processed_wav/Kannada/13783.wav,Kannada
/content/work/processed_wav/Kannada/14477.wav,Kannada
/content/work/processed_wav/Kannada/13463.wav,Kannada
/content/work/processed_wav/Kannada/13460.wav,Kannada
/content/work/processed_wav/Kannada/14285.wav,Kannada
/content/work/processed_wav/Kannada/14238.wav,Kannada
/content/work/processed_wav/Kannada/13726.wav,Kannada
/content/work/processed_wav/Kannada/14064.wav,Kannada
/content/work/processed_wav/Kannada/14160.wav,Kannada
/content/work/processed_wav/Kannada/12994.wav,Kannada
/content/work/processed_wav/Kannada/12977.wav,Kannada
/content/work/processed_wav/Kannada/14177.wav,Kannada
/content/work/processed_wav/Kannada/13587.wav,Kannada
/content/work/processed_wav/Kannada/13126.wav,Kannada
/content/work/processed_wav/Kannada/14534.wav,Kannada
/content/work/processed_wav/Kannada/14053.wav,Kannada
/content/work/processed_wav/Kannada/14390.wav,Kannada
/content/work/processed_wav/Kannada/13141.wav,Kannada
/content/work/processed_wav/Kannada/14063.wav,Kannada
/content/work/processed_wav/Kannada/13332.wav,Kannada
/content/work/processed_wav/Kannada/14903.wav,Kannada
/content/work/processed_wav/Kannada/14704.wav,Kannada
/content/work/processed_wav/Kannada/13615.wav,Kannada
/content/work/processed_wav/Kannada/13518.wav,Kannada
/content/work/processed_wav/Kannada/13675.wav,Kannada
/content/work/processed_wav/Kannada/13711.wav,Kannada
/content/work/processed_wav/Kannada/14448.wav,Kannada
/content/work/processed_wav/Kannada/13904.wav,Kannada
/content/work/processed_wav/Kannada/13361.wav,Kannada
/content/work/processed_wav/Kannada/13806.wav,Kannada
/content/work/processed_wav/Kannada/14030.wav,Kannada
/content/work/processed_wav/Kannada/13788.wav,Kannada
/content/work/processed_wav/Kannada/13906.wav,Kannada
/content/work/processed_wav/Kannada/13742.wav,Kannada
/content/work/processed_wav/Kannada/13440.wav,Kannada
/content/work/processed_wav/Kannada/14740.wav,Kannada
/content/work/processed_wav/Kannada/13163.wav,Kannada
/content/work/processed_wav/Kannada/14580.wav,Kannada
/content/work/processed_wav/Kannada/14650.wav,Kannada
/content/work/processed_wav/Kannada/14783.wav,Kannada
/content/work/processed_wav/Kannada/13584.wav,Kannada
/content/work/processed_wav/Kannada/13178.wav,Kannada
/content/work/processed_wav/Kannada/13310.wav,Kannada
/content/work/processed_wav/Kannada/13042.wav,Kannada
/content/work/processed_wav/Kannada/13703.wav,Kannada
/content/work/processed_wav/Kannada/14606.wav,Kannada
/content/work/processed_wav/Kannada/13934.wav,Kannada
/content/work/processed_wav/Kannada/13985.wav,Kannada
/content/work/processed_wav/Kannada/14773.wav,Kannada
/content/work/processed_wav/Kannada/14603.wav,Kannada
/content/work/processed_wav/Kannada/13642.wav,Kannada
/content/work/processed_wav/Kannada/14334.wav,Kannada
/content/work/processed_wav/Kannada/13984.wav,Kannada
/content/work/processed_wav/Kannada/14661.wav,Kannada
/content/work/processed_wav/Kannada/13802.wav,Kannada
/content/work/processed_wav/Kannada/13132.wav,Kannada
/content/work/processed_wav/Kannada/13738.wav,Kannada
/content/work/processed_wav/Kannada/14051.wav,Kannada
/content/work/processed_wav/Kannada/13107.wav,Kannada
/content/work/processed_wav/Kannada/13306.wav,Kannada
/content/work/processed_wav/Kannada/14332.wav,Kannada
/content/work/processed_wav/Kannada/13057.wav,Kannada
/content/work/processed_wav/Kannada/14944.wav,Kannada
/content/work/processed_wav/Kannada/13945.wav,Kannada
/content/work/processed_wav/Kannada/13787.wav,Kannada
/content/work/processed_wav/Kannada/13843.wav,Kannada
/content/work/processed_wav/Kannada/13539.wav,Kannada
/content/work/processed_wav/Kannada/14017.wav,Kannada
/content/work/processed_wav/Kannada/13082.wav,Kannada
/content/work/processed_wav/Kannada/14171.wav,Kannada
/content/work/processed_wav/Kannada/13543.wav,Kannada
/content/work/processed_wav/Kannada/16320.wav,Kannada
/content/work/processed_wav/Kannada/15337.wav,Kannada
/content/work/processed_wav/Kannada/15027.wav,Kannada
/content/work/processed_wav/Kannada/16097.wav,Kannada
/content/work/processed_wav/Kannada/15441.wav,Kannada
/content/work/processed_wav/Kannada/15653.wav,Kannada
/content/work/processed_wav/Kannada/16978.wav,Kannada
/content/work/processed_wav/Kannada/16486.wav,Kannada
/content/work/processed_wav/Kannada/16290.wav,Kannada
/content/work/processed_wav/Kannada/15934.wav,Kannada
/content/work/processed_wav/Kannada/16543.wav,Kannada
/content/work/processed_wav/Kannada/16463.wav,Kannada
/content/work/processed_wav/Kannada/16081.wav,Kannada
/content/work/processed_wav/Kannada/15854.wav,Kannada
/content/work/processed_wav/Kannada/15587.wav,Kannada
/content/work/processed_wav/Kannada/15742.wav,Kannada
/content/work/processed_wav/Kannada/16092.wav,Kannada
/content/work/processed_wav/Kannada/16564.wav,Kannada
/content/work/processed_wav/Kannada/15516.wav,Kannada
/content/work/processed_wav/Kannada/16254.wav,Kannada
/content/work/processed_wav/Kannada/15771.wav,Kannada
/content/work/processed_wav/Kannada/16975.wav,Kannada
/content/work/processed_wav/Kannada/15963.wav,Kannada
/content/work/processed_wav/Kannada/16308.wav,Kannada
/content/work/processed_wav/Kannada/15639.wav,Kannada
/content/work/processed_wav/Kannada/16609.wav,Kannada
/content/work/processed_wav/Kannada/15378.wav,Kannada
/content/work/processed_wav/Kannada/15183.wav,Kannada
/content/work/processed_wav/Kannada/16010.wav,Kannada
/content/work/processed_wav/Kannada/16467.wav,Kannada
/content/work/processed_wav/Kannada/16819.wav,Kannada
/content/work/processed_wav/Kannada/16936.wav,Kannada
/content/work/processed_wav/Kannada/16238.wav,Kannada
/content/work/processed_wav/Kannada/15737.wav,Kannada
/content/work/processed_wav/Kannada/15592.wav,Kannada
/content/work/processed_wav/Kannada/15804.wav,Kannada
/content/work/processed_wav/Kannada/15158.wav,Kannada
/content/work/processed_wav/Kannada/15317.wav,Kannada
/content/work/processed_wav/Kannada/15385.wav,Kannada
/content/work/processed_wav/Kannada/15411.wav,Kannada
/content/work/processed_wav/Kannada/16160.wav,Kannada
/content/work/processed_wav/Kannada/15997.wav,Kannada
/content/work/processed_wav/Kannada/16742.wav,Kannada
/content/work/processed_wav/Kannada/15345.wav,Kannada
/content/work/processed_wav/Kannada/15712.wav,Kannada
/content/work/processed_wav/Kannada/15420.wav,Kannada
/content/work/processed_wav/Kannada/16336.wav,Kannada
/content/work/processed_wav/Kannada/15212.wav,Kannada
/content/work/processed_wav/Kannada/15452.wav,Kannada
/content/work/processed_wav/Kannada/16167.wav,Kannada
/content/work/processed_wav/Kannada/16957.wav,Kannada
/content/work/processed_wav/Kannada/16256.wav,Kannada
/content/work/processed_wav/Kannada/16027.wav,Kannada
/content/work/processed_wav/Kannada/16131.wav,Kannada
/content/work/processed_wav/Kannada/15555.wav,Kannada
/content/work/processed_wav/Kannada/15589.wav,Kannada
/content/work/processed_wav/Kannada/16104.wav,Kannada
/content/work/processed_wav/Kannada/16812.wav,Kannada
/content/work/processed_wav/Kannada/16805.wav,Kannada
/content/work/processed_wav/Kannada/16944.wav,Kannada
/content/work/processed_wav/Kannada/15726.wav,Kannada
/content/work/processed_wav/Kannada/16532.wav,Kannada
/content/work/processed_wav/Kannada/16246.wav,Kannada
/content/work/processed_wav/Kannada/15481.wav,Kannada
/content/work/processed_wav/Kannada/15462.wav,Kannada
/content/work/processed_wav/Kannada/16571.wav,Kannada
/content/work/processed_wav/Kannada/14999.wav,Kannada
/content/work/processed_wav/Kannada/16148.wav,Kannada
/content/work/processed_wav/Kannada/16765.wav,Kannada
/content/work/processed_wav/Kannada/15299.wav,Kannada
/content/work/processed_wav/Kannada/15720.wav,Kannada
/content/work/processed_wav/Kannada/15904.wav,Kannada
/content/work/processed_wav/Kannada/15681.wav,Kannada
/content/work/processed_wav/Kannada/15511.wav,Kannada
/content/work/processed_wav/Kannada/16913.wav,Kannada
/content/work/processed_wav/Kannada/16432.wav,Kannada
/content/work/processed_wav/Kannada/15209.wav,Kannada
/content/work/processed_wav/Kannada/15009.wav,Kannada
/content/work/processed_wav/Kannada/16329.wav,Kannada
/content/work/processed_wav/Kannada/15428.wav,Kannada
/content/work/processed_wav/Kannada/15981.wav,Kannada
/content/work/processed_wav/Kannada/15642.wav,Kannada
/content/work/processed_wav/Kannada/15001.wav,Kannada
/content/work/processed_wav/Kannada/15249.wav,Kannada
/content/work/processed_wav/Kannada/15469.wav,Kannada
/content/work/processed_wav/Kannada/15714.wav,Kannada
/content/work/processed_wav/Kannada/16864.wav,Kannada
/content/work/processed_wav/Kannada/16065.wav,Kannada
/content/work/processed_wav/Kannada/15915.wav,Kannada
/content/work/processed_wav/Kannada/15899.wav,Kannada
/content/work/processed_wav/Kannada/15817.wav,Kannada
/content/work/processed_wav/Kannada/15828.wav,Kannada
/content/work/processed_wav/Kannada/17474.wav,Kannada
/content/work/processed_wav/Kannada/17814.wav,Kannada
/content/work/processed_wav/Kannada/18515.wav,Kannada
/content/work/processed_wav/Kannada/17146.wav,Kannada
/content/work/processed_wav/Kannada/18747.wav,Kannada
/content/work/processed_wav/Kannada/17800.wav,Kannada
/content/work/processed_wav/Kannada/17484.wav,Kannada
/content/work/processed_wav/Kannada/16990.wav,Kannada
/content/work/processed_wav/Kannada/18222.wav,Kannada
/content/work/processed_wav/Kannada/17207.wav,Kannada
/content/work/processed_wav/Kannada/17705.wav,Kannada
/content/work/processed_wav/Kannada/17119.wav,Kannada
/content/work/processed_wav/Kannada/17735.wav,Kannada
/content/work/processed_wav/Kannada/19082.wav,Kannada
/content/work/processed_wav/Kannada/17873.wav,Kannada
/content/work/processed_wav/Kannada/19046.wav,Kannada
/content/work/processed_wav/Kannada/18326.wav,Kannada
/content/work/processed_wav/Kannada/18653.wav,Kannada
/content/work/processed_wav/Kannada/19177.wav,Kannada
/content/work/processed_wav/Kannada/18584.wav,Kannada
/content/work/processed_wav/Kannada/18638.wav,Kannada
/content/work/processed_wav/Kannada/17862.wav,Kannada
/content/work/processed_wav/Kannada/18549.wav,Kannada
/content/work/processed_wav/Kannada/17403.wav,Kannada
/content/work/processed_wav/Kannada/17477.wav,Kannada
/content/work/processed_wav/Kannada/17540.wav,Kannada
/content/work/processed_wav/Kannada/17728.wav,Kannada
/content/work/processed_wav/Kannada/17621.wav,Kannada
/content/work/processed_wav/Kannada/17443.wav,Kannada
/content/work/processed_wav/Kannada/18312.wav,Kannada
/content/work/processed_wav/Kannada/18519.wav,Kannada
/content/work/processed_wav/Kannada/17078.wav,Kannada
/content/work/processed_wav/Kannada/18208.wav,Kannada
/content/work/processed_wav/Kannada/18737.wav,Kannada
/content/work/processed_wav/Kannada/18304.wav,Kannada
/content/work/processed_wav/Kannada/18895.wav,Kannada
/content/work/processed_wav/Kannada/18863.wav,Kannada
/content/work/processed_wav/Kannada/19206.wav,Kannada
/content/work/processed_wav/Kannada/18750.wav,Kannada
/content/work/processed_wav/Kannada/17333.wav,Kannada
/content/work/processed_wav/Kannada/17722.wav,Kannada
/content/work/processed_wav/Kannada/18458.wav,Kannada
/content/work/processed_wav/Kannada/17853.wav,Kannada
/content/work/processed_wav/Kannada/18471.wav,Kannada
/content/work/processed_wav/Kannada/16999.wav,Kannada
/content/work/processed_wav/Kannada/17233.wav,Kannada
/content/work/processed_wav/Kannada/18933.wav,Kannada
/content/work/processed_wav/Kannada/18991.wav,Kannada
/content/work/processed_wav/Kannada/18683.wav,Kannada
/content/work/processed_wav/Kannada/17498.wav,Kannada
/content/work/processed_wav/Kannada/18947.wav,Kannada
/content/work/processed_wav/Kannada/17120.wav,Kannada
/content/work/processed_wav/Kannada/18073.wav,Kannada
/content/work/processed_wav/Kannada/17746.wav,Kannada
/content/work/processed_wav/Kannada/17577.wav,Kannada
/content/work/processed_wav/Kannada/18281.wav,Kannada
/content/work/processed_wav/Kannada/17022.wav,Kannada
/content/work/processed_wav/Kannada/17198.wav,Kannada
/content/work/processed_wav/Kannada/19070.wav,Kannada
/content/work/processed_wav/Kannada/17308.wav,Kannada
/content/work/processed_wav/Kannada/17932.wav,Kannada
/content/work/processed_wav/Kannada/18686.wav,Kannada
/content/work/processed_wav/Kannada/17675.wav,Kannada
/content/work/processed_wav/Kannada/19128.wav,Kannada
/content/work/processed_wav/Kannada/17607.wav,Kannada
/content/work/processed_wav/Kannada/17446.wav,Kannada
/content/work/processed_wav/Kannada/17033.wav,Kannada
/content/work/processed_wav/Kannada/17849.wav,Kannada
/content/work/processed_wav/Kannada/18881.wav,Kannada
/content/work/processed_wav/Kannada/18388.wav,Kannada
/content/work/processed_wav/Kannada/19009.wav,Kannada
/content/work/processed_wav/Kannada/18962.wav,Kannada
/content/work/processed_wav/Kannada/17583.wav,Kannada
/content/work/processed_wav/Kannada/18068.wav,Kannada
/content/work/processed_wav/Kannada/18290.wav,Kannada
/content/work/processed_wav/Kannada/17114.wav,Kannada
/content/work/processed_wav/Kannada/19051.wav,Kannada
/content/work/processed_wav/Kannada/19156.wav,Kannada
/content/work/processed_wav/Kannada/18635.wav,Kannada
/content/work/processed_wav/Kannada/17118.wav,Kannada
/content/work/processed_wav/Kannada/18223.wav,Kannada
/content/work/processed_wav/Kannada/17211.wav,Kannada
/content/work/processed_wav/Kannada/18849.wav,Kannada
/content/work/processed_wav/Kannada/17655.wav,Kannada
/content/work/processed_wav/Kannada/18558.wav,Kannada
/content/work/processed_wav/Kannada/17893.wav,Kannada
/content/work/processed_wav/Kannada/17543.wav,Kannada
/content/work/processed_wav/Kannada/18823.wav,Kannada
/content/work/processed_wav/Kannada/19099.wav,Kannada
/content/work/processed_wav/Kannada/17144.wav,Kannada
/content/work/processed_wav/Kannada/17572.wav,Kannada
/content/work/processed_wav/Kannada/17011.wav,Kannada
/content/work/processed_wav/Kannada/21305.wav,Kannada
/content/work/processed_wav/Kannada/20231.wav,Kannada
/content/work/processed_wav/Kannada/20799.wav,Kannada
/content/work/processed_wav/Kannada/19599.wav,Kannada
/content/work/processed_wav/Kannada/20331.wav,Kannada
/content/work/processed_wav/Kannada/19720.wav,Kannada
/content/work/processed_wav/Kannada/20490.wav,Kannada
/content/work/processed_wav/Kannada/21027.wav,Kannada
/content/work/processed_wav/Kannada/19496.wav,Kannada
/content/work/processed_wav/Kannada/20998.wav,Kannada
/content/work/processed_wav/Kannada/20375.wav,Kannada
/content/work/processed_wav/Kannada/20772.wav,Kannada
/content/work/processed_wav/Kannada/20560.wav,Kannada
/content/work/processed_wav/Kannada/21336.wav,Kannada
/content/work/processed_wav/Kannada/20430.wav,Kannada
/content/work/processed_wav/Kannada/20427.wav,Kannada
/content/work/processed_wav/Kannada/20830.wav,Kannada
/content/work/processed_wav/Kannada/21115.wav,Kannada
/content/work/processed_wav/Kannada/20806.wav,Kannada
/content/work/processed_wav/Kannada/20020.wav,Kannada
/content/work/processed_wav/Kannada/20826.wav,Kannada
/content/work/processed_wav/Kannada/21266.wav,Kannada
/content/work/processed_wav/Kannada/19240.wav,Kannada
/content/work/processed_wav/Kannada/21121.wav,Kannada
/content/work/processed_wav/Kannada/20219.wav,Kannada
/content/work/processed_wav/Kannada/20032.wav,Kannada
/content/work/processed_wav/Kannada/20737.wav,Kannada
/content/work/processed_wav/Kannada/20004.wav,Kannada
/content/work/processed_wav/Kannada/21377.wav,Kannada
/content/work/processed_wav/Kannada/20413.wav,Kannada
/content/work/processed_wav/Kannada/21113.wav,Kannada
/content/work/processed_wav/Kannada/20773.wav,Kannada
/content/work/processed_wav/Kannada/20607.wav,Kannada
/content/work/processed_wav/Kannada/21225.wav,Kannada
/content/work/processed_wav/Kannada/19690.wav,Kannada
/content/work/processed_wav/Kannada/20251.wav,Kannada
/content/work/processed_wav/Kannada/21203.wav,Kannada
/content/work/processed_wav/Kannada/20068.wav,Kannada
/content/work/processed_wav/Kannada/20100.wav,Kannada
/content/work/processed_wav/Kannada/20918.wav,Kannada
/content/work/processed_wav/Kannada/19282.wav,Kannada
/content/work/processed_wav/Kannada/20690.wav,Kannada
/content/work/processed_wav/Kannada/21052.wav,Kannada
/content/work/processed_wav/Kannada/21360.wav,Kannada
/content/work/processed_wav/Kannada/19796.wav,Kannada
/content/work/processed_wav/Kannada/19779.wav,Kannada
/content/work/processed_wav/Kannada/21017.wav,Kannada
/content/work/processed_wav/Kannada/19795.wav,Kannada
/content/work/processed_wav/Kannada/20041.wav,Kannada
/content/work/processed_wav/Kannada/19558.wav,Kannada
/content/work/processed_wav/Kannada/20215.wav,Kannada
/content/work/processed_wav/Kannada/20302.wav,Kannada
/content/work/processed_wav/Kannada/20661.wav,Kannada
/content/work/processed_wav/Kannada/19957.wav,Kannada
/content/work/processed_wav/Kannada/20221.wav,Kannada
/content/work/processed_wav/Kannada/19808.wav,Kannada
/content/work/processed_wav/Kannada/20857.wav,Kannada
/content/work/processed_wav/Kannada/19453.wav,Kannada
/content/work/processed_wav/Kannada/20181.wav,Kannada
/content/work/processed_wav/Kannada/20481.wav,Kannada
/content/work/processed_wav/Kannada/21055.wav,Kannada
/content/work/processed_wav/Kannada/19894.wav,Kannada
/content/work/processed_wav/Kannada/19798.wav,Kannada
/content/work/processed_wav/Kannada/21274.wav,Kannada
/content/work/processed_wav/Kannada/19887.wav,Kannada
/content/work/processed_wav/Kannada/21134.wav,Kannada
/content/work/processed_wav/Kannada/19407.wav,Kannada
/content/work/processed_wav/Kannada/19210.wav,Kannada
/content/work/processed_wav/Kannada/20609.wav,Kannada
/content/work/processed_wav/Kannada/20526.wav,Kannada
/content/work/processed_wav/Kannada/20452.wav,Kannada
/content/work/processed_wav/Kannada/19207.wav,Kannada
/content/work/processed_wav/Kannada/19917.wav,Kannada
/content/work/processed_wav/Kannada/19612.wav,Kannada
/content/work/processed_wav/Kannada/20519.wav,Kannada
/content/work/processed_wav/Kannada/20105.wav,Kannada
/content/work/processed_wav/Kannada/20348.wav,Kannada
/content/work/processed_wav/Kannada/20594.wav,Kannada
/content/work/processed_wav/Kannada/19213.wav,Kannada
/content/work/processed_wav/Kannada/19509.wav,Kannada
/content/work/processed_wav/Kannada/19619.wav,Kannada
/content/work/processed_wav/Kannada/20904.wav,Kannada
/content/work/processed_wav/Kannada/19318.wav,Kannada
/content/work/processed_wav/Kannada/19324.wav,Kannada
/content/work/processed_wav/Kannada/20804.wav,Kannada
/content/work/processed_wav/Kannada/19936.wav,Kannada
/content/work/processed_wav/Kannada/20665.wav,Kannada
/content/work/processed_wav/Kannada/21026.wav,Kannada
/content/work/processed_wav/Kannada/19705.wav,Kannada
/content/work/processed_wav/Kannada/21351.wav,Kannada
/content/work/processed_wav/Kannada/19627.wav,Kannada
/content/work/processed_wav/Kannada/22640.wav,Kannada
/content/work/processed_wav/Kannada/22579.wav,Kannada
/content/work/processed_wav/Kannada/22933.wav,Kannada
/content/work/processed_wav/Kannada/21587.wav,Kannada
/content/work/processed_wav/Kannada/23333.wav,Kannada
/content/work/processed_wav/Kannada/22492.wav,Kannada
/content/work/processed_wav/Kannada/22523.wav,Kannada
/content/work/processed_wav/Kannada/22883.wav,Kannada
/content/work/processed_wav/Kannada/21472.wav,Kannada
/content/work/processed_wav/Kannada/21747.wav,Kannada
/content/work/processed_wav/Kannada/22851.wav,Kannada
/content/work/processed_wav/Kannada/23005.wav,Kannada
/content/work/processed_wav/Kannada/21607.wav,Kannada
/content/work/processed_wav/Kannada/23408.wav,Kannada
/content/work/processed_wav/Kannada/23388.wav,Kannada
/content/work/processed_wav/Kannada/23069.wav,Kannada
/content/work/processed_wav/Kannada/22706.wav,Kannada
/content/work/processed_wav/Kannada/21831.wav,Kannada
/content/work/processed_wav/Kannada/21867.wav,Kannada
/content/work/processed_wav/Kannada/22501.wav,Kannada
/content/work/processed_wav/Kannada/22524.wav,Kannada
/content/work/processed_wav/Kannada/22927.wav,Kannada
/content/work/processed_wav/Kannada/21627.wav,Kannada
/content/work/processed_wav/Kannada/21767.wav,Kannada
/content/work/processed_wav/Kannada/21497.wav,Kannada
/content/work/processed_wav/Kannada/22484.wav,Kannada
/content/work/processed_wav/Kannada/22336.wav,Kannada
/content/work/processed_wav/Kannada/23054.wav,Kannada
/content/work/processed_wav/Kannada/22957.wav,Kannada
/content/work/processed_wav/Kannada/23315.wav,Kannada
/content/work/processed_wav/Kannada/23222.wav,Kannada
/content/work/processed_wav/Kannada/22612.wav,Kannada
/content/work/processed_wav/Kannada/22611.wav,Kannada
/content/work/processed_wav/Kannada/23324.wav,Kannada
/content/work/processed_wav/Kannada/23039.wav,Kannada
/content/work/processed_wav/Kannada/21722.wav,Kannada
/content/work/processed_wav/Kannada/23461.wav,Kannada
/content/work/processed_wav/Kannada/21516.wav,Kannada
/content/work/processed_wav/Kannada/23081.wav,Kannada
/content/work/processed_wav/Kannada/23304.wav,Kannada
/content/work/processed_wav/Kannada/23214.wav,Kannada
/content/work/processed_wav/Kannada/21796.wav,Kannada
/content/work/processed_wav/Kannada/23443.wav,Kannada
/content/work/processed_wav/Kannada/22746.wav,Kannada
/content/work/processed_wav/Kannada/22757.wav,Kannada
/content/work/processed_wav/Kannada/22287.wav,Kannada
/content/work/processed_wav/Kannada/22218.wav,Kannada
/content/work/processed_wav/Kannada/21592.wav,Kannada
/content/work/processed_wav/Kannada/21922.wav,Kannada
/content/work/processed_wav/Kannada/23253.wav,Kannada
/content/work/processed_wav/Kannada/21427.wav,Kannada
/content/work/processed_wav/Kannada/22220.wav,Kannada
/content/work/processed_wav/Kannada/23142.wav,Kannada
/content/work/processed_wav/Kannada/21411.wav,Kannada
/content/work/processed_wav/Kannada/23285.wav,Kannada
/content/work/processed_wav/Kannada/23124.wav,Kannada
/content/work/processed_wav/Kannada/23272.wav,Kannada
/content/work/processed_wav/Kannada/22261.wav,Kannada
/content/work/processed_wav/Kannada/21495.wav,Kannada
/content/work/processed_wav/Kannada/22285.wav,Kannada
/content/work/processed_wav/Kannada/21724.wav,Kannada
/content/work/processed_wav/Kannada/22196.wav,Kannada
/content/work/processed_wav/Kannada/23058.wav,Kannada
/content/work/processed_wav/Kannada/21766.wav,Kannada
/content/work/processed_wav/Kannada/23307.wav,Kannada
/content/work/processed_wav/Kannada/22215.wav,Kannada
/content/work/processed_wav/Kannada/22820.wav,Kannada
/content/work/processed_wav/Kannada/21847.wav,Kannada
/content/work/processed_wav/Kannada/22429.wav,Kannada
/content/work/processed_wav/Kannada/21567.wav,Kannada
/content/work/processed_wav/Kannada/23019.wav,Kannada
/content/work/processed_wav/Kannada/22118.wav,Kannada
/content/work/processed_wav/Kannada/23340.wav,Kannada
/content/work/processed_wav/Kannada/22791.wav,Kannada
/content/work/processed_wav/Kannada/21894.wav,Kannada
/content/work/processed_wav/Kannada/21473.wav,Kannada
/content/work/processed_wav/Kannada/22260.wav,Kannada
/content/work/processed_wav/Kannada/21844.wav,Kannada
/content/work/processed_wav/Kannada/22772.wav,Kannada
/content/work/processed_wav/Kannada/22961.wav,Kannada
/content/work/processed_wav/Kannada/21385.wav,Kannada
/content/work/processed_wav/Kannada/22314.wav,Kannada
/content/work/processed_wav/Kannada/22887.wav,Kannada
/content/work/processed_wav/Kannada/22060.wav,Kannada
/content/work/processed_wav/Kannada/23085.wav,Kannada
/content/work/processed_wav/Kannada/22963.wav,Kannada
/content/work/processed_wav/Kannada/23557.wav,Kannada
/content/work/processed_wav/Kannada/23246.wav,Kannada
/content/work/processed_wav/Kannada/22589.wav,Kannada
/content/work/processed_wav/Kannada/24951.wav,Kannada
/content/work/processed_wav/Kannada/24467.wav,Kannada
/content/work/processed_wav/Kannada/24848.wav,Kannada
/content/work/processed_wav/Kannada/23732.wav,Kannada
/content/work/processed_wav/Kannada/24166.wav,Kannada
/content/work/processed_wav/Kannada/24145.wav,Kannada
/content/work/processed_wav/Kannada/23562.wav,Kannada
/content/work/processed_wav/Kannada/24887.wav,Kannada
/content/work/processed_wav/Kannada/25173.wav,Kannada
/content/work/processed_wav/Kannada/24116.wav,Kannada
/content/work/processed_wav/Kannada/23705.wav,Kannada
/content/work/processed_wav/Kannada/23610.wav,Kannada
/content/work/processed_wav/Kannada/24756.wav,Kannada
/content/work/processed_wav/Kannada/24674.wav,Kannada
/content/work/processed_wav/Kannada/24453.wav,Kannada
/content/work/processed_wav/Kannada/24621.wav,Kannada
/content/work/processed_wav/Kannada/24936.wav,Kannada
/content/work/processed_wav/Kannada/25264.wav,Kannada
/content/work/processed_wav/Kannada/23680.wav,Kannada
/content/work/processed_wav/Kannada/24254.wav,Kannada
/content/work/processed_wav/Kannada/23915.wav,Kannada
/content/work/processed_wav/Kannada/25308.wav,Kannada
/content/work/processed_wav/Kannada/25477.wav,Kannada
/content/work/processed_wav/Kannada/24272.wav,Kannada
/content/work/processed_wav/Kannada/24234.wav,Kannada
/content/work/processed_wav/Kannada/23653.wav,Kannada
/content/work/processed_wav/Kannada/24500.wav,Kannada
/content/work/processed_wav/Kannada/23670.wav,Kannada
/content/work/processed_wav/Kannada/24407.wav,Kannada
/content/work/processed_wav/Kannada/23677.wav,Kannada
/content/work/processed_wav/Kannada/24240.wav,Kannada
/content/work/processed_wav/Kannada/24220.wav,Kannada
/content/work/processed_wav/Kannada/23585.wav,Kannada
/content/work/processed_wav/Kannada/25029.wav,Kannada
/content/work/processed_wav/Kannada/24806.wav,Kannada
/content/work/processed_wav/Kannada/24257.wav,Kannada
/content/work/processed_wav/Kannada/23663.wav,Kannada
/content/work/processed_wav/Kannada/25089.wav,Kannada
/content/work/processed_wav/Kannada/24747.wav,Kannada
/content/work/processed_wav/Kannada/23656.wav,Kannada
/content/work/processed_wav/Kannada/24060.wav,Kannada
/content/work/processed_wav/Kannada/25167.wav,Kannada
/content/work/processed_wav/Kannada/24142.wav,Kannada
/content/work/processed_wav/Kannada/25365.wav,Kannada
/content/work/processed_wav/Kannada/24770.wav,Kannada
/content/work/processed_wav/Kannada/24121.wav,Kannada
/content/work/processed_wav/Kannada/25482.wav,Kannada
/content/work/processed_wav/Kannada/24633.wav,Kannada
/content/work/processed_wav/Kannada/23936.wav,Kannada
/content/work/processed_wav/Kannada/25258.wav,Kannada
/content/work/processed_wav/Kannada/24390.wav,Kannada
/content/work/processed_wav/Kannada/23895.wav,Kannada
/content/work/processed_wav/Kannada/24357.wav,Kannada
/content/work/processed_wav/Kannada/25174.wav,Kannada
/content/work/processed_wav/Kannada/24379.wav,Kannada
/content/work/processed_wav/Kannada/23758.wav,Kannada
/content/work/processed_wav/Kannada/23784.wav,Kannada
/content/work/processed_wav/Kannada/24510.wav,Kannada
/content/work/processed_wav/Kannada/24265.wav,Kannada
/content/work/processed_wav/Kannada/24983.wav,Kannada
/content/work/processed_wav/Kannada/24724.wav,Kannada
/content/work/processed_wav/Kannada/24873.wav,Kannada
/content/work/processed_wav/Kannada/25325.wav,Kannada
/content/work/processed_wav/Kannada/24705.wav,Kannada
/content/work/processed_wav/Kannada/24505.wav,Kannada
/content/work/processed_wav/Kannada/25295.wav,Kannada
/content/work/processed_wav/Kannada/24803.wav,Kannada
/content/work/processed_wav/Kannada/23694.wav,Kannada
/content/work/processed_wav/Kannada/24695.wav,Kannada
/content/work/processed_wav/Kannada/24469.wav,Kannada
/content/work/processed_wav/Kannada/24110.wav,Kannada
/content/work/processed_wav/Kannada/24033.wav,Kannada
/content/work/processed_wav/Kannada/24778.wav,Kannada
/content/work/processed_wav/Kannada/25474.wav,Kannada
/content/work/processed_wav/Kannada/24539.wav,Kannada
/content/work/processed_wav/Kannada/24884.wav,Kannada
/content/work/processed_wav/Kannada/23815.wav,Kannada
/content/work/processed_wav/Kannada/24867.wav,Kannada
/content/work/processed_wav/Kannada/23810.wav,Kannada
/content/work/processed_wav/Kannada/24416.wav,Kannada
/content/work/processed_wav/Kannada/24015.wav,Kannada
/content/work/processed_wav/Kannada/24640.wav,Kannada
/content/work/processed_wav/Kannada/25124.wav,Kannada
/content/work/processed_wav/Kannada/24994.wav,Kannada
/content/work/processed_wav/Kannada/25034.wav,Kannada
/content/work/processed_wav/Kannada/24336.wav,Kannada
/content/work/processed_wav/Kannada/23695.wav,Kannada
/content/work/processed_wav/Kannada/24711.wav,Kannada
/content/work/processed_wav/Kannada/23911.wav,Kannada
/content/work/processed_wav/Kannada/25113.wav,Kannada
/content/work/processed_wav/Kannada/24229.wav,Kannada
/content/work/processed_wav/Kannada/3179.wav,Kannada
/content/work/processed_wav/Kannada/4154.wav,Kannada
/content/work/processed_wav/Kannada/4652.wav,Kannada
/content/work/processed_wav/Kannada/2616.wav,Kannada
/content/work/processed_wav/Kannada/4113.wav,Kannada
/content/work/processed_wav/Kannada/25724.wav,Kannada
/content/work/processed_wav/Kannada/25722.wav,Kannada
/content/work/processed_wav/Kannada/4565.wav,Kannada
/content/work/processed_wav/Kannada/25667.wav,Kannada
/content/work/processed_wav/Kannada/4657.wav,Kannada
/content/work/processed_wav/Kannada/4594.wav,Kannada
/content/work/processed_wav/Kannada/5043.wav,Kannada
/content/work/processed_wav/Kannada/2920.wav,Kannada
/content/work/processed_wav/Kannada/4012.wav,Kannada
/content/work/processed_wav/Kannada/4617.wav,Kannada
/content/work/processed_wav/Kannada/25503.wav,Kannada
/content/work/processed_wav/Kannada/25631.wav,Kannada
/content/work/processed_wav/Kannada/4909.wav,Kannada
/content/work/processed_wav/Kannada/25698.wav,Kannada
/content/work/processed_wav/Kannada/25640.wav,Kannada
/content/work/processed_wav/Kannada/4391.wav,Kannada
/content/work/processed_wav/Kannada/4805.wav,Kannada
/content/work/processed_wav/Kannada/4723.wav,Kannada
/content/work/processed_wav/Kannada/3029.wav,Kannada
/content/work/processed_wav/Kannada/4791.wav,Kannada
/content/work/processed_wav/Kannada/4946.wav,Kannada
/content/work/processed_wav/Kannada/4350.wav,Kannada
/content/work/processed_wav/Kannada/4412.wav,Kannada
/content/work/processed_wav/Kannada/4928.wav,Kannada
/content/work/processed_wav/Kannada/4065.wav,Kannada
/content/work/processed_wav/Kannada/4745.wav,Kannada
/content/work/processed_wav/Kannada/25761.wav,Kannada
/content/work/processed_wav/Kannada/4712.wav,Kannada
/content/work/processed_wav/Kannada/4183.wav,Kannada
/content/work/processed_wav/Kannada/4430.wav,Kannada
/content/work/processed_wav/Kannada/25664.wav,Kannada
/content/work/processed_wav/Kannada/3365.wav,Kannada
/content/work/processed_wav/Kannada/4603.wav,Kannada
/content/work/processed_wav/Kannada/3892.wav,Kannada
/content/work/processed_wav/Kannada/4864.wav,Kannada
/content/work/processed_wav/Kannada/4551.wav,Kannada
/content/work/processed_wav/Kannada/4285.wav,Kannada
/content/work/processed_wav/Kannada/4810.wav,Kannada
/content/work/processed_wav/Kannada/3282.wav,Kannada
/content/work/processed_wav/Kannada/4595.wav,Kannada
/content/work/processed_wav/Kannada/4920.wav,Kannada
/content/work/processed_wav/Kannada/3947.wav,Kannada
/content/work/processed_wav/Kannada/4656.wav,Kannada
/content/work/processed_wav/Kannada/4858.wav,Kannada
/content/work/processed_wav/Kannada/4678.wav,Kannada
/content/work/processed_wav/Kannada/5000.wav,Kannada
/content/work/processed_wav/Kannada/4038.wav,Kannada
/content/work/processed_wav/Kannada/4542.wav,Kannada
/content/work/processed_wav/Kannada/4716.wav,Kannada
/content/work/processed_wav/Kannada/3979.wav,Kannada
/content/work/processed_wav/Kannada/4587.wav,Kannada
/content/work/processed_wav/Kannada/3996.wav,Kannada
/content/work/processed_wav/Kannada/4535.wav,Kannada
/content/work/processed_wav/Kannada/3889.wav,Kannada
/content/work/processed_wav/Kannada/4321.wav,Kannada
/content/work/processed_wav/Kannada/3993.wav,Kannada
/content/work/processed_wav/Kannada/4692.wav,Kannada
/content/work/processed_wav/Kannada/4273.wav,Kannada
/content/work/processed_wav/Kannada/4944.wav,Kannada
/content/work/processed_wav/Kannada/4828.wav,Kannada
/content/work/processed_wav/Kannada/3960.wav,Kannada
/content/work/processed_wav/Kannada/4488.wav,Kannada
/content/work/processed_wav/Kannada/4918.wav,Kannada
/content/work/processed_wav/Kannada/4552.wav,Kannada
/content/work/processed_wav/Kannada/3904.wav,Kannada
/content/work/processed_wav/Kannada/4704.wav,Kannada
/content/work/processed_wav/Kannada/4008.wav,Kannada
/content/work/processed_wav/Kannada/4297.wav,Kannada
/content/work/processed_wav/Kannada/25743.wav,Kannada
/content/work/processed_wav/Kannada/25598.wav,Kannada
/content/work/processed_wav/Kannada/4598.wav,Kannada
/content/work/processed_wav/Kannada/25622.wav,Kannada
/content/work/processed_wav/Kannada/4279.wav,Kannada
/content/work/processed_wav/Kannada/2677.wav,Kannada
/content/work/processed_wav/Kannada/25532.wav,Kannada
/content/work/processed_wav/Kannada/4076.wav,Kannada
/content/work/processed_wav/Kannada/5030.wav,Kannada
/content/work/processed_wav/Kannada/3228.wav,Kannada
/content/work/processed_wav/Kannada/4553.wav,Kannada
/content/work/processed_wav/Kannada/25674.wav,Kannada
/content/work/processed_wav/Kannada/4890.wav,Kannada
/content/work/processed_wav/Kannada/4104.wav,Kannada
/content/work/processed_wav/Kannada/5009.wav,Kannada
/content/work/processed_wav/Kannada/4995.wav,Kannada
/content/work/processed_wav/Kannada/5172.wav,Kannada
/content/work/processed_wav/Kannada/5312.wav,Kannada
/content/work/processed_wav/Kannada/6396.wav,Kannada
/content/work/processed_wav/Kannada/6206.wav,Kannada
/content/work/processed_wav/Kannada/5739.wav,Kannada
/content/work/processed_wav/Kannada/6426.wav,Kannada
/content/work/processed_wav/Kannada/6721.wav,Kannada
/content/work/processed_wav/Kannada/6796.wav,Kannada
/content/work/processed_wav/Kannada/6385.wav,Kannada
/content/work/processed_wav/Kannada/6605.wav,Kannada
/content/work/processed_wav/Kannada/6049.wav,Kannada
/content/work/processed_wav/Kannada/5476.wav,Kannada
/content/work/processed_wav/Kannada/6172.wav,Kannada
/content/work/processed_wav/Kannada/6684.wav,Kannada
/content/work/processed_wav/Kannada/6280.wav,Kannada
/content/work/processed_wav/Kannada/5373.wav,Kannada
/content/work/processed_wav/Kannada/6723.wav,Kannada
/content/work/processed_wav/Kannada/5586.wav,Kannada
/content/work/processed_wav/Kannada/6514.wav,Kannada
/content/work/processed_wav/Kannada/6777.wav,Kannada
/content/work/processed_wav/Kannada/5070.wav,Kannada
/content/work/processed_wav/Kannada/5210.wav,Kannada
/content/work/processed_wav/Kannada/5221.wav,Kannada
/content/work/processed_wav/Kannada/5678.wav,Kannada
/content/work/processed_wav/Kannada/5588.wav,Kannada
/content/work/processed_wav/Kannada/5136.wav,Kannada
/content/work/processed_wav/Kannada/5053.wav,Kannada
/content/work/processed_wav/Kannada/5463.wav,Kannada
/content/work/processed_wav/Kannada/6196.wav,Kannada
/content/work/processed_wav/Kannada/5399.wav,Kannada
/content/work/processed_wav/Kannada/6623.wav,Kannada
/content/work/processed_wav/Kannada/6350.wav,Kannada
/content/work/processed_wav/Kannada/5641.wav,Kannada
/content/work/processed_wav/Kannada/6567.wav,Kannada
/content/work/processed_wav/Kannada/5313.wav,Kannada
/content/work/processed_wav/Kannada/5102.wav,Kannada
/content/work/processed_wav/Kannada/6164.wav,Kannada
/content/work/processed_wav/Kannada/6795.wav,Kannada
/content/work/processed_wav/Kannada/5054.wav,Kannada
/content/work/processed_wav/Kannada/6353.wav,Kannada
/content/work/processed_wav/Kannada/5145.wav,Kannada
/content/work/processed_wav/Kannada/5837.wav,Kannada
/content/work/processed_wav/Kannada/5498.wav,Kannada
/content/work/processed_wav/Kannada/5477.wav,Kannada
/content/work/processed_wav/Kannada/5082.wav,Kannada
/content/work/processed_wav/Kannada/5401.wav,Kannada
/content/work/processed_wav/Kannada/5304.wav,Kannada
/content/work/processed_wav/Kannada/6225.wav,Kannada
/content/work/processed_wav/Kannada/6430.wav,Kannada
/content/work/processed_wav/Kannada/5517.wav,Kannada
/content/work/processed_wav/Kannada/5441.wav,Kannada
/content/work/processed_wav/Kannada/5554.wav,Kannada
/content/work/processed_wav/Kannada/6144.wav,Kannada
/content/work/processed_wav/Kannada/6219.wav,Kannada
/content/work/processed_wav/Kannada/5702.wav,Kannada
/content/work/processed_wav/Kannada/6386.wav,Kannada
/content/work/processed_wav/Kannada/6267.wav,Kannada
/content/work/processed_wav/Kannada/6320.wav,Kannada
/content/work/processed_wav/Kannada/5961.wav,Kannada
/content/work/processed_wav/Kannada/6026.wav,Kannada
/content/work/processed_wav/Kannada/5283.wav,Kannada
/content/work/processed_wav/Kannada/6290.wav,Kannada
/content/work/processed_wav/Kannada/6051.wav,Kannada
/content/work/processed_wav/Kannada/6174.wav,Kannada
/content/work/processed_wav/Kannada/6016.wav,Kannada
/content/work/processed_wav/Kannada/6502.wav,Kannada
/content/work/processed_wav/Kannada/5856.wav,Kannada
/content/work/processed_wav/Kannada/6209.wav,Kannada
/content/work/processed_wav/Kannada/5348.wav,Kannada
/content/work/processed_wav/Kannada/6429.wav,Kannada
/content/work/processed_wav/Kannada/6432.wav,Kannada
/content/work/processed_wav/Kannada/6160.wav,Kannada
/content/work/processed_wav/Kannada/5302.wav,Kannada
/content/work/processed_wav/Kannada/6652.wav,Kannada
/content/work/processed_wav/Kannada/5596.wav,Kannada
/content/work/processed_wav/Kannada/5793.wav,Kannada
/content/work/processed_wav/Kannada/5255.wav,Kannada
/content/work/processed_wav/Kannada/5250.wav,Kannada
/content/work/processed_wav/Kannada/5266.wav,Kannada
/content/work/processed_wav/Kannada/6116.wav,Kannada
/content/work/processed_wav/Kannada/5712.wav,Kannada
/content/work/processed_wav/Kannada/6102.wav,Kannada
/content/work/processed_wav/Kannada/6041.wav,Kannada
/content/work/processed_wav/Kannada/5128.wav,Kannada
/content/work/processed_wav/Kannada/5756.wav,Kannada
/content/work/processed_wav/Kannada/6184.wav,Kannada
/content/work/processed_wav/Kannada/6593.wav,Kannada
/content/work/processed_wav/Kannada/5841.wav,Kannada
/content/work/processed_wav/Kannada/6491.wav,Kannada
/content/work/processed_wav/Kannada/8072.wav,Kannada
/content/work/processed_wav/Kannada/7894.wav,Kannada
/content/work/processed_wav/Kannada/8565.wav,Kannada
/content/work/processed_wav/Kannada/8051.wav,Kannada
/content/work/processed_wav/Kannada/7048.wav,Kannada
/content/work/processed_wav/Kannada/8352.wav,Kannada
/content/work/processed_wav/Kannada/6856.wav,Kannada
/content/work/processed_wav/Kannada/6923.wav,Kannada
/content/work/processed_wav/Kannada/6941.wav,Kannada
/content/work/processed_wav/Kannada/8585.wav,Kannada
/content/work/processed_wav/Kannada/8809.wav,Kannada
/content/work/processed_wav/Kannada/8118.wav,Kannada
/content/work/processed_wav/Kannada/7833.wav,Kannada
/content/work/processed_wav/Kannada/7558.wav,Kannada
/content/work/processed_wav/Kannada/8089.wav,Kannada
/content/work/processed_wav/Kannada/8731.wav,Kannada
/content/work/processed_wav/Kannada/8842.wav,Kannada
/content/work/processed_wav/Kannada/6983.wav,Kannada
/content/work/processed_wav/Kannada/7364.wav,Kannada
/content/work/processed_wav/Kannada/8807.wav,Kannada
/content/work/processed_wav/Kannada/8022.wav,Kannada
/content/work/processed_wav/Kannada/8002.wav,Kannada
/content/work/processed_wav/Kannada/8598.wav,Kannada
/content/work/processed_wav/Kannada/8364.wav,Kannada
/content/work/processed_wav/Kannada/6956.wav,Kannada
/content/work/processed_wav/Kannada/7250.wav,Kannada
/content/work/processed_wav/Kannada/8005.wav,Kannada
/content/work/processed_wav/Kannada/8645.wav,Kannada
/content/work/processed_wav/Kannada/8474.wav,Kannada
/content/work/processed_wav/Kannada/8664.wav,Kannada
/content/work/processed_wav/Kannada/7779.wav,Kannada
/content/work/processed_wav/Kannada/8220.wav,Kannada
/content/work/processed_wav/Kannada/8119.wav,Kannada
/content/work/processed_wav/Kannada/6828.wav,Kannada
/content/work/processed_wav/Kannada/8415.wav,Kannada
/content/work/processed_wav/Kannada/7280.wav,Kannada
/content/work/processed_wav/Kannada/8282.wav,Kannada
/content/work/processed_wav/Kannada/8762.wav,Kannada
/content/work/processed_wav/Kannada/8106.wav,Kannada
/content/work/processed_wav/Kannada/7052.wav,Kannada
/content/work/processed_wav/Kannada/8849.wav,Kannada
/content/work/processed_wav/Kannada/8432.wav,Kannada
/content/work/processed_wav/Kannada/8335.wav,Kannada
/content/work/processed_wav/Kannada/844.wav,Kannada
/content/work/processed_wav/Kannada/8557.wav,Kannada
/content/work/processed_wav/Kannada/8444.wav,Kannada
/content/work/processed_wav/Kannada/8461.wav,Kannada
/content/work/processed_wav/Kannada/7820.wav,Kannada
/content/work/processed_wav/Kannada/7072.wav,Kannada
/content/work/processed_wav/Kannada/8232.wav,Kannada
/content/work/processed_wav/Kannada/7934.wav,Kannada
/content/work/processed_wav/Kannada/8736.wav,Kannada
/content/work/processed_wav/Kannada/7267.wav,Kannada
/content/work/processed_wav/Kannada/7056.wav,Kannada
/content/work/processed_wav/Kannada/8592.wav,Kannada
/content/work/processed_wav/Kannada/7458.wav,Kannada
/content/work/processed_wav/Kannada/8229.wav,Kannada
/content/work/processed_wav/Kannada/8792.wav,Kannada
/content/work/processed_wav/Kannada/8047.wav,Kannada
/content/work/processed_wav/Kannada/7979.wav,Kannada
/content/work/processed_wav/Kannada/6937.wav,Kannada
/content/work/processed_wav/Kannada/7868.wav,Kannada
/content/work/processed_wav/Kannada/8142.wav,Kannada
/content/work/processed_wav/Kannada/8443.wav,Kannada
/content/work/processed_wav/Kannada/7618.wav,Kannada
/content/work/processed_wav/Kannada/8789.wav,Kannada
/content/work/processed_wav/Kannada/8609.wav,Kannada
/content/work/processed_wav/Kannada/8077.wav,Kannada
/content/work/processed_wav/Kannada/8255.wav,Kannada
/content/work/processed_wav/Kannada/8575.wav,Kannada
/content/work/processed_wav/Kannada/8032.wav,Kannada
/content/work/processed_wav/Kannada/7179.wav,Kannada
/content/work/processed_wav/Kannada/8279.wav,Kannada
/content/work/processed_wav/Kannada/7598.wav,Kannada
/content/work/processed_wav/Kannada/8004.wav,Kannada
/content/work/processed_wav/Kannada/7652.wav,Kannada
/content/work/processed_wav/Kannada/7717.wav,Kannada
/content/work/processed_wav/Kannada/8275.wav,Kannada
/content/work/processed_wav/Kannada/6984.wav,Kannada
/content/work/processed_wav/Kannada/7018.wav,Kannada
/content/work/processed_wav/Kannada/7303.wav,Kannada
/content/work/processed_wav/Kannada/7783.wav,Kannada
/content/work/processed_wav/Kannada/8353.wav,Kannada
/content/work/processed_wav/Kannada/8337.wav,Kannada
/content/work/processed_wav/Kannada/7816.wav,Kannada
/content/work/processed_wav/Kannada/8725.wav,Kannada
/content/work/processed_wav/Kannada/7007.wav,Kannada
/content/work/processed_wav/Kannada/7445.wav,Kannada
/content/work/processed_wav/Kannada/7774.wav,Kannada
/content/work/processed_wav/Kannada/8616.wav,Kannada
/content/work/processed_wav/Kannada/8885.wav,Kannada
/content/work/processed_wav/Kannada/9715.wav,Kannada
/content/work/processed_wav/Kannada/9740.wav,Kannada
/content/work/processed_wav/Kannada/9362.wav,Kannada
/content/work/processed_wav/Kannada/9509.wav,Kannada
/content/work/processed_wav/Kannada/9351.wav,Kannada
/content/work/processed_wav/Kannada/9424.wav,Kannada
/content/work/processed_wav/Kannada/9917.wav,Kannada
/content/work/processed_wav/Kannada/9995.wav,Kannada
/content/work/processed_wav/Kannada/9797.wav,Kannada
/content/work/processed_wav/Kannada/9059.wav,Kannada
/content/work/processed_wav/Kannada/9026.wav,Kannada
/content/work/processed_wav/Kannada/9040.wav,Kannada
/content/work/processed_wav/Kannada/9263.wav,Kannada
/content/work/processed_wav/Kannada/9185.wav,Kannada
/content/work/processed_wav/Kannada/9271.wav,Kannada
/content/work/processed_wav/Kannada/9601.wav,Kannada
/content/work/processed_wav/Kannada/9154.wav,Kannada
/content/work/processed_wav/Kannada/9494.wav,Kannada
/content/work/processed_wav/Kannada/9434.wav,Kannada
/content/work/processed_wav/Kannada/9622.wav,Kannada
/content/work/processed_wav/Kannada/8971.wav,Kannada
/content/work/processed_wav/Kannada/9900.wav,Kannada
/content/work/processed_wav/Kannada/9996.wav,Kannada
/content/work/processed_wav/Kannada/9732.wav,Kannada
/content/work/processed_wav/Kannada/8891.wav,Kannada
/content/work/processed_wav/Kannada/9312.wav,Kannada
/content/work/processed_wav/Kannada/9840.wav,Kannada
/content/work/processed_wav/Kannada/9425.wav,Kannada
/content/work/processed_wav/Kannada/9436.wav,Kannada
/content/work/processed_wav/Kannada/9677.wav,Kannada
/content/work/processed_wav/Kannada/9559.wav,Kannada
/content/work/processed_wav/Kannada/9958.wav,Kannada
/content/work/processed_wav/Kannada/9301.wav,Kannada
/content/work/processed_wav/Kannada/9411.wav,Kannada
/content/work/processed_wav/Kannada/9628.wav,Kannada
/content/work/processed_wav/Kannada/9266.wav,Kannada
/content/work/processed_wav/Kannada/9459.wav,Kannada
/content/work/processed_wav/Kannada/9944.wav,Kannada
/content/work/processed_wav/Kannada/9011.wav,Kannada
/content/work/processed_wav/Kannada/8944.wav,Kannada
/content/work/processed_wav/Kannada/9246.wav,Kannada
/content/work/processed_wav/Kannada/9889.wav,Kannada
/content/work/processed_wav/Kannada/9031.wav,Kannada
/content/work/processed_wav/Kannada/9224.wav,Kannada
/content/work/processed_wav/Kannada/9104.wav,Kannada
/content/work/processed_wav/Kannada/8968.wav,Kannada
/content/work/processed_wav/Kannada/8990.wav,Kannada
/content/work/processed_wav/Kannada/9858.wav,Kannada
/content/work/processed_wav/Kannada/9083.wav,Kannada
/content/work/processed_wav/Kannada/8947.wav,Kannada
/content/work/processed_wav/Kannada/9348.wav,Kannada
/content/work/processed_wav/Kannada/9315.wav,Kannada
/content/work/processed_wav/Kannada/9909.wav,Kannada
/content/work/processed_wav/Kannada/8887.wav,Kannada
/content/work/processed_wav/Malayalam/10176.wav,Malayalam
/content/work/processed_wav/Malayalam/10807.wav,Malayalam
/content/work/processed_wav/Malayalam/10852.wav,Malayalam
/content/work/processed_wav/Malayalam/10294.wav,Malayalam
/content/work/processed_wav/Malayalam/10618.wav,Malayalam
/content/work/processed_wav/Malayalam/10901.wav,Malayalam
/content/work/processed_wav/Malayalam/10351.wav,Malayalam
/content/work/processed_wav/Malayalam/10436.wav,Malayalam
/content/work/processed_wav/Malayalam/10701.wav,Malayalam
/content/work/processed_wav/Malayalam/10630.wav,Malayalam
/content/work/processed_wav/Malayalam/10013.wav,Malayalam
/content/work/processed_wav/Malayalam/10850.wav,Malayalam
/content/work/processed_wav/Malayalam/10503.wav,Malayalam
/content/work/processed_wav/Malayalam/10418.wav,Malayalam
/content/work/processed_wav/Malayalam/10296.wav,Malayalam
/content/work/processed_wav/Malayalam/10291.wav,Malayalam
/content/work/processed_wav/Malayalam/10087.wav,Malayalam
/content/work/processed_wav/Malayalam/10229.wav,Malayalam
/content/work/processed_wav/Malayalam/10304.wav,Malayalam
/content/work/processed_wav/Malayalam/10371.wav,Malayalam
/content/work/processed_wav/Malayalam/10602.wav,Malayalam
/content/work/processed_wav/Malayalam/10301.wav,Malayalam
/content/work/processed_wav/Malayalam/11028.wav,Malayalam
/content/work/processed_wav/Malayalam/10765.wav,Malayalam
/content/work/processed_wav/Malayalam/11014.wav,Malayalam
/content/work/processed_wav/Malayalam/10504.wav,Malayalam
/content/work/processed_wav/Malayalam/10686.wav,Malayalam
/content/work/processed_wav/Malayalam/10348.wav,Malayalam
/content/work/processed_wav/Malayalam/10556.wav,Malayalam
/content/work/processed_wav/Malayalam/10167.wav,Malayalam
/content/work/processed_wav/Malayalam/10703.wav,Malayalam
/content/work/processed_wav/Malayalam/10279.wav,Malayalam
/content/work/processed_wav/Malayalam/10192.wav,Malayalam
/content/work/processed_wav/Malayalam/11875.wav,Malayalam
/content/work/processed_wav/Malayalam/11670.wav,Malayalam
/content/work/processed_wav/Malayalam/11246.wav,Malayalam
/content/work/processed_wav/Malayalam/11958.wav,Malayalam
/content/work/processed_wav/Malayalam/11701.wav,Malayalam
/content/work/processed_wav/Malayalam/12913.wav,Malayalam
/content/work/processed_wav/Malayalam/12726.wav,Malayalam
/content/work/processed_wav/Malayalam/11769.wav,Malayalam
/content/work/processed_wav/Malayalam/11440.wav,Malayalam
/content/work/processed_wav/Malayalam/11275.wav,Malayalam
/content/work/processed_wav/Malayalam/11507.wav,Malayalam
/content/work/processed_wav/Malayalam/11542.wav,Malayalam
/content/work/processed_wav/Malayalam/11430.wav,Malayalam
/content/work/processed_wav/Malayalam/11683.wav,Malayalam
/content/work/processed_wav/Malayalam/11584.wav,Malayalam
/content/work/processed_wav/Malayalam/12888.wav,Malayalam
/content/work/processed_wav/Malayalam/11602.wav,Malayalam
/content/work/processed_wav/Malayalam/12089.wav,Malayalam
/content/work/processed_wav/Malayalam/11813.wav,Malayalam
/content/work/processed_wav/Malayalam/11114.wav,Malayalam
/content/work/processed_wav/Malayalam/11306.wav,Malayalam
/content/work/processed_wav/Malayalam/12553.wav,Malayalam
/content/work/processed_wav/Malayalam/11519.wav,Malayalam
/content/work/processed_wav/Malayalam/12769.wav,Malayalam
/content/work/processed_wav/Malayalam/11590.wav,Malayalam
/content/work/processed_wav/Malayalam/12330.wav,Malayalam
/content/work/processed_wav/Malayalam/12771.wav,Malayalam
/content/work/processed_wav/Malayalam/12603.wav,Malayalam
/content/work/processed_wav/Malayalam/12398.wav,Malayalam
/content/work/processed_wav/Malayalam/11406.wav,Malayalam
/content/work/processed_wav/Malayalam/11140.wav,Malayalam
/content/work/processed_wav/Malayalam/11368.wav,Malayalam
/content/work/processed_wav/Malayalam/11324.wav,Malayalam
/content/work/processed_wav/Malayalam/12835.wav,Malayalam
/content/work/processed_wav/Malayalam/12473.wav,Malayalam
/content/work/processed_wav/Malayalam/11671.wav,Malayalam
/content/work/processed_wav/Malayalam/12715.wav,Malayalam
/content/work/processed_wav/Malayalam/12516.wav,Malayalam
/content/work/processed_wav/Malayalam/11704.wav,Malayalam
/content/work/processed_wav/Malayalam/12182.wav,Malayalam
/content/work/processed_wav/Malayalam/11188.wav,Malayalam
/content/work/processed_wav/Malayalam/11341.wav,Malayalam
/content/work/processed_wav/Malayalam/11714.wav,Malayalam
/content/work/processed_wav/Malayalam/12916.wav,Malayalam
/content/work/processed_wav/Malayalam/11960.wav,Malayalam
/content/work/processed_wav/Malayalam/12098.wav,Malayalam
/content/work/processed_wav/Malayalam/12924.wav,Malayalam
/content/work/processed_wav/Malayalam/11473.wav,Malayalam
/content/work/processed_wav/Malayalam/11681.wav,Malayalam
/content/work/processed_wav/Malayalam/12247.wav,Malayalam
/content/work/processed_wav/Malayalam/11463.wav,Malayalam
/content/work/processed_wav/Malayalam/11907.wav,Malayalam
/content/work/processed_wav/Malayalam/11044.wav,Malayalam
/content/work/processed_wav/Malayalam/11452.wav,Malayalam
/content/work/processed_wav/Malayalam/12436.wav,Malayalam
/content/work/processed_wav/Malayalam/11161.wav,Malayalam
/content/work/processed_wav/Malayalam/11083.wav,Malayalam
/content/work/processed_wav/Malayalam/11969.wav,Malayalam
/content/work/processed_wav/Malayalam/12727.wav,Malayalam
/content/work/processed_wav/Malayalam/11288.wav,Malayalam
/content/work/processed_wav/Malayalam/11804.wav,Malayalam
/content/work/processed_wav/Malayalam/11627.wav,Malayalam
/content/work/processed_wav/Malayalam/12799.wav,Malayalam
/content/work/processed_wav/Malayalam/12166.wav,Malayalam
/content/work/processed_wav/Malayalam/12928.wav,Malayalam
/content/work/processed_wav/Malayalam/12536.wav,Malayalam
/content/work/processed_wav/Malayalam/11930.wav,Malayalam
/content/work/processed_wav/Malayalam/12349.wav,Malayalam
/content/work/processed_wav/Malayalam/12390.wav,Malayalam
/content/work/processed_wav/Malayalam/11071.wav,Malayalam
/content/work/processed_wav/Malayalam/12492.wav,Malayalam
/content/work/processed_wav/Malayalam/12558.wav,Malayalam
/content/work/processed_wav/Malayalam/11779.wav,Malayalam
/content/work/processed_wav/Malayalam/12551.wav,Malayalam
/content/work/processed_wav/Malayalam/11381.wav,Malayalam
/content/work/processed_wav/Malayalam/12647.wav,Malayalam
/content/work/processed_wav/Malayalam/12907.wav,Malayalam
/content/work/processed_wav/Malayalam/12040.wav,Malayalam
/content/work/processed_wav/Malayalam/12710.wav,Malayalam
/content/work/processed_wav/Malayalam/12470.wav,Malayalam
/content/work/processed_wav/Malayalam/12637.wav,Malayalam
/content/work/processed_wav/Malayalam/12393.wav,Malayalam
/content/work/processed_wav/Malayalam/11203.wav,Malayalam
/content/work/processed_wav/Malayalam/11579.wav,Malayalam
/content/work/processed_wav/Malayalam/11428.wav,Malayalam
/content/work/processed_wav/Malayalam/11474.wav,Malayalam
/content/work/processed_wav/Malayalam/12656.wav,Malayalam
/content/work/processed_wav/Malayalam/12204.wav,Malayalam
/content/work/processed_wav/Malayalam/12482.wav,Malayalam
/content/work/processed_wav/Malayalam/13945.wav,Malayalam
/content/work/processed_wav/Malayalam/13843.wav,Malayalam
/content/work/processed_wav/Malayalam/13440.wav,Malayalam
/content/work/processed_wav/Malayalam/14740.wav,Malayalam
/content/work/processed_wav/Malayalam/15009.wav,Malayalam
/content/work/processed_wav/Malayalam/13806.wav,Malayalam
/content/work/processed_wav/Malayalam/14084.wav,Malayalam
/content/work/processed_wav/Malayalam/14063.wav,Malayalam
/content/work/processed_wav/Malayalam/14635.wav,Malayalam
/content/work/processed_wav/Malayalam/15299.wav,Malayalam
/content/work/processed_wav/Malayalam/13539.wav,Malayalam
/content/work/processed_wav/Malayalam/14145.wav,Malayalam
/content/work/processed_wav/Malayalam/14313.wav,Malayalam
/content/work/processed_wav/Malayalam/13344.wav,Malayalam
/content/work/processed_wav/Malayalam/13642.wav,Malayalam
/content/work/processed_wav/Malayalam/14534.wav,Malayalam
/content/work/processed_wav/Malayalam/14299.wav,Malayalam
/content/work/processed_wav/Malayalam/14999.wav,Malayalam
/content/work/processed_wav/Malayalam/14552.wav,Malayalam
/content/work/processed_wav/Malayalam/14448.wav,Malayalam
/content/work/processed_wav/Malayalam/14285.wav,Malayalam
/content/work/processed_wav/Malayalam/13463.wav,Malayalam
/content/work/processed_wav/Malayalam/15212.wav,Malayalam
/content/work/processed_wav/Malayalam/14944.wav,Malayalam
/content/work/processed_wav/Malayalam/14821.wav,Malayalam
/content/work/processed_wav/Malayalam/13126.wav,Malayalam
/content/work/processed_wav/Malayalam/14704.wav,Malayalam
/content/work/processed_wav/Malayalam/13141.wav,Malayalam
/content/work/processed_wav/Malayalam/14064.wav,Malayalam
/content/work/processed_wav/Malayalam/14049.wav,Malayalam
/content/work/processed_wav/Malayalam/14160.wav,Malayalam
/content/work/processed_wav/Malayalam/13615.wav,Malayalam
/content/work/processed_wav/Malayalam/14603.wav,Malayalam
/content/work/processed_wav/Malayalam/13587.wav,Malayalam
/content/work/processed_wav/Malayalam/14783.wav,Malayalam
/content/work/processed_wav/Malayalam/14332.wav,Malayalam
/content/work/processed_wav/Malayalam/13788.wav,Malayalam
/content/work/processed_wav/Malayalam/14017.wav,Malayalam
/content/work/processed_wav/Malayalam/14030.wav,Malayalam
/content/work/processed_wav/Malayalam/12959.wav,Malayalam
/content/work/processed_wav/Malayalam/14773.wav,Malayalam
/content/work/processed_wav/Malayalam/13703.wav,Malayalam
/content/work/processed_wav/Malayalam/13107.wav,Malayalam
/content/work/processed_wav/Malayalam/13738.wav,Malayalam
/content/work/processed_wav/Malayalam/13132.wav,Malayalam
/content/work/processed_wav/Malayalam/13802.wav,Malayalam
/content/work/processed_wav/Malayalam/15249.wav,Malayalam
/content/work/processed_wav/Malayalam/13310.wav,Malayalam
/content/work/processed_wav/Malayalam/13082.wav,Malayalam
/content/work/processed_wav/Malayalam/14650.wav,Malayalam
/content/work/processed_wav/Malayalam/14984.wav,Malayalam
/content/work/processed_wav/Malayalam/13711.wav,Malayalam
/content/work/processed_wav/Malayalam/12941.wav,Malayalam
/content/work/processed_wav/Malayalam/13460.wav,Malayalam
/content/work/processed_wav/Malayalam/14630.wav,Malayalam
/content/work/processed_wav/Malayalam/14171.wav,Malayalam
/content/work/processed_wav/Malayalam/14606.wav,Malayalam
/content/work/processed_wav/Malayalam/14810.wav,Malayalam
/content/work/processed_wav/Malayalam/14661.wav,Malayalam
/content/work/processed_wav/Malayalam/14334.wav,Malayalam
/content/work/processed_wav/Malayalam/13409.wav,Malayalam
/content/work/processed_wav/Malayalam/13906.wav,Malayalam
/content/work/processed_wav/Malayalam/13985.wav,Malayalam
/content/work/processed_wav/Malayalam/12971.wav,Malayalam
/content/work/processed_wav/Malayalam/14703.wav,Malayalam
/content/work/processed_wav/Malayalam/13783.wav,Malayalam
/content/work/processed_wav/Malayalam/14051.wav,Malayalam
/content/work/processed_wav/Malayalam/12994.wav,Malayalam
/content/work/processed_wav/Malayalam/13543.wav,Malayalam
/content/work/processed_wav/Malayalam/13487.wav,Malayalam
/content/work/processed_wav/Malayalam/13057.wav,Malayalam
/content/work/processed_wav/Malayalam/12938.wav,Malayalam
/content/work/processed_wav/Malayalam/12977.wav,Malayalam
/content/work/processed_wav/Malayalam/12965.wav,Malayalam
/content/work/processed_wav/Malayalam/13163.wav,Malayalam
/content/work/processed_wav/Malayalam/15158.wav,Malayalam
/content/work/processed_wav/Malayalam/15027.wav,Malayalam
/content/work/processed_wav/Malayalam/13178.wav,Malayalam
/content/work/processed_wav/Malayalam/14903.wav,Malayalam
/content/work/processed_wav/Malayalam/14580.wav,Malayalam
/content/work/processed_wav/Malayalam/14477.wav,Malayalam
/content/work/processed_wav/Malayalam/13361.wav,Malayalam
/content/work/processed_wav/Malayalam/13934.wav,Malayalam
/content/work/processed_wav/Malayalam/14390.wav,Malayalam
/content/work/processed_wav/Malayalam/15183.wav,Malayalam
/content/work/processed_wav/Malayalam/15209.wav,Malayalam
/content/work/processed_wav/Malayalam/15001.wav,Malayalam
/content/work/processed_wav/Malayalam/13675.wav,Malayalam
/content/work/processed_wav/Malayalam/14177.wav,Malayalam
/content/work/processed_wav/Malayalam/13306.wav,Malayalam
/content/work/processed_wav/Malayalam/13726.wav,Malayalam
/content/work/processed_wav/Malayalam/13787.wav,Malayalam
/content/work/processed_wav/Malayalam/13742.wav,Malayalam
/content/work/processed_wav/Malayalam/14053.wav,Malayalam
/content/work/processed_wav/Malayalam/15915.wav,Malayalam
/content/work/processed_wav/Malayalam/16609.wav,Malayalam
/content/work/processed_wav/Malayalam/15720.wav,Malayalam
/content/work/processed_wav/Malayalam/15963.wav,Malayalam
/content/work/processed_wav/Malayalam/16010.wav,Malayalam
/content/work/processed_wav/Malayalam/16936.wav,Malayalam
/content/work/processed_wav/Malayalam/17144.wav,Malayalam
/content/work/processed_wav/Malayalam/15589.wav,Malayalam
/content/work/processed_wav/Malayalam/16999.wav,Malayalam
/content/work/processed_wav/Malayalam/16065.wav,Malayalam
/content/work/processed_wav/Malayalam/16543.wav,Malayalam
/content/work/processed_wav/Malayalam/15428.wav,Malayalam
/content/work/processed_wav/Malayalam/15981.wav,Malayalam
/content/work/processed_wav/Malayalam/17011.wav,Malayalam
/content/work/processed_wav/Malayalam/16081.wav,Malayalam
/content/work/processed_wav/Malayalam/17033.wav,Malayalam
/content/work/processed_wav/Malayalam/15481.wav,Malayalam
/content/work/processed_wav/Malayalam/15742.wav,Malayalam
/content/work/processed_wav/Malayalam/16532.wav,Malayalam
/content/work/processed_wav/Malayalam/15653.wav,Malayalam
/content/work/processed_wav/Malayalam/15639.wav,Malayalam
/content/work/processed_wav/Malayalam/16467.wav,Malayalam
/content/work/processed_wav/Malayalam/16765.wav,Malayalam
/content/work/processed_wav/Malayalam/15317.wav,Malayalam
/content/work/processed_wav/Malayalam/16571.wav,Malayalam
/content/work/processed_wav/Malayalam/17146.wav,Malayalam
/content/work/processed_wav/Malayalam/16131.wav,Malayalam
/content/work/processed_wav/Malayalam/15771.wav,Malayalam
/content/work/processed_wav/Malayalam/17118.wav,Malayalam
/content/work/processed_wav/Malayalam/16308.wav,Malayalam
/content/work/processed_wav/Malayalam/16097.wav,Malayalam
/content/work/processed_wav/Malayalam/15804.wav,Malayalam
/content/work/processed_wav/Malayalam/16336.wav,Malayalam
/content/work/processed_wav/Malayalam/16819.wav,Malayalam
/content/work/processed_wav/Malayalam/15337.wav,Malayalam
/content/work/processed_wav/Malayalam/16104.wav,Malayalam
/content/work/processed_wav/Malayalam/15345.wav,Malayalam
/content/work/processed_wav/Malayalam/16975.wav,Malayalam
/content/work/processed_wav/Malayalam/16805.wav,Malayalam
/content/work/processed_wav/Malayalam/15469.wav,Malayalam
/content/work/processed_wav/Malayalam/15411.wav,Malayalam
/content/work/processed_wav/Malayalam/17207.wav,Malayalam
/content/work/processed_wav/Malayalam/16432.wav,Malayalam
/content/work/processed_wav/Malayalam/16957.wav,Malayalam
/content/work/processed_wav/Malayalam/15899.wav,Malayalam
/content/work/processed_wav/Malayalam/17114.wav,Malayalam
/content/work/processed_wav/Malayalam/16564.wav,Malayalam
/content/work/processed_wav/Malayalam/15828.wav,Malayalam
/content/work/processed_wav/Malayalam/15904.wav,Malayalam
/content/work/processed_wav/Malayalam/16092.wav,Malayalam
/content/work/processed_wav/Malayalam/17120.wav,Malayalam
/content/work/processed_wav/Malayalam/15420.wav,Malayalam
/content/work/processed_wav/Malayalam/15587.wav,Malayalam
/content/work/processed_wav/Malayalam/16742.wav,Malayalam
/content/work/processed_wav/Malayalam/17022.wav,Malayalam
/content/work/processed_wav/Malayalam/15642.wav,Malayalam
/content/work/processed_wav/Malayalam/17078.wav,Malayalam
/content/work/processed_wav/Malayalam/16238.wav,Malayalam
/content/work/processed_wav/Malayalam/16254.wav,Malayalam
/content/work/processed_wav/Malayalam/16812.wav,Malayalam
/content/work/processed_wav/Malayalam/16160.wav,Malayalam
/content/work/processed_wav/Malayalam/16864.wav,Malayalam
/content/work/processed_wav/Malayalam/16246.wav,Malayalam
/content/work/processed_wav/Malayalam/17211.wav,Malayalam
/content/work/processed_wav/Malayalam/16978.wav,Malayalam
/content/work/processed_wav/Malayalam/16256.wav,Malayalam
/content/work/processed_wav/Malayalam/15726.wav,Malayalam
/content/work/processed_wav/Malayalam/16290.wav,Malayalam
/content/work/processed_wav/Malayalam/17119.wav,Malayalam
/content/work/processed_wav/Malayalam/15854.wav,Malayalam
/content/work/processed_wav/Malayalam/15737.wav,Malayalam
/content/work/processed_wav/Malayalam/15378.wav,Malayalam
/content/work/processed_wav/Malayalam/15712.wav,Malayalam
/content/work/processed_wav/Malayalam/16329.wav,Malayalam
/content/work/processed_wav/Malayalam/15555.wav,Malayalam
/content/work/processed_wav/Malayalam/16944.wav,Malayalam
/content/work/processed_wav/Malayalam/16990.wav,Malayalam
/content/work/processed_wav/Malayalam/15934.wav,Malayalam
/content/work/processed_wav/Malayalam/15714.wav,Malayalam
/content/work/processed_wav/Malayalam/15817.wav,Malayalam
/content/work/processed_wav/Malayalam/15997.wav,Malayalam
/content/work/processed_wav/Malayalam/15441.wav,Malayalam
/content/work/processed_wav/Malayalam/15516.wav,Malayalam
/content/work/processed_wav/Malayalam/16167.wav,Malayalam
/content/work/processed_wav/Malayalam/15681.wav,Malayalam
/content/work/processed_wav/Malayalam/15592.wav,Malayalam
/content/work/processed_wav/Malayalam/16320.wav,Malayalam
/content/work/processed_wav/Malayalam/16913.wav,Malayalam
/content/work/processed_wav/Malayalam/15385.wav,Malayalam
/content/work/processed_wav/Malayalam/16027.wav,Malayalam
/content/work/processed_wav/Malayalam/17198.wav,Malayalam
/content/work/processed_wav/Malayalam/17403.wav,Malayalam
/content/work/processed_wav/Malayalam/18471.wav,Malayalam
/content/work/processed_wav/Malayalam/1859.wav,Malayalam
/content/work/processed_wav/Malayalam/19240.wav,Malayalam
/content/work/processed_wav/Malayalam/18281.wav,Malayalam
/content/work/processed_wav/Malayalam/18222.wav,Malayalam
/content/work/processed_wav/Malayalam/18519.wav,Malayalam
/content/work/processed_wav/Malayalam/18933.wav,Malayalam
/content/work/processed_wav/Malayalam/19009.wav,Malayalam
/content/work/processed_wav/Malayalam/17577.wav,Malayalam
/content/work/processed_wav/Malayalam/17333.wav,Malayalam
/content/work/processed_wav/Malayalam/1796.wav,Malayalam
/content/work/processed_wav/Malayalam/19210.wav,Malayalam
/content/work/processed_wav/Malayalam/18991.wav,Malayalam
/content/work/processed_wav/Malayalam/18737.wav,Malayalam
/content/work/processed_wav/Malayalam/1825.wav,Malayalam
/content/work/processed_wav/Malayalam/1749.wav,Malayalam
/content/work/processed_wav/Malayalam/18558.wav,Malayalam
/content/work/processed_wav/Malayalam/17873.wav,Malayalam
/content/work/processed_wav/Malayalam/17308.wav,Malayalam
/content/work/processed_wav/Malayalam/18863.wav,Malayalam
/content/work/processed_wav/Malayalam/17705.wav,Malayalam
/content/work/processed_wav/Malayalam/17675.wav,Malayalam
/content/work/processed_wav/Malayalam/1948.wav,Malayalam
/content/work/processed_wav/Malayalam/1751.wav,Malayalam
/content/work/processed_wav/Malayalam/17893.wav,Malayalam
/content/work/processed_wav/Malayalam/17540.wav,Malayalam
/content/work/processed_wav/Malayalam/17607.wav,Malayalam
/content/work/processed_wav/Malayalam/19082.wav,Malayalam
/content/work/processed_wav/Malayalam/19051.wav,Malayalam
/content/work/processed_wav/Malayalam/18208.wav,Malayalam
/content/work/processed_wav/Malayalam/17849.wav,Malayalam
/content/work/processed_wav/Malayalam/18326.wav,Malayalam
/content/work/processed_wav/Malayalam/18073.wav,Malayalam
/content/work/processed_wav/Malayalam/19213.wav,Malayalam
/content/work/processed_wav/Malayalam/18458.wav,Malayalam
/content/work/processed_wav/Malayalam/17655.wav,Malayalam
/content/work/processed_wav/Malayalam/18304.wav,Malayalam
/content/work/processed_wav/Malayalam/18747.wav,Malayalam
/content/work/processed_wav/Malayalam/18388.wav,Malayalam
/content/work/processed_wav/Malayalam/18312.wav,Malayalam
/content/work/processed_wav/Malayalam/18947.wav,Malayalam
/content/work/processed_wav/Malayalam/18895.wav,Malayalam
/content/work/processed_wav/Malayalam/18068.wav,Malayalam
/content/work/processed_wav/Malayalam/17862.wav,Malayalam
/content/work/processed_wav/Malayalam/19453.wav,Malayalam
/content/work/processed_wav/Malayalam/1880.wav,Malayalam
/content/work/processed_wav/Malayalam/18750.wav,Malayalam
/content/work/processed_wav/Malayalam/18290.wav,Malayalam
/content/work/processed_wav/Malayalam/17484.wav,Malayalam
/content/work/processed_wav/Malayalam/19177.wav,Malayalam
/content/work/processed_wav/Malayalam/17477.wav,Malayalam
/content/work/processed_wav/Malayalam/18686.wav,Malayalam
/content/work/processed_wav/Malayalam/19282.wav,Malayalam
/content/work/processed_wav/Malayalam/17728.wav,Malayalam
/content/work/processed_wav/Malayalam/17932.wav,Malayalam
/content/work/processed_wav/Malayalam/19324.wav,Malayalam
/content/work/processed_wav/Malayalam/17443.wav,Malayalam
/content/work/processed_wav/Malayalam/17474.wav,Malayalam
/content/work/processed_wav/Malayalam/18584.wav,Malayalam
/content/work/processed_wav/Malayalam/18223.wav,Malayalam
/content/work/processed_wav/Malayalam/18515.wav,Malayalam
/content/work/processed_wav/Malayalam/19318.wav,Malayalam
/content/work/processed_wav/Malayalam/18638.wav,Malayalam
/content/work/processed_wav/Malayalam/17800.wav,Malayalam
/content/work/processed_wav/Malayalam/17446.wav,Malayalam
/content/work/processed_wav/Malayalam/18635.wav,Malayalam
/content/work/processed_wav/Malayalam/18653.wav,Malayalam
/content/work/processed_wav/Malayalam/17572.wav,Malayalam
/content/work/processed_wav/Malayalam/19407.wav,Malayalam
/content/work/processed_wav/Malayalam/1882.wav,Malayalam
/content/work/processed_wav/Malayalam/18881.wav,Malayalam
/content/work/processed_wav/Malayalam/1934.wav,Malayalam
/content/work/processed_wav/Malayalam/17814.wav,Malayalam
/content/work/processed_wav/Malayalam/17233.wav,Malayalam
/content/work/processed_wav/Malayalam/18549.wav,Malayalam
/content/work/processed_wav/Malayalam/17543.wav,Malayalam
/content/work/processed_wav/Malayalam/17735.wav,Malayalam
/content/work/processed_wav/Malayalam/19206.wav,Malayalam
/content/work/processed_wav/Malayalam/19207.wav,Malayalam
/content/work/processed_wav/Malayalam/1889.wav,Malayalam
/content/work/processed_wav/Malayalam/17853.wav,Malayalam
/content/work/processed_wav/Malayalam/19099.wav,Malayalam
/content/work/processed_wav/Malayalam/17746.wav,Malayalam
/content/work/processed_wav/Malayalam/18849.wav,Malayalam
/content/work/processed_wav/Malayalam/19128.wav,Malayalam
/content/work/processed_wav/Malayalam/17498.wav,Malayalam
/content/work/processed_wav/Malayalam/17621.wav,Malayalam
/content/work/processed_wav/Malayalam/18962.wav,Malayalam
/content/work/processed_wav/Malayalam/21472.wav,Malayalam
/content/work/processed_wav/Malayalam/21336.wav,Malayalam
/content/work/processed_wav/Malayalam/20219.wav,Malayalam
/content/work/processed_wav/Malayalam/19619.wav,Malayalam
/content/work/processed_wav/Malayalam/19795.wav,Malayalam
/content/work/processed_wav/Malayalam/20020.wav,Malayalam
/content/work/processed_wav/Malayalam/20481.wav,Malayalam
/content/work/processed_wav/Malayalam/20348.wav,Malayalam
/content/work/processed_wav/Malayalam/20032.wav,Malayalam
/content/work/processed_wav/Malayalam/21115.wav,Malayalam
/content/work/processed_wav/Malayalam/20918.wav,Malayalam
/content/work/processed_wav/Malayalam/19887.wav,Malayalam
/content/work/processed_wav/Malayalam/20004.wav,Malayalam
/content/work/processed_wav/Malayalam/21377.wav,Malayalam
/content/work/processed_wav/Malayalam/21473.wav,Malayalam
/content/work/processed_wav/Malayalam/21274.wav,Malayalam
/content/work/processed_wav/Malayalam/20452.wav,Malayalam
/content/work/processed_wav/Malayalam/19612.wav,Malayalam
/content/work/processed_wav/Malayalam/20105.wav,Malayalam
/content/work/processed_wav/Malayalam/20830.wav,Malayalam
/content/work/processed_wav/Malayalam/20799.wav,Malayalam
/content/work/processed_wav/Malayalam/21495.wav,Malayalam
/content/work/processed_wav/Malayalam/20998.wav,Malayalam
/content/work/processed_wav/Malayalam/19496.wav,Malayalam
/content/work/processed_wav/Malayalam/20560.wav,Malayalam
/content/work/processed_wav/Malayalam/20607.wav,Malayalam
/content/work/processed_wav/Malayalam/19798.wav,Malayalam
/content/work/processed_wav/Malayalam/21055.wav,Malayalam
/content/work/processed_wav/Malayalam/20331.wav,Malayalam
/content/work/processed_wav/Malayalam/21121.wav,Malayalam
/content/work/processed_wav/Malayalam/21360.wav,Malayalam
/content/work/processed_wav/Malayalam/1955.wav,Malayalam
/content/work/processed_wav/Malayalam/20773.wav,Malayalam
/content/work/processed_wav/Malayalam/20806.wav,Malayalam
/content/work/processed_wav/Malayalam/1957.wav,Malayalam
/content/work/processed_wav/Malayalam/20690.wav,Malayalam
/content/work/processed_wav/Malayalam/21266.wav,Malayalam
/content/work/processed_wav/Malayalam/21411.wav,Malayalam
/content/work/processed_wav/Malayalam/19936.wav,Malayalam
/content/work/processed_wav/Malayalam/21052.wav,Malayalam
/content/work/processed_wav/Malayalam/19627.wav,Malayalam
/content/work/processed_wav/Malayalam/2141.wav,Malayalam
/content/work/processed_wav/Malayalam/20594.wav,Malayalam
/content/work/processed_wav/Malayalam/20772.wav,Malayalam
/content/work/processed_wav/Malayalam/21385.wav,Malayalam
/content/work/processed_wav/Malayalam/21567.wav,Malayalam
/content/work/processed_wav/Malayalam/19808.wav,Malayalam
/content/work/processed_wav/Malayalam/20215.wav,Malayalam
/content/work/processed_wav/Malayalam/20251.wav,Malayalam
/content/work/processed_wav/Malayalam/20737.wav,Malayalam
/content/work/processed_wav/Malayalam/19558.wav,Malayalam
/content/work/processed_wav/Malayalam/2108.wav,Malayalam
/content/work/processed_wav/Malayalam/20665.wav,Malayalam
/content/work/processed_wav/Malayalam/19796.wav,Malayalam
/content/work/processed_wav/Malayalam/2002.wav,Malayalam
/content/work/processed_wav/Malayalam/20904.wav,Malayalam
/content/work/processed_wav/Malayalam/20068.wav,Malayalam
/content/work/processed_wav/Malayalam/20490.wav,Malayalam
/content/work/processed_wav/Malayalam/2058.wav,Malayalam
/content/work/processed_wav/Malayalam/19509.wav,Malayalam
/content/work/processed_wav/Malayalam/20609.wav,Malayalam
/content/work/processed_wav/Malayalam/20804.wav,Malayalam
/content/work/processed_wav/Malayalam/2123.wav,Malayalam
/content/work/processed_wav/Malayalam/20526.wav,Malayalam
/content/work/processed_wav/Malayalam/21017.wav,Malayalam
/content/work/processed_wav/Malayalam/21026.wav,Malayalam
/content/work/processed_wav/Malayalam/21427.wav,Malayalam
/content/work/processed_wav/Malayalam/2128.wav,Malayalam
/content/work/processed_wav/Malayalam/21351.wav,Malayalam
/content/work/processed_wav/Malayalam/21225.wav,Malayalam
/content/work/processed_wav/Malayalam/20826.wav,Malayalam
/content/work/processed_wav/Malayalam/21113.wav,Malayalam
/content/work/processed_wav/Malayalam/2013.wav,Malayalam
/content/work/processed_wav/Malayalam/19779.wav,Malayalam
/content/work/processed_wav/Malayalam/19894.wav,Malayalam
/content/work/processed_wav/Malayalam/20430.wav,Malayalam
/content/work/processed_wav/Malayalam/19917.wav,Malayalam
/content/work/processed_wav/Malayalam/19705.wav,Malayalam
/content/work/processed_wav/Malayalam/20041.wav,Malayalam
/content/work/processed_wav/Malayalam/2010.wav,Malayalam
/content/work/processed_wav/Malayalam/20231.wav,Malayalam
/content/work/processed_wav/Malayalam/20427.wav,Malayalam
/content/work/processed_wav/Malayalam/21134.wav,Malayalam
/content/work/processed_wav/Malayalam/20375.wav,Malayalam
/content/work/processed_wav/Malayalam/19957.wav,Malayalam
/content/work/processed_wav/Malayalam/21203.wav,Malayalam
/content/work/processed_wav/Malayalam/20100.wav,Malayalam
/content/work/processed_wav/Malayalam/19690.wav,Malayalam
/content/work/processed_wav/Malayalam/20413.wav,Malayalam
/content/work/processed_wav/Malayalam/19599.wav,Malayalam
/content/work/processed_wav/Malayalam/19720.wav,Malayalam
/content/work/processed_wav/Malayalam/23246.wav,Malayalam
/content/work/processed_wav/Malayalam/21831.wav,Malayalam
/content/work/processed_wav/Malayalam/23285.wav,Malayalam
/content/work/processed_wav/Malayalam/22196.wav,Malayalam
/content/work/processed_wav/Malayalam/23142.wav,Malayalam
/content/work/processed_wav/Malayalam/23081.wav,Malayalam
/content/work/processed_wav/Malayalam/23085.wav,Malayalam
/content/work/processed_wav/Malayalam/23307.wav,Malayalam
/content/work/processed_wav/Malayalam/22851.wav,Malayalam
/content/work/processed_wav/Malayalam/23272.wav,Malayalam
/content/work/processed_wav/Malayalam/2245.wav,Malayalam
/content/work/processed_wav/Malayalam/23058.wav,Malayalam
/content/work/processed_wav/Malayalam/23443.wav,Malayalam
/content/work/processed_wav/Malayalam/22589.wav,Malayalam
/content/work/processed_wav/Malayalam/21627.wav,Malayalam
/content/work/processed_wav/Malayalam/23557.wav,Malayalam
/content/work/processed_wav/Malayalam/22611.wav,Malayalam
/content/work/processed_wav/Malayalam/2202.wav,Malayalam
/content/work/processed_wav/Malayalam/22961.wav,Malayalam
/content/work/processed_wav/Malayalam/22746.wav,Malayalam
/content/work/processed_wav/Malayalam/2350.wav,Malayalam
/content/work/processed_wav/Malayalam/2222.wav,Malayalam
/content/work/processed_wav/Malayalam/22772.wav,Malayalam
/content/work/processed_wav/Malayalam/23562.wav,Malayalam
/content/work/processed_wav/Malayalam/22492.wav,Malayalam
/content/work/processed_wav/Malayalam/22612.wav,Malayalam
/content/work/processed_wav/Malayalam/2223.wav,Malayalam
/content/work/processed_wav/Malayalam/23388.wav,Malayalam
/content/work/processed_wav/Malayalam/22933.wav,Malayalam
/content/work/processed_wav/Malayalam/22215.wav,Malayalam
/content/work/processed_wav/Malayalam/23039.wav,Malayalam
/content/work/processed_wav/Malayalam/21894.wav,Malayalam
/content/work/processed_wav/Malayalam/2259.wav,Malayalam
/content/work/processed_wav/Malayalam/23214.wav,Malayalam
/content/work/processed_wav/Malayalam/23054.wav,Malayalam
/content/work/processed_wav/Malayalam/21844.wav,Malayalam
/content/work/processed_wav/Malayalam/23019.wav,Malayalam
/content/work/processed_wav/Malayalam/21587.wav,Malayalam
/content/work/processed_wav/Malayalam/23461.wav,Malayalam
/content/work/processed_wav/Malayalam/22820.wav,Malayalam
/content/work/processed_wav/Malayalam/22887.wav,Malayalam
/content/work/processed_wav/Malayalam/23222.wav,Malayalam
/content/work/processed_wav/Malayalam/22791.wav,Malayalam
/content/work/processed_wav/Malayalam/22524.wav,Malayalam
/content/work/processed_wav/Malayalam/21592.wav,Malayalam
/content/work/processed_wav/Malayalam/21867.wav,Malayalam
/content/work/processed_wav/Malayalam/23610.wav,Malayalam
/content/work/processed_wav/Malayalam/22640.wav,Malayalam
/content/work/processed_wav/Malayalam/22060.wav,Malayalam
/content/work/processed_wav/Malayalam/23656.wav,Malayalam
/content/work/processed_wav/Malayalam/2193.wav,Malayalam
/content/work/processed_wav/Malayalam/22336.wav,Malayalam
/content/work/processed_wav/Malayalam/22261.wav,Malayalam
/content/work/processed_wav/Malayalam/22484.wav,Malayalam
/content/work/processed_wav/Malayalam/22523.wav,Malayalam
/content/work/processed_wav/Malayalam/21922.wav,Malayalam
/content/work/processed_wav/Malayalam/22927.wav,Malayalam
/content/work/processed_wav/Malayalam/23653.wav,Malayalam
/content/work/processed_wav/Malayalam/23324.wav,Malayalam
/content/work/processed_wav/Malayalam/2348.wav,Malayalam
/content/work/processed_wav/Malayalam/23585.wav,Malayalam
/content/work/processed_wav/Malayalam/22883.wav,Malayalam
/content/work/processed_wav/Malayalam/22757.wav,Malayalam
/content/work/processed_wav/Malayalam/21607.wav,Malayalam
/content/work/processed_wav/Malayalam/22314.wav,Malayalam
/content/work/processed_wav/Malayalam/22963.wav,Malayalam
/content/work/processed_wav/Malayalam/23124.wav,Malayalam
/content/work/processed_wav/Malayalam/22957.wav,Malayalam
/content/work/processed_wav/Malayalam/21724.wav,Malayalam
/content/work/processed_wav/Malayalam/22706.wav,Malayalam
/content/work/processed_wav/Malayalam/21766.wav,Malayalam
/content/work/processed_wav/Malayalam/21796.wav,Malayalam
/content/work/processed_wav/Malayalam/22287.wav,Malayalam
/content/work/processed_wav/Malayalam/21722.wav,Malayalam
/content/work/processed_wav/Malayalam/2239.wav,Malayalam
/content/work/processed_wav/Malayalam/21767.wav,Malayalam
/content/work/processed_wav/Malayalam/23408.wav,Malayalam
/content/work/processed_wav/Malayalam/2177.wav,Malayalam
/content/work/processed_wav/Malayalam/22579.wav,Malayalam
/content/work/processed_wav/Malayalam/23304.wav,Malayalam
/content/work/processed_wav/Malayalam/23253.wav,Malayalam
/content/work/processed_wav/Malayalam/22118.wav,Malayalam
/content/work/processed_wav/Malayalam/23005.wav,Malayalam
/content/work/processed_wav/Malayalam/21847.wav,Malayalam
/content/work/processed_wav/Malayalam/23340.wav,Malayalam
/content/work/processed_wav/Malayalam/23315.wav,Malayalam
/content/work/processed_wav/Malayalam/22218.wav,Malayalam
/content/work/processed_wav/Malayalam/22220.wav,Malayalam
/content/work/processed_wav/Malayalam/2483.wav,Malayalam
/content/work/processed_wav/Malayalam/23911.wav,Malayalam
/content/work/processed_wav/Malayalam/24724.wav,Malayalam
/content/work/processed_wav/Malayalam/24711.wav,Malayalam
/content/work/processed_wav/Malayalam/24336.wav,Malayalam
/content/work/processed_wav/Malayalam/25308.wav,Malayalam
/content/work/processed_wav/Malayalam/25598.wav,Malayalam
/content/work/processed_wav/Malayalam/24756.wav,Malayalam
/content/work/processed_wav/Malayalam/24867.wav,Malayalam
/content/work/processed_wav/Malayalam/24983.wav,Malayalam
/content/work/processed_wav/Malayalam/24357.wav,Malayalam
/content/work/processed_wav/Malayalam/2528.wav,Malayalam
/content/work/processed_wav/Malayalam/24695.wav,Malayalam
/content/work/processed_wav/Malayalam/25474.wav,Malayalam
/content/work/processed_wav/Malayalam/25667.wav,Malayalam
/content/work/processed_wav/Malayalam/25674.wav,Malayalam
/content/work/processed_wav/Malayalam/24407.wav,Malayalam
/content/work/processed_wav/Malayalam/23694.wav,Malayalam
/content/work/processed_wav/Malayalam/25622.wav,Malayalam
/content/work/processed_wav/Malayalam/25089.wav,Malayalam
/content/work/processed_wav/Malayalam/24469.wav,Malayalam
/content/work/processed_wav/Malayalam/24142.wav,Malayalam
/content/work/processed_wav/Malayalam/25477.wav,Malayalam
/content/work/processed_wav/Malayalam/24887.wav,Malayalam
/content/work/processed_wav/Malayalam/24747.wav,Malayalam
/content/work/processed_wav/Malayalam/25029.wav,Malayalam
/content/work/processed_wav/Malayalam/24453.wav,Malayalam
/content/work/processed_wav/Malayalam/24674.wav,Malayalam
/content/work/processed_wav/Malayalam/25167.wav,Malayalam
/content/work/processed_wav/Malayalam/24060.wav,Malayalam
/content/work/processed_wav/Malayalam/24121.wav,Malayalam
/content/work/processed_wav/Malayalam/24936.wav,Malayalam
/content/work/processed_wav/Malayalam/2458.wav,Malayalam
/content/work/processed_wav/Malayalam/23936.wav,Malayalam
/content/work/processed_wav/Malayalam/24379.wav,Malayalam
/content/work/processed_wav/Malayalam/24416.wav,Malayalam
/content/work/processed_wav/Malayalam/23815.wav,Malayalam
/content/work/processed_wav/Malayalam/24806.wav,Malayalam
/content/work/processed_wav/Malayalam/25173.wav,Malayalam
/content/work/processed_wav/Malayalam/25482.wav,Malayalam
/content/work/processed_wav/Malayalam/24621.wav,Malayalam
/content/work/processed_wav/Malayalam/24254.wav,Malayalam
/content/work/processed_wav/Malayalam/25664.wav,Malayalam
/content/work/processed_wav/Malayalam/2396.wav,Malayalam
/content/work/processed_wav/Malayalam/24770.wav,Malayalam
/content/work/processed_wav/Malayalam/24229.wav,Malayalam
/content/work/processed_wav/Malayalam/23677.wav,Malayalam
/content/work/processed_wav/Malayalam/24951.wav,Malayalam
/content/work/processed_wav/Malayalam/24390.wav,Malayalam
/content/work/processed_wav/Malayalam/23695.wav,Malayalam
/content/work/processed_wav/Malayalam/23663.wav,Malayalam
/content/work/processed_wav/Malayalam/24220.wav,Malayalam
/content/work/processed_wav/Malayalam/24873.wav,Malayalam
/content/work/processed_wav/Malayalam/23732.wav,Malayalam
/content/work/processed_wav/Malayalam/24510.wav,Malayalam
/content/work/processed_wav/Malayalam/24848.wav,Malayalam
/content/work/processed_wav/Malayalam/24500.wav,Malayalam
/content/work/processed_wav/Malayalam/25034.wav,Malayalam
/content/work/processed_wav/Malayalam/25124.wav,Malayalam
/content/work/processed_wav/Malayalam/24272.wav,Malayalam
/content/work/processed_wav/Malayalam/25113.wav,Malayalam
/content/work/processed_wav/Malayalam/24539.wav,Malayalam
/content/work/processed_wav/Malayalam/23784.wav,Malayalam
/content/work/processed_wav/Malayalam/25532.wav,Malayalam
/content/work/processed_wav/Malayalam/25295.wav,Malayalam
/content/work/processed_wav/Malayalam/24257.wav,Malayalam
/content/work/processed_wav/Malayalam/24265.wav,Malayalam
/content/work/processed_wav/Malayalam/25698.wav,Malayalam
/content/work/processed_wav/Malayalam/24884.wav,Malayalam
/content/work/processed_wav/Malayalam/25258.wav,Malayalam
/content/work/processed_wav/Malayalam/25503.wav,Malayalam
/content/work/processed_wav/Malayalam/24705.wav,Malayalam
/content/work/processed_wav/Malayalam/2591.wav,Malayalam
/content/work/processed_wav/Malayalam/23680.wav,Malayalam
/content/work/processed_wav/Malayalam/24166.wav,Malayalam
/content/work/processed_wav/Malayalam/23895.wav,Malayalam
/content/work/processed_wav/Malayalam/24234.wav,Malayalam
/content/work/processed_wav/Malayalam/24505.wav,Malayalam
/content/work/processed_wav/Malayalam/23670.wav,Malayalam
/content/work/processed_wav/Malayalam/24240.wav,Malayalam
/content/work/processed_wav/Malayalam/24015.wav,Malayalam
/content/work/processed_wav/Malayalam/25365.wav,Malayalam
/content/work/processed_wav/Malayalam/24803.wav,Malayalam
/content/work/processed_wav/Malayalam/23758.wav,Malayalam
/content/work/processed_wav/Malayalam/23915.wav,Malayalam
/content/work/processed_wav/Malayalam/25264.wav,Malayalam
/content/work/processed_wav/Malayalam/25325.wav,Malayalam
/content/work/processed_wav/Malayalam/24116.wav,Malayalam
/content/work/processed_wav/Malayalam/23705.wav,Malayalam
/content/work/processed_wav/Malayalam/24633.wav,Malayalam
/content/work/processed_wav/Malayalam/2397.wav,Malayalam
/content/work/processed_wav/Malayalam/24467.wav,Malayalam
/content/work/processed_wav/Malayalam/3525.wav,Malayalam
/content/work/processed_wav/Malayalam/3361.wav,Malayalam
/content/work/processed_wav/Malayalam/3758.wav,Malayalam
/content/work/processed_wav/Malayalam/3282.wav,Malayalam
/content/work/processed_wav/Malayalam/3228.wav,Malayalam
/content/work/processed_wav/Malayalam/3784.wav,Malayalam
/content/work/processed_wav/Malayalam/2677.wav,Malayalam
/content/work/processed_wav/Malayalam/3299.wav,Malayalam
/content/work/processed_wav/Malayalam/2776.wav,Malayalam
/content/work/processed_wav/Malayalam/2807.wav,Malayalam
/content/work/processed_wav/Malayalam/3614.wav,Malayalam
/content/work/processed_wav/Malayalam/3179.wav,Malayalam
/content/work/processed_wav/Malayalam/2934.wav,Malayalam
/content/work/processed_wav/Malayalam/3365.wav,Malayalam
/content/work/processed_wav/Malayalam/3904.wav,Malayalam
/content/work/processed_wav/Malayalam/3111.wav,Malayalam
/content/work/processed_wav/Malayalam/3293.wav,Malayalam
/content/work/processed_wav/Malayalam/3507.wav,Malayalam
/content/work/processed_wav/Malayalam/2770.wav,Malayalam
/content/work/processed_wav/Malayalam/2851.wav,Malayalam
/content/work/processed_wav/Malayalam/4038.wav,Malayalam
/content/work/processed_wav/Malayalam/4008.wav,Malayalam
/content/work/processed_wav/Malayalam/2915.wav,Malayalam
/content/work/processed_wav/Malayalam/2616.wav,Malayalam
/content/work/processed_wav/Malayalam/3002.wav,Malayalam
/content/work/processed_wav/Malayalam/2775.wav,Malayalam
/content/work/processed_wav/Malayalam/2920.wav,Malayalam
/content/work/processed_wav/Malayalam/3598.wav,Malayalam
/content/work/processed_wav/Malayalam/3094.wav,Malayalam
/content/work/processed_wav/Malayalam/3979.wav,Malayalam
/content/work/processed_wav/Malayalam/4273.wav,Malayalam
/content/work/processed_wav/Malayalam/4412.wav,Malayalam
/content/work/processed_wav/Malayalam/2900.wav,Malayalam
/content/work/processed_wav/Malayalam/4285.wav,Malayalam
/content/work/processed_wav/Malayalam/3996.wav,Malayalam
/content/work/processed_wav/Malayalam/4076.wav,Malayalam
/content/work/processed_wav/Malayalam/2642.wav,Malayalam
/content/work/processed_wav/Malayalam/3685.wav,Malayalam
/content/work/processed_wav/Malayalam/4065.wav,Malayalam
/content/work/processed_wav/Malayalam/3726.wav,Malayalam
/content/work/processed_wav/Malayalam/3892.wav,Malayalam
/content/work/processed_wav/Malayalam/4430.wav,Malayalam
/content/work/processed_wav/Malayalam/3645.wav,Malayalam
/content/work/processed_wav/Malayalam/3606.wav,Malayalam
/content/work/processed_wav/Malayalam/4565.wav,Malayalam
/content/work/processed_wav/Malayalam/3107.wav,Malayalam
/content/work/processed_wav/Malayalam/3345.wav,Malayalam
/content/work/processed_wav/Malayalam/3827.wav,Malayalam
/content/work/processed_wav/Malayalam/3336.wav,Malayalam
/content/work/processed_wav/Malayalam/3128.wav,Malayalam
/content/work/processed_wav/Malayalam/3468.wav,Malayalam
/content/work/processed_wav/Malayalam/4656.wav,Malayalam
/content/work/processed_wav/Malayalam/3559.wav,Malayalam
/content/work/processed_wav/Malayalam/3521.wav,Malayalam
/content/work/processed_wav/Malayalam/3889.wav,Malayalam
/content/work/processed_wav/Malayalam/4488.wav,Malayalam
/content/work/processed_wav/Malayalam/4595.wav,Malayalam
/content/work/processed_wav/Malayalam/3634.wav,Malayalam
/content/work/processed_wav/Malayalam/4587.wav,Malayalam
/content/work/processed_wav/Malayalam/3993.wav,Malayalam
/content/work/processed_wav/Malayalam/3947.wav,Malayalam
/content/work/processed_wav/Malayalam/2612.wav,Malayalam
/content/work/processed_wav/Malayalam/4535.wav,Malayalam
/content/work/processed_wav/Malayalam/3667.wav,Malayalam
/content/work/processed_wav/Malayalam/4113.wav,Malayalam
/content/work/processed_wav/Malayalam/4551.wav,Malayalam
/content/work/processed_wav/Malayalam/3389.wav,Malayalam
/content/work/processed_wav/Malayalam/4391.wav,Malayalam
/content/work/processed_wav/Malayalam/3740.wav,Malayalam
/content/work/processed_wav/Malayalam/4104.wav,Malayalam
/content/work/processed_wav/Malayalam/2882.wav,Malayalam
/content/work/processed_wav/Malayalam/3511.wav,Malayalam
/content/work/processed_wav/Malayalam/4183.wav,Malayalam
/content/work/processed_wav/Malayalam/4321.wav,Malayalam
/content/work/processed_wav/Malayalam/2833.wav,Malayalam
/content/work/processed_wav/Malayalam/2992.wav,Malayalam
/content/work/processed_wav/Malayalam/4552.wav,Malayalam
/content/work/processed_wav/Malayalam/4297.wav,Malayalam
/content/work/processed_wav/Malayalam/4279.wav,Malayalam
/content/work/processed_wav/Malayalam/4553.wav,Malayalam
/content/work/processed_wav/Malayalam/2660.wav,Malayalam
/content/work/processed_wav/Malayalam/4594.wav,Malayalam
/content/work/processed_wav/Malayalam/3106.wav,Malayalam
/content/work/processed_wav/Malayalam/3346.wav,Malayalam
/content/work/processed_wav/Malayalam/4617.wav,Malayalam
/content/work/processed_wav/Malayalam/3960.wav,Malayalam
/content/work/processed_wav/Malayalam/4652.wav,Malayalam
/content/work/processed_wav/Malayalam/4598.wav,Malayalam
/content/work/processed_wav/Malayalam/4154.wav,Malayalam
/content/work/processed_wav/Malayalam/4603.wav,Malayalam
/content/work/processed_wav/Malayalam/4542.wav,Malayalam
/content/work/processed_wav/Malayalam/3029.wav,Malayalam
/content/work/processed_wav/Malayalam/3713.wav,Malayalam
/content/work/processed_wav/Malayalam/6267.wav,Malayalam
/content/work/processed_wav/Malayalam/5302.wav,Malayalam
/content/work/processed_wav/Malayalam/5554.wav,Malayalam
/content/work/processed_wav/Malayalam/4692.wav,Malayalam
/content/work/processed_wav/Malayalam/6353.wav,Malayalam
/content/work/processed_wav/Malayalam/5070.wav,Malayalam
/content/work/processed_wav/Malayalam/5145.wav,Malayalam
/content/work/processed_wav/Malayalam/5856.wav,Malayalam
/content/work/processed_wav/Malayalam/4995.wav,Malayalam
/content/work/processed_wav/Malayalam/5210.wav,Malayalam
/content/work/processed_wav/Malayalam/4946.wav,Malayalam
/content/work/processed_wav/Malayalam/4704.wav,Malayalam
/content/work/processed_wav/Malayalam/5128.wav,Malayalam
/content/work/processed_wav/Malayalam/6051.wav,Malayalam
/content/work/processed_wav/Malayalam/5463.wav,Malayalam
/content/work/processed_wav/Malayalam/4745.wav,Malayalam
/content/work/processed_wav/Malayalam/5441.wav,Malayalam
/content/work/processed_wav/Malayalam/5373.wav,Malayalam
/content/work/processed_wav/Malayalam/4810.wav,Malayalam
/content/work/processed_wav/Malayalam/4858.wav,Malayalam
/content/work/processed_wav/Malayalam/5043.wav,Malayalam
/content/work/processed_wav/Malayalam/6350.wav,Malayalam
/content/work/processed_wav/Malayalam/6219.wav,Malayalam
/content/work/processed_wav/Malayalam/4828.wav,Malayalam
/content/work/processed_wav/Malayalam/5054.wav,Malayalam
/content/work/processed_wav/Malayalam/5250.wav,Malayalam
/content/work/processed_wav/Malayalam/4944.wav,Malayalam
/content/work/processed_wav/Malayalam/6206.wav,Malayalam
/content/work/processed_wav/Malayalam/6386.wav,Malayalam
/content/work/processed_wav/Malayalam/6184.wav,Malayalam
/content/work/processed_wav/Malayalam/5678.wav,Malayalam
/content/work/processed_wav/Malayalam/5793.wav,Malayalam
/content/work/processed_wav/Malayalam/4918.wav,Malayalam
/content/work/processed_wav/Malayalam/5477.wav,Malayalam
/content/work/processed_wav/Malayalam/6196.wav,Malayalam
/content/work/processed_wav/Malayalam/5596.wav,Malayalam
/content/work/processed_wav/Malayalam/5030.wav,Malayalam
/content/work/processed_wav/Malayalam/5000.wav,Malayalam
/content/work/processed_wav/Malayalam/5756.wav,Malayalam
/content/work/processed_wav/Malayalam/4890.wav,Malayalam
/content/work/processed_wav/Malayalam/6116.wav,Malayalam
/content/work/processed_wav/Malayalam/5588.wav,Malayalam
/content/work/processed_wav/Malayalam/6172.wav,Malayalam
/content/work/processed_wav/Malayalam/6385.wav,Malayalam
/content/work/processed_wav/Malayalam/5586.wav,Malayalam
/content/work/processed_wav/Malayalam/6174.wav,Malayalam
/content/work/processed_wav/Malayalam/5102.wav,Malayalam
/content/work/processed_wav/Malayalam/6396.wav,Malayalam
/content/work/processed_wav/Malayalam/5266.wav,Malayalam
/content/work/processed_wav/Malayalam/6016.wav,Malayalam
/content/work/processed_wav/Malayalam/4909.wav,Malayalam
/content/work/processed_wav/Malayalam/6144.wav,Malayalam
/content/work/processed_wav/Malayalam/5255.wav,Malayalam
/content/work/processed_wav/Malayalam/5641.wav,Malayalam
/content/work/processed_wav/Malayalam/6280.wav,Malayalam
/content/work/processed_wav/Malayalam/5517.wav,Malayalam
/content/work/processed_wav/Malayalam/4716.wav,Malayalam
/content/work/processed_wav/Malayalam/5712.wav,Malayalam
/content/work/processed_wav/Malayalam/5739.wav,Malayalam
/content/work/processed_wav/Malayalam/6164.wav,Malayalam
/content/work/processed_wav/Malayalam/5009.wav,Malayalam
/content/work/processed_wav/Malayalam/4928.wav,Malayalam
/content/work/processed_wav/Malayalam/4678.wav,Malayalam
/content/work/processed_wav/Malayalam/5082.wav,Malayalam
/content/work/processed_wav/Malayalam/5313.wav,Malayalam
/content/work/processed_wav/Malayalam/6225.wav,Malayalam
/content/work/processed_wav/Malayalam/4920.wav,Malayalam
/content/work/processed_wav/Malayalam/5401.wav,Malayalam
/content/work/processed_wav/Malayalam/5283.wav,Malayalam
/content/work/processed_wav/Malayalam/5837.wav,Malayalam
/content/work/processed_wav/Malayalam/5221.wav,Malayalam
/content/work/processed_wav/Malayalam/4805.wav,Malayalam
/content/work/processed_wav/Malayalam/5498.wav,Malayalam
/content/work/processed_wav/Malayalam/6026.wav,Malayalam
/content/work/processed_wav/Malayalam/4864.wav,Malayalam
/content/work/processed_wav/Malayalam/4657.wav,Malayalam
/content/work/processed_wav/Malayalam/6041.wav,Malayalam
/content/work/processed_wav/Malayalam/5348.wav,Malayalam
/content/work/processed_wav/Malayalam/6049.wav,Malayalam
/content/work/processed_wav/Malayalam/5172.wav,Malayalam
/content/work/processed_wav/Malayalam/5136.wav,Malayalam
/content/work/processed_wav/Malayalam/5961.wav,Malayalam
/content/work/processed_wav/Malayalam/5841.wav,Malayalam
/content/work/processed_wav/Malayalam/4712.wav,Malayalam
/content/work/processed_wav/Malayalam/5053.wav,Malayalam
/content/work/processed_wav/Malayalam/5702.wav,Malayalam
/content/work/processed_wav/Malayalam/4723.wav,Malayalam
/content/work/processed_wav/Malayalam/6160.wav,Malayalam
/content/work/processed_wav/Malayalam/6290.wav,Malayalam
/content/work/processed_wav/Malayalam/5476.wav,Malayalam
/content/work/processed_wav/Malayalam/4791.wav,Malayalam
/content/work/processed_wav/Malayalam/7979.wav,Malayalam
/content/work/processed_wav/Malayalam/6502.wav,Malayalam
/content/work/processed_wav/Malayalam/8106.wav,Malayalam
/content/work/processed_wav/Malayalam/7458.wav,Malayalam
/content/work/processed_wav/Malayalam/8565.wav,Malayalam
/content/work/processed_wav/Malayalam/7072.wav,Malayalam
/content/work/processed_wav/Malayalam/8051.wav,Malayalam
/content/work/processed_wav/Malayalam/6941.wav,Malayalam
/content/work/processed_wav/Malayalam/7618.wav,Malayalam
/content/work/processed_wav/Malayalam/8352.wav,Malayalam
/content/work/processed_wav/Malayalam/8364.wav,Malayalam
/content/work/processed_wav/Malayalam/8232.wav,Malayalam
/content/work/processed_wav/Malayalam/6984.wav,Malayalam
/content/work/processed_wav/Malayalam/8004.wav,Malayalam
/content/work/processed_wav/Malayalam/7364.wav,Malayalam
/content/work/processed_wav/Malayalam/8415.wav,Malayalam
/content/work/processed_wav/Malayalam/8337.wav,Malayalam
/content/work/processed_wav/Malayalam/7934.wav,Malayalam
/content/work/processed_wav/Malayalam/6593.wav,Malayalam
/content/work/processed_wav/Malayalam/6623.wav,Malayalam
/content/work/processed_wav/Malayalam/7052.wav,Malayalam
/content/work/processed_wav/Malayalam/6796.wav,Malayalam
/content/work/processed_wav/Malayalam/6983.wav,Malayalam
/content/work/processed_wav/Malayalam/7267.wav,Malayalam
/content/work/processed_wav/Malayalam/7783.wav,Malayalam
/content/work/processed_wav/Malayalam/7598.wav,Malayalam
/content/work/processed_wav/Malayalam/8072.wav,Malayalam
/content/work/processed_wav/Malayalam/6795.wav,Malayalam
/content/work/processed_wav/Malayalam/7048.wav,Malayalam
/content/work/processed_wav/Malayalam/7894.wav,Malayalam
/content/work/processed_wav/Malayalam/8255.wav,Malayalam
/content/work/processed_wav/Malayalam/7816.wav,Malayalam
/content/work/processed_wav/Malayalam/6426.wav,Malayalam
/content/work/processed_wav/Malayalam/8282.wav,Malayalam
/content/work/processed_wav/Malayalam/8432.wav,Malayalam
/content/work/processed_wav/Malayalam/8047.wav,Malayalam
/content/work/processed_wav/Malayalam/8229.wav,Malayalam
/content/work/processed_wav/Malayalam/7007.wav,Malayalam
/content/work/processed_wav/Malayalam/6605.wav,Malayalam
/content/work/processed_wav/Malayalam/8142.wav,Malayalam
/content/work/processed_wav/Malayalam/7833.wav,Malayalam
/content/work/processed_wav/Malayalam/8119.wav,Malayalam
/content/work/processed_wav/Malayalam/6828.wav,Malayalam
/content/work/processed_wav/Malayalam/6432.wav,Malayalam
/content/work/processed_wav/Malayalam/7445.wav,Malayalam
/content/work/processed_wav/Malayalam/6723.wav,Malayalam
/content/work/processed_wav/Malayalam/8444.wav,Malayalam
/content/work/processed_wav/Malayalam/6491.wav,Malayalam
/content/work/processed_wav/Malayalam/6514.wav,Malayalam
/content/work/processed_wav/Malayalam/8077.wav,Malayalam
/content/work/processed_wav/Malayalam/6956.wav,Malayalam
/content/work/processed_wav/Malayalam/8118.wav,Malayalam
/content/work/processed_wav/Malayalam/8002.wav,Malayalam
/content/work/processed_wav/Malayalam/6429.wav,Malayalam
/content/work/processed_wav/Malayalam/6721.wav,Malayalam
/content/work/processed_wav/Malayalam/8022.wav,Malayalam
/content/work/processed_wav/Malayalam/8032.wav,Malayalam
/content/work/processed_wav/Malayalam/8353.wav,Malayalam
/content/work/processed_wav/Malayalam/7018.wav,Malayalam
/content/work/processed_wav/Malayalam/6567.wav,Malayalam
/content/work/processed_wav/Malayalam/7303.wav,Malayalam
/content/work/processed_wav/Malayalam/7717.wav,Malayalam
/content/work/processed_wav/Malayalam/6684.wav,Malayalam
/content/work/processed_wav/Malayalam/7558.wav,Malayalam
/content/work/processed_wav/Malayalam/7779.wav,Malayalam
/content/work/processed_wav/Malayalam/8220.wav,Malayalam
/content/work/processed_wav/Malayalam/7280.wav,Malayalam
/content/work/processed_wav/Malayalam/6652.wav,Malayalam
/content/work/processed_wav/Malayalam/7652.wav,Malayalam
/content/work/processed_wav/Malayalam/8474.wav,Malayalam
/content/work/processed_wav/Malayalam/844.wav,Malayalam
/content/work/processed_wav/Malayalam/8005.wav,Malayalam
/content/work/processed_wav/Malayalam/7179.wav,Malayalam
/content/work/processed_wav/Malayalam/8089.wav,Malayalam
/content/work/processed_wav/Malayalam/6923.wav,Malayalam
/content/work/processed_wav/Malayalam/7056.wav,Malayalam
/content/work/processed_wav/Malayalam/6856.wav,Malayalam
/content/work/processed_wav/Malayalam/6430.wav,Malayalam
/content/work/processed_wav/Malayalam/7820.wav,Malayalam
/content/work/processed_wav/Malayalam/8557.wav,Malayalam
/content/work/processed_wav/Malayalam/8443.wav,Malayalam
/content/work/processed_wav/Malayalam/8335.wav,Malayalam
/content/work/processed_wav/Malayalam/8461.wav,Malayalam
/content/work/processed_wav/Malayalam/6937.wav,Malayalam
/content/work/processed_wav/Malayalam/8645.wav,Malayalam
/content/work/processed_wav/Malayalam/8809.wav,Malayalam
/content/work/processed_wav/Malayalam/9301.wav,Malayalam
/content/work/processed_wav/Malayalam/9909.wav,Malayalam
/content/work/processed_wav/Malayalam/9622.wav,Malayalam
/content/work/processed_wav/Malayalam/9362.wav,Malayalam
/content/work/processed_wav/Malayalam/8664.wav,Malayalam
/content/work/processed_wav/Malayalam/8736.wav,Malayalam
/content/work/processed_wav/Malayalam/9917.wav,Malayalam
/content/work/processed_wav/Malayalam/8616.wav,Malayalam
/content/work/processed_wav/Malayalam/9154.wav,Malayalam
/content/work/processed_wav/Malayalam/9858.wav,Malayalam
/content/work/processed_wav/Malayalam/8971.wav,Malayalam
/content/work/processed_wav/Malayalam/9436.wav,Malayalam
/content/work/processed_wav/Malayalam/9677.wav,Malayalam
/content/work/processed_wav/Malayalam/9104.wav,Malayalam
/content/work/processed_wav/Malayalam/9995.wav,Malayalam
/content/work/processed_wav/Malayalam/8731.wav,Malayalam
/content/work/processed_wav/Malayalam/9797.wav,Malayalam
/content/work/processed_wav/Malayalam/9040.wav,Malayalam
/content/work/processed_wav/Malayalam/9083.wav,Malayalam
/content/work/processed_wav/Malayalam/8947.wav,Malayalam
/content/work/processed_wav/Malayalam/8792.wav,Malayalam
/content/work/processed_wav/Malayalam/9059.wav,Malayalam
/content/work/processed_wav/Malayalam/9263.wav,Malayalam
/content/work/processed_wav/Malayalam/8575.wav,Malayalam
/content/work/processed_wav/Malayalam/9031.wav,Malayalam
/content/work/processed_wav/Malayalam/8968.wav,Malayalam
/content/work/processed_wav/Malayalam/9185.wav,Malayalam
/content/work/processed_wav/Malayalam/9732.wav,Malayalam
/content/work/processed_wav/Malayalam/8609.wav,Malayalam
/content/work/processed_wav/Malayalam/9351.wav,Malayalam
/content/work/processed_wav/Malayalam/8842.wav,Malayalam
/content/work/processed_wav/Malayalam/9266.wav,Malayalam
/content/work/processed_wav/Malayalam/8592.wav,Malayalam
/content/work/processed_wav/Malayalam/8789.wav,Malayalam
/content/work/processed_wav/Malayalam/9944.wav,Malayalam
/content/work/processed_wav/Malayalam/9996.wav,Malayalam
/content/work/processed_wav/Malayalam/9424.wav,Malayalam
/content/work/processed_wav/Malayalam/8990.wav,Malayalam
/content/work/processed_wav/Malayalam/9224.wav,Malayalam
/content/work/processed_wav/Malayalam/9559.wav,Malayalam
/content/work/processed_wav/Malayalam/9425.wav,Malayalam
/content/work/processed_wav/Malayalam/8807.wav,Malayalam
/content/work/processed_wav/Malayalam/9715.wav,Malayalam
/content/work/processed_wav/Malayalam/9509.wav,Malayalam
/content/work/processed_wav/Malayalam/8725.wav,Malayalam
/content/work/processed_wav/Malayalam/9011.wav,Malayalam
/content/work/processed_wav/Malayalam/9271.wav,Malayalam
/content/work/processed_wav/Malayalam/9246.wav,Malayalam
/content/work/processed_wav/Malayalam/9601.wav,Malayalam
/content/work/processed_wav/Malayalam/9348.wav,Malayalam
/content/work/processed_wav/Malayalam/8891.wav,Malayalam
/content/work/processed_wav/Malayalam/9312.wav,Malayalam
/content/work/processed_wav/Malayalam/8585.wav,Malayalam
/content/work/processed_wav/Malayalam/9411.wav,Malayalam
/content/work/processed_wav/Malayalam/8849.wav,Malayalam
/content/work/processed_wav/Malayalam/8598.wav,Malayalam
/content/work/processed_wav/Malayalam/9740.wav,Malayalam
/content/work/processed_wav/Malayalam/9459.wav,Malayalam
/content/work/processed_wav/Malayalam/9434.wav,Malayalam
/content/work/processed_wav/Malayalam/9315.wav,Malayalam
/content/work/processed_wav/Malayalam/9840.wav,Malayalam
/content/work/processed_wav/Malayalam/8885.wav,Malayalam
/content/work/processed_wav/Malayalam/9889.wav,Malayalam
/content/work/processed_wav/Marathi/10167.wav,Marathi
/content/work/processed_wav/Marathi/10418.wav,Marathi
/content/work/processed_wav/Marathi/10703.wav,Marathi
/content/work/processed_wav/Marathi/10304.wav,Marathi
/content/work/processed_wav/Marathi/10503.wav,Marathi
/content/work/processed_wav/Marathi/11246.wav,Marathi
/content/work/processed_wav/Marathi/11140.wav,Marathi
/content/work/processed_wav/Marathi/10618.wav,Marathi
/content/work/processed_wav/Marathi/10294.wav,Marathi
/content/work/processed_wav/Marathi/11161.wav,Marathi
/content/work/processed_wav/Marathi/1027.wav,Marathi
/content/work/processed_wav/Marathi/10852.wav,Marathi
/content/work/processed_wav/Marathi/10504.wav,Marathi
/content/work/processed_wav/Marathi/10351.wav,Marathi
/content/work/processed_wav/Marathi/1053.wav,Marathi
/content/work/processed_wav/Marathi/10087.wav,Marathi
/content/work/processed_wav/Marathi/1013.wav,Marathi
/content/work/processed_wav/Marathi/1024.wav,Marathi
/content/work/processed_wav/Marathi/10901.wav,Marathi
/content/work/processed_wav/Marathi/10686.wav,Marathi
/content/work/processed_wav/Marathi/11044.wav,Marathi
/content/work/processed_wav/Marathi/11203.wav,Marathi
/content/work/processed_wav/Marathi/10630.wav,Marathi
/content/work/processed_wav/Marathi/11083.wav,Marathi
/content/work/processed_wav/Marathi/11188.wav,Marathi
/content/work/processed_wav/Marathi/11071.wav,Marathi
/content/work/processed_wav/Marathi/10602.wav,Marathi
/content/work/processed_wav/Marathi/11028.wav,Marathi
/content/work/processed_wav/Marathi/10296.wav,Marathi
/content/work/processed_wav/Marathi/11114.wav,Marathi
/content/work/processed_wav/Marathi/10176.wav,Marathi
/content/work/processed_wav/Marathi/10301.wav,Marathi
/content/work/processed_wav/Marathi/11014.wav,Marathi
/content/work/processed_wav/Marathi/1002.wav,Marathi
/content/work/processed_wav/Marathi/1070.wav,Marathi
/content/work/processed_wav/Marathi/10013.wav,Marathi
/content/work/processed_wav/Marathi/10371.wav,Marathi
/content/work/processed_wav/Marathi/10348.wav,Marathi
/content/work/processed_wav/Marathi/1074.wav,Marathi
/content/work/processed_wav/Marathi/12536.wav,Marathi
/content/work/processed_wav/Marathi/12436.wav,Marathi
/content/work/processed_wav/Marathi/11579.wav,Marathi
/content/work/processed_wav/Marathi/12771.wav,Marathi
/content/work/processed_wav/Marathi/1204.wav,Marathi
/content/work/processed_wav/Marathi/12470.wav,Marathi
/content/work/processed_wav/Marathi/11813.wav,Marathi
/content/work/processed_wav/Marathi/12715.wav,Marathi
/content/work/processed_wav/Marathi/12492.wav,Marathi
/content/work/processed_wav/Marathi/12204.wav,Marathi
/content/work/processed_wav/Marathi/1222.wav,Marathi
/content/work/processed_wav/Marathi/11275.wav,Marathi
/content/work/processed_wav/Marathi/12349.wav,Marathi
/content/work/processed_wav/Marathi/12647.wav,Marathi
/content/work/processed_wav/Marathi/11452.wav,Marathi
/content/work/processed_wav/Marathi/11430.wav,Marathi
/content/work/processed_wav/Marathi/12553.wav,Marathi
/content/work/processed_wav/Marathi/11681.wav,Marathi
/content/work/processed_wav/Marathi/1213.wav,Marathi
/content/work/processed_wav/Marathi/12603.wav,Marathi
/content/work/processed_wav/Marathi/11683.wav,Marathi
/content/work/processed_wav/Marathi/11288.wav,Marathi
/content/work/processed_wav/Marathi/12637.wav,Marathi
/content/work/processed_wav/Marathi/12656.wav,Marathi
/content/work/processed_wav/Marathi/12907.wav,Marathi
/content/work/processed_wav/Marathi/11704.wav,Marathi
/content/work/processed_wav/Marathi/11519.wav,Marathi
/content/work/processed_wav/Marathi/12393.wav,Marathi
/content/work/processed_wav/Marathi/12516.wav,Marathi
/content/work/processed_wav/Marathi/12726.wav,Marathi
/content/work/processed_wav/Marathi/11584.wav,Marathi
/content/work/processed_wav/Marathi/11769.wav,Marathi
/content/work/processed_wav/Marathi/11368.wav,Marathi
/content/work/processed_wav/Marathi/11507.wav,Marathi
/content/work/processed_wav/Marathi/11306.wav,Marathi
/content/work/processed_wav/Marathi/11406.wav,Marathi
/content/work/processed_wav/Marathi/11969.wav,Marathi
/content/work/processed_wav/Marathi/11474.wav,Marathi
/content/work/processed_wav/Marathi/11804.wav,Marathi
/content/work/processed_wav/Marathi/12799.wav,Marathi
/content/work/processed_wav/Marathi/12888.wav,Marathi
/content/work/processed_wav/Marathi/11779.wav,Marathi
/content/work/processed_wav/Marathi/11324.wav,Marathi
/content/work/processed_wav/Marathi/12769.wav,Marathi
/content/work/processed_wav/Marathi/12398.wav,Marathi
/content/work/processed_wav/Marathi/12473.wav,Marathi
/content/work/processed_wav/Marathi/12835.wav,Marathi
/content/work/processed_wav/Marathi/11670.wav,Marathi
/content/work/processed_wav/Marathi/11701.wav,Marathi
/content/work/processed_wav/Marathi/11960.wav,Marathi
/content/work/processed_wav/Marathi/11590.wav,Marathi
/content/work/processed_wav/Marathi/12040.wav,Marathi
/content/work/processed_wav/Marathi/11341.wav,Marathi
/content/work/processed_wav/Marathi/12166.wav,Marathi
/content/work/processed_wav/Marathi/12182.wav,Marathi
/content/work/processed_wav/Marathi/11671.wav,Marathi
/content/work/processed_wav/Marathi/12330.wav,Marathi
/content/work/processed_wav/Marathi/12089.wav,Marathi
/content/work/processed_wav/Marathi/11473.wav,Marathi
/content/work/processed_wav/Marathi/11440.wav,Marathi
/content/work/processed_wav/Marathi/1132.wav,Marathi
/content/work/processed_wav/Marathi/12482.wav,Marathi
/content/work/processed_wav/Marathi/11542.wav,Marathi
/content/work/processed_wav/Marathi/11958.wav,Marathi
/content/work/processed_wav/Marathi/11381.wav,Marathi
/content/work/processed_wav/Marathi/12710.wav,Marathi
/content/work/processed_wav/Marathi/11714.wav,Marathi
/content/work/processed_wav/Marathi/11602.wav,Marathi
/content/work/processed_wav/Marathi/12390.wav,Marathi
/content/work/processed_wav/Marathi/11930.wav,Marathi
/content/work/processed_wav/Marathi/1192.wav,Marathi
/content/work/processed_wav/Marathi/12727.wav,Marathi
/content/work/processed_wav/Marathi/12551.wav,Marathi
/content/work/processed_wav/Marathi/11428.wav,Marathi
/content/work/processed_wav/Marathi/11907.wav,Marathi
/content/work/processed_wav/Marathi/11627.wav,Marathi
/content/work/processed_wav/Marathi/12247.wav,Marathi
/content/work/processed_wav/Marathi/11463.wav,Marathi
/content/work/processed_wav/Marathi/13788.wav,Marathi
/content/work/processed_wav/Marathi/1470 (1).wav,Marathi
/content/work/processed_wav/Marathi/13361.wav,Marathi
/content/work/processed_wav/Marathi/14063.wav,Marathi
/content/work/processed_wav/Marathi/14740.wav,Marathi
/content/work/processed_wav/Marathi/13141.wav,Marathi
/content/work/processed_wav/Marathi/14603.wav,Marathi
/content/work/processed_wav/Marathi/13726.wav,Marathi
/content/work/processed_wav/Marathi/13463.wav,Marathi
/content/work/processed_wav/Marathi/13057.wav,Marathi
/content/work/processed_wav/Marathi/12938.wav,Marathi
/content/work/processed_wav/Marathi/12941.wav,Marathi
/content/work/processed_wav/Marathi/14145.wav,Marathi
/content/work/processed_wav/Marathi/14661.wav,Marathi
/content/work/processed_wav/Marathi/14630.wav,Marathi
/content/work/processed_wav/Marathi/14332.wav,Marathi
/content/work/processed_wav/Marathi/14053.wav,Marathi
/content/work/processed_wav/Marathi/14313.wav,Marathi
/content/work/processed_wav/Marathi/13642.wav,Marathi
/content/work/processed_wav/Marathi/13806.wav,Marathi
/content/work/processed_wav/Marathi/14171.wav,Marathi
/content/work/processed_wav/Marathi/14477.wav,Marathi
/content/work/processed_wav/Marathi/14334.wav,Marathi
/content/work/processed_wav/Marathi/13163.wav,Marathi
/content/work/processed_wav/Marathi/13675.wav,Marathi
/content/work/processed_wav/Marathi/13460.wav,Marathi
/content/work/processed_wav/Marathi/14285.wav,Marathi
/content/work/processed_wav/Marathi/13126.wav,Marathi
/content/work/processed_wav/Marathi/14606.wav,Marathi
/content/work/processed_wav/Marathi/13344.wav,Marathi
/content/work/processed_wav/Marathi/13787.wav,Marathi
/content/work/processed_wav/Marathi/14390.wav,Marathi
/content/work/processed_wav/Marathi/1441.wav,Marathi
/content/work/processed_wav/Marathi/13539.wav,Marathi
/content/work/processed_wav/Marathi/1470.wav,Marathi
/content/work/processed_wav/Marathi/14783 (1).wav,Marathi
/content/work/processed_wav/Marathi/13178.wav,Marathi
/content/work/processed_wav/Marathi/14160.wav,Marathi
/content/work/processed_wav/Marathi/14084.wav,Marathi
/content/work/processed_wav/Marathi/14773.wav,Marathi
/content/work/processed_wav/Marathi/12913.wav,Marathi
/content/work/processed_wav/Marathi/13310.wav,Marathi
/content/work/processed_wav/Marathi/14064.wav,Marathi
/content/work/processed_wav/Marathi/13802.wav,Marathi
/content/work/processed_wav/Marathi/14552.wav,Marathi
/content/work/processed_wav/Marathi/13906.wav,Marathi
/content/work/processed_wav/Marathi/13440.wav,Marathi
/content/work/processed_wav/Marathi/12916.wav,Marathi
/content/work/processed_wav/Marathi/12994.wav,Marathi
/content/work/processed_wav/Marathi/13985.wav,Marathi
/content/work/processed_wav/Marathi/13487.wav,Marathi
/content/work/processed_wav/Marathi/13738.wav,Marathi
/content/work/processed_wav/Marathi/14635.wav,Marathi
/content/work/processed_wav/Marathi/14448.wav,Marathi
/content/work/processed_wav/Marathi/12971.wav,Marathi
/content/work/processed_wav/Marathi/1448.wav,Marathi
/content/work/processed_wav/Marathi/13615.wav,Marathi
/content/work/processed_wav/Marathi/14703 (1).wav,Marathi
/content/work/processed_wav/Marathi/13132.wav,Marathi
/content/work/processed_wav/Marathi/13711.wav,Marathi
/content/work/processed_wav/Marathi/12959.wav,Marathi
/content/work/processed_wav/Marathi/13082.wav,Marathi
/content/work/processed_wav/Marathi/14299.wav,Marathi
/content/work/processed_wav/Marathi/14580.wav,Marathi
/content/work/processed_wav/Marathi/13107.wav,Marathi
/content/work/processed_wav/Marathi/13409.wav,Marathi
/content/work/processed_wav/Marathi/14030.wav,Marathi
/content/work/processed_wav/Marathi/14177.wav,Marathi
/content/work/processed_wav/Marathi/13934.wav,Marathi
/content/work/processed_wav/Marathi/1320.wav,Marathi
/content/work/processed_wav/Marathi/13783.wav,Marathi
/content/work/processed_wav/Marathi/13843.wav,Marathi
/content/work/processed_wav/Marathi/14017.wav,Marathi
/content/work/processed_wav/Marathi/14534.wav,Marathi
/content/work/processed_wav/Marathi/13945.wav,Marathi
/content/work/processed_wav/Marathi/14051.wav,Marathi
/content/work/processed_wav/Marathi/14704.wav,Marathi
/content/work/processed_wav/Marathi/14650.wav,Marathi
/content/work/processed_wav/Marathi/12924.wav,Marathi
/content/work/processed_wav/Marathi/12928.wav,Marathi
/content/work/processed_wav/Marathi/14049.wav,Marathi
/content/work/processed_wav/Marathi/14703.wav,Marathi
/content/work/processed_wav/Marathi/14783.wav,Marathi
/content/work/processed_wav/Marathi/13587.wav,Marathi
/content/work/processed_wav/Marathi/12965.wav,Marathi
/content/work/processed_wav/Marathi/15027.wav,Marathi
/content/work/processed_wav/Marathi/15963.wav,Marathi
/content/work/processed_wav/Marathi/16092.wav,Marathi
/content/work/processed_wav/Marathi/15441.wav,Marathi
/content/work/processed_wav/Marathi/16238.wav,Marathi
/content/work/processed_wav/Marathi/15345.wav,Marathi
/content/work/processed_wav/Marathi/149 (1).wav,Marathi
/content/work/processed_wav/Marathi/15828.wav,Marathi
/content/work/processed_wav/Marathi/15592.wav,Marathi
/content/work/processed_wav/Marathi/1596.wav,Marathi
/content/work/processed_wav/Marathi/15555.wav,Marathi
/content/work/processed_wav/Marathi/15481.wav,Marathi
/content/work/processed_wav/Marathi/15469.wav,Marathi
/content/work/processed_wav/Marathi/15904.wav,Marathi
/content/work/processed_wav/Marathi/15653.wav,Marathi
/content/work/processed_wav/Marathi/15158.wav,Marathi
/content/work/processed_wav/Marathi/15317.wav,Marathi
/content/work/processed_wav/Marathi/15981.wav,Marathi
/content/work/processed_wav/Marathi/16104.wav,Marathi
/content/work/processed_wav/Marathi/16167.wav,Marathi
/content/work/processed_wav/Marathi/15385.wav,Marathi
/content/work/processed_wav/Marathi/16467.wav,Marathi
/content/work/processed_wav/Marathi/15854.wav,Marathi
/content/work/processed_wav/Marathi/15817.wav,Marathi
/content/work/processed_wav/Marathi/14944 (1).wav,Marathi
/content/work/processed_wav/Marathi/15001.wav,Marathi
/content/work/processed_wav/Marathi/1642.wav,Marathi
/content/work/processed_wav/Marathi/15712.wav,Marathi
/content/work/processed_wav/Marathi/16097.wav,Marathi
/content/work/processed_wav/Marathi/15639.wav,Marathi
/content/work/processed_wav/Marathi/16160.wav,Marathi
/content/work/processed_wav/Marathi/15337.wav,Marathi
/content/work/processed_wav/Marathi/15249.wav,Marathi
/content/work/processed_wav/Marathi/16320.wav,Marathi
/content/work/processed_wav/Marathi/15737.wav,Marathi
/content/work/processed_wav/Marathi/15428.wav,Marathi
/content/work/processed_wav/Marathi/15771.wav,Marathi
/content/work/processed_wav/Marathi/15 (1).wav,Marathi
/content/work/processed_wav/Marathi/15681.wav,Marathi
/content/work/processed_wav/Marathi/16246.wav,Marathi
/content/work/processed_wav/Marathi/15411.wav,Marathi
/content/work/processed_wav/Marathi/16131.wav,Marathi
/content/work/processed_wav/Marathi/1531.wav,Marathi
/content/work/processed_wav/Marathi/1606.wav,Marathi
/content/work/processed_wav/Marathi/1600.wav,Marathi
/content/work/processed_wav/Marathi/15420.wav,Marathi
/content/work/processed_wav/Marathi/149.wav,Marathi
/content/work/processed_wav/Marathi/15720.wav,Marathi
/content/work/processed_wav/Marathi/15516.wav,Marathi
/content/work/processed_wav/Marathi/14984.wav,Marathi
/content/work/processed_wav/Marathi/14944.wav,Marathi
/content/work/processed_wav/Marathi/15642.wav,Marathi
/content/work/processed_wav/Marathi/15742.wav,Marathi
/content/work/processed_wav/Marathi/15378.wav,Marathi
/content/work/processed_wav/Marathi/16432.wav,Marathi
/content/work/processed_wav/Marathi/16010.wav,Marathi
/content/work/processed_wav/Marathi/16532.wav,Marathi
/content/work/processed_wav/Marathi/15726.wav,Marathi
/content/work/processed_wav/Marathi/15.wav,Marathi
/content/work/processed_wav/Marathi/16256.wav,Marathi
/content/work/processed_wav/Marathi/14821 (1).wav,Marathi
/content/work/processed_wav/Marathi/15899.wav,Marathi
/content/work/processed_wav/Marathi/14810.wav,Marathi
/content/work/processed_wav/Marathi/16065.wav,Marathi
/content/work/processed_wav/Marathi/15183.wav,Marathi
/content/work/processed_wav/Marathi/15997.wav,Marathi
/content/work/processed_wav/Marathi/15209.wav,Marathi
/content/work/processed_wav/Marathi/15299.wav,Marathi
/content/work/processed_wav/Marathi/15587.wav,Marathi
/content/work/processed_wav/Marathi/1622.wav,Marathi
/content/work/processed_wav/Marathi/16254.wav,Marathi
/content/work/processed_wav/Marathi/14999 (1).wav,Marathi
/content/work/processed_wav/Marathi/16290.wav,Marathi
/content/work/processed_wav/Marathi/15589.wav,Marathi
/content/work/processed_wav/Marathi/16081.wav,Marathi
/content/work/processed_wav/Marathi/16336.wav,Marathi
/content/work/processed_wav/Marathi/15714.wav,Marathi
/content/work/processed_wav/Marathi/15915.wav,Marathi
/content/work/processed_wav/Marathi/15009 (1).wav,Marathi
/content/work/processed_wav/Marathi/14821.wav,Marathi
/content/work/processed_wav/Marathi/15934.wav,Marathi
/content/work/processed_wav/Marathi/15212.wav,Marathi
/content/work/processed_wav/Marathi/16027.wav,Marathi
/content/work/processed_wav/Marathi/15009.wav,Marathi
/content/work/processed_wav/Marathi/16329.wav,Marathi
/content/work/processed_wav/Marathi/14999.wav,Marathi
/content/work/processed_wav/Marathi/17446.wav,Marathi
/content/work/processed_wav/Marathi/17862.wav,Marathi
/content/work/processed_wav/Marathi/1709.wav,Marathi
/content/work/processed_wav/Marathi/16936.wav,Marathi
/content/work/processed_wav/Marathi/17198.wav,Marathi
/content/work/processed_wav/Marathi/16864.wav,Marathi
/content/work/processed_wav/Marathi/17233.wav,Marathi
/content/work/processed_wav/Marathi/16957.wav,Marathi
/content/work/processed_wav/Marathi/16975.wav,Marathi
/content/work/processed_wav/Marathi/16571.wav,Marathi
/content/work/processed_wav/Marathi/17655.wav,Marathi
/content/work/processed_wav/Marathi/18281.wav,Marathi
/content/work/processed_wav/Marathi/181.wav,Marathi
/content/work/processed_wav/Marathi/17114.wav,Marathi
/content/work/processed_wav/Marathi/18073.wav,Marathi
/content/work/processed_wav/Marathi/1679.wav,Marathi
/content/work/processed_wav/Marathi/18290.wav,Marathi
/content/work/processed_wav/Marathi/17746.wav,Marathi
/content/work/processed_wav/Marathi/17705.wav,Marathi
/content/work/processed_wav/Marathi/17033.wav,Marathi
/content/work/processed_wav/Marathi/17800.wav,Marathi
/content/work/processed_wav/Marathi/17572.wav,Marathi
/content/work/processed_wav/Marathi/16805.wav,Marathi
/content/work/processed_wav/Marathi/17207.wav,Marathi
/content/work/processed_wav/Marathi/17728.wav,Marathi
/content/work/processed_wav/Marathi/17814.wav,Marathi
/content/work/processed_wav/Marathi/16978.wav,Marathi
/content/work/processed_wav/Marathi/17211.wav,Marathi
/content/work/processed_wav/Marathi/17873.wav,Marathi
/content/work/processed_wav/Marathi/17443.wav,Marathi
/content/work/processed_wav/Marathi/17932.wav,Marathi
/content/work/processed_wav/Marathi/1751.wav,Marathi
/content/work/processed_wav/Marathi/18312.wav,Marathi
/content/work/processed_wav/Marathi/17011.wav,Marathi
/content/work/processed_wav/Marathi/1825.wav,Marathi
/content/work/processed_wav/Marathi/182.wav,Marathi
/content/work/processed_wav/Marathi/17333.wav,Marathi
/content/work/processed_wav/Marathi/17607.wav,Marathi
/content/work/processed_wav/Marathi/16609.wav,Marathi
/content/work/processed_wav/Marathi/16944.wav,Marathi
/content/work/processed_wav/Marathi/17144.wav,Marathi
/content/work/processed_wav/Marathi/18326.wav,Marathi
/content/work/processed_wav/Marathi/17022.wav,Marathi
/content/work/processed_wav/Marathi/18388.wav,Marathi
/content/work/processed_wav/Marathi/17484.wav,Marathi
/content/work/processed_wav/Marathi/18222.wav,Marathi
/content/work/processed_wav/Marathi/17078.wav,Marathi
/content/work/processed_wav/Marathi/18458.wav,Marathi
/content/work/processed_wav/Marathi/1749.wav,Marathi
/content/work/processed_wav/Marathi/17119.wav,Marathi
/content/work/processed_wav/Marathi/17577.wav,Marathi
/content/work/processed_wav/Marathi/16742.wav,Marathi
/content/work/processed_wav/Marathi/17735.wav,Marathi
/content/work/processed_wav/Marathi/17543.wav,Marathi
/content/work/processed_wav/Marathi/17403.wav,Marathi
/content/work/processed_wav/Marathi/17540.wav,Marathi
/content/work/processed_wav/Marathi/17146.wav,Marathi
/content/work/processed_wav/Marathi/18068.wav,Marathi
/content/work/processed_wav/Marathi/16765.wav,Marathi
/content/work/processed_wav/Marathi/16812.wav,Marathi
/content/work/processed_wav/Marathi/17498.wav,Marathi
/content/work/processed_wav/Marathi/16913.wav,Marathi
/content/work/processed_wav/Marathi/17474.wav,Marathi
/content/work/processed_wav/Marathi/17621.wav,Marathi
/content/work/processed_wav/Marathi/18304.wav,Marathi
/content/work/processed_wav/Marathi/1663.wav,Marathi
/content/work/processed_wav/Marathi/16999.wav,Marathi
/content/work/processed_wav/Marathi/17308.wav,Marathi
/content/work/processed_wav/Marathi/17849.wav,Marathi
/content/work/processed_wav/Marathi/17477.wav,Marathi
/content/work/processed_wav/Marathi/16819.wav,Marathi
/content/work/processed_wav/Marathi/16543.wav,Marathi
/content/work/processed_wav/Marathi/16990.wav,Marathi
/content/work/processed_wav/Marathi/16564.wav,Marathi
/content/work/processed_wav/Marathi/17893.wav,Marathi
/content/work/processed_wav/Marathi/18223.wav,Marathi
/content/work/processed_wav/Marathi/17120.wav,Marathi
/content/work/processed_wav/Marathi/1796.wav,Marathi
/content/work/processed_wav/Marathi/19210.wav,Marathi
/content/work/processed_wav/Marathi/20219.wav,Marathi
/content/work/processed_wav/Marathi/19720.wav,Marathi
/content/work/processed_wav/Marathi/19779.wav,Marathi
/content/work/processed_wav/Marathi/18863.wav,Marathi
/content/work/processed_wav/Marathi/1880.wav,Marathi
/content/work/processed_wav/Marathi/20004.wav,Marathi
/content/work/processed_wav/Marathi/19509.wav,Marathi
/content/work/processed_wav/Marathi/18881.wav,Marathi
/content/work/processed_wav/Marathi/18519.wav,Marathi
/content/work/processed_wav/Marathi/20041.wav,Marathi
/content/work/processed_wav/Marathi/18947.wav,Marathi
/content/work/processed_wav/Marathi/20100.wav,Marathi
/content/work/processed_wav/Marathi/19207.wav,Marathi
/content/work/processed_wav/Marathi/1934.wav,Marathi
/content/work/processed_wav/Marathi/19796.wav,Marathi
/content/work/processed_wav/Marathi/19612.wav,Marathi
/content/work/processed_wav/Marathi/18737.wav,Marathi
/content/work/processed_wav/Marathi/19887.wav,Marathi
/content/work/processed_wav/Marathi/18653.wav,Marathi
/content/work/processed_wav/Marathi/19324.wav,Marathi
/content/work/processed_wav/Marathi/19240.wav,Marathi
/content/work/processed_wav/Marathi/18933.wav,Marathi
/content/work/processed_wav/Marathi/19795.wav,Marathi
/content/work/processed_wav/Marathi/19917.wav,Marathi
/content/work/processed_wav/Marathi/19558.wav,Marathi
/content/work/processed_wav/Marathi/18686.wav,Marathi
/content/work/processed_wav/Marathi/18549.wav,Marathi
/content/work/processed_wav/Marathi/19496.wav,Marathi
/content/work/processed_wav/Marathi/18962.wav,Marathi
/content/work/processed_wav/Marathi/20020.wav,Marathi
/content/work/processed_wav/Marathi/19099.wav,Marathi
/content/work/processed_wav/Marathi/20231.wav,Marathi
/content/work/processed_wav/Marathi/18895.wav,Marathi
/content/work/processed_wav/Marathi/20215.wav,Marathi
/content/work/processed_wav/Marathi/18750.wav,Marathi
/content/work/processed_wav/Marathi/1955.wav,Marathi
/content/work/processed_wav/Marathi/19936.wav,Marathi
/content/work/processed_wav/Marathi/18747.wav,Marathi
/content/work/processed_wav/Marathi/2002.wav,Marathi
/content/work/processed_wav/Marathi/19009.wav,Marathi
/content/work/processed_wav/Marathi/18558.wav,Marathi
/content/work/processed_wav/Marathi/19213.wav,Marathi
/content/work/processed_wav/Marathi/19798.wav,Marathi
/content/work/processed_wav/Marathi/20251.wav,Marathi
/content/work/processed_wav/Marathi/19407.wav,Marathi
/content/work/processed_wav/Marathi/19453.wav,Marathi
/content/work/processed_wav/Marathi/18991.wav,Marathi
/content/work/processed_wav/Marathi/1882.wav,Marathi
/content/work/processed_wav/Marathi/19627.wav,Marathi
/content/work/processed_wav/Marathi/1957.wav,Marathi
/content/work/processed_wav/Marathi/18515.wav,Marathi
/content/work/processed_wav/Marathi/19957.wav,Marathi
/content/work/processed_wav/Marathi/19690.wav,Marathi
/content/work/processed_wav/Marathi/20068.wav,Marathi
/content/work/processed_wav/Marathi/20105.wav,Marathi
/content/work/processed_wav/Marathi/2013.wav,Marathi
/content/work/processed_wav/Marathi/19051.wav,Marathi
/content/work/processed_wav/Marathi/18471.wav,Marathi
/content/work/processed_wav/Marathi/20331.wav,Marathi
/content/work/processed_wav/Marathi/1948.wav,Marathi
/content/work/processed_wav/Marathi/199.wav,Marathi
/content/work/processed_wav/Marathi/1889.wav,Marathi
/content/work/processed_wav/Marathi/2010.wav,Marathi
/content/work/processed_wav/Marathi/19082.wav,Marathi
/content/work/processed_wav/Marathi/19177.wav,Marathi
/content/work/processed_wav/Marathi/19619.wav,Marathi
/content/work/processed_wav/Marathi/19128.wav,Marathi
/content/work/processed_wav/Marathi/18584.wav,Marathi
/content/work/processed_wav/Marathi/20032.wav,Marathi
/content/work/processed_wav/Marathi/19206.wav,Marathi
/content/work/processed_wav/Marathi/18638.wav,Marathi
/content/work/processed_wav/Marathi/19894.wav,Marathi
/content/work/processed_wav/Marathi/19808.wav,Marathi
/content/work/processed_wav/Marathi/18635.wav,Marathi
/content/work/processed_wav/Marathi/19705.wav,Marathi
/content/work/processed_wav/Marathi/18849.wav,Marathi
/content/work/processed_wav/Marathi/19282.wav,Marathi
/content/work/processed_wav/Marathi/19318.wav,Marathi
/content/work/processed_wav/Marathi/20799.wav,Marathi
/content/work/processed_wav/Marathi/21766.wav,Marathi
/content/work/processed_wav/Marathi/21495.wav,Marathi
/content/work/processed_wav/Marathi/21274.wav,Marathi
/content/work/processed_wav/Marathi/21017.wav,Marathi
/content/work/processed_wav/Marathi/21115.wav,Marathi
/content/work/processed_wav/Marathi/2108.wav,Marathi
/content/work/processed_wav/Marathi/21847.wav,Marathi
/content/work/processed_wav/Marathi/21225.wav,Marathi
/content/work/processed_wav/Marathi/21831.wav,Marathi
/content/work/processed_wav/Marathi/21121.wav,Marathi
/content/work/processed_wav/Marathi/22118.wav,Marathi
/content/work/processed_wav/Marathi/22215.wav,Marathi
/content/work/processed_wav/Marathi/20665.wav,Marathi
/content/work/processed_wav/Marathi/21026.wav,Marathi
/content/work/processed_wav/Marathi/20375.wav,Marathi
/content/work/processed_wav/Marathi/2177.wav,Marathi
/content/work/processed_wav/Marathi/22220.wav,Marathi
/content/work/processed_wav/Marathi/20804.wav,Marathi
/content/work/processed_wav/Marathi/21052.wav,Marathi
/content/work/processed_wav/Marathi/21055.wav,Marathi
/content/work/processed_wav/Marathi/2223.wav,Marathi
/content/work/processed_wav/Marathi/21411.wav,Marathi
/content/work/processed_wav/Marathi/21567.wav,Marathi
/content/work/processed_wav/Marathi/2128.wav,Marathi
/content/work/processed_wav/Marathi/20690.wav,Marathi
/content/work/processed_wav/Marathi/21377.wav,Marathi
/content/work/processed_wav/Marathi/20481.wav,Marathi
/content/work/processed_wav/Marathi/20490.wav,Marathi
/content/work/processed_wav/Marathi/22218.wav,Marathi
/content/work/processed_wav/Marathi/20427.wav,Marathi
/content/work/processed_wav/Marathi/20918.wav,Marathi
/content/work/processed_wav/Marathi/21360.wav,Marathi
/content/work/processed_wav/Marathi/22196.wav,Marathi
/content/work/processed_wav/Marathi/20773.wav,Marathi
/content/work/processed_wav/Marathi/20904.wav,Marathi
/content/work/processed_wav/Marathi/20737.wav,Marathi
/content/work/processed_wav/Marathi/20526.wav,Marathi
/content/work/processed_wav/Marathi/21627.wav,Marathi
/content/work/processed_wav/Marathi/21385.wav,Marathi
/content/work/processed_wav/Marathi/21587.wav,Marathi
/content/work/processed_wav/Marathi/21724.wav,Marathi
/content/work/processed_wav/Marathi/21266.wav,Marathi
/content/work/processed_wav/Marathi/21427.wav,Marathi
/content/work/processed_wav/Marathi/2222.wav,Marathi
/content/work/processed_wav/Marathi/21722.wav,Marathi
/content/work/processed_wav/Marathi/21796.wav,Marathi
/content/work/processed_wav/Marathi/20998.wav,Marathi
/content/work/processed_wav/Marathi/21351.wav,Marathi
/content/work/processed_wav/Marathi/21894.wav,Marathi
/content/work/processed_wav/Marathi/21113.wav,Marathi
/content/work/processed_wav/Marathi/21473.wav,Marathi
/content/work/processed_wav/Marathi/21336.wav,Marathi
/content/work/processed_wav/Marathi/21922.wav,Marathi
/content/work/processed_wav/Marathi/20413.wav,Marathi
/content/work/processed_wav/Marathi/2202.wav,Marathi
/content/work/processed_wav/Marathi/21134.wav,Marathi
/content/work/processed_wav/Marathi/2193.wav,Marathi
/content/work/processed_wav/Marathi/21203.wav,Marathi
/content/work/processed_wav/Marathi/20348.wav,Marathi
/content/work/processed_wav/Marathi/20830.wav,Marathi
/content/work/processed_wav/Marathi/20772.wav,Marathi
/content/work/processed_wav/Marathi/20826.wav,Marathi
/content/work/processed_wav/Marathi/20430.wav,Marathi
/content/work/processed_wav/Marathi/20806.wav,Marathi
/content/work/processed_wav/Marathi/21867.wav,Marathi
/content/work/processed_wav/Marathi/2123.wav,Marathi
/content/work/processed_wav/Marathi/21592.wav,Marathi
/content/work/processed_wav/Marathi/21844.wav,Marathi
/content/work/processed_wav/Marathi/21767.wav,Marathi
/content/work/processed_wav/Marathi/22261.wav,Marathi
/content/work/processed_wav/Marathi/21472.wav,Marathi
/content/work/processed_wav/Marathi/20560.wav,Marathi
/content/work/processed_wav/Marathi/21607.wav,Marathi
/content/work/processed_wav/Marathi/20452.wav,Marathi
/content/work/processed_wav/Marathi/22060.wav,Marathi
/content/work/processed_wav/Marathi/20609.wav,Marathi
/content/work/processed_wav/Marathi/23670.wav,Marathi
/content/work/processed_wav/Marathi/23911.wav,Marathi
/content/work/processed_wav/Marathi/22611.wav,Marathi
/content/work/processed_wav/Marathi/24166.wav,Marathi
/content/work/processed_wav/Marathi/24220.wav,Marathi
/content/work/processed_wav/Marathi/22791.wav,Marathi
/content/work/processed_wav/Marathi/23214.wav,Marathi
/content/work/processed_wav/Marathi/23677.wav,Marathi
/content/work/processed_wav/Marathi/23142.wav,Marathi
/content/work/processed_wav/Marathi/23272.wav,Marathi
/content/work/processed_wav/Marathi/23694.wav,Marathi
/content/work/processed_wav/Marathi/23340.wav,Marathi
/content/work/processed_wav/Marathi/23315.wav,Marathi
/content/work/processed_wav/Marathi/2348.wav,Marathi
/content/work/processed_wav/Marathi/23124.wav,Marathi
/content/work/processed_wav/Marathi/22757.wav,Marathi
/content/work/processed_wav/Marathi/23784.wav,Marathi
/content/work/processed_wav/Marathi/23324.wav,Marathi
/content/work/processed_wav/Marathi/23443.wav,Marathi
/content/work/processed_wav/Marathi/23253.wav,Marathi
/content/work/processed_wav/Marathi/23039.wav,Marathi
/content/work/processed_wav/Marathi/23915.wav,Marathi
/content/work/processed_wav/Marathi/23058.wav,Marathi
/content/work/processed_wav/Marathi/22772.wav,Marathi
/content/work/processed_wav/Marathi/24121.wav,Marathi
/content/work/processed_wav/Marathi/22746.wav,Marathi
/content/work/processed_wav/Marathi/23758.wav,Marathi
/content/work/processed_wav/Marathi/23307.wav,Marathi
/content/work/processed_wav/Marathi/23705.wav,Marathi
/content/work/processed_wav/Marathi/23815.wav,Marathi
/content/work/processed_wav/Marathi/23081.wav,Marathi
/content/work/processed_wav/Marathi/23304.wav,Marathi
/content/work/processed_wav/Marathi/22887.wav,Marathi
/content/work/processed_wav/Marathi/22523.wav,Marathi
/content/work/processed_wav/Marathi/24015.wav,Marathi
/content/work/processed_wav/Marathi/23585.wav,Marathi
/content/work/processed_wav/Marathi/22933.wav,Marathi
/content/work/processed_wav/Marathi/22640.wav,Marathi
/content/work/processed_wav/Marathi/22883.wav,Marathi
/content/work/processed_wav/Marathi/23222.wav,Marathi
/content/work/processed_wav/Marathi/23388.wav,Marathi
/content/work/processed_wav/Marathi/23461.wav,Marathi
/content/work/processed_wav/Marathi/23653.wav,Marathi
/content/work/processed_wav/Marathi/22961.wav,Marathi
/content/work/processed_wav/Marathi/22314.wav,Marathi
/content/work/processed_wav/Marathi/238.wav,Marathi
/content/work/processed_wav/Marathi/22963.wav,Marathi
/content/work/processed_wav/Marathi/22706.wav,Marathi
/content/work/processed_wav/Marathi/23085.wav,Marathi
/content/work/processed_wav/Marathi/24142.wav,Marathi
/content/work/processed_wav/Marathi/2245.wav,Marathi
/content/work/processed_wav/Marathi/22287.wav,Marathi
/content/work/processed_wav/Marathi/23936.wav,Marathi
/content/work/processed_wav/Marathi/2350.wav,Marathi
/content/work/processed_wav/Marathi/23054.wav,Marathi
/content/work/processed_wav/Marathi/24060.wav,Marathi
/content/work/processed_wav/Marathi/22851.wav,Marathi
/content/work/processed_wav/Marathi/23732.wav,Marathi
/content/work/processed_wav/Marathi/23680.wav,Marathi
/content/work/processed_wav/Marathi/22524.wav,Marathi
/content/work/processed_wav/Marathi/22612.wav,Marathi
/content/work/processed_wav/Marathi/22957.wav,Marathi
/content/work/processed_wav/Marathi/22484.wav,Marathi
/content/work/processed_wav/Marathi/23005.wav,Marathi
/content/work/processed_wav/Marathi/23695.wav,Marathi
/content/work/processed_wav/Marathi/22927.wav,Marathi
/content/work/processed_wav/Marathi/23656.wav,Marathi
/content/work/processed_wav/Marathi/23557.wav,Marathi
/content/work/processed_wav/Marathi/23895.wav,Marathi
/content/work/processed_wav/Marathi/22820.wav,Marathi
/content/work/processed_wav/Marathi/23246.wav,Marathi
/content/work/processed_wav/Marathi/22492.wav,Marathi
/content/work/processed_wav/Marathi/23610.wav,Marathi
/content/work/processed_wav/Marathi/2239.wav,Marathi
/content/work/processed_wav/Marathi/2259.wav,Marathi
/content/work/processed_wav/Marathi/2397.wav,Marathi
/content/work/processed_wav/Marathi/23562.wav,Marathi
/content/work/processed_wav/Marathi/22336.wav,Marathi
/content/work/processed_wav/Marathi/22589.wav,Marathi
/content/work/processed_wav/Marathi/2396.wav,Marathi
/content/work/processed_wav/Marathi/23663.wav,Marathi
/content/work/processed_wav/Marathi/23285.wav,Marathi
/content/work/processed_wav/Marathi/24867.wav,Marathi
/content/work/processed_wav/Marathi/2677.wav,Marathi
/content/work/processed_wav/Marathi/24633.wav,Marathi
/content/work/processed_wav/Marathi/25295.wav,Marathi
/content/work/processed_wav/Marathi/25089.wav,Marathi
/content/work/processed_wav/Marathi/24539.wav,Marathi
/content/work/processed_wav/Marathi/24336.wav,Marathi
/content/work/processed_wav/Marathi/24416.wav,Marathi
/content/work/processed_wav/Marathi/3002.wav,Marathi
/content/work/processed_wav/Marathi/24240.wav,Marathi
/content/work/processed_wav/Marathi/286.wav,Marathi
/content/work/processed_wav/Marathi/24467.wav,Marathi
/content/work/processed_wav/Marathi/24265.wav,Marathi
/content/work/processed_wav/Marathi/24803.wav,Marathi
/content/work/processed_wav/Marathi/24379.wav,Marathi
/content/work/processed_wav/Marathi/24705.wav,Marathi
/content/work/processed_wav/Marathi/24500.wav,Marathi
/content/work/processed_wav/Marathi/2528.wav,Marathi
/content/work/processed_wav/Marathi/2851.wav,Marathi
/content/work/processed_wav/Marathi/24724.wav,Marathi
/content/work/processed_wav/Marathi/24254.wav,Marathi
/content/work/processed_wav/Marathi/24510.wav,Marathi
/content/work/processed_wav/Marathi/24884.wav,Marathi
/content/work/processed_wav/Marathi/2900.wav,Marathi
/content/work/processed_wav/Marathi/24453.wav,Marathi
/content/work/processed_wav/Marathi/25124.wav,Marathi
/content/work/processed_wav/Marathi/25113.wav,Marathi
/content/work/processed_wav/Marathi/24873.wav,Marathi
/content/work/processed_wav/Marathi/2833.wav,Marathi
/content/work/processed_wav/Marathi/25258.wav,Marathi
/content/work/processed_wav/Marathi/3106.wav,Marathi
/content/work/processed_wav/Marathi/2915.wav,Marathi
/content/work/processed_wav/Marathi/24390.wav,Marathi
/content/work/processed_wav/Marathi/24257.wav,Marathi
/content/work/processed_wav/Marathi/2483.wav,Marathi
/content/work/processed_wav/Marathi/25325.wav,Marathi
/content/work/processed_wav/Marathi/25264.wav,Marathi
/content/work/processed_wav/Marathi/2775.wav,Marathi
/content/work/processed_wav/Marathi/24887.wav,Marathi
/content/work/processed_wav/Marathi/24756.wav,Marathi
/content/work/processed_wav/Marathi/25034.wav,Marathi
/content/work/processed_wav/Marathi/24695.wav,Marathi
/content/work/processed_wav/Marathi/24407.wav,Marathi
/content/work/processed_wav/Marathi/24770.wav,Marathi
/content/work/processed_wav/Marathi/2660.wav,Marathi
/content/work/processed_wav/Marathi/25167.wav,Marathi
/content/work/processed_wav/Marathi/2458.wav,Marathi
/content/work/processed_wav/Marathi/25173.wav,Marathi
/content/work/processed_wav/Marathi/3111.wav,Marathi
/content/work/processed_wav/Marathi/24357.wav,Marathi
/content/work/processed_wav/Marathi/3107.wav,Marathi
/content/work/processed_wav/Marathi/24747.wav,Marathi
/content/work/processed_wav/Marathi/2920.wav,Marathi
/content/work/processed_wav/Marathi/24229.wav,Marathi
/content/work/processed_wav/Marathi/24806.wav,Marathi
/content/work/processed_wav/Marathi/24234.wav,Marathi
/content/work/processed_wav/Marathi/24505.wav,Marathi
/content/work/processed_wav/Marathi/2642.wav,Marathi
/content/work/processed_wav/Marathi/2770.wav,Marathi
/content/work/processed_wav/Marathi/2992.wav,Marathi
/content/work/processed_wav/Marathi/2807.wav,Marathi
/content/work/processed_wav/Marathi/262.wav,Marathi
/content/work/processed_wav/Marathi/2934.wav,Marathi
/content/work/processed_wav/Marathi/24936.wav,Marathi
/content/work/processed_wav/Marathi/3029.wav,Marathi
/content/work/processed_wav/Marathi/24951.wav,Marathi
/content/work/processed_wav/Marathi/24621.wav,Marathi
/content/work/processed_wav/Marathi/25308.wav,Marathi
/content/work/processed_wav/Marathi/24674.wav,Marathi
/content/work/processed_wav/Marathi/2616.wav,Marathi
/content/work/processed_wav/Marathi/2591.wav,Marathi
/content/work/processed_wav/Marathi/24469.wav,Marathi
/content/work/processed_wav/Marathi/3094.wav,Marathi
/content/work/processed_wav/Marathi/24272.wav,Marathi
/content/work/processed_wav/Marathi/2776.wav,Marathi
/content/work/processed_wav/Marathi/2612.wav,Marathi
/content/work/processed_wav/Marathi/2882.wav,Marathi
/content/work/processed_wav/Marathi/4704.wav,Marathi
/content/work/processed_wav/Marathi/3979.wav,Marathi
/content/work/processed_wav/Marathi/3827.wav,Marathi
/content/work/processed_wav/Marathi/4656.wav,Marathi
/content/work/processed_wav/Marathi/3511.wav,Marathi
/content/work/processed_wav/Marathi/3713.wav,Marathi
/content/work/processed_wav/Marathi/4273.wav,Marathi
/content/work/processed_wav/Marathi/4553.wav,Marathi
/content/work/processed_wav/Marathi/4587.wav,Marathi
/content/work/processed_wav/Marathi/3889.wav,Marathi
/content/work/processed_wav/Marathi/3559.wav,Marathi
/content/work/processed_wav/Marathi/3228.wav,Marathi
/content/work/processed_wav/Marathi/36.wav,Marathi
/content/work/processed_wav/Marathi/3299.wav,Marathi
/content/work/processed_wav/Marathi/4038.wav,Marathi
/content/work/processed_wav/Marathi/322.wav,Marathi
/content/work/processed_wav/Marathi/4603.wav,Marathi
/content/work/processed_wav/Marathi/4598.wav,Marathi
/content/work/processed_wav/Marathi/3598.wav,Marathi
/content/work/processed_wav/Marathi/3179.wav,Marathi
/content/work/processed_wav/Marathi/4716.wav,Marathi
/content/work/processed_wav/Marathi/3726.wav,Marathi
/content/work/processed_wav/Marathi/3525.wav,Marathi
/content/work/processed_wav/Marathi/3993.wav,Marathi
/content/work/processed_wav/Marathi/4154.wav,Marathi
/content/work/processed_wav/Marathi/3521.wav,Marathi
/content/work/processed_wav/Marathi/3960.wav,Marathi
/content/work/processed_wav/Marathi/4552.wav,Marathi
/content/work/processed_wav/Marathi/3892.wav,Marathi
/content/work/processed_wav/Marathi/374.wav,Marathi
/content/work/processed_wav/Marathi/4565.wav,Marathi
/content/work/processed_wav/Marathi/3758.wav,Marathi
/content/work/processed_wav/Marathi/3996.wav,Marathi
/content/work/processed_wav/Marathi/3389.wav,Marathi
/content/work/processed_wav/Marathi/454.wav,Marathi
/content/work/processed_wav/Marathi/381.wav,Marathi
/content/work/processed_wav/Marathi/4104.wav,Marathi
/content/work/processed_wav/Marathi/3904.wav,Marathi
/content/work/processed_wav/Marathi/3606.wav,Marathi
/content/work/processed_wav/Marathi/434.wav,Marathi
/content/work/processed_wav/Marathi/4391.wav,Marathi
/content/work/processed_wav/Marathi/3282.wav,Marathi
/content/work/processed_wav/Marathi/4551.wav,Marathi
/content/work/processed_wav/Marathi/326.wav,Marathi
/content/work/processed_wav/Marathi/3667.wav,Marathi
/content/work/processed_wav/Marathi/4183.wav,Marathi
/content/work/processed_wav/Marathi/3784.wav,Marathi
/content/work/processed_wav/Marathi/4542.wav,Marathi
/content/work/processed_wav/Marathi/3361.wav,Marathi
/content/work/processed_wav/Marathi/3740.wav,Marathi
/content/work/processed_wav/Marathi/365.wav,Marathi
/content/work/processed_wav/Marathi/4279.wav,Marathi
/content/work/processed_wav/Marathi/4113.wav,Marathi
/content/work/processed_wav/Marathi/3614.wav,Marathi
/content/work/processed_wav/Marathi/380.wav,Marathi
/content/work/processed_wav/Marathi/4321.wav,Marathi
/content/work/processed_wav/Marathi/3345.wav,Marathi
/content/work/processed_wav/Marathi/3645.wav,Marathi
/content/work/processed_wav/Marathi/4657.wav,Marathi
/content/work/processed_wav/Marathi/4678.wav,Marathi
/content/work/processed_wav/Marathi/4595.wav,Marathi
/content/work/processed_wav/Marathi/42.wav,Marathi
/content/work/processed_wav/Marathi/4535.wav,Marathi
/content/work/processed_wav/Marathi/3346.wav,Marathi
/content/work/processed_wav/Marathi/3128.wav,Marathi
/content/work/processed_wav/Marathi/4076.wav,Marathi
/content/work/processed_wav/Marathi/3336.wav,Marathi
/content/work/processed_wav/Marathi/4065.wav,Marathi
/content/work/processed_wav/Marathi/4712.wav,Marathi
/content/work/processed_wav/Marathi/4430.wav,Marathi
/content/work/processed_wav/Marathi/4008.wav,Marathi
/content/work/processed_wav/Marathi/3507.wav,Marathi
/content/work/processed_wav/Marathi/4297.wav,Marathi
/content/work/processed_wav/Marathi/3365.wav,Marathi
/content/work/processed_wav/Marathi/3947.wav,Marathi
/content/work/processed_wav/Marathi/3685.wav,Marathi
/content/work/processed_wav/Marathi/3634.wav,Marathi
/content/work/processed_wav/Marathi/4652.wav,Marathi
/content/work/processed_wav/Marathi/4412.wav,Marathi
/content/work/processed_wav/Marathi/4692.wav,Marathi
/content/work/processed_wav/Marathi/3468.wav,Marathi
/content/work/processed_wav/Marathi/4594.wav,Marathi
/content/work/processed_wav/Marathi/4920.wav,Marathi
/content/work/processed_wav/Marathi/5641.wav,Marathi
/content/work/processed_wav/Marathi/5841.wav,Marathi
/content/work/processed_wav/Marathi/5000.wav,Marathi
/content/work/processed_wav/Marathi/5463.wav,Marathi
/content/work/processed_wav/Marathi/54.wav,Marathi
/content/work/processed_wav/Marathi/5837.wav,Marathi
/content/work/processed_wav/Marathi/5082.wav,Marathi
/content/work/processed_wav/Marathi/5348.wav,Marathi
/content/work/processed_wav/Marathi/5401.wav,Marathi
/content/work/processed_wav/Marathi/4928.wav,Marathi
/content/work/processed_wav/Marathi/4864.wav,Marathi
/content/work/processed_wav/Marathi/6225.wav,Marathi
/content/work/processed_wav/Marathi/4946.wav,Marathi
/content/work/processed_wav/Marathi/5302.wav,Marathi
/content/work/processed_wav/Marathi/5136.wav,Marathi
/content/work/processed_wav/Marathi/6267.wav,Marathi
/content/work/processed_wav/Marathi/5053.wav,Marathi
/content/work/processed_wav/Marathi/6350.wav,Marathi
/content/work/processed_wav/Marathi/608.wav,Marathi
/content/work/processed_wav/Marathi/5054.wav,Marathi
/content/work/processed_wav/Marathi/4890.wav,Marathi
/content/work/processed_wav/Marathi/6041.wav,Marathi
/content/work/processed_wav/Marathi/5793.wav,Marathi
/content/work/processed_wav/Marathi/597.wav,Marathi
/content/work/processed_wav/Marathi/6172.wav,Marathi
/content/work/processed_wav/Marathi/6219.wav,Marathi
/content/work/processed_wav/Marathi/4723.wav,Marathi
/content/work/processed_wav/Marathi/551.wav,Marathi
/content/work/processed_wav/Marathi/5517.wav,Marathi
/content/work/processed_wav/Marathi/5221.wav,Marathi
/content/work/processed_wav/Marathi/5586.wav,Marathi
/content/work/processed_wav/Marathi/5030.wav,Marathi
/content/work/processed_wav/Marathi/4995.wav,Marathi
/content/work/processed_wav/Marathi/4805.wav,Marathi
/content/work/processed_wav/Marathi/5498.wav,Marathi
/content/work/processed_wav/Marathi/5128.wav,Marathi
/content/work/processed_wav/Marathi/5856.wav,Marathi
/content/work/processed_wav/Marathi/6353.wav,Marathi
/content/work/processed_wav/Marathi/6206.wav,Marathi
/content/work/processed_wav/Marathi/6049.wav,Marathi
/content/work/processed_wav/Marathi/5441.wav,Marathi
/content/work/processed_wav/Marathi/5102.wav,Marathi
/content/work/processed_wav/Marathi/5712.wav,Marathi
/content/work/processed_wav/Marathi/5588.wav,Marathi
/content/work/processed_wav/Marathi/593.wav,Marathi
/content/work/processed_wav/Marathi/5210.wav,Marathi
/content/work/processed_wav/Marathi/5756.wav,Marathi
/content/work/processed_wav/Marathi/5702.wav,Marathi
/content/work/processed_wav/Marathi/5961.wav,Marathi
/content/work/processed_wav/Marathi/5739.wav,Marathi
/content/work/processed_wav/Marathi/6174.wav,Marathi
/content/work/processed_wav/Marathi/5554.wav,Marathi
/content/work/processed_wav/Marathi/4909.wav,Marathi
/content/work/processed_wav/Marathi/5596.wav,Marathi
/content/work/processed_wav/Marathi/5043.wav,Marathi
/content/work/processed_wav/Marathi/5145.wav,Marathi
/content/work/processed_wav/Marathi/5373.wav,Marathi
/content/work/processed_wav/Marathi/6196.wav,Marathi
/content/work/processed_wav/Marathi/5070.wav,Marathi
/content/work/processed_wav/Marathi/5477.wav,Marathi
/content/work/processed_wav/Marathi/5250.wav,Marathi
/content/work/processed_wav/Marathi/5283.wav,Marathi
/content/work/processed_wav/Marathi/5009.wav,Marathi
/content/work/processed_wav/Marathi/575.wav,Marathi
/content/work/processed_wav/Marathi/5313.wav,Marathi
/content/work/processed_wav/Marathi/4828.wav,Marathi
/content/work/processed_wav/Marathi/4745.wav,Marathi
/content/work/processed_wav/Marathi/6164.wav,Marathi
/content/work/processed_wav/Marathi/5255.wav,Marathi
/content/work/processed_wav/Marathi/555.wav,Marathi
/content/work/processed_wav/Marathi/6184.wav,Marathi
/content/work/processed_wav/Marathi/6026.wav,Marathi
/content/work/processed_wav/Marathi/5476.wav,Marathi
/content/work/processed_wav/Marathi/6290.wav,Marathi
/content/work/processed_wav/Marathi/4918.wav,Marathi
/content/work/processed_wav/Marathi/6144.wav,Marathi
/content/work/processed_wav/Marathi/6160.wav,Marathi
/content/work/processed_wav/Marathi/6280.wav,Marathi
/content/work/processed_wav/Marathi/4791.wav,Marathi
/content/work/processed_wav/Marathi/4944.wav,Marathi
/content/work/processed_wav/Marathi/554.wav,Marathi
/content/work/processed_wav/Marathi/4858.wav,Marathi
/content/work/processed_wav/Marathi/7833.wav,Marathi
/content/work/processed_wav/Marathi/6856.wav,Marathi
/content/work/processed_wav/Marathi/6623.wav,Marathi
/content/work/processed_wav/Marathi/6652.wav,Marathi
/content/work/processed_wav/Marathi/8229.wav,Marathi
/content/work/processed_wav/Marathi/7820.wav,Marathi
/content/work/processed_wav/Marathi/6941.wav,Marathi
/content/work/processed_wav/Marathi/6684.wav,Marathi
/content/work/processed_wav/Marathi/7598.wav,Marathi
/content/work/processed_wav/Marathi/8077.wav,Marathi
/content/work/processed_wav/Marathi/793.wav,Marathi
/content/work/processed_wav/Marathi/7445.wav,Marathi
/content/work/processed_wav/Marathi/6983.wav,Marathi
/content/work/processed_wav/Marathi/6502.wav,Marathi
/content/work/processed_wav/Marathi/7618.wav,Marathi
/content/work/processed_wav/Marathi/8142.wav,Marathi
/content/work/processed_wav/Marathi/6828.wav,Marathi
/content/work/processed_wav/Marathi/8415.wav,Marathi
/content/work/processed_wav/Marathi/7652.wav,Marathi
/content/work/processed_wav/Marathi/8282.wav,Marathi
/content/work/processed_wav/Marathi/8119.wav,Marathi
/content/work/processed_wav/Marathi/7779.wav,Marathi
/content/work/processed_wav/Marathi/7048.wav,Marathi
/content/work/processed_wav/Marathi/7056.wav,Marathi
/content/work/processed_wav/Marathi/8337.wav,Marathi
/content/work/processed_wav/Marathi/8022.wav,Marathi
/content/work/processed_wav/Marathi/6923.wav,Marathi
/content/work/processed_wav/Marathi/6430.wav,Marathi
/content/work/processed_wav/Marathi/7458.wav,Marathi
/content/work/processed_wav/Marathi/8443.wav,Marathi
/content/work/processed_wav/Marathi/8051.wav,Marathi
/content/work/processed_wav/Marathi/844.wav,Marathi
/content/work/processed_wav/Marathi/7816.wav,Marathi
/content/work/processed_wav/Marathi/8364.wav,Marathi
/content/work/processed_wav/Marathi/6984.wav,Marathi
/content/work/processed_wav/Marathi/7018.wav,Marathi
/content/work/processed_wav/Marathi/7717.wav,Marathi
/content/work/processed_wav/Marathi/8047.wav,Marathi
/content/work/processed_wav/Marathi/8032.wav,Marathi
/content/work/processed_wav/Marathi/7979.wav,Marathi
/content/work/processed_wav/Marathi/7267.wav,Marathi
/content/work/processed_wav/Marathi/8444.wav,Marathi
/content/work/processed_wav/Marathi/6514.wav,Marathi
/content/work/processed_wav/Marathi/6491.wav,Marathi
/content/work/processed_wav/Marathi/7280.wav,Marathi
/content/work/processed_wav/Marathi/6721.wav,Marathi
/content/work/processed_wav/Marathi/6723.wav,Marathi
/content/work/processed_wav/Marathi/8106.wav,Marathi
/content/work/processed_wav/Marathi/6429.wav,Marathi
/content/work/processed_wav/Marathi/7179.wav,Marathi
/content/work/processed_wav/Marathi/8004.wav,Marathi
/content/work/processed_wav/Marathi/6385.wav,Marathi
/content/work/processed_wav/Marathi/6386.wav,Marathi
/content/work/processed_wav/Marathi/6567.wav,Marathi
/content/work/processed_wav/Marathi/8005.wav,Marathi
/content/work/processed_wav/Marathi/7934.wav,Marathi
/content/work/processed_wav/Marathi/6432.wav,Marathi
/content/work/processed_wav/Marathi/8335.wav,Marathi
/content/work/processed_wav/Marathi/7052.wav,Marathi
/content/work/processed_wav/Marathi/8072.wav,Marathi
/content/work/processed_wav/Marathi/8232.wav,Marathi
/content/work/processed_wav/Marathi/8118.wav,Marathi
/content/work/processed_wav/Marathi/6426.wav,Marathi
/content/work/processed_wav/Marathi/6937.wav,Marathi
/content/work/processed_wav/Marathi/7303.wav,Marathi
/content/work/processed_wav/Marathi/798.wav,Marathi
/content/work/processed_wav/Marathi/6396.wav,Marathi
/content/work/processed_wav/Marathi/8002.wav,Marathi
/content/work/processed_wav/Marathi/7007.wav,Marathi
/content/work/processed_wav/Marathi/6956.wav,Marathi
/content/work/processed_wav/Marathi/7072.wav,Marathi
/content/work/processed_wav/Marathi/7364.wav,Marathi
/content/work/processed_wav/Marathi/6605.wav,Marathi
/content/work/processed_wav/Marathi/7783.wav,Marathi
/content/work/processed_wav/Marathi/8352.wav,Marathi
/content/work/processed_wav/Marathi/8432.wav,Marathi
/content/work/processed_wav/Marathi/7558.wav,Marathi
/content/work/processed_wav/Marathi/7894.wav,Marathi
/content/work/processed_wav/Marathi/8220.wav,Marathi
/content/work/processed_wav/Marathi/6593.wav,Marathi
/content/work/processed_wav/Marathi/8089.wav,Marathi
/content/work/processed_wav/Marathi/6796.wav,Marathi
/content/work/processed_wav/Marathi/8990.wav,Marathi
/content/work/processed_wav/Marathi/9995.wav,Marathi
/content/work/processed_wav/Marathi/8789.wav,Marathi
/content/work/processed_wav/Marathi/898.wav,Marathi
/content/work/processed_wav/Marathi/8971.wav,Marathi
/content/work/processed_wav/Marathi/9509.wav,Marathi
/content/work/processed_wav/Marathi/8968.wav,Marathi
/content/work/processed_wav/Marathi/9840.wav,Marathi
/content/work/processed_wav/Marathi/9889.wav,Marathi
/content/work/processed_wav/Marathi/846.wav,Marathi
/content/work/processed_wav/Marathi/8616.wav,Marathi
/content/work/processed_wav/Marathi/9059.wav,Marathi
/content/work/processed_wav/Marathi/9677.wav,Marathi
/content/work/processed_wav/Marathi/9909.wav,Marathi
/content/work/processed_wav/Marathi/9424.wav,Marathi
/content/work/processed_wav/Marathi/8731.wav,Marathi
/content/work/processed_wav/Marathi/8575.wav,Marathi
/content/work/processed_wav/Marathi/9224.wav,Marathi
/content/work/processed_wav/Marathi/8609.wav,Marathi
/content/work/processed_wav/Marathi/9622.wav,Marathi
/content/work/processed_wav/Marathi/9362.wav,Marathi
/content/work/processed_wav/Marathi/9246.wav,Marathi
/content/work/processed_wav/Marathi/9601.wav,Marathi
/content/work/processed_wav/Marathi/9459.wav,Marathi
/content/work/processed_wav/Marathi/9436.wav,Marathi
/content/work/processed_wav/Marathi/8792.wav,Marathi
/content/work/processed_wav/Marathi/951.wav,Marathi
/content/work/processed_wav/Marathi/9031.wav,Marathi
/content/work/processed_wav/Marathi/9271.wav,Marathi
/content/work/processed_wav/Marathi/9917.wav,Marathi
/content/work/processed_wav/Marathi/8947.wav,Marathi
/content/work/processed_wav/Marathi/9797.wav,Marathi
/content/work/processed_wav/Marathi/9040.wav,Marathi
/content/work/processed_wav/Marathi/8585.wav,Marathi
/content/work/processed_wav/Marathi/8474.wav,Marathi
/content/work/processed_wav/Marathi/8725.wav,Marathi
/content/work/processed_wav/Marathi/9740.wav,Marathi
/content/work/processed_wav/Marathi/9434.wav,Marathi
/content/work/processed_wav/Marathi/8885.wav,Marathi
/content/work/processed_wav/Marathi/9351.wav,Marathi
/content/work/processed_wav/Marathi/8807.wav,Marathi
/content/work/processed_wav/Marathi/9185.wav,Marathi
/content/work/processed_wav/Marathi/928.wav,Marathi
/content/work/processed_wav/Marathi/8461.wav,Marathi
/content/work/processed_wav/Marathi/9559.wav,Marathi
/content/work/processed_wav/Marathi/9996.wav,Marathi
/content/work/processed_wav/Marathi/8565.wav,Marathi
/content/work/processed_wav/Marathi/8736.wav,Marathi
/content/work/processed_wav/Marathi/9944.wav,Marathi
/content/work/processed_wav/Marathi/9263.wav,Marathi
/content/work/processed_wav/Marathi/9011.wav,Marathi
/content/work/processed_wav/Marathi/9348.wav,Marathi
/content/work/processed_wav/Marathi/8645.wav,Marathi
/content/work/processed_wav/Marathi/995.wav,Marathi
/content/work/processed_wav/Marathi/938.wav,Marathi
/content/work/processed_wav/Marathi/9732.wav,Marathi
/content/work/processed_wav/Marathi/8598.wav,Marathi
/content/work/processed_wav/Marathi/961.wav,Marathi
/content/work/processed_wav/Marathi/8842.wav,Marathi
/content/work/processed_wav/Marathi/8849.wav,Marathi
/content/work/processed_wav/Marathi/939.wav,Marathi
/content/work/processed_wav/Marathi/9301.wav,Marathi
/content/work/processed_wav/Marathi/942.wav,Marathi
/content/work/processed_wav/Marathi/9104.wav,Marathi
/content/work/processed_wav/Marathi/9858.wav,Marathi
/content/work/processed_wav/Marathi/9715.wav,Marathi
/content/work/processed_wav/Marathi/8664.wav,Marathi
/content/work/processed_wav/Marathi/9266.wav,Marathi
/content/work/processed_wav/Marathi/8557.wav,Marathi
/content/work/processed_wav/Marathi/9411.wav,Marathi
/content/work/processed_wav/Marathi/9315.wav,Marathi
/content/work/processed_wav/Marathi/9312.wav,Marathi
/content/work/processed_wav/Marathi/10850.wav,Marathi
/content/work/processed_wav/Marathi/10436.wav,Marathi
/content/work/processed_wav/Marathi/10556.wav,Marathi
/content/work/processed_wav/Marathi/10701.wav,Marathi
/content/work/processed_wav/Marathi/10807.wav,Marathi
/content/work/processed_wav/Marathi/10229.wav,Marathi
/content/work/processed_wav/Marathi/10765.wav,Marathi
/content/work/processed_wav/Marathi/10291.wav,Marathi
/content/work/processed_wav/Marathi/10192.wav,Marathi
/content/work/processed_wav/tamil/10087.wav,tamil
/content/work/processed_wav/tamil/10765.wav,tamil
/content/work/processed_wav/tamil/10294.wav,tamil
/content/work/processed_wav/tamil/10939.wav,tamil
/content/work/processed_wav/tamil/10701.wav,tamil
/content/work/processed_wav/tamil/10436.wav,tamil
/content/work/processed_wav/tamil/10618.wav,tamil
/content/work/processed_wav/tamil/10167.wav,tamil
/content/work/processed_wav/tamil/10229.wav,tamil
/content/work/processed_wav/tamil/10013.wav,tamil
/content/work/processed_wav/tamil/10192.wav,tamil
/content/work/processed_wav/tamil/10348.wav,tamil
/content/work/processed_wav/tamil/10371.wav,tamil
/content/work/processed_wav/tamil/11014.wav,tamil
/content/work/processed_wav/tamil/10794.wav,tamil
/content/work/processed_wav/tamil/10807.wav,tamil
/content/work/processed_wav/tamil/10176.wav,tamil
/content/work/processed_wav/tamil/10703.wav,tamil
/content/work/processed_wav/tamil/10503.wav,tamil
/content/work/processed_wav/tamil/11044.wav,tamil
/content/work/processed_wav/tamil/10630.wav,tamil
/content/work/processed_wav/tamil/10850.wav,tamil
/content/work/processed_wav/tamil/10602.wav,tamil
/content/work/processed_wav/tamil/10351.wav,tamil
/content/work/processed_wav/tamil/10304.wav,tamil
/content/work/processed_wav/tamil/10296.wav,tamil
/content/work/processed_wav/tamil/10901.wav,tamil
/content/work/processed_wav/tamil/11028.wav,tamil
/content/work/processed_wav/tamil/10556.wav,tamil
/content/work/processed_wav/tamil/10418.wav,tamil
/content/work/processed_wav/tamil/10504.wav,tamil
/content/work/processed_wav/tamil/10279.wav,tamil
/content/work/processed_wav/tamil/10291.wav,tamil
/content/work/processed_wav/tamil/10852.wav,tamil
/content/work/processed_wav/tamil/10686.wav,tamil
/content/work/processed_wav/tamil/10301.wav,tamil
/content/work/processed_wav/tamil/11681.wav,tamil
/content/work/processed_wav/tamil/12647.wav,tamil
/content/work/processed_wav/tamil/11428.wav,tamil
/content/work/processed_wav/tamil/11188.wav,tamil
/content/work/processed_wav/tamil/11463.wav,tamil
/content/work/processed_wav/tamil/11804.wav,tamil
/content/work/processed_wav/tamil/12436.wav,tamil
/content/work/processed_wav/tamil/11083.wav,tamil
/content/work/processed_wav/tamil/12516.wav,tamil
/content/work/processed_wav/tamil/11474.wav,tamil
/content/work/processed_wav/tamil/12166.wav,tamil
/content/work/processed_wav/tamil/11590.wav,tamil
/content/work/processed_wav/tamil/12204.wav,tamil
/content/work/processed_wav/tamil/11341.wav,tamil
/content/work/processed_wav/tamil/12473.wav,tamil
/content/work/processed_wav/tamil/12726.wav,tamil
/content/work/processed_wav/tamil/11701.wav,tamil
/content/work/processed_wav/tamil/12553.wav,tamil
/content/work/processed_wav/tamil/12637.wav,tamil
/content/work/processed_wav/tamil/12656.wav,tamil
/content/work/processed_wav/tamil/11246.wav,tamil
/content/work/processed_wav/tamil/11406.wav,tamil
/content/work/processed_wav/tamil/12715.wav,tamil
/content/work/processed_wav/tamil/12482.wav,tamil
/content/work/processed_wav/tamil/11306.wav,tamil
/content/work/processed_wav/tamil/12390.wav,tamil
/content/work/processed_wav/tamil/11161.wav,tamil
/content/work/processed_wav/tamil/11907.wav,tamil
/content/work/processed_wav/tamil/11140.wav,tamil
/content/work/processed_wav/tamil/11203.wav,tamil
/content/work/processed_wav/tamil/11584.wav,tamil
/content/work/processed_wav/tamil/11930.wav,tamil
/content/work/processed_wav/tamil/11671.wav,tamil
/content/work/processed_wav/tamil/12393.wav,tamil
/content/work/processed_wav/tamil/12492.wav,tamil
/content/work/processed_wav/tamil/11958.wav,tamil
/content/work/processed_wav/tamil/11452.wav,tamil
/content/work/processed_wav/tamil/11324.wav,tamil
/content/work/processed_wav/tamil/12551.wav,tamil
/content/work/processed_wav/tamil/11071.wav,tamil
/content/work/processed_wav/tamil/11769.wav,tamil
/content/work/processed_wav/tamil/12799.wav,tamil
/content/work/processed_wav/tamil/11542.wav,tamil
/content/work/processed_wav/tamil/11519.wav,tamil
/content/work/processed_wav/tamil/12182.wav,tamil
/content/work/processed_wav/tamil/11473.wav,tamil
/content/work/processed_wav/tamil/11714.wav,tamil
/content/work/processed_wav/tamil/12835.wav,tamil
/content/work/processed_wav/tamil/12330.wav,tamil
/content/work/processed_wav/tamil/12558.wav,tamil
/content/work/processed_wav/tamil/11507.wav,tamil
/content/work/processed_wav/tamil/11670.wav,tamil
/content/work/processed_wav/tamil/11368.wav,tamil
/content/work/processed_wav/tamil/11275.wav,tamil
/content/work/processed_wav/tamil/12769.wav,tamil
/content/work/processed_wav/tamil/11683.wav,tamil
/content/work/processed_wav/tamil/11704.wav,tamil
/content/work/processed_wav/tamil/11813.wav,tamil
/content/work/processed_wav/tamil/11602.wav,tamil
/content/work/processed_wav/tamil/11430.wav,tamil
/content/work/processed_wav/tamil/12710.wav,tamil
/content/work/processed_wav/tamil/12470.wav,tamil
/content/work/processed_wav/tamil/11960.wav,tamil
/content/work/processed_wav/tamil/12398.wav,tamil
/content/work/processed_wav/tamil/11627.wav,tamil
/content/work/processed_wav/tamil/11440.wav,tamil
/content/work/processed_wav/tamil/11779.wav,tamil
/content/work/processed_wav/tamil/12040.wav,tamil
/content/work/processed_wav/tamil/12536.wav,tamil
/content/work/processed_wav/tamil/12727.wav,tamil
/content/work/processed_wav/tamil/11875.wav,tamil
/content/work/processed_wav/tamil/11381.wav,tamil
/content/work/processed_wav/tamil/12771.wav,tamil
/content/work/processed_wav/tamil/12098.wav,tamil
/content/work/processed_wav/tamil/11969.wav,tamil
/content/work/processed_wav/tamil/11114.wav,tamil
/content/work/processed_wav/tamil/11288.wav,tamil
/content/work/processed_wav/tamil/12603.wav,tamil
/content/work/processed_wav/tamil/11579.wav,tamil
/content/work/processed_wav/tamil/12349.wav,tamil
/content/work/processed_wav/tamil/12089.wav,tamil
/content/work/processed_wav/tamil/12247.wav,tamil
/content/work/processed_wav/tamil/12888.wav,tamil
/content/work/processed_wav/tamil/14299.wav,tamil
/content/work/processed_wav/tamil/13163.wav,tamil
/content/work/processed_wav/tamil/13082.wav,tamil
/content/work/processed_wav/tamil/14084.wav,tamil
/content/work/processed_wav/tamil/14477.wav,tamil
/content/work/processed_wav/tamil/13615.wav,tamil
/content/work/processed_wav/tamil/12977.wav,tamil
/content/work/processed_wav/tamil/13945.wav,tamil
/content/work/processed_wav/tamil/12938.wav,tamil
/content/work/processed_wav/tamil/13306.wav,tamil
/content/work/processed_wav/tamil/14661.wav,tamil
/content/work/processed_wav/tamil/14313.wav,tamil
/content/work/processed_wav/tamil/13126.wav,tamil
/content/work/processed_wav/tamil/14145.wav,tamil
/content/work/processed_wav/tamil/14390.wav,tamil
/content/work/processed_wav/tamil/13178.wav,tamil
/content/work/processed_wav/tamil/14783.wav,tamil
/content/work/processed_wav/tamil/13543.wav,tamil
/content/work/processed_wav/tamil/13409.wav,tamil
/content/work/processed_wav/tamil/14332.wav,tamil
/content/work/processed_wav/tamil/12916.wav,tamil
/content/work/processed_wav/tamil/13107.wav,tamil
/content/work/processed_wav/tamil/14064.wav,tamil
/content/work/processed_wav/tamil/14773.wav,tamil
/content/work/processed_wav/tamil/14448.wav,tamil
/content/work/processed_wav/tamil/13711.wav,tamil
/content/work/processed_wav/tamil/12959.wav,tamil
/content/work/processed_wav/tamil/13843.wav,tamil
/content/work/processed_wav/tamil/13985.wav,tamil
/content/work/processed_wav/tamil/14017.wav,tamil
/content/work/processed_wav/tamil/13310.wav,tamil
/content/work/processed_wav/tamil/14051.wav,tamil
/content/work/processed_wav/tamil/12994.wav,tamil
/content/work/processed_wav/tamil/12913.wav,tamil
/content/work/processed_wav/tamil/13440.wav,tamil
/content/work/processed_wav/tamil/14552.wav,tamil
/content/work/processed_wav/tamil/14703.wav,tamil
/content/work/processed_wav/tamil/14177.wav,tamil
/content/work/processed_wav/tamil/14606.wav,tamil
/content/work/processed_wav/tamil/13132.wav,tamil
/content/work/processed_wav/tamil/14049.wav,tamil
/content/work/processed_wav/tamil/12965.wav,tamil
/content/work/processed_wav/tamil/12924.wav,tamil
/content/work/processed_wav/tamil/13587.wav,tamil
/content/work/processed_wav/tamil/14160.wav,tamil
/content/work/processed_wav/tamil/13787.wav,tamil
/content/work/processed_wav/tamil/13726.wav,tamil
/content/work/processed_wav/tamil/13738.wav,tamil
/content/work/processed_wav/tamil/13361.wav,tamil
/content/work/processed_wav/tamil/14097.wav,tamil
/content/work/processed_wav/tamil/14630.wav,tamil
/content/work/processed_wav/tamil/14603.wav,tamil
/content/work/processed_wav/tamil/12928.wav,tamil
/content/work/processed_wav/tamil/13703.wav,tamil
/content/work/processed_wav/tamil/13742.wav,tamil
/content/work/processed_wav/tamil/13344.wav,tamil
/content/work/processed_wav/tamil/14650.wav,tamil
/content/work/processed_wav/tamil/13934.wav,tamil
/content/work/processed_wav/tamil/14534.wav,tamil
/content/work/processed_wav/tamil/14030.wav,tamil
/content/work/processed_wav/tamil/13057.wav,tamil
/content/work/processed_wav/tamil/14704.wav,tamil
/content/work/processed_wav/tamil/13460.wav,tamil
/content/work/processed_wav/tamil/13141.wav,tamil
/content/work/processed_wav/tamil/14580.wav,tamil
/content/work/processed_wav/tamil/13802.wav,tamil
/content/work/processed_wav/tamil/13675.wav,tamil
/content/work/processed_wav/tamil/13806.wav,tamil
/content/work/processed_wav/tamil/14171.wav,tamil
/content/work/processed_wav/tamil/13906.wav,tamil
/content/work/processed_wav/tamil/13463.wav,tamil
/content/work/processed_wav/tamil/12907.wav,tamil
/content/work/processed_wav/tamil/13487.wav,tamil
/content/work/processed_wav/tamil/14334.wav,tamil
/content/work/processed_wav/tamil/14635.wav,tamil
/content/work/processed_wav/tamil/14740.wav,tamil
/content/work/processed_wav/tamil/14063.wav,tamil
/content/work/processed_wav/tamil/13783.wav,tamil
/content/work/processed_wav/tamil/14285.wav,tamil
/content/work/processed_wav/tamil/14053.wav,tamil
/content/work/processed_wav/tamil/12941.wav,tamil
/content/work/processed_wav/tamil/13539.wav,tamil
/content/work/processed_wav/tamil/13788.wav,tamil
/content/work/processed_wav/tamil/12971.wav,tamil
/content/work/processed_wav/tamil/13642.wav,tamil
/content/work/processed_wav/tamil/16467.wav,tamil
/content/work/processed_wav/tamil/15428.wav,tamil
/content/work/processed_wav/tamil/15009.wav,tamil
/content/work/processed_wav/tamil/16432.wav,tamil
/content/work/processed_wav/tamil/14903.wav,tamil
/content/work/processed_wav/tamil/16819.wav,tamil
/content/work/processed_wav/tamil/15639.wav,tamil
/content/work/processed_wav/tamil/15469.wav,tamil
/content/work/processed_wav/tamil/15378.wav,tamil
/content/work/processed_wav/tamil/15681.wav,tamil
/content/work/processed_wav/tamil/14984.wav,tamil
/content/work/processed_wav/tamil/15462.wav,tamil
/content/work/processed_wav/tamil/15420.wav,tamil
/content/work/processed_wav/tamil/16936.wav,tamil
/content/work/processed_wav/tamil/16336.wav,tamil
/content/work/processed_wav/tamil/15981.wav,tamil
/content/work/processed_wav/tamil/16081.wav,tamil
/content/work/processed_wav/tamil/15592.wav,tamil
/content/work/processed_wav/tamil/15737.wav,tamil
/content/work/processed_wav/tamil/15027.wav,tamil
/content/work/processed_wav/tamil/15249.wav,tamil
/content/work/processed_wav/tamil/15720.wav,tamil
/content/work/processed_wav/tamil/16742.wav,tamil
/content/work/processed_wav/tamil/15771.wav,tamil
/content/work/processed_wav/tamil/16290.wav,tamil
/content/work/processed_wav/tamil/15817.wav,tamil
/content/work/processed_wav/tamil/16065.wav,tamil
/content/work/processed_wav/tamil/16609.wav,tamil
/content/work/processed_wav/tamil/15345.wav,tamil
/content/work/processed_wav/tamil/15411.wav,tamil
/content/work/processed_wav/tamil/16010.wav,tamil
/content/work/processed_wav/tamil/15183.wav,tamil
/content/work/processed_wav/tamil/15589.wav,tamil
/content/work/processed_wav/tamil/15337.wav,tamil
/content/work/processed_wav/tamil/16765.wav,tamil
/content/work/processed_wav/tamil/15726.wav,tamil
/content/work/processed_wav/tamil/16320.wav,tamil
/content/work/processed_wav/tamil/15516.wav,tamil
/content/work/processed_wav/tamil/14944.wav,tamil
/content/work/processed_wav/tamil/15714.wav,tamil
/content/work/processed_wav/tamil/16564.wav,tamil
/content/work/processed_wav/tamil/15804.wav,tamil
/content/work/processed_wav/tamil/15653.wav,tamil
/content/work/processed_wav/tamil/16097.wav,tamil
/content/work/processed_wav/tamil/16913.wav,tamil
/content/work/processed_wav/tamil/15828.wav,tamil
/content/work/processed_wav/tamil/16805.wav,tamil
/content/work/processed_wav/tamil/16532.wav,tamil
/content/work/processed_wav/tamil/15854.wav,tamil
/content/work/processed_wav/tamil/16256.wav,tamil
/content/work/processed_wav/tamil/16329.wav,tamil
/content/work/processed_wav/tamil/16254.wav,tamil
/content/work/processed_wav/tamil/14999.wav,tamil
/content/work/processed_wav/tamil/16131.wav,tamil
/content/work/processed_wav/tamil/15441.wav,tamil
/content/work/processed_wav/tamil/15209.wav,tamil
/content/work/processed_wav/tamil/15001.wav,tamil
/content/work/processed_wav/tamil/14810.wav,tamil
/content/work/processed_wav/tamil/14821.wav,tamil
/content/work/processed_wav/tamil/15642.wav,tamil
/content/work/processed_wav/tamil/15158.wav,tamil
/content/work/processed_wav/tamil/15587.wav,tamil
/content/work/processed_wav/tamil/15915.wav,tamil
/content/work/processed_wav/tamil/15555.wav,tamil
/content/work/processed_wav/tamil/15385.wav,tamil
/content/work/processed_wav/tamil/16864.wav,tamil
/content/work/processed_wav/tamil/15899.wav,tamil
/content/work/processed_wav/tamil/15212.wav,tamil
/content/work/processed_wav/tamil/16812.wav,tamil
/content/work/processed_wav/tamil/15963.wav,tamil
/content/work/processed_wav/tamil/15904.wav,tamil
/content/work/processed_wav/tamil/15934.wav,tamil
/content/work/processed_wav/tamil/16571.wav,tamil
/content/work/processed_wav/tamil/16167.wav,tamil
/content/work/processed_wav/tamil/16308.wav,tamil
/content/work/processed_wav/tamil/16027.wav,tamil
/content/work/processed_wav/tamil/16238.wav,tamil
/content/work/processed_wav/tamil/15481.wav,tamil
/content/work/processed_wav/tamil/16246.wav,tamil
/content/work/processed_wav/tamil/16104.wav,tamil
/content/work/processed_wav/tamil/16092.wav,tamil
/content/work/processed_wav/tamil/15742.wav,tamil
/content/work/processed_wav/tamil/16543.wav,tamil
/content/work/processed_wav/tamil/15317.wav,tamil
/content/work/processed_wav/tamil/16160.wav,tamil
/content/work/processed_wav/tamil/15997.wav,tamil
/content/work/processed_wav/tamil/15712.wav,tamil
/content/work/processed_wav/tamil/15299.wav,tamil
/content/work/processed_wav/tamil/17572.wav,tamil
/content/work/processed_wav/tamil/18747.wav,tamil
/content/work/processed_wav/tamil/18458.wav,tamil
/content/work/processed_wav/tamil/18635.wav,tamil
/content/work/processed_wav/tamil/19099.wav,tamil
/content/work/processed_wav/tamil/18290.wav,tamil
/content/work/processed_wav/tamil/17498.wav,tamil
/content/work/processed_wav/tamil/18068.wav,tamil
/content/work/processed_wav/tamil/17621.wav,tamil
/content/work/processed_wav/tamil/17849.wav,tamil
/content/work/processed_wav/tamil/17893.wav,tamil
/content/work/processed_wav/tamil/17873.wav,tamil
/content/work/processed_wav/tamil/18895.wav,tamil
/content/work/processed_wav/tamil/17078.wav,tamil
/content/work/processed_wav/tamil/18222.wav,tamil
/content/work/processed_wav/tamil/16944.wav,tamil
/content/work/processed_wav/tamil/18515.wav,tamil
/content/work/processed_wav/tamil/17308.wav,tamil
/content/work/processed_wav/tamil/17583.wav,tamil
/content/work/processed_wav/tamil/18549.wav,tamil
/content/work/processed_wav/tamil/17543.wav,tamil
/content/work/processed_wav/tamil/19082.wav,tamil
/content/work/processed_wav/tamil/17114.wav,tamil
/content/work/processed_wav/tamil/18519.wav,tamil
/content/work/processed_wav/tamil/17705.wav,tamil
/content/work/processed_wav/tamil/18863.wav,tamil
/content/work/processed_wav/tamil/18933.wav,tamil
/content/work/processed_wav/tamil/17862.wav,tamil
/content/work/processed_wav/tamil/19128.wav,tamil
/content/work/processed_wav/tamil/17120.wav,tamil
/content/work/processed_wav/tamil/17800.wav,tamil
/content/work/processed_wav/tamil/18849.wav,tamil
/content/work/processed_wav/tamil/18471.wav,tamil
/content/work/processed_wav/tamil/18947.wav,tamil
/content/work/processed_wav/tamil/18073.wav,tamil
/content/work/processed_wav/tamil/17932.wav,tamil
/content/work/processed_wav/tamil/18281.wav,tamil
/content/work/processed_wav/tamil/18326.wav,tamil
/content/work/processed_wav/tamil/18962.wav,tamil
/content/work/processed_wav/tamil/16978.wav,tamil
/content/work/processed_wav/tamil/17022.wav,tamil
/content/work/processed_wav/tamil/17033.wav,tamil
/content/work/processed_wav/tamil/18881.wav,tamil
/content/work/processed_wav/tamil/17011.wav,tamil
/content/work/processed_wav/tamil/18653.wav,tamil
/content/work/processed_wav/tamil/17211.wav,tamil
/content/work/processed_wav/tamil/16975.wav,tamil
/content/work/processed_wav/tamil/17607.wav,tamil
/content/work/processed_wav/tamil/17477.wav,tamil
/content/work/processed_wav/tamil/17853.wav,tamil
/content/work/processed_wav/tamil/18208.wav,tamil
/content/work/processed_wav/tamil/17655.wav,tamil
/content/work/processed_wav/tamil/18558.wav,tamil
/content/work/processed_wav/tamil/18686.wav,tamil
/content/work/processed_wav/tamil/17146.wav,tamil
/content/work/processed_wav/tamil/18388.wav,tamil
/content/work/processed_wav/tamil/18223.wav,tamil
/content/work/processed_wav/tamil/17577.wav,tamil
/content/work/processed_wav/tamil/17728.wav,tamil
/content/work/processed_wav/tamil/17119.wav,tamil
/content/work/processed_wav/tamil/16999.wav,tamil
/content/work/processed_wav/tamil/17446.wav,tamil
/content/work/processed_wav/tamil/17814.wav,tamil
/content/work/processed_wav/tamil/18991.wav,tamil
/content/work/processed_wav/tamil/17484.wav,tamil
/content/work/processed_wav/tamil/17233.wav,tamil
/content/work/processed_wav/tamil/18584.wav,tamil
/content/work/processed_wav/tamil/16957.wav,tamil
/content/work/processed_wav/tamil/17443.wav,tamil
/content/work/processed_wav/tamil/17207.wav,tamil
/content/work/processed_wav/tamil/18312.wav,tamil
/content/work/processed_wav/tamil/18304.wav,tamil
/content/work/processed_wav/tamil/18737.wav,tamil
/content/work/processed_wav/tamil/18638.wav,tamil
/content/work/processed_wav/tamil/19051.wav,tamil
/content/work/processed_wav/tamil/19009.wav,tamil
/content/work/processed_wav/tamil/17144.wav,tamil
/content/work/processed_wav/tamil/17198.wav,tamil
/content/work/processed_wav/tamil/17735.wav,tamil
/content/work/processed_wav/tamil/17333.wav,tamil
/content/work/processed_wav/tamil/17675.wav,tamil
/content/work/processed_wav/tamil/17118.wav,tamil
/content/work/processed_wav/tamil/18750.wav,tamil
/content/work/processed_wav/tamil/16990.wav,tamil
/content/work/processed_wav/tamil/17403.wav,tamil
/content/work/processed_wav/tamil/17474.wav,tamil
/content/work/processed_wav/tamil/17540.wav,tamil
/content/work/processed_wav/tamil/17746.wav,tamil
/content/work/processed_wav/tamil/20481.wav,tamil
/content/work/processed_wav/tamil/20331.wav,tamil
/content/work/processed_wav/tamil/20904.wav,tamil
/content/work/processed_wav/tamil/19887.wav,tamil
/content/work/processed_wav/tamil/21113.wav,tamil
/content/work/processed_wav/tamil/21017.wav,tamil
/content/work/processed_wav/tamil/20998.wav,tamil
/content/work/processed_wav/tamil/19798.wav,tamil
/content/work/processed_wav/tamil/19407.wav,tamil
/content/work/processed_wav/tamil/19894.wav,tamil
/content/work/processed_wav/tamil/20413.wav,tamil
/content/work/processed_wav/tamil/20251.wav,tamil
/content/work/processed_wav/tamil/20427.wav,tamil
/content/work/processed_wav/tamil/19282.wav,tamil
/content/work/processed_wav/tamil/21351.wav,tamil
/content/work/processed_wav/tamil/21115.wav,tamil
/content/work/processed_wav/tamil/19612.wav,tamil
/content/work/processed_wav/tamil/20799.wav,tamil
/content/work/processed_wav/tamil/20804.wav,tamil
/content/work/processed_wav/tamil/20452.wav,tamil
/content/work/processed_wav/tamil/20231.wav,tamil
/content/work/processed_wav/tamil/19917.wav,tamil
/content/work/processed_wav/tamil/19720.wav,tamil
/content/work/processed_wav/tamil/20068.wav,tamil
/content/work/processed_wav/tamil/20219.wav,tamil
/content/work/processed_wav/tamil/20609.wav,tamil
/content/work/processed_wav/tamil/21377.wav,tamil
/content/work/processed_wav/tamil/20918.wav,tamil
/content/work/processed_wav/tamil/19210.wav,tamil
/content/work/processed_wav/tamil/20737.wav,tamil
/content/work/processed_wav/tamil/20490.wav,tamil
/content/work/processed_wav/tamil/19690.wav,tamil
/content/work/processed_wav/tamil/19779.wav,tamil
/content/work/processed_wav/tamil/21134.wav,tamil
/content/work/processed_wav/tamil/19318.wav,tamil
/content/work/processed_wav/tamil/21385.wav,tamil
/content/work/processed_wav/tamil/20215.wav,tamil
/content/work/processed_wav/tamil/19453.wav,tamil
/content/work/processed_wav/tamil/20830.wav,tamil
/content/work/processed_wav/tamil/19558.wav,tamil
/content/work/processed_wav/tamil/19324.wav,tamil
/content/work/processed_wav/tamil/20105.wav,tamil
/content/work/processed_wav/tamil/19795.wav,tamil
/content/work/processed_wav/tamil/21026.wav,tamil
/content/work/processed_wav/tamil/19213.wav,tamil
/content/work/processed_wav/tamil/20348.wav,tamil
/content/work/processed_wav/tamil/21336.wav,tamil
/content/work/processed_wav/tamil/20020.wav,tamil
/content/work/processed_wav/tamil/19177.wav,tamil
/content/work/processed_wav/tamil/21055.wav,tamil
/content/work/processed_wav/tamil/19206.wav,tamil
/content/work/processed_wav/tamil/19627.wav,tamil
/content/work/processed_wav/tamil/20607.wav,tamil
/content/work/processed_wav/tamil/20661.wav,tamil
/content/work/processed_wav/tamil/21121.wav,tamil
/content/work/processed_wav/tamil/20772.wav,tamil
/content/work/processed_wav/tamil/21225.wav,tamil
/content/work/processed_wav/tamil/19509.wav,tamil
/content/work/processed_wav/tamil/21203.wav,tamil
/content/work/processed_wav/tamil/19240.wav,tamil
/content/work/processed_wav/tamil/20100.wav,tamil
/content/work/processed_wav/tamil/19599.wav,tamil
/content/work/processed_wav/tamil/20004.wav,tamil
/content/work/processed_wav/tamil/20665.wav,tamil
/content/work/processed_wav/tamil/20826.wav,tamil
/content/work/processed_wav/tamil/21052.wav,tamil
/content/work/processed_wav/tamil/21274.wav,tamil
/content/work/processed_wav/tamil/20773.wav,tamil
/content/work/processed_wav/tamil/20690.wav,tamil
/content/work/processed_wav/tamil/19619.wav,tamil
/content/work/processed_wav/tamil/21360.wav,tamil
/content/work/processed_wav/tamil/20806.wav,tamil
/content/work/processed_wav/tamil/20032.wav,tamil
/content/work/processed_wav/tamil/20375.wav,tamil
/content/work/processed_wav/tamil/19705.wav,tamil
/content/work/processed_wav/tamil/19936.wav,tamil
/content/work/processed_wav/tamil/20041.wav,tamil
/content/work/processed_wav/tamil/20594.wav,tamil
/content/work/processed_wav/tamil/20526.wav,tamil
/content/work/processed_wav/tamil/19796.wav,tamil
/content/work/processed_wav/tamil/21266.wav,tamil
/content/work/processed_wav/tamil/19207.wav,tamil
/content/work/processed_wav/tamil/20430.wav,tamil
/content/work/processed_wav/tamil/20560.wav,tamil
/content/work/processed_wav/tamil/19496.wav,tamil
/content/work/processed_wav/tamil/19957.wav,tamil
/content/work/processed_wav/tamil/19808.wav,tamil
/content/work/processed_wav/tamil/23085.wav,tamil
/content/work/processed_wav/tamil/23680.wav,tamil
/content/work/processed_wav/tamil/22287.wav,tamil
/content/work/processed_wav/tamil/21894.wav,tamil
/content/work/processed_wav/tamil/23304.wav,tamil
/content/work/processed_wav/tamil/23285.wav,tamil
/content/work/processed_wav/tamil/22706.wav,tamil
/content/work/processed_wav/tamil/21847.wav,tamil
/content/work/processed_wav/tamil/22484.wav,tamil
/content/work/processed_wav/tamil/22961.wav,tamil
/content/work/processed_wav/tamil/23214.wav,tamil
/content/work/processed_wav/tamil/21411.wav,tamil
/content/work/processed_wav/tamil/22196.wav,tamil
/content/work/processed_wav/tamil/22220.wav,tamil
/content/work/processed_wav/tamil/21722.wav,tamil
/content/work/processed_wav/tamil/23340.wav,tamil
/content/work/processed_wav/tamil/22612.wav,tamil
/content/work/processed_wav/tamil/22314.wav,tamil
/content/work/processed_wav/tamil/23663.wav,tamil
/content/work/processed_wav/tamil/22957.wav,tamil
/content/work/processed_wav/tamil/23324.wav,tamil
/content/work/processed_wav/tamil/21472.wav,tamil
/content/work/processed_wav/tamil/22746.wav,tamil
/content/work/processed_wav/tamil/21767.wav,tamil
/content/work/processed_wav/tamil/21831.wav,tamil
/content/work/processed_wav/tamil/23653.wav,tamil
/content/work/processed_wav/tamil/21627.wav,tamil
/content/work/processed_wav/tamil/22523.wav,tamil
/content/work/processed_wav/tamil/23222.wav,tamil
/content/work/processed_wav/tamil/22611.wav,tamil
/content/work/processed_wav/tamil/22524.wav,tamil
/content/work/processed_wav/tamil/21922.wav,tamil
/content/work/processed_wav/tamil/22791.wav,tamil
/content/work/processed_wav/tamil/22215.wav,tamil
/content/work/processed_wav/tamil/22933.wav,tamil
/content/work/processed_wav/tamil/21427.wav,tamil
/content/work/processed_wav/tamil/22772.wav,tamil
/content/work/processed_wav/tamil/22492.wav,tamil
/content/work/processed_wav/tamil/22851.wav,tamil
/content/work/processed_wav/tamil/23272.wav,tamil
/content/work/processed_wav/tamil/22579.wav,tamil
/content/work/processed_wav/tamil/23081.wav,tamil
/content/work/processed_wav/tamil/23677.wav,tamil
/content/work/processed_wav/tamil/21766.wav,tamil
/content/work/processed_wav/tamil/23253.wav,tamil
/content/work/processed_wav/tamil/22060.wav,tamil
/content/work/processed_wav/tamil/23039.wav,tamil
/content/work/processed_wav/tamil/23054.wav,tamil
/content/work/processed_wav/tamil/23585.wav,tamil
/content/work/processed_wav/tamil/23124.wav,tamil
/content/work/processed_wav/tamil/21844.wav,tamil
/content/work/processed_wav/tamil/22757.wav,tamil
/content/work/processed_wav/tamil/21587.wav,tamil
/content/work/processed_wav/tamil/23461.wav,tamil
/content/work/processed_wav/tamil/23307.wav,tamil
/content/work/processed_wav/tamil/22218.wav,tamil
/content/work/processed_wav/tamil/23315.wav,tamil
/content/work/processed_wav/tamil/23610.wav,tamil
/content/work/processed_wav/tamil/23562.wav,tamil
/content/work/processed_wav/tamil/21724.wav,tamil
/content/work/processed_wav/tamil/22927.wav,tamil
/content/work/processed_wav/tamil/21473.wav,tamil
/content/work/processed_wav/tamil/22883.wav,tamil
/content/work/processed_wav/tamil/22261.wav,tamil
/content/work/processed_wav/tamil/22336.wav,tamil
/content/work/processed_wav/tamil/23058.wav,tamil
/content/work/processed_wav/tamil/23246.wav,tamil
/content/work/processed_wav/tamil/22963.wav,tamil
/content/work/processed_wav/tamil/23408.wav,tamil
/content/work/processed_wav/tamil/23656.wav,tamil
/content/work/processed_wav/tamil/23388.wav,tamil
/content/work/processed_wav/tamil/23670.wav,tamil
/content/work/processed_wav/tamil/21607.wav,tamil
/content/work/processed_wav/tamil/21495.wav,tamil
/content/work/processed_wav/tamil/22887.wav,tamil
/content/work/processed_wav/tamil/22820.wav,tamil
/content/work/processed_wav/tamil/22640.wav,tamil
/content/work/processed_wav/tamil/22118.wav,tamil
/content/work/processed_wav/tamil/23443.wav,tamil
/content/work/processed_wav/tamil/22589.wav,tamil
/content/work/processed_wav/tamil/21796.wav,tamil
/content/work/processed_wav/tamil/23019.wav,tamil
/content/work/processed_wav/tamil/21592.wav,tamil
/content/work/processed_wav/tamil/21567.wav,tamil
/content/work/processed_wav/tamil/23557.wav,tamil
/content/work/processed_wav/tamil/21867.wav,tamil
/content/work/processed_wav/tamil/23005.wav,tamil
/content/work/processed_wav/tamil/23142.wav,tamil
/content/work/processed_wav/tamil/24711.wav,tamil
/content/work/processed_wav/tamil/24756.wav,tamil
/content/work/processed_wav/tamil/24379.wav,tamil
/content/work/processed_wav/tamil/25124.wav,tamil
/content/work/processed_wav/tamil/24936.wav,tamil
/content/work/processed_wav/tamil/25532.wav,tamil
/content/work/processed_wav/tamil/25674.wav,tamil
/content/work/processed_wav/tamil/24951.wav,tamil
/content/work/processed_wav/tamil/24539.wav,tamil
/content/work/processed_wav/tamil/25264.wav,tamil
/content/work/processed_wav/tamil/25598.wav,tamil
/content/work/processed_wav/tamil/24803.wav,tamil
/content/work/processed_wav/tamil/25308.wav,tamil
/content/work/processed_wav/tamil/24254.wav,tamil
/content/work/processed_wav/tamil/25167.wav,tamil
/content/work/processed_wav/tamil/25258.wav,tamil
/content/work/processed_wav/tamil/23784.wav,tamil
/content/work/processed_wav/tamil/24240.wav,tamil
/content/work/processed_wav/tamil/25173.wav,tamil
/content/work/processed_wav/tamil/25698.wav,tamil
/content/work/processed_wav/tamil/24116.wav,tamil
/content/work/processed_wav/tamil/23915.wav,tamil
/content/work/processed_wav/tamil/25503.wav,tamil
/content/work/processed_wav/tamil/25622.wav,tamil
/content/work/processed_wav/tamil/25029.wav,tamil
/content/work/processed_wav/tamil/24674.wav,tamil
/content/work/processed_wav/tamil/24695.wav,tamil
/content/work/processed_wav/tamil/24257.wav,tamil
/content/work/processed_wav/tamil/24142.wav,tamil
/content/work/processed_wav/tamil/24166.wav,tamil
/content/work/processed_wav/tamil/24884.wav,tamil
/content/work/processed_wav/tamil/24510.wav,tamil
/content/work/processed_wav/tamil/23695.wav,tamil
/content/work/processed_wav/tamil/24265.wav,tamil
/content/work/processed_wav/tamil/24724.wav,tamil
/content/work/processed_wav/tamil/24272.wav,tamil
/content/work/processed_wav/tamil/24621.wav,tamil
/content/work/processed_wav/tamil/23895.wav,tamil
/content/work/processed_wav/tamil/25724.wav,tamil
/content/work/processed_wav/tamil/23758.wav,tamil
/content/work/processed_wav/tamil/24015.wav,tamil
/content/work/processed_wav/tamil/24121.wav,tamil
/content/work/processed_wav/tamil/24806.wav,tamil
/content/work/processed_wav/tamil/25919.wav,tamil
/content/work/processed_wav/tamil/24220.wav,tamil
/content/work/processed_wav/tamil/24336.wav,tamil
/content/work/processed_wav/tamil/24416.wav,tamil
/content/work/processed_wav/tamil/25477.wav,tamil
/content/work/processed_wav/tamil/25474.wav,tamil
/content/work/processed_wav/tamil/25743.wav,tamil
/content/work/processed_wav/tamil/23732.wav,tamil
/content/work/processed_wav/tamil/24505.wav,tamil
/content/work/processed_wav/tamil/25855.wav,tamil
/content/work/processed_wav/tamil/24229.wav,tamil
/content/work/processed_wav/tamil/24234.wav,tamil
/content/work/processed_wav/tamil/25761.wav,tamil
/content/work/processed_wav/tamil/25667.wav,tamil
/content/work/processed_wav/tamil/24873.wav,tamil
/content/work/processed_wav/tamil/24747.wav,tamil
/content/work/processed_wav/tamil/25664.wav,tamil
/content/work/processed_wav/tamil/24390.wav,tamil
/content/work/processed_wav/tamil/25325.wav,tamil
/content/work/processed_wav/tamil/25034.wav,tamil
/content/work/processed_wav/tamil/24887.wav,tamil
/content/work/processed_wav/tamil/25365.wav,tamil
/content/work/processed_wav/tamil/23815.wav,tamil
/content/work/processed_wav/tamil/24983.wav,tamil
/content/work/processed_wav/tamil/24407.wav,tamil
/content/work/processed_wav/tamil/24848.wav,tamil
/content/work/processed_wav/tamil/24060.wav,tamil
/content/work/processed_wav/tamil/24500.wav,tamil
/content/work/processed_wav/tamil/23694.wav,tamil
/content/work/processed_wav/tamil/24867.wav,tamil
/content/work/processed_wav/tamil/25113.wav,tamil
/content/work/processed_wav/tamil/24469.wav,tamil
/content/work/processed_wav/tamil/23936.wav,tamil
/content/work/processed_wav/tamil/24357.wav,tamil
/content/work/processed_wav/tamil/25295.wav,tamil
/content/work/processed_wav/tamil/25089.wav,tamil
/content/work/processed_wav/tamil/24633.wav,tamil
/content/work/processed_wav/tamil/23911.wav,tamil
/content/work/processed_wav/tamil/23705.wav,tamil
/content/work/processed_wav/tamil/25482.wav,tamil
/content/work/processed_wav/tamil/24453.wav,tamil
/content/work/processed_wav/tamil/24467.wav,tamil
/content/work/processed_wav/tamil/24705.wav,tamil
/content/work/processed_wav/tamil/25722.wav,tamil
/content/work/processed_wav/tamil/24770.wav,tamil
/content/work/processed_wav/tamil/26884.wav,tamil
/content/work/processed_wav/tamil/3889.wav,tamil
/content/work/processed_wav/tamil/3979.wav,tamil
/content/work/processed_wav/tamil/3726.wav,tamil
/content/work/processed_wav/tamil/3507.wav,tamil
/content/work/processed_wav/tamil/26720.wav,tamil
/content/work/processed_wav/tamil/3521.wav,tamil
/content/work/processed_wav/tamil/26456.wav,tamil
/content/work/processed_wav/tamil/26130.wav,tamil
/content/work/processed_wav/tamil/26387.wav,tamil
/content/work/processed_wav/tamil/3029.wav,tamil
/content/work/processed_wav/tamil/3106.wav,tamil
/content/work/processed_wav/tamil/26374.wav,tamil
/content/work/processed_wav/tamil/26410.wav,tamil
/content/work/processed_wav/tamil/25951.wav,tamil
/content/work/processed_wav/tamil/26838.wav,tamil
/content/work/processed_wav/tamil/26755.wav,tamil
/content/work/processed_wav/tamil/3336.wav,tamil
/content/work/processed_wav/tamil/26390.wav,tamil
/content/work/processed_wav/tamil/4038.wav,tamil
/content/work/processed_wav/tamil/26744.wav,tamil
/content/work/processed_wav/tamil/3614.wav,tamil
/content/work/processed_wav/tamil/3598.wav,tamil
/content/work/processed_wav/tamil/2920.wav,tamil
/content/work/processed_wav/tamil/3634.wav,tamil
/content/work/processed_wav/tamil/3345.wav,tamil
/content/work/processed_wav/tamil/2616.wav,tamil
/content/work/processed_wav/tamil/4008.wav,tamil
/content/work/processed_wav/tamil/3346.wav,tamil
/content/work/processed_wav/tamil/26954.wav,tamil
/content/work/processed_wav/tamil/26263.wav,tamil
/content/work/processed_wav/tamil/3365.wav,tamil
/content/work/processed_wav/tamil/3606.wav,tamil
/content/work/processed_wav/tamil/26098.wav,tamil
/content/work/processed_wav/tamil/3758.wav,tamil
/content/work/processed_wav/tamil/3511.wav,tamil
/content/work/processed_wav/tamil/26441.wav,tamil
/content/work/processed_wav/tamil/3667.wav,tamil
/content/work/processed_wav/tamil/3293.wav,tamil
/content/work/processed_wav/tamil/26772.wav,tamil
/content/work/processed_wav/tamil/25999.wav,tamil
/content/work/processed_wav/tamil/3645.wav,tamil
/content/work/processed_wav/tamil/3107.wav,tamil
/content/work/processed_wav/tamil/3713.wav,tamil
/content/work/processed_wav/tamil/3179.wav,tamil
/content/work/processed_wav/tamil/3947.wav,tamil
/content/work/processed_wav/tamil/3525.wav,tamil
/content/work/processed_wav/tamil/27028.wav,tamil
/content/work/processed_wav/tamil/3228.wav,tamil
/content/work/processed_wav/tamil/3784.wav,tamil
/content/work/processed_wav/tamil/25965.wav,tamil
/content/work/processed_wav/tamil/3299.wav,tamil
/content/work/processed_wav/tamil/3892.wav,tamil
/content/work/processed_wav/tamil/26505.wav,tamil
/content/work/processed_wav/tamil/26351.wav,tamil
/content/work/processed_wav/tamil/3094.wav,tamil
/content/work/processed_wav/tamil/26785.wav,tamil
/content/work/processed_wav/tamil/26953.wav,tamil
/content/work/processed_wav/tamil/3993.wav,tamil
/content/work/processed_wav/tamil/3740.wav,tamil
/content/work/processed_wav/tamil/26748.wav,tamil
/content/work/processed_wav/tamil/3468.wav,tamil
/content/work/processed_wav/tamil/26711.wav,tamil
/content/work/processed_wav/tamil/2677.wav,tamil
/content/work/processed_wav/tamil/3960.wav,tamil
/content/work/processed_wav/tamil/26317.wav,tamil
/content/work/processed_wav/tamil/3559.wav,tamil
/content/work/processed_wav/tamil/3282.wav,tamil
/content/work/processed_wav/tamil/26525.wav,tamil
/content/work/processed_wav/tamil/26489.wav,tamil
/content/work/processed_wav/tamil/3827.wav,tamil
/content/work/processed_wav/tamil/26853.wav,tamil
/content/work/processed_wav/tamil/26707.wav,tamil
/content/work/processed_wav/tamil/26583.wav,tamil
/content/work/processed_wav/tamil/3996.wav,tamil
/content/work/processed_wav/tamil/3904.wav,tamil
/content/work/processed_wav/tamil/3361.wav,tamil
/content/work/processed_wav/tamil/26259.wav,tamil
/content/work/processed_wav/tamil/26815.wav,tamil
/content/work/processed_wav/tamil/3111.wav,tamil
/content/work/processed_wav/tamil/3128.wav,tamil
/content/work/processed_wav/tamil/27027.wav,tamil
/content/work/processed_wav/tamil/27022.wav,tamil
/content/work/processed_wav/tamil/26161.wav,tamil
/content/work/processed_wav/tamil/26686.wav,tamil
/content/work/processed_wav/tamil/3389.wav,tamil
/content/work/processed_wav/tamil/3685.wav,tamil
/content/work/processed_wav/tamil/5401.wav,tamil
/content/work/processed_wav/tamil/5145.wav,tamil
/content/work/processed_wav/tamil/4810.wav,tamil
/content/work/processed_wav/tamil/5221.wav,tamil
/content/work/processed_wav/tamil/5266.wav,tamil
/content/work/processed_wav/tamil/4946.wav,tamil
/content/work/processed_wav/tamil/4076.wav,tamil
/content/work/processed_wav/tamil/4553.wav,tamil
/content/work/processed_wav/tamil/5053.wav,tamil
/content/work/processed_wav/tamil/4594.wav,tamil
/content/work/processed_wav/tamil/5210.wav,tamil
/content/work/processed_wav/tamil/4928.wav,tamil
/content/work/processed_wav/tamil/4391.wav,tamil
/content/work/processed_wav/tamil/4692.wav,tamil
/content/work/processed_wav/tamil/4285.wav,tamil
/content/work/processed_wav/tamil/5255.wav,tamil
/content/work/processed_wav/tamil/4909.wav,tamil
/content/work/processed_wav/tamil/4944.wav,tamil
/content/work/processed_wav/tamil/5588.wav,tamil
/content/work/processed_wav/tamil/4113.wav,tamil
/content/work/processed_wav/tamil/4652.wav,tamil
/content/work/processed_wav/tamil/4864.wav,tamil
/content/work/processed_wav/tamil/4565.wav,tamil
/content/work/processed_wav/tamil/5172.wav,tamil
/content/work/processed_wav/tamil/4657.wav,tamil
/content/work/processed_wav/tamil/4918.wav,tamil
/content/work/processed_wav/tamil/4704.wav,tamil
/content/work/processed_wav/tamil/5000.wav,tamil
/content/work/processed_wav/tamil/5136.wav,tamil
/content/work/processed_wav/tamil/4321.wav,tamil
/content/work/processed_wav/tamil/5302.wav,tamil
/content/work/processed_wav/tamil/5313.wav,tamil
/content/work/processed_wav/tamil/5250.wav,tamil
/content/work/processed_wav/tamil/4279.wav,tamil
/content/work/processed_wav/tamil/5043.wav,tamil
/content/work/processed_wav/tamil/4595.wav,tamil
/content/work/processed_wav/tamil/5517.wav,tamil
/content/work/processed_wav/tamil/4920.wav,tamil
/content/work/processed_wav/tamil/5441.wav,tamil
/content/work/processed_wav/tamil/4678.wav,tamil
/content/work/processed_wav/tamil/4535.wav,tamil
/content/work/processed_wav/tamil/5596.wav,tamil
/content/work/processed_wav/tamil/4745.wav,tamil
/content/work/processed_wav/tamil/4273.wav,tamil
/content/work/processed_wav/tamil/4617.wav,tamil
/content/work/processed_wav/tamil/4716.wav,tamil
/content/work/processed_wav/tamil/4104.wav,tamil
/content/work/processed_wav/tamil/4995.wav,tamil
/content/work/processed_wav/tamil/5641.wav,tamil
/content/work/processed_wav/tamil/4065.wav,tamil
/content/work/processed_wav/tamil/5009.wav,tamil
/content/work/processed_wav/tamil/4412.wav,tamil
/content/work/processed_wav/tamil/5477.wav,tamil
/content/work/processed_wav/tamil/5070.wav,tamil
/content/work/processed_wav/tamil/4598.wav,tamil
/content/work/processed_wav/tamil/4488.wav,tamil
/content/work/processed_wav/tamil/4551.wav,tamil
/content/work/processed_wav/tamil/4430.wav,tamil
/content/work/processed_wav/tamil/5498.wav,tamil
/content/work/processed_wav/tamil/5283.wav,tamil
/content/work/processed_wav/tamil/4805.wav,tamil
/content/work/processed_wav/tamil/4603.wav,tamil
/content/work/processed_wav/tamil/4791.wav,tamil
/content/work/processed_wav/tamil/5373.wav,tamil
/content/work/processed_wav/tamil/5554.wav,tamil
/content/work/processed_wav/tamil/4154.wav,tamil
/content/work/processed_wav/tamil/4587.wav,tamil
/content/work/processed_wav/tamil/4828.wav,tamil
/content/work/processed_wav/tamil/5082.wav,tamil
/content/work/processed_wav/tamil/4656.wav,tamil
/content/work/processed_wav/tamil/4552.wav,tamil
/content/work/processed_wav/tamil/4890.wav,tamil
/content/work/processed_wav/tamil/5463.wav,tamil
/content/work/processed_wav/tamil/5586.wav,tamil
/content/work/processed_wav/tamil/5128.wav,tamil
/content/work/processed_wav/tamil/4723.wav,tamil
/content/work/processed_wav/tamil/5348.wav,tamil
/content/work/processed_wav/tamil/4542.wav,tamil
/content/work/processed_wav/tamil/4858.wav,tamil
/content/work/processed_wav/tamil/5102.wav,tamil
/content/work/processed_wav/tamil/5030.wav,tamil
/content/work/processed_wav/tamil/5054.wav,tamil
/content/work/processed_wav/tamil/4183.wav,tamil
/content/work/processed_wav/tamil/4712.wav,tamil
/content/work/processed_wav/tamil/4297.wav,tamil
/content/work/processed_wav/tamil/5476.wav,tamil
/content/work/processed_wav/tamil/6206.wav,tamil
/content/work/processed_wav/tamil/6721.wav,tamil
/content/work/processed_wav/tamil/7779.wav,tamil
/content/work/processed_wav/tamil/5702.wav,tamil
/content/work/processed_wav/tamil/6652.wav,tamil
/content/work/processed_wav/tamil/6984.wav,tamil
/content/work/processed_wav/tamil/5841.wav,tamil
/content/work/processed_wav/tamil/6144.wav,tamil
/content/work/processed_wav/tamil/6174.wav,tamil
/content/work/processed_wav/tamil/6684.wav,tamil
/content/work/processed_wav/tamil/6049.wav,tamil
/content/work/processed_wav/tamil/6116.wav,tamil
/content/work/processed_wav/tamil/7018.wav,tamil
/content/work/processed_wav/tamil/6350.wav,tamil
/content/work/processed_wav/tamil/7598.wav,tamil
/content/work/processed_wav/tamil/7267.wav,tamil
/content/work/processed_wav/tamil/7934.wav,tamil
/content/work/processed_wav/tamil/7280.wav,tamil
/content/work/processed_wav/tamil/7048.wav,tamil
/content/work/processed_wav/tamil/6196.wav,tamil
/content/work/processed_wav/tamil/6026.wav,tamil
/content/work/processed_wav/tamil/7816.wav,tamil
/content/work/processed_wav/tamil/6041.wav,tamil
/content/work/processed_wav/tamil/7056.wav,tamil
/content/work/processed_wav/tamil/6795.wav,tamil
/content/work/processed_wav/tamil/6160.wav,tamil
/content/work/processed_wav/tamil/7558.wav,tamil
/content/work/processed_wav/tamil/6856.wav,tamil
/content/work/processed_wav/tamil/6593.wav,tamil
/content/work/processed_wav/tamil/6184.wav,tamil
/content/work/processed_wav/tamil/8002.wav,tamil
/content/work/processed_wav/tamil/6514.wav,tamil
/content/work/processed_wav/tamil/6225.wav,tamil
/content/work/processed_wav/tamil/7820.wav,tamil
/content/work/processed_wav/tamil/6164.wav,tamil
/content/work/processed_wav/tamil/7445.wav,tamil
/content/work/processed_wav/tamil/6426.wav,tamil
/content/work/processed_wav/tamil/6983.wav,tamil
/content/work/processed_wav/tamil/5712.wav,tamil
/content/work/processed_wav/tamil/7007.wav,tamil
/content/work/processed_wav/tamil/8004.wav,tamil
/content/work/processed_wav/tamil/7303.wav,tamil
/content/work/processed_wav/tamil/6941.wav,tamil
/content/work/processed_wav/tamil/6623.wav,tamil
/content/work/processed_wav/tamil/7179.wav,tamil
/content/work/processed_wav/tamil/7783.wav,tamil
/content/work/processed_wav/tamil/6172.wav,tamil
/content/work/processed_wav/tamil/7052.wav,tamil
/content/work/processed_wav/tamil/6956.wav,tamil
/content/work/processed_wav/tamil/6502.wav,tamil
/content/work/processed_wav/tamil/6429.wav,tamil
/content/work/processed_wav/tamil/6219.wav,tamil
/content/work/processed_wav/tamil/7072.wav,tamil
/content/work/processed_wav/tamil/5837.wav,tamil
/content/work/processed_wav/tamil/7717.wav,tamil
/content/work/processed_wav/tamil/7652.wav,tamil
/content/work/processed_wav/tamil/6937.wav,tamil
/content/work/processed_wav/tamil/6396.wav,tamil
/content/work/processed_wav/tamil/7364.wav,tamil
/content/work/processed_wav/tamil/6353.wav,tamil
/content/work/processed_wav/tamil/6267.wav,tamil
/content/work/processed_wav/tamil/6051.wav,tamil
/content/work/processed_wav/tamil/6723.wav,tamil
/content/work/processed_wav/tamil/6567.wav,tamil
/content/work/processed_wav/tamil/6605.wav,tamil
/content/work/processed_wav/tamil/6290.wav,tamil
/content/work/processed_wav/tamil/6016.wav,tamil
/content/work/processed_wav/tamil/6432.wav,tamil
/content/work/processed_wav/tamil/6430.wav,tamil
/content/work/processed_wav/tamil/6923.wav,tamil
/content/work/processed_wav/tamil/7833.wav,tamil
/content/work/processed_wav/tamil/5678.wav,tamil
/content/work/processed_wav/tamil/5856.wav,tamil
/content/work/processed_wav/tamil/7618.wav,tamil
/content/work/processed_wav/tamil/5756.wav,tamil
/content/work/processed_wav/tamil/5793.wav,tamil
/content/work/processed_wav/tamil/6491.wav,tamil
/content/work/processed_wav/tamil/8005.wav,tamil
/content/work/processed_wav/tamil/7979.wav,tamil
/content/work/processed_wav/tamil/5961.wav,tamil
/content/work/processed_wav/tamil/7458.wav,tamil
/content/work/processed_wav/tamil/6280.wav,tamil
/content/work/processed_wav/tamil/6796.wav,tamil
/content/work/processed_wav/tamil/6386.wav,tamil
/content/work/processed_wav/tamil/7894.wav,tamil
/content/work/processed_wav/tamil/5739.wav,tamil
/content/work/processed_wav/tamil/6385.wav,tamil
/content/work/processed_wav/tamil/6828.wav,tamil
/content/work/processed_wav/tamil/8461.wav,tamil
/content/work/processed_wav/tamil/8047.wav,tamil
/content/work/processed_wav/tamil/8885.wav,tamil
/content/work/processed_wav/tamil/8444.wav,tamil
/content/work/processed_wav/tamil/9715.wav,tamil
/content/work/processed_wav/tamil/9362.wav,tamil
/content/work/processed_wav/tamil/8557.wav,tamil
/content/work/processed_wav/tamil/9559.wav,tamil
/content/work/processed_wav/tamil/9622.wav,tamil
/content/work/processed_wav/tamil/9425.wav,tamil
/content/work/processed_wav/tamil/8232.wav,tamil
/content/work/processed_wav/tamil/8220.wav,tamil
/content/work/processed_wav/tamil/9732.wav,tamil
/content/work/processed_wav/tamil/8842.wav,tamil
/content/work/processed_wav/tamil/9628.wav,tamil
/content/work/processed_wav/tamil/8792.wav,tamil
/content/work/processed_wav/tamil/8353.wav,tamil
/content/work/processed_wav/tamil/9424.wav,tamil
/content/work/processed_wav/tamil/8282.wav,tamil
/content/work/processed_wav/tamil/9411.wav,tamil
/content/work/processed_wav/tamil/9740.wav,tamil
/content/work/processed_wav/tamil/8142.wav,tamil
/content/work/processed_wav/tamil/9348.wav,tamil
/content/work/processed_wav/tamil/8565.wav,tamil
/content/work/processed_wav/tamil/8616.wav,tamil
/content/work/processed_wav/tamil/8609.wav,tamil
/content/work/processed_wav/tamil/8077.wav,tamil
/content/work/processed_wav/tamil/8051.wav,tamil
/content/work/processed_wav/tamil/8072.wav,tamil
/content/work/processed_wav/tamil/9601.wav,tamil
/content/work/processed_wav/tamil/9083.wav,tamil
/content/work/processed_wav/tamil/9436.wav,tamil
/content/work/processed_wav/tamil/9509.wav,tamil
/content/work/processed_wav/tamil/8592.wav,tamil
/content/work/processed_wav/tamil/9263.wav,tamil
/content/work/processed_wav/tamil/8736.wav,tamil
/content/work/processed_wav/tamil/9301.wav,tamil
/content/work/processed_wav/tamil/8432.wav,tamil
/content/work/processed_wav/tamil/9351.wav,tamil
/content/work/processed_wav/tamil/9059.wav,tamil
/content/work/processed_wav/tamil/8474.wav,tamil
/content/work/processed_wav/tamil/8947.wav,tamil
/content/work/processed_wav/tamil/9246.wav,tamil
/content/work/processed_wav/tamil/8415.wav,tamil
/content/work/processed_wav/tamil/9271.wav,tamil
/content/work/processed_wav/tamil/8118.wav,tamil
/content/work/processed_wav/tamil/8335.wav,tamil
/content/work/processed_wav/tamil/8352.wav,tamil
/content/work/processed_wav/tamil/9312.wav,tamil
/content/work/processed_wav/tamil/8968.wav,tamil
/content/work/processed_wav/tamil/8575.wav,tamil
/content/work/processed_wav/tamil/8119.wav,tamil
/content/work/processed_wav/tamil/9104.wav,tamil
/content/work/processed_wav/tamil/8089.wav,tamil
/content/work/processed_wav/tamil/9031.wav,tamil
/content/work/processed_wav/tamil/9266.wav,tamil
/content/work/processed_wav/tamil/8807.wav,tamil
/content/work/processed_wav/tamil/8443.wav,tamil
/content/work/processed_wav/tamil/9026.wav,tamil
/content/work/processed_wav/tamil/8022.wav,tamil
/content/work/processed_wav/tamil/8106.wav,tamil
/content/work/processed_wav/tamil/8645.wav,tamil
/content/work/processed_wav/tamil/8664.wav,tamil
/content/work/processed_wav/tamil/9224.wav,tamil
/content/work/processed_wav/tamil/8255.wav,tamil
/content/work/processed_wav/tamil/9154.wav,tamil
/content/work/processed_wav/tamil/8364.wav,tamil
/content/work/processed_wav/tamil/8725.wav,tamil
/content/work/processed_wav/tamil/8032.wav,tamil
/content/work/processed_wav/tamil/9315.wav,tamil
/content/work/processed_wav/tamil/8849.wav,tamil
/content/work/processed_wav/tamil/8789.wav,tamil
/content/work/processed_wav/tamil/8598.wav,tamil
/content/work/processed_wav/tamil/9434.wav,tamil
/content/work/processed_wav/tamil/8585.wav,tamil
/content/work/processed_wav/tamil/9011.wav,tamil
/content/work/processed_wav/tamil/8731.wav,tamil
/content/work/processed_wav/tamil/8891.wav,tamil
/content/work/processed_wav/tamil/9040.wav,tamil
/content/work/processed_wav/tamil/8809.wav,tamil
/content/work/processed_wav/tamil/8971.wav,tamil
/content/work/processed_wav/tamil/8990.wav,tamil
/content/work/processed_wav/tamil/8229.wav,tamil
/content/work/processed_wav/tamil/9797.wav,tamil
/content/work/processed_wav/tamil/9677.wav,tamil
/content/work/processed_wav/tamil/9185.wav,tamil
/content/work/processed_wav/tamil/8337.wav,tamil
/content/work/processed_wav/tamil/9459.wav,tamil
/content/work/processed_wav/tamil/9996.wav,tamil
/content/work/processed_wav/tamil/9944.wav,tamil
/content/work/processed_wav/tamil/9995.wav,tamil
/content/work/processed_wav/tamil/9858.wav,tamil
/content/work/processed_wav/tamil/9889.wav,tamil
/content/work/processed_wav/tamil/9909.wav,tamil
/content/work/processed_wav/tamil/9840.wav,tamil
/content/work/processed_wav/tamil/9917.wav,tamil
/content/work/processed_wav/tamil/tag_00023_02115796273.wav,tamil
/content/work/processed_wav/tamil/tag_00535_00561314966.wav,tamil
/content/work/processed_wav/tamil/tag_00535_00940402374.wav,tamil
/content/work/processed_wav/tamil/tag_00023_01302213430.wav,tamil
/content/work/processed_wav/tamil/tag_00023_01974238609.wav,tamil
/content/work/processed_wav/tamil/tag_00535_01113929511.wav,tamil
/content/work/processed_wav/tamil/tag_00023_01877087192.wav,tamil
/content/work/processed_wav/tamil/tag_00023_01325972016.wav,tamil
/content/work/processed_wav/tamil/tag_00023_01251779802.wav,tamil
/content/work/processed_wav/tamil/tag_00535_01186341985.wav,tamil
/content/work/processed_wav/tamil/tag_00023_01353397975.wav,tamil
/content/work/processed_wav/tamil/tag_00023_01161526844.wav,tamil
/content/work/processed_wav/tamil/tag_00023_01871221485.wav,tamil
/content/work/processed_wav/tamil/tag_00023_01303644101.wav,tamil
/content/work/processed_wav/tamil/tag_00929_00386605758.wav,tamil
/content/work/processed_wav/tamil/tag_00929_00747285202.wav,tamil
/content/work/processed_wav/tamil/tag_00929_01595866645.wav,tamil
/content/work/processed_wav/tamil/tag_00535_01468366535.wav,tamil
/content/work/processed_wav/tamil/tag_00929_01264930172.wav,tamil
/content/work/processed_wav/tamil/tag_00929_01437590600.wav,tamil
/content/work/processed_wav/tamil/tag_00929_01121076470.wav,tamil
/content/work/processed_wav/tamil/tag_00535_01758414085.wav,tamil
/content/work/processed_wav/tamil/tag_00929_00900930222.wav,tamil
/content/work/processed_wav/tamil/tag_00535_01699980418.wav,tamil
/content/work/processed_wav/tamil/tag_00929_01314098325.wav,tamil
/content/work/processed_wav/tamil/tag_00535_01534306852.wav,tamil
/content/work/processed_wav/tamil/tag_00929_00500941051.wav,tamil
/content/work/processed_wav/tamil/tag_00929_00917837280.wav,tamil
/content/work/processed_wav/tamil/tag_00929_01107815737.wav,tamil
/content/work/processed_wav/tamil/tag_00929_00868248940.wav,tamil
/content/work/processed_wav/tamil/tag_00535_01307515094.wav,tamil
/content/work/processed_wav/tamil/tag_00929_01144254561.wav,tamil
/content/work/processed_wav/tamil/tag_00929_00759579981.wav,tamil
/content/work/processed_wav/tamil/tag_00929_00212721317.wav,tamil
/content/work/processed_wav/tamil/tag_00929_00110136847.wav,tamil
/content/work/processed_wav/tamil/tag_00929_01140882857.wav,tamil
/content/work/processed_wav/tamil/tag_00929_00081963940.wav,tamil
/content/work/processed_wav/tamil/tag_00929_00854116836.wav,tamil
/content/work/processed_wav/tamil/tag_00929_00799544431.wav,tamil
/content/work/processed_wav/tamil/tag_00929_01595554958.wav,tamil
/content/work/processed_wav/tamil/tag_00535_01298795409.wav,tamil
/content/work/processed_wav/tamil/tag_00929_01197419529.wav,tamil
/content/work/processed_wav/tamil/tag_00929_00760813236.wav,tamil
/content/work/processed_wav/tamil/tag_00929_01479207795.wav,tamil
/content/work/processed_wav/tamil/tag_00929_00502464204.wav,tamil
/content/work/processed_wav/tamil/tag_00929_01304890929.wav,tamil
/content/work/processed_wav/tamil/tag_00535_01879213624.wav,tamil
/content/work/processed_wav/tamil/tag_00535_01453903301.wav,tamil
/content/work/processed_wav/tamil/tag_00929_01264475885.wav,tamil
/content/work/processed_wav/tamil/tag_00929_00746203545.wav,tamil
/content/work/processed_wav/tamil/tag_00929_00096997422.wav,tamil
/content/work/processed_wav/tamil/tag_00929_01461563229.wav,tamil
/content/work/processed_wav/tamil/tag_00929_01513432843.wav,tamil
/content/work/processed_wav/tamil/tag_00929_00174917991.wav,tamil
/content/work/processed_wav/tamil/tag_00929_00597988780.wav,tamil
/content/work/processed_wav/tamil/tag_00535_01528347665.wav,tamil
/content/work/processed_wav/tamil/tag_00929_00465573621.wav,tamil
/content/work/processed_wav/tamil/tag_00929_00026753166.wav,tamil
/content/work/processed_wav/tamil/tag_00535_01833823293.wav,tamil
/content/work/processed_wav/tamil/tag_00929_01254063137.wav,tamil
/content/work/processed_wav/tamil/tag_00929_00087897397.wav,tamil
/content/work/processed_wav/tamil/tag_00929_01152256158.wav,tamil
/content/work/processed_wav/tamil/tag_00929_01298739498.wav,tamil
/content/work/processed_wav/tamil/tag_00929_00147250101.wav,tamil
/content/work/processed_wav/tamil/tag_00929_01493637070.wav,tamil
/content/work/processed_wav/tamil/tag_01181_00383937684.wav,tamil
/content/work/processed_wav/tamil/tag_01181_00162469795.wav,tamil
/content/work/processed_wav/tamil/tag_01181_00057306785.wav,tamil
/content/work/processed_wav/tamil/tag_00929_01604146377.wav,tamil
/content/work/processed_wav/tamil/tag_01181_00235635601.wav,tamil
/content/work/processed_wav/tamil/tag_01181_00193073377.wav,tamil
/content/work/processed_wav/tamil/tag_01181_00155651147.wav,tamil
/content/work/processed_wav/tamil/tag_00929_01816271981.wav,tamil
/content/work/processed_wav/tamil/tag_01181_00009235482.wav,tamil
/content/work/processed_wav/tamil/tag_01181_00482742166.wav,tamil
/content/work/processed_wav/tamil/tag_01181_00378428401.wav,tamil
/content/work/processed_wav/tamil/tag_01181_00443462122.wav,tamil
/content/work/processed_wav/tamil/tag_00929_02125233502.wav,tamil
/content/work/processed_wav/tamil/tag_01181_00100824646.wav,tamil
/content/work/processed_wav/tamil/tag_01181_00389379455.wav,tamil
/content/work/processed_wav/tamil/tag_01181_00499025957.wav,tamil
/content/work/processed_wav/tamil/tag_01181_00299534725.wav,tamil
/content/work/processed_wav/tamil/tag_01181_00107163919.wav,tamil
/content/work/processed_wav/tamil/tag_01181_00150369286.wav,tamil
/content/work/processed_wav/tamil/tag_01181_00277172623.wav,tamil
/content/work/processed_wav/tamil/tag_01181_00013217575.wav,tamil
/content/work/processed_wav/tamil/tag_01181_00499671518.wav,tamil
/content/work/processed_wav/tamil/tag_00929_01813924194.wav,tamil
/content/work/processed_wav/tamil/tag_00929_01892776301.wav,tamil
/content/work/processed_wav/tamil/tag_00929_02069219482.wav,tamil
/content/work/processed_wav/tamil/tag_00929_01686961134.wav,tamil
/content/work/processed_wav/tamil/tag_01181_00332414667.wav,tamil
/content/work/processed_wav/tamil/tag_00929_02013944626.wav,tamil
/content/work/processed_wav/tamil/tag_01181_00225478318.wav,tamil
/content/work/processed_wav/tamil/tag_01181_00306286161.wav,tamil
/content/work/processed_wav/tamil/tag_00929_01707882047.wav,tamil
/content/work/processed_wav/tamil/tag_01181_00146166583.wav,tamil
/content/work/processed_wav/tamil/tag_00929_01896452070.wav,tamil
/content/work/processed_wav/tamil/tag_01181_00101067840.wav,tamil
/content/work/processed_wav/tamil/tag_00929_01980643343.wav,tamil
/content/work/processed_wav/tamil/tag_01181_00109225058.wav,tamil
/content/work/processed_wav/tamil/tag_01181_00368180352.wav,tamil
/content/work/processed_wav/tamil/tag_01181_00159168182.wav,tamil
/content/work/processed_wav/tamil/tag_00929_01986440261.wav,tamil
/content/work/processed_wav/tamil/tag_00929_01809823209.wav,tamil
/content/work/processed_wav/tamil/tag_00929_01989800995.wav,tamil
/content/work/processed_wav/tamil/tag_01181_00244258392.wav,tamil
/content/work/processed_wav/tamil/tag_01181_00186142371.wav,tamil
/content/work/processed_wav/tamil/tag_01181_00026974472.wav,tamil
/content/work/processed_wav/tamil/tag_00929_01940023050.wav,tamil
/content/work/processed_wav/tamil/tag_01181_00340469159.wav,tamil
/content/work/processed_wav/tamil/tag_01181_00570681376.wav,tamil
/content/work/processed_wav/tamil/tag_01181_00637162690.wav,tamil
/content/work/processed_wav/tamil/tag_01181_00811424502.wav,tamil
/content/work/processed_wav/tamil/tag_01181_00694281025.wav,tamil
/content/work/processed_wav/tamil/tag_01181_00959863888.wav,tamil
/content/work/processed_wav/tamil/tag_01181_00797828888.wav,tamil
/content/work/processed_wav/tamil/tag_01181_00614673383.wav,tamil
/content/work/processed_wav/tamil/tag_01181_00669211491.wav,tamil
/content/work/processed_wav/tamil/tag_01181_00897649538.wav,tamil
/content/work/processed_wav/tamil/tag_01181_00850696012.wav,tamil
/content/work/processed_wav/tamil/tag_01181_00958609181.wav,tamil
/content/work/processed_wav/tamil/tag_01181_01005635900.wav,tamil
/content/work/processed_wav/tamil/tag_01181_00607365263.wav,tamil
/content/work/processed_wav/tamil/tag_01181_00738338763.wav,tamil
/content/work/processed_wav/tamil/tag_01181_00667593620.wav,tamil
/content/work/processed_wav/tamil/tag_01181_00708975658.wav,tamil
/content/work/processed_wav/tamil/tag_01181_00842942153.wav,tamil
/content/work/processed_wav/tamil/tag_01181_00974390706.wav,tamil
/content/work/processed_wav/tamil/tag_01181_00564422071.wav,tamil
/content/work/processed_wav/tamil/tag_01181_00922478683.wav,tamil
/content/work/processed_wav/tamil/tag_01181_00780371651.wav,tamil
/content/work/processed_wav/tamil/tag_01181_00767181516.wav,tamil
/content/work/processed_wav/tamil/tag_01181_00908225272.wav,tamil
/content/work/processed_wav/tamil/tag_01181_00537606691.wav,tamil
/content/work/processed_wav/tamil/tag_01181_00768660565.wav,tamil
/content/work/processed_wav/tamil/tag_01181_00653779413.wav,tamil
/content/work/processed_wav/tamil/tag_01181_00533201652.wav,tamil
/content/work/processed_wav/tamil/tag_01181_00623680609.wav,tamil
/content/work/processed_wav/tamil/tag_01181_00933693382.wav,tamil
/content/work/processed_wav/tamil/tag_01181_00635861003.wav,tamil
/content/work/processed_wav/tamil/tag_01181_00807212138.wav,tamil
/content/work/processed_wav/tamil/tag_01181_00826408363.wav,tamil
/content/work/processed_wav/tamil/tag_01181_00837103973.wav,tamil
/content/work/processed_wav/tamil/tag_01181_00934880025.wav,tamil
/content/work/processed_wav/tamil/tag_01181_00665306766.wav,tamil
/content/work/processed_wav/tamil/tag_01181_00838373491.wav,tamil
/content/work/processed_wav/tamil/tag_01181_00861237477.wav,tamil
/content/work/processed_wav/tamil/tag_01181_00804337771.wav,tamil
/content/work/processed_wav/tamil/tag_01181_00836855113.wav,tamil
/content/work/processed_wav/tamil/tag_01181_00600581908.wav,tamil
/content/work/processed_wav/tamil/tag_01181_01011172960.wav,tamil
/content/work/processed_wav/tamil/tag_01181_01003246731.wav,tamil
/content/work/processed_wav/tamil/tag_01181_01164906198.wav,tamil
/content/work/processed_wav/tamil/tag_01181_01451134987.wav,tamil
/content/work/processed_wav/tamil/tag_01181_01438789132.wav,tamil
/content/work/processed_wav/tamil/tag_01181_01513824715.wav,tamil
/content/work/processed_wav/tamil/tag_01181_01444863445.wav,tamil
/content/work/processed_wav/tamil/tag_01181_01415727348.wav,tamil
/content/work/processed_wav/tamil/tag_01181_01327368719.wav,tamil
/content/work/processed_wav/tamil/tag_01181_01131443265.wav,tamil
/content/work/processed_wav/tamil/tag_01181_01409223955.wav,tamil
/content/work/processed_wav/tamil/tag_01181_01023031874.wav,tamil
/content/work/processed_wav/tamil/tag_01181_01597847625.wav,tamil
/content/work/processed_wav/tamil/tag_01181_01640503514.wav,tamil
/content/work/processed_wav/tamil/tag_01181_01636400444.wav,tamil
/content/work/processed_wav/tamil/tag_01181_01383276436.wav,tamil
/content/work/processed_wav/tamil/tag_01181_01521079092.wav,tamil
/content/work/processed_wav/tamil/tag_01181_01623257690.wav,tamil
/content/work/processed_wav/tamil/tag_01181_01565995850.wav,tamil
/content/work/processed_wav/tamil/tag_01181_01427330043.wav,tamil
/content/work/processed_wav/tamil/tag_01181_01523203847.wav,tamil
/content/work/processed_wav/tamil/tag_01181_01479198658.wav,tamil
/content/work/processed_wav/tamil/tag_01181_01014364186.wav,tamil
/content/work/processed_wav/tamil/tag_01181_01643290594.wav,tamil
/content/work/processed_wav/tamil/tag_01181_01317148139.wav,tamil
/content/work/processed_wav/tamil/tag_01181_01257329766.wav,tamil
/content/work/processed_wav/tamil/tag_01181_01178630713.wav,tamil
/content/work/processed_wav/tamil/tag_01181_01343004795.wav,tamil
/content/work/processed_wav/tamil/tag_01181_01612683643.wav,tamil
/content/work/processed_wav/tamil/tag_01181_01326532734.wav,tamil
/content/work/processed_wav/tamil/tag_01181_01080744977.wav,tamil
/content/work/processed_wav/tamil/tag_01181_01629748568.wav,tamil
/content/work/processed_wav/tamil/tag_01181_01301153284.wav,tamil
/content/work/processed_wav/tamil/tag_01181_01122466522.wav,tamil
/content/work/processed_wav/tamil/tag_01181_01401066152.wav,tamil
/content/work/processed_wav/tamil/tag_01181_01511447191.wav,tamil
/content/work/processed_wav/tamil/tag_01181_01283409011.wav,tamil
/content/work/processed_wav/tamil/tag_01181_01446441555.wav,tamil
/content/work/processed_wav/tamil/tag_01181_01514032560.wav,tamil
/content/work/processed_wav/tamil/tag_01181_01487896216.wav,tamil
/content/work/processed_wav/tamil/tag_01181_01551252351.wav,tamil
/content/work/processed_wav/tamil/tag_01181_01241286742.wav,tamil
/content/work/processed_wav/tamil/tag_01181_01270845215.wav,tamil
/content/work/processed_wav/tamil/tag_01181_01417262740.wav,tamil
/content/work/processed_wav/tamil/tag_01181_01634249945.wav,tamil
/content/work/processed_wav/tamil/tag_01181_01390446493.wav,tamil
/content/work/processed_wav/tamil/tag_01181_01483435376.wav,tamil
/content/work/processed_wav/tamil/tag_01181_01407280228.wav,tamil
/content/work/processed_wav/tamil/tag_01181_01802950390.wav,tamil
/content/work/processed_wav/tamil/tag_01181_01861712587.wav,tamil
/content/work/processed_wav/tamil/tag_01181_01816648991.wav,tamil
/content/work/processed_wav/tamil/tag_01181_01893668154.wav,tamil
/content/work/processed_wav/tamil/tag_01181_01975239236.wav,tamil
/content/work/processed_wav/tamil/tag_01181_02036106250.wav,tamil
/content/work/processed_wav/tamil/tag_01181_01854845337.wav,tamil
/content/work/processed_wav/tamil/tag_01181_01868795121.wav,tamil
/content/work/processed_wav/tamil/tag_01181_02063849529.wav,tamil
/content/work/processed_wav/tamil/tag_01181_01860351800.wav,tamil
/content/work/processed_wav/tamil/tag_01181_02136553330.wav,tamil
/content/work/processed_wav/tamil/tag_01181_01912845657.wav,tamil
/content/work/processed_wav/tamil/tag_01181_01643939073.wav,tamil
/content/work/processed_wav/tamil/tag_01181_01786992108.wav,tamil
/content/work/processed_wav/tamil/tag_01181_01787124668.wav,tamil
/content/work/processed_wav/tamil/tag_01181_01652893654.wav,tamil
/content/work/processed_wav/tamil/tag_01181_01866085051.wav,tamil
/content/work/processed_wav/tamil/tag_01181_01649496593.wav,tamil
/content/work/processed_wav/tamil/tag_01181_01671741086.wav,tamil
/content/work/processed_wav/tamil/tag_01181_01998034885.wav,tamil
/content/work/processed_wav/tamil/tag_01181_01748973096.wav,tamil
/content/work/processed_wav/tamil/tag_01181_01807256437.wav,tamil
/content/work/processed_wav/tamil/tag_01181_01982447160.wav,tamil
/content/work/processed_wav/tamil/tag_01181_02129551006.wav,tamil
/content/work/processed_wav/tamil/tag_01181_01646739452.wav,tamil
/content/work/processed_wav/tamil/tag_01181_01808028386.wav,tamil
/content/work/processed_wav/tamil/tag_01181_01757020264.wav,tamil
/content/work/processed_wav/tamil/tag_01181_02104322810.wav,tamil
/content/work/processed_wav/tamil/tag_01181_01929625069.wav,tamil
/content/work/processed_wav/tamil/tag_01181_01795994520.wav,tamil
/content/work/processed_wav/tamil/tag_01181_01853347763.wav,tamil
/content/work/processed_wav/tamil/tag_01181_02021209846.wav,tamil
/content/work/processed_wav/tamil/tag_01181_01654927873.wav,tamil
/content/work/processed_wav/tamil/tag_01181_01860283108.wav,tamil
/content/work/processed_wav/tamil/tag_01181_01740670902.wav,tamil
/content/work/processed_wav/tamil/tag_01181_02131812500.wav,tamil
/content/work/processed_wav/tamil/tag_01181_02108363008.wav,tamil
/content/work/processed_wav/tamil/tag_01181_01746554482.wav,tamil
/content/work/processed_wav/tamil/tag_01181_01690494228 (1).wav,tamil
/content/work/processed_wav/tamil/tag_01181_02057239704.wav,tamil
/content/work/processed_wav/tamil/tag_01181_01690494228.wav,tamil
/content/work/processed_wav/tamil/tag_01181_02046335232.wav,tamil
/content/work/processed_wav/tamil/tag_01424_00258934174.wav,tamil
/content/work/processed_wav/tamil/tag_01409_00225118646.wav,tamil
/content/work/processed_wav/tamil/tag_01424_00615571218.wav,tamil
/content/work/processed_wav/tamil/tag_01424_00048294325.wav,tamil
/content/work/processed_wav/tamil/tag_01424_00049441490.wav,tamil
/content/work/processed_wav/tamil/tag_01424_00030361763.wav,tamil
/content/work/processed_wav/tamil/tag_01424_00707022397.wav,tamil
/content/work/processed_wav/tamil/tag_01424_00559700137.wav,tamil
/content/work/processed_wav/tamil/tag_01424_00257067441.wav,tamil
/content/work/processed_wav/tamil/tag_01409_00590765497.wav,tamil
/content/work/processed_wav/tamil/tag_01409_01348588952.wav,tamil
/content/work/processed_wav/tamil/tag_01424_00778850289.wav,tamil
/content/work/processed_wav/tamil/tag_01424_00789814638.wav,tamil
/content/work/processed_wav/tamil/tag_01424_00432752193.wav,tamil
/content/work/processed_wav/tamil/tag_01424_00475145820.wav,tamil
/content/work/processed_wav/tamil/tag_01424_00100908534.wav,tamil
/content/work/processed_wav/tamil/tag_01424_00379594022.wav,tamil
/content/work/processed_wav/tamil/tag_01424_00576070277.wav,tamil
/content/work/processed_wav/tamil/tag_01424_00347451522.wav,tamil
/content/work/processed_wav/tamil/tag_01424_00103577117.wav,tamil
/content/work/processed_wav/tamil/tag_01424_00388026951.wav,tamil
/content/work/processed_wav/tamil/tag_01424_00686941067.wav,tamil
/content/work/processed_wav/tamil/tag_01424_00176408115.wav,tamil
/content/work/processed_wav/tamil/tag_01424_00615745665.wav,tamil
/content/work/processed_wav/tamil/tag_01424_00235330177.wav,tamil
/content/work/processed_wav/tamil/tag_01424_00428589793.wav,tamil
/content/work/processed_wav/tamil/tag_01424_00470411655.wav,tamil
/content/work/processed_wav/tamil/tag_01424_00502794123.wav,tamil
/content/work/processed_wav/tamil/tag_01424_00351105696.wav,tamil
/content/work/processed_wav/tamil/tag_01424_00718106165.wav,tamil
/content/work/processed_wav/tamil/tag_01409_01715255065.wav,tamil
/content/work/processed_wav/tamil/tag_01424_00356061584.wav,tamil
/content/work/processed_wav/tamil/tag_01181_02138763456.wav,tamil
/content/work/processed_wav/tamil/tag_01424_00589281552.wav,tamil
/content/work/processed_wav/tamil/tag_01409_00226047037.wav,tamil
/content/work/processed_wav/tamil/tag_01409_02080141888.wav,tamil
/content/work/processed_wav/tamil/tag_01424_00702627506.wav,tamil
/content/work/processed_wav/tamil/tag_01424_00300784365.wav,tamil
/content/work/processed_wav/tamil/tag_01409_01231377595.wav,tamil
/content/work/processed_wav/tamil/tag_01424_00006789297.wav,tamil
/content/work/processed_wav/tamil/tag_01424_00511251265.wav,tamil
/content/work/processed_wav/tamil/tag_01409_01510607283.wav,tamil
/content/work/processed_wav/tamil/tag_01424_00201656926.wav,tamil
/content/work/processed_wav/tamil/tag_01409_00260419609.wav,tamil
/content/work/processed_wav/tamil/tag_01424_00523805660.wav,tamil
/content/work/processed_wav/tamil/tag_01409_00760405893.wav,tamil
/content/work/processed_wav/tamil/tag_01424_00255218605.wav,tamil
/content/work/processed_wav/tamil/tag_01424_01488510290.wav,tamil
/content/work/processed_wav/tamil/tag_01424_00911769858.wav,tamil
/content/work/processed_wav/tamil/tag_01424_01051042015.wav,tamil
/content/work/processed_wav/tamil/tag_01424_01215539431.wav,tamil
/content/work/processed_wav/tamil/tag_01424_01792291550.wav,tamil
/content/work/processed_wav/tamil/tag_01424_01191918115.wav,tamil
/content/work/processed_wav/tamil/tag_01424_01698915231.wav,tamil
/content/work/processed_wav/tamil/tag_01424_01248878075.wav,tamil
/content/work/processed_wav/tamil/tag_01424_01761091258.wav,tamil
/content/work/processed_wav/tamil/tag_01424_01727177084.wav,tamil
/content/work/processed_wav/tamil/tag_01424_01160121156.wav,tamil
/content/work/processed_wav/tamil/tag_01424_01449322218.wav,tamil
/content/work/processed_wav/tamil/tag_01424_01359485339.wav,tamil
/content/work/processed_wav/tamil/tag_01424_01200558208.wav,tamil
/content/work/processed_wav/tamil/tag_01424_01494846851.wav,tamil
/content/work/processed_wav/tamil/tag_01424_01698236845.wav,tamil
/content/work/processed_wav/tamil/tag_01424_00962047029.wav,tamil
/content/work/processed_wav/tamil/tag_01424_01684923839.wav,tamil
/content/work/processed_wav/tamil/tag_01424_01356603977.wav,tamil
/content/work/processed_wav/tamil/tag_01424_01174661299.wav,tamil
/content/work/processed_wav/tamil/tag_01424_00880212863.wav,tamil
/content/work/processed_wav/tamil/tag_01424_01090635374.wav,tamil
/content/work/processed_wav/tamil/tag_01424_01758776990.wav,tamil
/content/work/processed_wav/tamil/tag_01424_01071102350.wav,tamil
/content/work/processed_wav/tamil/tag_01424_01116817482.wav,tamil
/content/work/processed_wav/tamil/tag_01424_01286519545.wav,tamil
/content/work/processed_wav/tamil/tag_01424_01152059115.wav,tamil
/content/work/processed_wav/tamil/tag_01424_01230385339.wav,tamil
/content/work/processed_wav/tamil/tag_01424_01700405762.wav,tamil
/content/work/processed_wav/tamil/tag_01424_01351791226.wav,tamil
/content/work/processed_wav/tamil/tag_01424_00986625909.wav,tamil
/content/work/processed_wav/tamil/tag_01424_01216615626.wav,tamil
/content/work/processed_wav/tamil/tag_01424_00862422819.wav,tamil
/content/work/processed_wav/tamil/tag_01424_01014248064.wav,tamil
/content/work/processed_wav/tamil/tag_01424_01156095993.wav,tamil
/content/work/processed_wav/tamil/tag_01424_01663683897.wav,tamil
/content/work/processed_wav/tamil/tag_01424_01469346527.wav,tamil
/content/work/processed_wav/tamil/tag_01424_01062602920.wav,tamil
/content/work/processed_wav/tamil/tag_01424_01758850174.wav,tamil
/content/work/processed_wav/tamil/tag_01424_00979963504.wav,tamil
/content/work/processed_wav/tamil/tag_01424_01460342300.wav,tamil
/content/work/processed_wav/tamil/tag_01424_01730645404.wav,tamil
/content/work/processed_wav/tamil/tag_01424_01548514808.wav,tamil
/content/work/processed_wav/tamil/tag_01424_01382513238.wav,tamil
/content/work/processed_wav/tamil/tag_01424_01207430901.wav,tamil
/content/work/processed_wav/tamil/tag_01424_01639424030.wav,tamil
/content/work/processed_wav/tamil/tag_01424_01112570702.wav,tamil
/content/work/processed_wav/tamil/tag_01424_00849444838.wav,tamil
/content/work/processed_wav/tamil/tag_01424_01622876579.wav,tamil
/content/work/processed_wav/tamil/tag_01424_01442241000.wav,tamil
/content/work/processed_wav/tamil/tag_01469_00231950015.wav,tamil
/content/work/processed_wav/tamil/tag_01469_00027690076.wav,tamil
/content/work/processed_wav/tamil/tag_01424_02051341933.wav,tamil
/content/work/processed_wav/tamil/tag_01424_02011161286.wav,tamil
/content/work/processed_wav/tamil/tag_01469_00156503330.wav,tamil
/content/work/processed_wav/tamil/tag_01469_00145568077.wav,tamil
/content/work/processed_wav/tamil/tag_01469_00100220451.wav,tamil
/content/work/processed_wav/tamil/tag_01469_00195059152.wav,tamil
/content/work/processed_wav/tamil/tag_01469_00146224123.wav,tamil
/content/work/processed_wav/tamil/tag_01469_00030859475.wav,tamil
/content/work/processed_wav/tamil/tag_01469_00032325331.wav,tamil
/content/work/processed_wav/tamil/tag_01469_00240951973.wav,tamil
/content/work/processed_wav/tamil/tag_01469_00300093495.wav,tamil
/content/work/processed_wav/tamil/tag_01469_00296594665.wav,tamil
/content/work/processed_wav/tamil/tag_01424_01843292347.wav,tamil
/content/work/processed_wav/tamil/tag_01469_00139717853.wav,tamil
/content/work/processed_wav/tamil/tag_01469_00200463544.wav,tamil
/content/work/processed_wav/tamil/tag_01469_00346678623.wav,tamil
/content/work/processed_wav/tamil/tag_01469_00306986461.wav,tamil
/content/work/processed_wav/tamil/tag_01424_01861632113.wav,tamil
/content/work/processed_wav/tamil/tag_01469_00035744387.wav,tamil
/content/work/processed_wav/tamil/tag_01469_00079138691.wav,tamil
/content/work/processed_wav/tamil/tag_01469_00253358535.wav,tamil
/content/work/processed_wav/tamil/tag_01469_00075572238.wav,tamil
/content/work/processed_wav/tamil/tag_01469_00216261956.wav,tamil
/content/work/processed_wav/tamil/tag_01469_00111694790.wav,tamil
/content/work/processed_wav/tamil/tag_01424_02078289413.wav,tamil
/content/work/processed_wav/tamil/tag_01424_02129182169.wav,tamil
/content/work/processed_wav/tamil/tag_01469_00176921458.wav,tamil
/content/work/processed_wav/tamil/tag_01424_02020993716.wav,tamil
/content/work/processed_wav/tamil/tag_01424_02146521880.wav,tamil
/content/work/processed_wav/tamil/tag_01469_00278200173.wav,tamil
/content/work/processed_wav/tamil/tag_01424_01833809496.wav,tamil
/content/work/processed_wav/tamil/tag_01469_00088223995.wav,tamil
/content/work/processed_wav/tamil/tag_01469_00312403720.wav,tamil
/content/work/processed_wav/tamil/tag_01469_00352878293.wav,tamil
/content/work/processed_wav/tamil/tag_01469_00042440395.wav,tamil
/content/work/processed_wav/tamil/tag_01469_00203957290.wav,tamil
/content/work/processed_wav/tamil/tag_01469_00039478994.wav,tamil
/content/work/processed_wav/tamil/tag_01469_00039289933.wav,tamil
/content/work/processed_wav/tamil/tag_01424_01995366012.wav,tamil
/content/work/processed_wav/tamil/tag_01469_00041081132.wav,tamil
/content/work/processed_wav/tamil/tag_01469_00322936413.wav,tamil
/content/work/processed_wav/tamil/tag_01469_00308006675.wav,tamil
/content/work/processed_wav/tamil/tag_01424_02072602055.wav,tamil
/content/work/processed_wav/tamil/tag_01469_00327595746.wav,tamil
/content/work/processed_wav/tamil/tag_01469_00289818498.wav,tamil
/content/work/processed_wav/tamil/tag_01469_00241931136.wav,tamil
/content/work/processed_wav/tamil/tag_01469_00376400474.wav,tamil
/content/work/processed_wav/tamil/tag_01469_00624666916.wav,tamil
/content/work/processed_wav/tamil/tag_01469_00459032936.wav,tamil
/content/work/processed_wav/tamil/tag_01469_00642751368.wav,tamil
/content/work/processed_wav/tamil/tag_01469_00606659552.wav,tamil
/content/work/processed_wav/tamil/tag_01469_00671931492.wav,tamil
/content/work/processed_wav/tamil/tag_01469_00772247527.wav,tamil
/content/work/processed_wav/tamil/tag_01469_00382103377.wav,tamil
/content/work/processed_wav/tamil/tag_01469_00788298640.wav,tamil
/content/work/processed_wav/tamil/tag_01469_00754434425.wav,tamil
/content/work/processed_wav/tamil/tag_01469_00723465168.wav,tamil
/content/work/processed_wav/tamil/tag_01469_00497714959.wav,tamil
/content/work/processed_wav/tamil/tag_01469_00900526145.wav,tamil
/content/work/processed_wav/tamil/tag_01469_00407990600.wav,tamil
/content/work/processed_wav/tamil/tag_01469_00840107093.wav,tamil
/content/work/processed_wav/tamil/tag_01469_00710201305.wav,tamil
/content/work/processed_wav/tamil/tag_01469_00365369585.wav,tamil
/content/work/processed_wav/tamil/tag_01469_00524681159.wav,tamil
/content/work/processed_wav/tamil/tag_01469_00438647567.wav,tamil
/content/work/processed_wav/tamil/tag_01469_00912538666.wav,tamil
/content/work/processed_wav/tamil/tag_01469_00567133315.wav,tamil
/content/work/processed_wav/tamil/tag_01469_00668700065.wav,tamil
/content/work/processed_wav/tamil/tag_01469_00478551454.wav,tamil
/content/work/processed_wav/tamil/tag_01469_00533860137.wav,tamil
/content/work/processed_wav/tamil/tag_01469_00830982517.wav,tamil
/content/work/processed_wav/tamil/tag_01469_00423557807.wav,tamil
/content/work/processed_wav/tamil/tag_01469_00416485926.wav,tamil
/content/work/processed_wav/tamil/tag_01469_00783612322.wav,tamil
/content/work/processed_wav/tamil/tag_01469_00529912767.wav,tamil
/content/work/processed_wav/tamil/tag_01469_00693567733.wav,tamil
/content/work/processed_wav/tamil/tag_01469_00585024300.wav,tamil
/content/work/processed_wav/tamil/tag_01469_00662192724.wav,tamil
/content/work/processed_wav/tamil/tag_01469_00573645245.wav,tamil
/content/work/processed_wav/tamil/tag_01469_00391365743.wav,tamil
/content/work/processed_wav/tamil/tag_01469_00569046969.wav,tamil
/content/work/processed_wav/tamil/tag_01469_00882432520.wav,tamil
/content/work/processed_wav/tamil/tag_01469_00536653677.wav,tamil
/content/work/processed_wav/tamil/tag_01469_00839794850.wav,tamil
/content/work/processed_wav/tamil/tag_01469_00778894919.wav,tamil
/content/work/processed_wav/tamil/tag_01469_00635764164.wav,tamil
/content/work/processed_wav/tamil/tag_01469_00701334239.wav,tamil
/content/work/processed_wav/tamil/tag_01469_00710346707.wav,tamil
/content/work/processed_wav/tamil/tag_01469_00878814527.wav,tamil
/content/work/processed_wav/tamil/tag_01469_00500875794.wav,tamil
/content/work/processed_wav/tamil/tag_01469_00734289658.wav,tamil
/content/work/processed_wav/tamil/tag_01469_00690170024.wav,tamil
/content/work/processed_wav/tamil/tag_01469_00847011312.wav,tamil
/content/work/processed_wav/tamil/tag_01469_00597298489.wav,tamil
/content/work/processed_wav/tamil/tag_01469_00513565178.wav,tamil
/content/work/processed_wav/tamil/tag_01469_00698341924.wav,tamil
/content/work/processed_wav/tamil/tag_01469_00703640675.wav,tamil
/content/work/processed_wav/tamil/tag_01469_00586395967.wav,tamil
/content/work/processed_wav/tamil/tag_01469_01375206270.wav,tamil
/content/work/processed_wav/tamil/tag_01469_01075650228.wav,tamil
/content/work/processed_wav/tamil/tag_01469_01516909104 (1).wav,tamil
/content/work/processed_wav/tamil/tag_01469_01458157589.wav,tamil
/content/work/processed_wav/tamil/tag_01469_01107010058.wav,tamil
/content/work/processed_wav/tamil/tag_01469_01440426013 (1).wav,tamil
/content/work/processed_wav/tamil/tag_01469_01297055288.wav,tamil
/content/work/processed_wav/tamil/tag_01469_01045431103.wav,tamil
/content/work/processed_wav/tamil/tag_01469_01256577252.wav,tamil
/content/work/processed_wav/tamil/tag_01469_01360386342.wav,tamil
/content/work/processed_wav/tamil/tag_01469_00947990571.wav,tamil
/content/work/processed_wav/tamil/tag_01469_00933745006.wav,tamil
/content/work/processed_wav/tamil/tag_01469_01433302299.wav,tamil
/content/work/processed_wav/tamil/tag_01469_00987931864.wav,tamil
/content/work/processed_wav/tamil/tag_01469_01440426013.wav,tamil
/content/work/processed_wav/tamil/tag_01469_01431091239.wav,tamil
/content/work/processed_wav/tamil/tag_01469_01296198629.wav,tamil
/content/work/processed_wav/tamil/tag_01469_01401113059.wav,tamil
/content/work/processed_wav/tamil/tag_01469_01270791738.wav,tamil
/content/work/processed_wav/tamil/tag_01469_01323865505.wav,tamil
/content/work/processed_wav/tamil/tag_01469_01206544537.wav,tamil
/content/work/processed_wav/tamil/tag_01469_01300644630.wav,tamil
/content/work/processed_wav/tamil/tag_01469_01282582546.wav,tamil
/content/work/processed_wav/tamil/tag_01469_01472199689 (1).wav,tamil
/content/work/processed_wav/tamil/tag_01469_01457109518 (1).wav,tamil
/content/work/processed_wav/tamil/tag_01469_01287667058.wav,tamil
/content/work/processed_wav/tamil/tag_01469_01107859329.wav,tamil
/content/work/processed_wav/tamil/tag_01469_01531365488.wav,tamil
/content/work/processed_wav/tamil/tag_01469_01418256826.wav,tamil
/content/work/processed_wav/tamil/tag_01469_01061141023.wav,tamil
/content/work/processed_wav/tamil/tag_01469_00981307058.wav,tamil
/content/work/processed_wav/tamil/tag_01469_00981071112.wav,tamil
/content/work/processed_wav/tamil/tag_01469_01437021133.wav,tamil
/content/work/processed_wav/tamil/tag_01469_01376209577.wav,tamil
/content/work/processed_wav/tamil/tag_01469_01376649985.wav,tamil
/content/work/processed_wav/tamil/tag_01469_01170688362.wav,tamil
/content/work/processed_wav/tamil/tag_01469_01235139719.wav,tamil
/content/work/processed_wav/tamil/tag_01469_01442280546.wav,tamil
/content/work/processed_wav/tamil/tag_01469_01472199689.wav,tamil
/content/work/processed_wav/tamil/tag_01469_01163524672.wav,tamil
/content/work/processed_wav/tamil/tag_01469_01516909104.wav,tamil
/content/work/processed_wav/tamil/tag_01469_00952304147.wav,tamil
/content/work/processed_wav/tamil/tag_01469_01018481660.wav,tamil
/content/work/processed_wav/tamil/tag_01469_01292262798.wav,tamil
/content/work/processed_wav/tamil/tag_01469_01457109518.wav,tamil
/content/work/processed_wav/tamil/tag_01469_00952326704.wav,tamil
/content/work/processed_wav/tamil/tag_01469_01002170251.wav,tamil
/content/work/processed_wav/tamil/tag_01469_01124405147.wav,tamil
/content/work/processed_wav/tamil/tag_01469_01009789524.wav,tamil
/content/work/processed_wav/tamil/tag_01469_01283971461.wav,tamil
/content/work/processed_wav/tamil/tag_01469_01343587216.wav,tamil
/content/work/processed_wav/tamil/tag_01469_01052556546.wav,tamil
/content/work/processed_wav/tamil/tag_01469_01237873895.wav,tamil
/content/work/processed_wav/tamil/tag_01469_01135700889.wav,tamil
/content/work/processed_wav/tamil/tag_01469_01378741716.wav,tamil
/content/work/processed_wav/tamil/tag_01469_01878982550.wav,tamil
/content/work/processed_wav/tamil/tag_01469_01588205062.wav,tamil
/content/work/processed_wav/tamil/tag_01469_01627738201.wav,tamil
/content/work/processed_wav/tamil/tag_01469_01629248492.wav,tamil
/content/work/processed_wav/tamil/tag_01469_02077041117.wav,tamil
/content/work/processed_wav/tamil/tag_01469_01960015174.wav,tamil
/content/work/processed_wav/tamil/tag_01469_01561816314.wav,tamil
/content/work/processed_wav/tamil/tag_01469_02007138266.wav,tamil
/content/work/processed_wav/tamil/tag_01469_01642337644.wav,tamil
/content/work/processed_wav/tamil/tag_01469_01840083128.wav,tamil
/content/work/processed_wav/tamil/tag_01469_01545077488 (1).wav,tamil
/content/work/processed_wav/tamil/tag_01469_01787496680.wav,tamil
/content/work/processed_wav/tamil/tag_01469_01659493104.wav,tamil
/content/work/processed_wav/tamil/tag_01469_01556380157 (1).wav,tamil
/content/work/processed_wav/tamil/tag_01469_02024897274.wav,tamil
/content/work/processed_wav/tamil/tag_01469_02079031199.wav,tamil
/content/work/processed_wav/tamil/tag_01469_02040958430.wav,tamil
/content/work/processed_wav/tamil/tag_01469_01549884118.wav,tamil
/content/work/processed_wav/tamil/tag_01469_01763925538.wav,tamil
/content/work/processed_wav/tamil/tag_01469_02075528554.wav,tamil
/content/work/processed_wav/tamil/tag_01469_01534490911 (1).wav,tamil
/content/work/processed_wav/tamil/tag_01469_01992395373.wav,tamil
/content/work/processed_wav/tamil/tag_01469_02001697002.wav,tamil
/content/work/processed_wav/tamil/tag_01469_01940860087.wav,tamil
/content/work/processed_wav/tamil/tag_01469_01928442394.wav,tamil
/content/work/processed_wav/tamil/tag_01469_02062437570.wav,tamil
/content/work/processed_wav/tamil/tag_01469_02004397350.wav,tamil
/content/work/processed_wav/tamil/tag_01469_02034328353.wav,tamil
/content/work/processed_wav/tamil/tag_01469_01583933750.wav,tamil
/content/work/processed_wav/tamil/tag_01469_01924189357.wav,tamil
/content/work/processed_wav/tamil/tag_01469_01538579583.wav,tamil
/content/work/processed_wav/tamil/tag_01469_02007823898.wav,tamil
/content/work/processed_wav/tamil/tag_01469_01575477601.wav,tamil
/content/work/processed_wav/tamil/tag_01469_01952846171.wav,tamil
/content/work/processed_wav/tamil/tag_01469_01545077488.wav,tamil
/content/work/processed_wav/tamil/tag_01469_01536039938 (1).wav,tamil
/content/work/processed_wav/tamil/tag_01469_01556380157.wav,tamil
/content/work/processed_wav/tamil/tag_01469_01587909505.wav,tamil
/content/work/processed_wav/tamil/tag_01469_01981479045.wav,tamil
/content/work/processed_wav/tamil/tag_01469_01536039938.wav,tamil
/content/work/processed_wav/tamil/tag_01469_01568507477 (1).wav,tamil
/content/work/processed_wav/tamil/tag_01469_01929235179.wav,tamil
/content/work/processed_wav/tamil/tag_01469_01534490911.wav,tamil
/content/work/processed_wav/tamil/tag_01469_01820653039.wav,tamil
/content/work/processed_wav/tamil/tag_01469_01626223809.wav,tamil
/content/work/processed_wav/tamil/tag_01469_01749912122.wav,tamil
/content/work/processed_wav/tamil/tag_01469_01592716049.wav,tamil
/content/work/processed_wav/tamil/tag_01469_01611776242.wav,tamil
/content/work/processed_wav/tamil/tag_01469_01644960377.wav,tamil
/content/work/processed_wav/tamil/tag_01469_01628005118.wav,tamil
/content/work/processed_wav/tamil/tag_01469_01730091575.wav,tamil
/content/work/processed_wav/tamil/tag_01469_01873981780.wav,tamil
/content/work/processed_wav/tamil/tag_01469_01568507477.wav,tamil
/content/work/processed_wav/tamil/tag_01469_01994020380.wav,tamil
/content/work/processed_wav/tamil/tag_01515_01090617927.wav,tamil
/content/work/processed_wav/tamil/tag_01515_00971111296.wav,tamil
/content/work/processed_wav/tamil/tag_01515_01674192820.wav,tamil
/content/work/processed_wav/tamil/tag_01818_00083421026.wav,tamil
/content/work/processed_wav/tamil/tag_01818_00285294340.wav,tamil
/content/work/processed_wav/tamil/tag_01469_02103277386.wav,tamil
/content/work/processed_wav/tamil/tag_01515_01732388146.wav,tamil
/content/work/processed_wav/tamil/tag_01515_00857249360.wav,tamil
/content/work/processed_wav/tamil/tag_01515_00230356660.wav,tamil
/content/work/processed_wav/tamil/tag_01818_00103605368.wav,tamil
/content/work/processed_wav/tamil/tag_01515_01557230471.wav,tamil
/content/work/processed_wav/tamil/tag_01818_00364428184.wav,tamil
/content/work/processed_wav/tamil/tag_01515_01328395084.wav,tamil
/content/work/processed_wav/tamil/tag_01469_02122194855.wav,tamil
/content/work/processed_wav/tamil/tag_01515_01592820883.wav,tamil
/content/work/processed_wav/tamil/tag_01818_00314584697.wav,tamil
/content/work/processed_wav/tamil/tag_01515_00141561808.wav,tamil
/content/work/processed_wav/tamil/tag_01469_02093376303.wav,tamil
/content/work/processed_wav/tamil/tag_01818_00089190434.wav,tamil
/content/work/processed_wav/tamil/tag_01818_00347840271.wav,tamil
/content/work/processed_wav/tamil/tag_01515_01483902699.wav,tamil
/content/work/processed_wav/tamil/tag_01515_00711362250.wav,tamil
/content/work/processed_wav/tamil/tag_01818_00163802482.wav,tamil
/content/work/processed_wav/tamil/tag_01515_01933347935.wav,tamil
/content/work/processed_wav/tamil/tag_01818_00299594561.wav,tamil
/content/work/processed_wav/tamil/tag_01469_02115672471.wav,tamil
/content/work/processed_wav/tamil/tag_01515_00637568757.wav,tamil
/content/work/processed_wav/tamil/tag_01515_01802673852.wav,tamil
/content/work/processed_wav/tamil/tag_01818_00198543652.wav,tamil
/content/work/processed_wav/tamil/tag_01515_01826720603.wav,tamil
/content/work/processed_wav/tamil/tag_01818_00084688803.wav,tamil
/content/work/processed_wav/tamil/tag_01818_00181508237.wav,tamil
/content/work/processed_wav/tamil/tag_01515_01503710176.wav,tamil
/content/work/processed_wav/tamil/tag_01515_00743735206.wav,tamil
/content/work/processed_wav/tamil/tag_01515_00208839647.wav,tamil
/content/work/processed_wav/tamil/tag_01469_02105595503.wav,tamil
/content/work/processed_wav/tamil/tag_01818_00295400926.wav,tamil
/content/work/processed_wav/tamil/tag_01515_00033024168.wav,tamil
/content/work/processed_wav/tamil/tag_01515_02066260935.wav,tamil
/content/work/processed_wav/tamil/tag_01818_00348868760.wav,tamil
/content/work/processed_wav/tamil/tag_01818_00246957144.wav,tamil
/content/work/processed_wav/tamil/tag_01515_00974438074.wav,tamil
/content/work/processed_wav/tamil/tag_01818_00225807291.wav,tamil
/content/work/processed_wav/tamil/tag_01469_02125329724.wav,tamil
/content/work/processed_wav/tamil/tag_01515_01901937184.wav,tamil
/content/work/processed_wav/tamil/tag_01818_00314299656.wav,tamil
/content/work/processed_wav/tamil/tag_01818_00253808579.wav,tamil
/content/work/processed_wav/tamil/tag_01515_00332073485.wav,tamil
/content/work/processed_wav/tamil/tag_01818_00833238798.wav,tamil
/content/work/processed_wav/tamil/tag_01818_00830369549.wav,tamil
/content/work/processed_wav/tamil/tag_01818_00986437081.wav,tamil
/content/work/processed_wav/tamil/tag_01818_00820727328.wav,tamil
/content/work/processed_wav/tamil/tag_01818_00736799996.wav,tamil
/content/work/processed_wav/tamil/tag_01818_00622342646.wav,tamil
/content/work/processed_wav/tamil/tag_01818_00813041317.wav,tamil
/content/work/processed_wav/tamil/tag_01818_00485651006.wav,tamil
/content/work/processed_wav/tamil/tag_01818_00880508427.wav,tamil
/content/work/processed_wav/tamil/tag_01818_00712982221.wav,tamil
/content/work/processed_wav/tamil/tag_01818_00995581980.wav,tamil
/content/work/processed_wav/tamil/tag_01818_00607292994.wav,tamil
/content/work/processed_wav/tamil/tag_01818_00780404626.wav,tamil
/content/work/processed_wav/tamil/tag_01818_00446603567.wav,tamil
/content/work/processed_wav/tamil/tag_01818_00407049153.wav,tamil
/content/work/processed_wav/tamil/tag_01818_00734176113.wav,tamil
/content/work/processed_wav/tamil/tag_01818_00556073137.wav,tamil
/content/work/processed_wav/tamil/tag_01818_00793064158.wav,tamil
/content/work/processed_wav/tamil/tag_01818_00703215418.wav,tamil
/content/work/processed_wav/tamil/tag_01818_00982832914.wav,tamil
/content/work/processed_wav/tamil/tag_01818_00633276359.wav,tamil
/content/work/processed_wav/tamil/tag_01818_00386265287.wav,tamil
/content/work/processed_wav/tamil/tag_01818_00372192558.wav,tamil
/content/work/processed_wav/tamil/tag_01818_00552663819.wav,tamil
/content/work/processed_wav/tamil/tag_01818_00418093167.wav,tamil
/content/work/processed_wav/tamil/tag_01818_00778776392.wav,tamil
/content/work/processed_wav/tamil/tag_01818_00570417203.wav,tamil
/content/work/processed_wav/tamil/tag_01818_00913939284.wav,tamil
/content/work/processed_wav/tamil/tag_01818_00816355970.wav,tamil
/content/work/processed_wav/tamil/tag_01818_00661424267.wav,tamil
/content/work/processed_wav/tamil/tag_01818_00951309373.wav,tamil
/content/work/processed_wav/tamil/tag_01818_00429755897.wav,tamil
/content/work/processed_wav/tamil/tag_01818_00823616785.wav,tamil
/content/work/processed_wav/tamil/tag_01818_01076767067.wav,tamil
/content/work/processed_wav/tamil/tag_01818_00550223399.wav,tamil
/content/work/processed_wav/tamil/tag_01818_00456343845.wav,tamil
/content/work/processed_wav/tamil/tag_01818_01067320038.wav,tamil
/content/work/processed_wav/tamil/tag_01818_00589381012.wav,tamil
/content/work/processed_wav/tamil/tag_01818_00577618891.wav,tamil
/content/work/processed_wav/tamil/tag_01818_00786961486.wav,tamil
/content/work/processed_wav/tamil/tag_01818_01021247146.wav,tamil
/content/work/processed_wav/tamil/tag_01818_00848819006.wav,tamil
/content/work/processed_wav/tamil/tag_01818_00716523842.wav,tamil
/content/work/processed_wav/tamil/tag_01818_01048053069.wav,tamil
/content/work/processed_wav/tamil/tag_01818_00546284390.wav,tamil
/content/work/processed_wav/tamil/tag_01818_01033804449.wav,tamil
/content/work/processed_wav/tamil/tag_01818_00574554716.wav,tamil
/content/work/processed_wav/tamil/tag_01818_00416900483.wav,tamil
/content/work/processed_wav/tamil/tag_01818_00526971341.wav,tamil
/content/work/processed_wav/tamil/tag_01818_00474479150.wav,tamil
/content/work/processed_wav/tamil/tag_01818_01735204457.wav,tamil
/content/work/processed_wav/tamil/tag_01818_01319117746.wav,tamil
/content/work/processed_wav/tamil/tag_01818_02085455872.wav,tamil
/content/work/processed_wav/tamil/tag_01818_01970860015.wav,tamil
/content/work/processed_wav/tamil/tag_01818_01668093306.wav,tamil
/content/work/processed_wav/tamil/tag_01818_01268518469.wav,tamil
/content/work/processed_wav/tamil/tag_01818_01187645145.wav,tamil
/content/work/processed_wav/tamil/tag_01818_01404552284.wav,tamil
/content/work/processed_wav/tamil/tag_01818_01224210652.wav,tamil
/content/work/processed_wav/tamil/tag_01818_01176967635.wav,tamil
/content/work/processed_wav/tamil/tag_01818_01688388767.wav,tamil
/content/work/processed_wav/tamil/tag_01818_01533580912.wav,tamil
/content/work/processed_wav/tamil/tag_01818_01741843816.wav,tamil
/content/work/processed_wav/tamil/tag_01818_01684490640.wav,tamil
/content/work/processed_wav/tamil/tag_01818_02020620671.wav,tamil
/content/work/processed_wav/tamil/tag_01818_01926003385.wav,tamil
/content/work/processed_wav/tamil/tag_01818_01446301168.wav,tamil
/content/work/processed_wav/tamil/tag_01818_01224156811.wav,tamil
/content/work/processed_wav/tamil/tag_01818_01872036051.wav,tamil
/content/work/processed_wav/tamil/tag_01818_02016619242.wav,tamil
/content/work/processed_wav/tamil/tag_01818_01636307487.wav,tamil
/content/work/processed_wav/tamil/tag_01818_02064220868.wav,tamil
/content/work/processed_wav/tamil/tag_01818_01606638565.wav,tamil
/content/work/processed_wav/tamil/tag_01818_01284596092.wav,tamil
/content/work/processed_wav/tamil/tag_01818_01243209123.wav,tamil
/content/work/processed_wav/tamil/tag_01818_01657908337.wav,tamil
/content/work/processed_wav/tamil/tag_01818_01329987077.wav,tamil
/content/work/processed_wav/tamil/tag_01818_01345520706.wav,tamil
/content/work/processed_wav/tamil/tag_01818_01580046757.wav,tamil
/content/work/processed_wav/tamil/tag_01818_01301653277.wav,tamil
/content/work/processed_wav/tamil/tag_01818_01941985194.wav,tamil
/content/work/processed_wav/tamil/tag_01818_01091985686.wav,tamil
/content/work/processed_wav/tamil/tag_01818_01607230852.wav,tamil
/content/work/processed_wav/tamil/tag_01818_01528340616.wav,tamil
/content/work/processed_wav/tamil/tag_01818_01673453782.wav,tamil
/content/work/processed_wav/tamil/tag_01818_01591668295.wav,tamil
/content/work/processed_wav/tamil/tag_01818_01849746545.wav,tamil
/content/work/processed_wav/tamil/tag_01818_01364251937.wav,tamil
/content/work/processed_wav/tamil/tag_01818_02025896687.wav,tamil
/content/work/processed_wav/tamil/tag_01818_01853027694.wav,tamil
/content/work/processed_wav/tamil/tag_01818_01846394407.wav,tamil
/content/work/processed_wav/tamil/tag_01818_01764707071.wav,tamil
/content/work/processed_wav/tamil/tag_01818_02027523887.wav,tamil
/content/work/processed_wav/tamil/tag_01818_01242665102.wav,tamil
/content/work/processed_wav/tamil/tag_01818_02081707033.wav,tamil
/content/work/processed_wav/tamil/tag_01818_01887393801.wav,tamil
/content/work/processed_wav/tamil/tag_01818_01140816338.wav,tamil
/content/work/processed_wav/tamil/tag_01818_01785012149.wav,tamil
/content/work/processed_wav/tamil/tag_01818_01704236166.wav,tamil
/content/work/processed_wav/tamil/tag_01818_01683114892.wav,tamil
/content/work/processed_wav/tamil/tag_01818_02108144019.wav,tamil
/content/work/processed_wav/tamil/tag_03191_00641438749.wav,tamil
/content/work/processed_wav/tamil/tag_03191_00472294977.wav,tamil
/content/work/processed_wav/tamil/tag_03191_00409627460.wav,tamil
/content/work/processed_wav/tamil/tag_03191_00294394804.wav,tamil
/content/work/processed_wav/tamil/tag_03191_01265588979.wav,tamil
/content/work/processed_wav/tamil/tag_01818_02089911332.wav,tamil
/content/work/processed_wav/tamil/tag_03191_01015329380.wav,tamil
/content/work/processed_wav/tamil/tag_03191_01070187495.wav,tamil
/content/work/processed_wav/tamil/tag_03191_00288524717.wav,tamil
/content/work/processed_wav/tamil/tag_03191_00938139924.wav,tamil
/content/work/processed_wav/tamil/tag_03191_01270150631.wav,tamil
/content/work/processed_wav/tamil/tag_03191_00287731463.wav,tamil
/content/work/processed_wav/tamil/tag_03191_01326945414.wav,tamil
/content/work/processed_wav/tamil/tag_03191_00647020589.wav,tamil
/content/work/processed_wav/tamil/tag_03191_00478002566.wav,tamil
/content/work/processed_wav/tamil/tag_03191_00197382639.wav,tamil
/content/work/processed_wav/tamil/tag_03191_01022934769.wav,tamil
/content/work/processed_wav/tamil/tag_03191_01196493409.wav,tamil
/content/work/processed_wav/tamil/tag_03191_01475846989.wav,tamil
/content/work/processed_wav/tamil/tag_03191_00340521727.wav,tamil
/content/work/processed_wav/tamil/tag_03191_00559354166.wav,tamil
/content/work/processed_wav/tamil/tag_03191_00980120631.wav,tamil
/content/work/processed_wav/tamil/tag_03191_01026025549.wav,tamil
/content/work/processed_wav/tamil/tag_03191_00713589942.wav,tamil
/content/work/processed_wav/tamil/tag_03191_00656158600.wav,tamil
/content/work/processed_wav/tamil/tag_03191_01118393495.wav,tamil
/content/work/processed_wav/tamil/tag_03191_00365648168.wav,tamil
/content/work/processed_wav/tamil/tag_03191_00829626379.wav,tamil
/content/work/processed_wav/tamil/tag_03191_01380905830.wav,tamil
/content/work/processed_wav/tamil/tag_03191_00208368244.wav,tamil
/content/work/processed_wav/tamil/tag_03191_01109459206.wav,tamil
/content/work/processed_wav/tamil/tag_03191_00262593163.wav,tamil
/content/work/processed_wav/tamil/tag_03191_00542970082.wav,tamil
/content/work/processed_wav/tamil/tag_03191_01284016178.wav,tamil
/content/work/processed_wav/tamil/tag_03191_00116023919.wav,tamil
/content/work/processed_wav/tamil/tag_03191_01300902891.wav,tamil
/content/work/processed_wav/tamil/tag_03191_00279066301.wav,tamil
/content/work/processed_wav/tamil/tag_03191_00036079093.wav,tamil
/content/work/processed_wav/tamil/tag_03191_01082899595.wav,tamil
/content/work/processed_wav/tamil/tag_03191_00991332326.wav,tamil
/content/work/processed_wav/tamil/tag_03191_00302754974.wav,tamil
/content/work/processed_wav/tamil/tag_01818_02104922035.wav,tamil
/content/work/processed_wav/tamil/tag_03191_00720581095.wav,tamil
/content/work/processed_wav/tamil/tag_01818_02121502033.wav,tamil
/content/work/processed_wav/tamil/tag_03191_01139779497.wav,tamil
/content/work/processed_wav/tamil/tag_03191_00641242380.wav,tamil
/content/work/processed_wav/tamil/tag_03191_01091362667.wav,tamil
/content/work/processed_wav/tamil/tag_03191_01363031524.wav,tamil
/content/work/processed_wav/tamil/tag_03191_01384777235.wav,tamil
/content/work/processed_wav/tamil/tag_03191_01807119153.wav,tamil
/content/work/processed_wav/tamil/tag_03191_02062257742.wav,tamil
/content/work/processed_wav/tamil/tag_03191_01902745544.wav,tamil
/content/work/processed_wav/tamil/tag_03191_02108765679.wav,tamil
/content/work/processed_wav/tamil/tag_03191_02134595618.wav,tamil
/content/work/processed_wav/tamil/tag_03191_02092525625.wav,tamil
/content/work/processed_wav/tamil/tag_03191_01926815445.wav,tamil
/content/work/processed_wav/tamil/tag_03762_00009759176.wav,tamil
/content/work/processed_wav/tamil/tag_03191_01557683803.wav,tamil
/content/work/processed_wav/tamil/tag_03191_01988180598.wav,tamil
/content/work/processed_wav/tamil/tag_03191_02095536773.wav,tamil
/content/work/processed_wav/tamil/tag_03191_01526248912.wav,tamil
/content/work/processed_wav/tamil/tag_03762_00183621967.wav,tamil
/content/work/processed_wav/tamil/tag_03191_01489135896.wav,tamil
/content/work/processed_wav/tamil/tag_03762_00174283592.wav,tamil
/content/work/processed_wav/tamil/tag_03762_00033138707.wav,tamil
/content/work/processed_wav/tamil/tag_03191_01621223828.wav,tamil
/content/work/processed_wav/tamil/tag_03191_01876361134.wav,tamil
/content/work/processed_wav/tamil/tag_03191_01555759604.wav,tamil
/content/work/processed_wav/tamil/tag_03762_00196196045.wav,tamil
/content/work/processed_wav/tamil/tag_03191_01935459471.wav,tamil
/content/work/processed_wav/tamil/tag_03762_00170013877.wav,tamil
/content/work/processed_wav/tamil/tag_03191_01736519562.wav,tamil
/content/work/processed_wav/tamil/tag_03191_01927190344.wav,tamil
/content/work/processed_wav/tamil/tag_03191_01928090699.wav,tamil
/content/work/processed_wav/tamil/tag_03191_01572624895.wav,tamil
/content/work/processed_wav/tamil/tag_03191_02036796205.wav,tamil
/content/work/processed_wav/tamil/tag_03191_02040466390.wav,tamil
/content/work/processed_wav/tamil/tag_03762_00007009839.wav,tamil
/content/work/processed_wav/tamil/tag_03191_02001108873.wav,tamil
/content/work/processed_wav/tamil/tag_03191_02117290078.wav,tamil
/content/work/processed_wav/tamil/tag_03762_00047556055.wav,tamil
/content/work/processed_wav/tamil/tag_03191_01610732270.wav,tamil
/content/work/processed_wav/tamil/tag_03191_01798920224.wav,tamil
/content/work/processed_wav/tamil/tag_03762_00131671026.wav,tamil
/content/work/processed_wav/tamil/tag_03762_01431574483.wav,tamil
/content/work/processed_wav/tamil/tag_03837_01056391718.wav,tamil
/content/work/processed_wav/tamil/tag_05935_00840972494.wav,tamil
/content/work/processed_wav/tamil/tag_05935_01264600995.wav,tamil
/content/work/processed_wav/tamil/tag_05935_01337530780.wav,tamil
/content/work/processed_wav/tamil/tag_05935_00164849924.wav,tamil
/content/work/processed_wav/tamil/tag_05935_01015907946.wav,tamil
/content/work/processed_wav/tamil/tag_05935_00592254028.wav,tamil
/content/work/processed_wav/tamil/tag_05935_00483359077.wav,tamil
/content/work/processed_wav/tamil/tag_05935_01440644619.wav,tamil
/content/work/processed_wav/tamil/tag_05935_01744834506.wav,tamil
/content/work/processed_wav/tamil/tag_05935_01933416367.wav,tamil
/content/work/processed_wav/tamil/tag_05935_02033864220.wav,tamil
/content/work/processed_wav/tamil/tag_05935_01843572638.wav,tamil
/content/work/processed_wav/tamil/tag_07925_01903040987.wav,tamil
/content/work/processed_wav/tamil/tag_08228_00607144721.wav,tamil
/content/work/processed_wav/tamil/tag_09674_00166963930.wav,tamil
/content/work/processed_wav/tamil/tag_09674_01057426906.wav,tamil
/content/work/processed_wav/tamil/tag_09674_01419491548.wav,tamil
/content/work/processed_wav/tamil/tag_09674_01721684391.wav,tamil
/content/work/processed_wav/tamil/tag_09674_01766482763.wav,tamil
/content/work/processed_wav/tamil/tag_00023_00212659563.wav,tamil
/content/work/processed_wav/tamil/tag_00023_00002135809.wav,tamil
/content/work/processed_wav/tamil/tag_00023_00886030569.wav,tamil
/content/work/processed_wav/tamil/tag_00023_01062161119.wav,tamil
/content/work/processed_wav/tamil/tag_00023_00956204225.wav,tamil
/content/work/processed_wav/tamil/tag_00023_00316056243.wav,tamil
/content/work/processed_wav/tamil/tag_00023_00042942184.wav,tamil
/content/work/processed_wav/tamil/tag_00023_00521679466.wav,tamil
/content/work/processed_wav/tamil/tag_00023_00397654232.wav,tamil
/content/work/processed_wav/Telugu/11519.wav,Telugu
/content/work/processed_wav/Telugu/11028.wav,Telugu
/content/work/processed_wav/Telugu/11071.wav,Telugu
/content/work/processed_wav/Telugu/11473.wav,Telugu
/content/work/processed_wav/Telugu/11584.wav,Telugu
/content/work/processed_wav/Telugu/11341.wav,Telugu
/content/work/processed_wav/Telugu/10167.wav,Telugu
/content/work/processed_wav/Telugu/10686.wav,Telugu
/content/work/processed_wav/Telugu/10939.wav,Telugu
/content/work/processed_wav/Telugu/10291.wav,Telugu
/content/work/processed_wav/Telugu/10013.wav,Telugu
/content/work/processed_wav/Telugu/11463.wav,Telugu
/content/work/processed_wav/Telugu/10703.wav,Telugu
/content/work/processed_wav/Telugu/11203.wav,Telugu
/content/work/processed_wav/Telugu/11044.wav,Telugu
/content/work/processed_wav/Telugu/11681.wav,Telugu
/content/work/processed_wav/Telugu/10602.wav,Telugu
/content/work/processed_wav/Telugu/11507.wav,Telugu
/content/work/processed_wav/Telugu/10701.wav,Telugu
/content/work/processed_wav/Telugu/11306.wav,Telugu
/content/work/processed_wav/Telugu/11683.wav,Telugu
/content/work/processed_wav/Telugu/10504.wav,Telugu
/content/work/processed_wav/Telugu/11769.wav,Telugu
/content/work/processed_wav/Telugu/10176.wav,Telugu
/content/work/processed_wav/Telugu/11275.wav,Telugu
/content/work/processed_wav/Telugu/11704.wav,Telugu
/content/work/processed_wav/Telugu/11670.wav,Telugu
/content/work/processed_wav/Telugu/10852.wav,Telugu
/content/work/processed_wav/Telugu/10418.wav,Telugu
/content/work/processed_wav/Telugu/10192.wav,Telugu
/content/work/processed_wav/Telugu/11114.wav,Telugu
/content/work/processed_wav/Telugu/11671.wav,Telugu
/content/work/processed_wav/Telugu/10630.wav,Telugu
/content/work/processed_wav/Telugu/10556.wav,Telugu
/content/work/processed_wav/Telugu/10296.wav,Telugu
/content/work/processed_wav/Telugu/11246.wav,Telugu
/content/work/processed_wav/Telugu/10087.wav,Telugu
/content/work/processed_wav/Telugu/10765.wav,Telugu
/content/work/processed_wav/Telugu/10436.wav,Telugu
/content/work/processed_wav/Telugu/11188.wav,Telugu
/content/work/processed_wav/Telugu/11590.wav,Telugu
/content/work/processed_wav/Telugu/11381.wav,Telugu
/content/work/processed_wav/Telugu/11368.wav,Telugu
/content/work/processed_wav/Telugu/10850.wav,Telugu
/content/work/processed_wav/Telugu/11701.wav,Telugu
/content/work/processed_wav/Telugu/11452.wav,Telugu
/content/work/processed_wav/Telugu/11430.wav,Telugu
/content/work/processed_wav/Telugu/11579.wav,Telugu
/content/work/processed_wav/Telugu/10794.wav,Telugu
/content/work/processed_wav/Telugu/11602.wav,Telugu
/content/work/processed_wav/Telugu/10503.wav,Telugu
/content/work/processed_wav/Telugu/11288.wav,Telugu
/content/work/processed_wav/Telugu/10348.wav,Telugu
/content/work/processed_wav/Telugu/10304.wav,Telugu
/content/work/processed_wav/Telugu/10371.wav,Telugu
/content/work/processed_wav/Telugu/11542.wav,Telugu
/content/work/processed_wav/Telugu/10618.wav,Telugu
/content/work/processed_wav/Telugu/10229.wav,Telugu
/content/work/processed_wav/Telugu/10294.wav,Telugu
/content/work/processed_wav/Telugu/11324.wav,Telugu
/content/work/processed_wav/Telugu/11714.wav,Telugu
/content/work/processed_wav/Telugu/11161.wav,Telugu
/content/work/processed_wav/Telugu/10807.wav,Telugu
/content/work/processed_wav/Telugu/11428.wav,Telugu
/content/work/processed_wav/Telugu/11014.wav,Telugu
/content/work/processed_wav/Telugu/10901.wav,Telugu
/content/work/processed_wav/Telugu/11440.wav,Telugu
/content/work/processed_wav/Telugu/10279.wav,Telugu
/content/work/processed_wav/Telugu/11627.wav,Telugu
/content/work/processed_wav/Telugu/10351.wav,Telugu
/content/work/processed_wav/Telugu/11140.wav,Telugu
/content/work/processed_wav/Telugu/10301.wav,Telugu
/content/work/processed_wav/Telugu/11083.wav,Telugu
/content/work/processed_wav/Telugu/11406.wav,Telugu
/content/work/processed_wav/Telugu/11474.wav,Telugu
/content/work/processed_wav/Telugu/13306.wav,Telugu
/content/work/processed_wav/Telugu/13178.wav,Telugu
/content/work/processed_wav/Telugu/11958.wav,Telugu
/content/work/processed_wav/Telugu/11960.wav,Telugu
/content/work/processed_wav/Telugu/12647.wav,Telugu
/content/work/processed_wav/Telugu/13587.wav,Telugu
/content/work/processed_wav/Telugu/12204.wav,Telugu
/content/work/processed_wav/Telugu/12516.wav,Telugu
/content/work/processed_wav/Telugu/13163.wav,Telugu
/content/work/processed_wav/Telugu/12390.wav,Telugu
/content/work/processed_wav/Telugu/11875.wav,Telugu
/content/work/processed_wav/Telugu/13642.wav,Telugu
/content/work/processed_wav/Telugu/12182.wav,Telugu
/content/work/processed_wav/Telugu/12551.wav,Telugu
/content/work/processed_wav/Telugu/12330.wav,Telugu
/content/work/processed_wav/Telugu/12040.wav,Telugu
/content/work/processed_wav/Telugu/13057.wav,Telugu
/content/work/processed_wav/Telugu/12398.wav,Telugu
/content/work/processed_wav/Telugu/12558.wav,Telugu
/content/work/processed_wav/Telugu/12835.wav,Telugu
/content/work/processed_wav/Telugu/13409.wav,Telugu
/content/work/processed_wav/Telugu/12769.wav,Telugu
/content/work/processed_wav/Telugu/12994.wav,Telugu
/content/work/processed_wav/Telugu/13487.wav,Telugu
/content/work/processed_wav/Telugu/12710.wav,Telugu
/content/work/processed_wav/Telugu/12553.wav,Telugu
/content/work/processed_wav/Telugu/12349.wav,Telugu
/content/work/processed_wav/Telugu/13344.wav,Telugu
/content/work/processed_wav/Telugu/12247.wav,Telugu
/content/work/processed_wav/Telugu/13460.wav,Telugu
/content/work/processed_wav/Telugu/13082.wav,Telugu
/content/work/processed_wav/Telugu/13126.wav,Telugu
/content/work/processed_wav/Telugu/12913.wav,Telugu
/content/work/processed_wav/Telugu/12656.wav,Telugu
/content/work/processed_wav/Telugu/12771.wav,Telugu
/content/work/processed_wav/Telugu/13615.wav,Telugu
/content/work/processed_wav/Telugu/11930.wav,Telugu
/content/work/processed_wav/Telugu/13440.wav,Telugu
/content/work/processed_wav/Telugu/11907.wav,Telugu
/content/work/processed_wav/Telugu/11969.wav,Telugu
/content/work/processed_wav/Telugu/13539.wav,Telugu
/content/work/processed_wav/Telugu/11804.wav,Telugu
/content/work/processed_wav/Telugu/11779.wav,Telugu
/content/work/processed_wav/Telugu/13310.wav,Telugu
/content/work/processed_wav/Telugu/12436.wav,Telugu
/content/work/processed_wav/Telugu/12916.wav,Telugu
/content/work/processed_wav/Telugu/12977.wav,Telugu
/content/work/processed_wav/Telugu/12941.wav,Telugu
/content/work/processed_wav/Telugu/12603.wav,Telugu
/content/work/processed_wav/Telugu/12965.wav,Telugu
/content/work/processed_wav/Telugu/12928.wav,Telugu
/content/work/processed_wav/Telugu/13141.wav,Telugu
/content/work/processed_wav/Telugu/13543.wav,Telugu
/content/work/processed_wav/Telugu/12938.wav,Telugu
/content/work/processed_wav/Telugu/12166.wav,Telugu
/content/work/processed_wav/Telugu/12470.wav,Telugu
/content/work/processed_wav/Telugu/12727.wav,Telugu
/content/work/processed_wav/Telugu/12907.wav,Telugu
/content/work/processed_wav/Telugu/12089.wav,Telugu
/content/work/processed_wav/Telugu/12799.wav,Telugu
/content/work/processed_wav/Telugu/12473.wav,Telugu
/content/work/processed_wav/Telugu/13107.wav,Telugu
/content/work/processed_wav/Telugu/12393.wav,Telugu
/content/work/processed_wav/Telugu/13361.wav,Telugu
/content/work/processed_wav/Telugu/12888.wav,Telugu
/content/work/processed_wav/Telugu/11813.wav,Telugu
/content/work/processed_wav/Telugu/12536.wav,Telugu
/content/work/processed_wav/Telugu/12924.wav,Telugu
/content/work/processed_wav/Telugu/13463.wav,Telugu
/content/work/processed_wav/Telugu/12971.wav,Telugu
/content/work/processed_wav/Telugu/12482.wav,Telugu
/content/work/processed_wav/Telugu/12637.wav,Telugu
/content/work/processed_wav/Telugu/12492.wav,Telugu
/content/work/processed_wav/Telugu/12098.wav,Telugu
/content/work/processed_wav/Telugu/13132.wav,Telugu
/content/work/processed_wav/Telugu/12726.wav,Telugu
/content/work/processed_wav/Telugu/12959.wav,Telugu
/content/work/processed_wav/Telugu/12715.wav,Telugu
/content/work/processed_wav/Telugu/13843.wav,Telugu
/content/work/processed_wav/Telugu/15411.wav,Telugu
/content/work/processed_wav/Telugu/13906.wav,Telugu
/content/work/processed_wav/Telugu/15516.wav,Telugu
/content/work/processed_wav/Telugu/14313.wav,Telugu
/content/work/processed_wav/Telugu/13806.wav,Telugu
/content/work/processed_wav/Telugu/15681.wav,Telugu
/content/work/processed_wav/Telugu/13703.wav,Telugu
/content/work/processed_wav/Telugu/15027.wav,Telugu
/content/work/processed_wav/Telugu/15001.wav,Telugu
/content/work/processed_wav/Telugu/14773.wav,Telugu
/content/work/processed_wav/Telugu/14064.wav,Telugu
/content/work/processed_wav/Telugu/14704.wav,Telugu
/content/work/processed_wav/Telugu/14049.wav,Telugu
/content/work/processed_wav/Telugu/14448.wav,Telugu
/content/work/processed_wav/Telugu/15639.wav,Telugu
/content/work/processed_wav/Telugu/15183.wav,Telugu
/content/work/processed_wav/Telugu/14661.wav,Telugu
/content/work/processed_wav/Telugu/14552.wav,Telugu
/content/work/processed_wav/Telugu/14171.wav,Telugu
/content/work/processed_wav/Telugu/14606.wav,Telugu
/content/work/processed_wav/Telugu/13783.wav,Telugu
/content/work/processed_wav/Telugu/14084.wav,Telugu
/content/work/processed_wav/Telugu/14160.wav,Telugu
/content/work/processed_wav/Telugu/14051.wav,Telugu
/content/work/processed_wav/Telugu/14097.wav,Telugu
/content/work/processed_wav/Telugu/14984.wav,Telugu
/content/work/processed_wav/Telugu/15337.wav,Telugu
/content/work/processed_wav/Telugu/13934.wav,Telugu
/content/work/processed_wav/Telugu/15209.wav,Telugu
/content/work/processed_wav/Telugu/15345.wav,Telugu
/content/work/processed_wav/Telugu/15428.wav,Telugu
/content/work/processed_wav/Telugu/14635.wav,Telugu
/content/work/processed_wav/Telugu/14017.wav,Telugu
/content/work/processed_wav/Telugu/14030.wav,Telugu
/content/work/processed_wav/Telugu/14821.wav,Telugu
/content/work/processed_wav/Telugu/15009.wav,Telugu
/content/work/processed_wav/Telugu/15642.wav,Telugu
/content/work/processed_wav/Telugu/1531.wav,Telugu
/content/work/processed_wav/Telugu/14999.wav,Telugu
/content/work/processed_wav/Telugu/15462.wav,Telugu
/content/work/processed_wav/Telugu/15212.wav,Telugu
/content/work/processed_wav/Telugu/14650.wav,Telugu
/content/work/processed_wav/Telugu/14783.wav,Telugu
/content/work/processed_wav/Telugu/14580.wav,Telugu
/content/work/processed_wav/Telugu/14944.wav,Telugu
/content/work/processed_wav/Telugu/15441.wav,Telugu
/content/work/processed_wav/Telugu/13742.wav,Telugu
/content/work/processed_wav/Telugu/13738.wav,Telugu
/content/work/processed_wav/Telugu/13675.wav,Telugu
/content/work/processed_wav/Telugu/15589.wav,Telugu
/content/work/processed_wav/Telugu/14603.wav,Telugu
/content/work/processed_wav/Telugu/15587.wav,Telugu
/content/work/processed_wav/Telugu/14630.wav,Telugu
/content/work/processed_wav/Telugu/15299.wav,Telugu
/content/work/processed_wav/Telugu/13802.wav,Telugu
/content/work/processed_wav/Telugu/14332.wav,Telugu
/content/work/processed_wav/Telugu/13788.wav,Telugu
/content/work/processed_wav/Telugu/13711.wav,Telugu
/content/work/processed_wav/Telugu/14285.wav,Telugu
/content/work/processed_wav/Telugu/14334.wav,Telugu
/content/work/processed_wav/Telugu/14534.wav,Telugu
/content/work/processed_wav/Telugu/14053.wav,Telugu
/content/work/processed_wav/Telugu/15385.wav,Telugu
/content/work/processed_wav/Telugu/15481.wav,Telugu
/content/work/processed_wav/Telugu/15158.wav,Telugu
/content/work/processed_wav/Telugu/14299.wav,Telugu
/content/work/processed_wav/Telugu/14390.wav,Telugu
/content/work/processed_wav/Telugu/15317.wav,Telugu
/content/work/processed_wav/Telugu/15378.wav,Telugu
/content/work/processed_wav/Telugu/14145.wav,Telugu
/content/work/processed_wav/Telugu/14177.wav,Telugu
/content/work/processed_wav/Telugu/14063.wav,Telugu
/content/work/processed_wav/Telugu/13945.wav,Telugu
/content/work/processed_wav/Telugu/13726.wav,Telugu
/content/work/processed_wav/Telugu/15469.wav,Telugu
/content/work/processed_wav/Telugu/14903.wav,Telugu
/content/work/processed_wav/Telugu/14740.wav,Telugu
/content/work/processed_wav/Telugu/14477.wav,Telugu
/content/work/processed_wav/Telugu/14703.wav,Telugu
/content/work/processed_wav/Telugu/15555.wav,Telugu
/content/work/processed_wav/Telugu/14810.wav,Telugu
/content/work/processed_wav/Telugu/13985.wav,Telugu
/content/work/processed_wav/Telugu/15592.wav,Telugu
/content/work/processed_wav/Telugu/15420.wav,Telugu
/content/work/processed_wav/Telugu/15653.wav,Telugu
/content/work/processed_wav/Telugu/15249.wav,Telugu
/content/work/processed_wav/Telugu/13787.wav,Telugu
/content/work/processed_wav/Telugu/16990.wav,Telugu
/content/work/processed_wav/Telugu/1709.wav,Telugu
/content/work/processed_wav/Telugu/16543.wav,Telugu
/content/work/processed_wav/Telugu/17484.wav,Telugu
/content/work/processed_wav/Telugu/17022.wav,Telugu
/content/work/processed_wav/Telugu/1663.wav,Telugu
/content/work/processed_wav/Telugu/16290.wav,Telugu
/content/work/processed_wav/Telugu/16010.wav,Telugu
/content/work/processed_wav/Telugu/17474.wav,Telugu
/content/work/processed_wav/Telugu/16329.wav,Telugu
/content/work/processed_wav/Telugu/16308.wav,Telugu
/content/work/processed_wav/Telugu/16957.wav,Telugu
/content/work/processed_wav/Telugu/17233.wav,Telugu
/content/work/processed_wav/Telugu/16975.wav,Telugu
/content/work/processed_wav/Telugu/16742.wav,Telugu
/content/work/processed_wav/Telugu/16081.wav,Telugu
/content/work/processed_wav/Telugu/1606.wav,Telugu
/content/work/processed_wav/Telugu/16609.wav,Telugu
/content/work/processed_wav/Telugu/1622.wav,Telugu
/content/work/processed_wav/Telugu/16812.wav,Telugu
/content/work/processed_wav/Telugu/17207.wav,Telugu
/content/work/processed_wav/Telugu/16131.wav,Telugu
/content/work/processed_wav/Telugu/15963.wav,Telugu
/content/work/processed_wav/Telugu/16944.wav,Telugu
/content/work/processed_wav/Telugu/16167.wav,Telugu
/content/work/processed_wav/Telugu/16432.wav,Telugu
/content/work/processed_wav/Telugu/1679.wav,Telugu
/content/work/processed_wav/Telugu/17144.wav,Telugu
/content/work/processed_wav/Telugu/15714.wav,Telugu
/content/work/processed_wav/Telugu/16254.wav,Telugu
/content/work/processed_wav/Telugu/16999.wav,Telugu
/content/work/processed_wav/Telugu/15817.wav,Telugu
/content/work/processed_wav/Telugu/16246.wav,Telugu
/content/work/processed_wav/Telugu/16160.wav,Telugu
/content/work/processed_wav/Telugu/16256.wav,Telugu
/content/work/processed_wav/Telugu/17119.wav,Telugu
/content/work/processed_wav/Telugu/16320.wav,Telugu
/content/work/processed_wav/Telugu/16805.wav,Telugu
/content/work/processed_wav/Telugu/15915.wav,Telugu
/content/work/processed_wav/Telugu/1596.wav,Telugu
/content/work/processed_wav/Telugu/15934.wav,Telugu
/content/work/processed_wav/Telugu/17308.wav,Telugu
/content/work/processed_wav/Telugu/17333.wav,Telugu
/content/work/processed_wav/Telugu/15997.wav,Telugu
/content/work/processed_wav/Telugu/17403.wav,Telugu
/content/work/processed_wav/Telugu/16819.wav,Telugu
/content/work/processed_wav/Telugu/17011.wav,Telugu
/content/work/processed_wav/Telugu/17114.wav,Telugu
/content/work/processed_wav/Telugu/16532.wav,Telugu
/content/work/processed_wav/Telugu/1600.wav,Telugu
/content/work/processed_wav/Telugu/15828.wav,Telugu
/content/work/processed_wav/Telugu/16097.wav,Telugu
/content/work/processed_wav/Telugu/15726.wav,Telugu
/content/work/processed_wav/Telugu/16238.wav,Telugu
/content/work/processed_wav/Telugu/16104.wav,Telugu
/content/work/processed_wav/Telugu/15771.wav,Telugu
/content/work/processed_wav/Telugu/15720.wav,Telugu
/content/work/processed_wav/Telugu/16092.wav,Telugu
/content/work/processed_wav/Telugu/16027.wav,Telugu
/content/work/processed_wav/Telugu/16936.wav,Telugu
/content/work/processed_wav/Telugu/15904.wav,Telugu
/content/work/processed_wav/Telugu/16065.wav,Telugu
/content/work/processed_wav/Telugu/16336.wav,Telugu
/content/work/processed_wav/Telugu/15737.wav,Telugu
/content/work/processed_wav/Telugu/17120.wav,Telugu
/content/work/processed_wav/Telugu/17477.wav,Telugu
/content/work/processed_wav/Telugu/15804.wav,Telugu
/content/work/processed_wav/Telugu/16571.wav,Telugu
/content/work/processed_wav/Telugu/15981.wav,Telugu
/content/work/processed_wav/Telugu/16864.wav,Telugu
/content/work/processed_wav/Telugu/16467.wav,Telugu
/content/work/processed_wav/Telugu/17446.wav,Telugu
/content/work/processed_wav/Telugu/17198.wav,Telugu
/content/work/processed_wav/Telugu/16564.wav,Telugu
/content/work/processed_wav/Telugu/16913.wav,Telugu
/content/work/processed_wav/Telugu/17443.wav,Telugu
/content/work/processed_wav/Telugu/16765.wav,Telugu
/content/work/processed_wav/Telugu/1642.wav,Telugu
/content/work/processed_wav/Telugu/15712.wav,Telugu
/content/work/processed_wav/Telugu/17146.wav,Telugu
/content/work/processed_wav/Telugu/17118.wav,Telugu
/content/work/processed_wav/Telugu/15742.wav,Telugu
/content/work/processed_wav/Telugu/15899.wav,Telugu
/content/work/processed_wav/Telugu/16978.wav,Telugu
/content/work/processed_wav/Telugu/17033.wav,Telugu
/content/work/processed_wav/Telugu/17211.wav,Telugu
/content/work/processed_wav/Telugu/17078.wav,Telugu
/content/work/processed_wav/Telugu/15854.wav,Telugu
/content/work/processed_wav/Telugu/17572.wav,Telugu
/content/work/processed_wav/Telugu/19496.wav,Telugu
/content/work/processed_wav/Telugu/18584.wav,Telugu
/content/work/processed_wav/Telugu/18881.wav,Telugu
/content/work/processed_wav/Telugu/1859.wav,Telugu
/content/work/processed_wav/Telugu/17735.wav,Telugu
/content/work/processed_wav/Telugu/1749.wav,Telugu
/content/work/processed_wav/Telugu/1882.wav,Telugu
/content/work/processed_wav/Telugu/18304.wav,Telugu
/content/work/processed_wav/Telugu/17675.wav,Telugu
/content/work/processed_wav/Telugu/18635.wav,Telugu
/content/work/processed_wav/Telugu/18895.wav,Telugu
/content/work/processed_wav/Telugu/18068.wav,Telugu
/content/work/processed_wav/Telugu/17814.wav,Telugu
/content/work/processed_wav/Telugu/18653.wav,Telugu
/content/work/processed_wav/Telugu/17577.wav,Telugu
/content/work/processed_wav/Telugu/19453.wav,Telugu
/content/work/processed_wav/Telugu/18290.wav,Telugu
/content/work/processed_wav/Telugu/17498.wav,Telugu
/content/work/processed_wav/Telugu/18750.wav,Telugu
/content/work/processed_wav/Telugu/17862.wav,Telugu
/content/work/processed_wav/Telugu/18933.wav,Telugu
/content/work/processed_wav/Telugu/19558.wav,Telugu
/content/work/processed_wav/Telugu/17728.wav,Telugu
/content/work/processed_wav/Telugu/19210.wav,Telugu
/content/work/processed_wav/Telugu/18549.wav,Telugu
/content/work/processed_wav/Telugu/1880.wav,Telugu
/content/work/processed_wav/Telugu/19128.wav,Telugu
/content/work/processed_wav/Telugu/17932.wav,Telugu
/content/work/processed_wav/Telugu/17583.wav,Telugu
/content/work/processed_wav/Telugu/17746.wav,Telugu
/content/work/processed_wav/Telugu/18991.wav,Telugu
/content/work/processed_wav/Telugu/18458.wav,Telugu
/content/work/processed_wav/Telugu/17621.wav,Telugu
/content/work/processed_wav/Telugu/18686.wav,Telugu
/content/work/processed_wav/Telugu/1751.wav,Telugu
/content/work/processed_wav/Telugu/1889.wav,Telugu
/content/work/processed_wav/Telugu/17853.wav,Telugu
/content/work/processed_wav/Telugu/1825.wav,Telugu
/content/work/processed_wav/Telugu/1934.wav,Telugu
/content/work/processed_wav/Telugu/18223.wav,Telugu
/content/work/processed_wav/Telugu/17655.wav,Telugu
/content/work/processed_wav/Telugu/19407.wav,Telugu
/content/work/processed_wav/Telugu/18326.wav,Telugu
/content/work/processed_wav/Telugu/18222.wav,Telugu
/content/work/processed_wav/Telugu/19509.wav,Telugu
/content/work/processed_wav/Telugu/19318.wav,Telugu
/content/work/processed_wav/Telugu/17540.wav,Telugu
/content/work/processed_wav/Telugu/17543.wav,Telugu
/content/work/processed_wav/Telugu/19051.wav,Telugu
/content/work/processed_wav/Telugu/18849.wav,Telugu
/content/work/processed_wav/Telugu/19206.wav,Telugu
/content/work/processed_wav/Telugu/18638.wav,Telugu
/content/work/processed_wav/Telugu/19009.wav,Telugu
/content/work/processed_wav/Telugu/18737.wav,Telugu
/content/work/processed_wav/Telugu/18471.wav,Telugu
/content/work/processed_wav/Telugu/1955.wav,Telugu
/content/work/processed_wav/Telugu/18312.wav,Telugu
/content/work/processed_wav/Telugu/17607.wav,Telugu
/content/work/processed_wav/Telugu/18558.wav,Telugu
/content/work/processed_wav/Telugu/19099.wav,Telugu
/content/work/processed_wav/Telugu/18962.wav,Telugu
/content/work/processed_wav/Telugu/19177.wav,Telugu
/content/work/processed_wav/Telugu/18947.wav,Telugu
/content/work/processed_wav/Telugu/17705.wav,Telugu
/content/work/processed_wav/Telugu/17873.wav,Telugu
/content/work/processed_wav/Telugu/19213.wav,Telugu
/content/work/processed_wav/Telugu/18388.wav,Telugu
/content/work/processed_wav/Telugu/1948.wav,Telugu
/content/work/processed_wav/Telugu/17849.wav,Telugu
/content/work/processed_wav/Telugu/19207.wav,Telugu
/content/work/processed_wav/Telugu/18073.wav,Telugu
/content/work/processed_wav/Telugu/1940.wav,Telugu
/content/work/processed_wav/Telugu/18747.wav,Telugu
/content/work/processed_wav/Telugu/19240.wav,Telugu
/content/work/processed_wav/Telugu/18515.wav,Telugu
/content/work/processed_wav/Telugu/18208.wav,Telugu
/content/work/processed_wav/Telugu/1957.wav,Telugu
/content/work/processed_wav/Telugu/18863.wav,Telugu
/content/work/processed_wav/Telugu/19324.wav,Telugu
/content/work/processed_wav/Telugu/18281.wav,Telugu
/content/work/processed_wav/Telugu/17800.wav,Telugu
/content/work/processed_wav/Telugu/17893.wav,Telugu
/content/work/processed_wav/Telugu/1796.wav,Telugu
/content/work/processed_wav/Telugu/18519.wav,Telugu
/content/work/processed_wav/Telugu/19082.wav,Telugu
/content/work/processed_wav/Telugu/19282.wav,Telugu
/content/work/processed_wav/Telugu/20251.wav,Telugu
/content/work/processed_wav/Telugu/19599.wav,Telugu
/content/work/processed_wav/Telugu/20331.wav,Telugu
/content/work/processed_wav/Telugu/20215.wav,Telugu
/content/work/processed_wav/Telugu/19627.wav,Telugu
/content/work/processed_wav/Telugu/19887.wav,Telugu
/content/work/processed_wav/Telugu/2013.wav,Telugu
/content/work/processed_wav/Telugu/19779.wav,Telugu
/content/work/processed_wav/Telugu/19705.wav,Telugu
/content/work/processed_wav/Telugu/19720.wav,Telugu
/content/work/processed_wav/Telugu/19798.wav,Telugu
/content/work/processed_wav/Telugu/20068.wav,Telugu
/content/work/processed_wav/Telugu/20231.wav,Telugu
/content/work/processed_wav/Telugu/19808.wav,Telugu
/content/work/processed_wav/Telugu/19796.wav,Telugu
/content/work/processed_wav/Telugu/19619.wav,Telugu
/content/work/processed_wav/Telugu/20020.wav,Telugu
/content/work/processed_wav/Telugu/19612.wav,Telugu
/content/work/processed_wav/Telugu/2010.wav,Telugu
/content/work/processed_wav/Telugu/20219.wav,Telugu
/content/work/processed_wav/Telugu/19957.wav,Telugu
/content/work/processed_wav/Telugu/20032.wav,Telugu
/content/work/processed_wav/Telugu/19690.wav,Telugu
/content/work/processed_wav/Telugu/20105.wav,Telugu
/content/work/processed_wav/Telugu/2002.wav,Telugu
/content/work/processed_wav/Telugu/20100.wav,Telugu
/content/work/processed_wav/Telugu/19917.wav,Telugu
/content/work/processed_wav/Telugu/20004.wav,Telugu
/content/work/processed_wav/Telugu/19936.wav,Telugu
/content/work/processed_wav/Telugu/20041.wav,Telugu
/content/work/processed_wav/Telugu/19894.wav,Telugu
/content/work/processed_wav/Telugu/19795.wav,Telugu
/content/work/processed_wav/odia/common_voice_or_21821990.wav,odia
/content/work/processed_wav/odia/common_voice_or_21843872.wav,odia
/content/work/processed_wav/odia/common_voice_or_21862491.wav,odia
/content/work/processed_wav/odia/common_voice_or_21857704.wav,odia
/content/work/processed_wav/odia/common_voice_or_21861833.wav,odia
/content/work/processed_wav/odia/common_voice_or_21832711.wav,odia
/content/work/processed_wav/odia/common_voice_or_21832673.wav,odia
/content/work/processed_wav/odia/common_voice_or_22220888.wav,odia
/content/work/processed_wav/odia/common_voice_or_21843601.wav,odia
/content/work/processed_wav/odia/common_voice_or_22220414.wav,odia
/content/work/processed_wav/odia/common_voice_or_22238787.wav,odia
/content/work/processed_wav/odia/common_voice_or_22147884.wav,odia
/content/work/processed_wav/odia/common_voice_or_21832058.wav,odia
/content/work/processed_wav/odia/common_voice_or_22157353.wav,odia
/content/work/processed_wav/odia/common_voice_or_21884293.wav,odia
/content/work/processed_wav/odia/common_voice_or_21834457.wav,odia
/content/work/processed_wav/odia/common_voice_or_22220834.wav,odia
/content/work/processed_wav/odia/common_voice_or_22259330.wav,odia
/content/work/processed_wav/odia/common_voice_or_21879860.wav,odia
/content/work/processed_wav/odia/common_voice_or_21884252.wav,odia
/content/work/processed_wav/odia/common_voice_or_22239346.wav,odia
/content/work/processed_wav/odia/common_voice_or_22239372.wav,odia
/content/work/processed_wav/odia/common_voice_or_21843891.wav,odia
/content/work/processed_wav/odia/common_voice_or_21832833.wav,odia
/content/work/processed_wav/odia/common_voice_or_22219854.wav,odia
/content/work/processed_wav/odia/common_voice_or_22087323.wav,odia
/content/work/processed_wav/odia/common_voice_or_21821602.wav,odia
/content/work/processed_wav/odia/common_voice_or_21832076.wav,odia
/content/work/processed_wav/odia/common_voice_or_22105677.wav,odia
/content/work/processed_wav/odia/common_voice_or_21834334.wav,odia
/content/work/processed_wav/odia/common_voice_or_21862585.wav,odia
/content/work/processed_wav/odia/common_voice_or_21832188.wav,odia
/content/work/processed_wav/odia/common_voice_or_21861908.wav,odia
/content/work/processed_wav/odia/common_voice_or_22187077.wav,odia
/content/work/processed_wav/odia/common_voice_or_22238734.wav,odia
/content/work/processed_wav/odia/common_voice_or_21843977.wav,odia
/content/work/processed_wav/odia/common_voice_or_21832632.wav,odia
/content/work/processed_wav/odia/common_voice_or_21832865.wav,odia
/content/work/processed_wav/odia/common_voice_or_21843940.wav,odia
/content/work/processed_wav/odia/common_voice_or_22220828.wav,odia
/content/work/processed_wav/odia/common_voice_or_22220745.wav,odia
/content/work/processed_wav/odia/common_voice_or_22187127.wav,odia
/content/work/processed_wav/odia/common_voice_or_21857662.wav,odia
/content/work/processed_wav/odia/common_voice_or_22108026.wav,odia
/content/work/processed_wav/odia/common_voice_or_21843555.wav,odia
/content/work/processed_wav/odia/common_voice_or_21843522.wav,odia
/content/work/processed_wav/odia/common_voice_or_22147888.wav,odia
/content/work/processed_wav/odia/common_voice_or_22239334.wav,odia
/content/work/processed_wav/odia/common_voice_or_21833687.wav,odia
/content/work/processed_wav/odia/common_voice_or_22127521.wav,odia
/content/work/processed_wav/odia/common_voice_or_22256536.wav,odia
/content/work/processed_wav/odia/common_voice_or_22107926.wav,odia
/content/work/processed_wav/odia/common_voice_or_22239373.wav,odia
/content/work/processed_wav/odia/common_voice_or_21832186.wav,odia
/content/work/processed_wav/odia/common_voice_or_22239300.wav,odia
/content/work/processed_wav/odia/common_voice_or_21821991.wav,odia
/content/work/processed_wav/odia/common_voice_or_21832664.wav,odia
/content/work/processed_wav/odia/common_voice_or_21861936.wav,odia
/content/work/processed_wav/odia/common_voice_or_22220051.wav,odia
/content/work/processed_wav/odia/common_voice_or_21862865.wav,odia
/content/work/processed_wav/odia/common_voice_or_21862847.wav,odia
/content/work/processed_wav/odia/common_voice_or_21862518.wav,odia
/content/work/processed_wav/odia/common_voice_or_22127437.wav,odia
/content/work/processed_wav/odia/common_voice_or_22220131.wav,odia
/content/work/processed_wav/odia/common_voice_or_21843538.wav,odia
/content/work/processed_wav/odia/common_voice_or_21857598.wav,odia
/content/work/processed_wav/odia/common_voice_or_22256345.wav,odia
/content/work/processed_wav/odia/common_voice_or_21820802.wav,odia
/content/work/processed_wav/odia/common_voice_or_21862919.wav,odia
/content/work/processed_wav/odia/common_voice_or_22157075.wav,odia
/content/work/processed_wav/odia/common_voice_or_22259248.wav,odia
/content/work/processed_wav/odia/common_voice_or_22157040.wav,odia
/content/work/processed_wav/odia/common_voice_or_22107244.wav,odia
/content/work/processed_wav/odia/common_voice_or_22238732.wav,odia
/content/work/processed_wav/odia/common_voice_or_22147948.wav,odia
/content/work/processed_wav/odia/common_voice_or_21834311.wav,odia
/content/work/processed_wav/odia/common_voice_or_21833355.wav,odia
/content/work/processed_wav/odia/common_voice_or_22187081.wav,odia
/content/work/processed_wav/odia/common_voice_or_21834373.wav,odia
/content/work/processed_wav/odia/common_voice_or_22156966.wav,odia
/content/work/processed_wav/odia/common_voice_or_21832665.wav,odia
/content/work/processed_wav/odia/common_voice_or_22250586.wav,odia
/content/work/processed_wav/odia/common_voice_or_21832048.wav,odia
/content/work/processed_wav/odia/common_voice_or_21833713.wav,odia
/content/work/processed_wav/odia/common_voice_or_21884172.wav,odia
/content/work/processed_wav/odia/common_voice_or_22243284.wav,odia
/content/work/processed_wav/odia/common_voice_or_21832796.wav,odia
/content/work/processed_wav/odia/common_voice_or_21832743.wav,odia
/content/work/processed_wav/odia/common_voice_or_21862510.wav,odia
/content/work/processed_wav/odia/common_voice_or_21834426.wav,odia
/content/work/processed_wav/odia/common_voice_or_21884295.wav,odia
/content/work/processed_wav/odia/common_voice_or_21823933.wav,odia
/content/work/processed_wav/odia/common_voice_or_21879846.wav,odia
/content/work/processed_wav/odia/common_voice_or_21862923.wav,odia
/content/work/processed_wav/odia/common_voice_or_21842397.wav,odia
/content/work/processed_wav/odia/common_voice_or_21862529.wav,odia
/content/work/processed_wav/odia/common_voice_or_21832783.wav,odia
/content/work/processed_wav/odia/common_voice_or_21845758.wav,odia
/content/work/processed_wav/odia/common_voice_or_21843873.wav,odia
/content/work/processed_wav/odia/common_voice_or_21832089.wav,odia
/content/work/processed_wav/odia/common_voice_or_21833325.wav,odia
/content/work/processed_wav/odia/common_voice_or_21886235.wav,odia
/content/work/processed_wav/odia/common_voice_or_21832053.wav,odia
/content/work/processed_wav/odia/common_voice_or_22186773.wav,odia
/content/work/processed_wav/odia/common_voice_or_22107122.wav,odia
/content/work/processed_wav/odia/common_voice_or_22107245.wav,odia
/content/work/processed_wav/odia/common_voice_or_21838011.wav,odia
/content/work/processed_wav/odia/common_voice_or_22186821.wav,odia
/content/work/processed_wav/odia/common_voice_or_21842399.wav,odia
/content/work/processed_wav/odia/common_voice_or_21862460.wav,odia
/content/work/processed_wav/odia/common_voice_or_21843510.wav,odia
/content/work/processed_wav/odia/common_voice_or_22259290.wav,odia
/content/work/processed_wav/odia/common_voice_or_21832134.wav,odia
/content/work/processed_wav/odia/common_voice_or_22239363.wav,odia
/content/work/processed_wav/odia/common_voice_or_21832185.wav,odia
/content/work/processed_wav/odia/common_voice_or_22238688.wav,odia
/content/work/processed_wav/odia/common_voice_or_21862475.wav,odia
/content/work/processed_wav/odia/common_voice_or_22238850.wav,odia
/content/work/processed_wav/odia/common_voice_or_21845729.wav,odia
/content/work/processed_wav/odia/common_voice_or_21821989.wav,odia
/content/work/processed_wav/odia/common_voice_or_22239142.wav,odia
/content/work/processed_wav/odia/common_voice_or_21857590.wav,odia
/content/work/processed_wav/odia/common_voice_or_21879853.wav,odia
/content/work/processed_wav/odia/common_voice_or_21884818.wav,odia
/content/work/processed_wav/odia/common_voice_or_21861943.wav,odia
/content/work/processed_wav/odia/common_voice_or_21823899.wav,odia
/content/work/processed_wav/odia/common_voice_or_21862863.wav,odia
/content/work/processed_wav/odia/common_voice_or_21833097.wav,odia
/content/work/processed_wav/odia/common_voice_or_21832120.wav,odia
/content/work/processed_wav/odia/common_voice_or_22220265.wav,odia
/content/work/processed_wav/odia/common_voice_or_21845760.wav,odia
/content/work/processed_wav/odia/common_voice_or_22239236.wav,odia
/content/work/processed_wav/odia/common_voice_or_21861893.wav,odia
/content/work/processed_wav/odia/common_voice_or_22156969.wav,odia
/content/work/processed_wav/odia/common_voice_or_22220455.wav,odia
/content/work/processed_wav/odia/common_voice_or_21833267.wav,odia
/content/work/processed_wav/odia/common_voice_or_21832762.wav,odia
/content/work/processed_wav/odia/common_voice_or_21844136.wav,odia
/content/work/processed_wav/odia/common_voice_or_22107241.wav,odia
/content/work/processed_wav/odia/common_voice_or_21843923.wav,odia
/content/work/processed_wav/odia/common_voice_or_21884851.wav,odia
/content/work/processed_wav/odia/common_voice_or_21861958.wav,odia
/content/work/processed_wav/odia/common_voice_or_21857573.wav,odia
/content/work/processed_wav/odia/common_voice_or_22187179.wav,odia
/content/work/processed_wav/odia/common_voice_or_21832051.wav,odia
/content/work/processed_wav/odia/common_voice_or_21861932.wav,odia
/content/work/processed_wav/odia/common_voice_or_21845804.wav,odia
/content/work/processed_wav/odia/common_voice_or_21832133.wav,odia
/content/work/processed_wav/odia/common_voice_or_22186906.wav,odia
/content/work/processed_wav/odia/common_voice_or_21832045.wav,odia
/content/work/processed_wav/odia/common_voice_or_21832043.wav,odia
/content/work/processed_wav/odia/common_voice_or_22220757.wav,odia
/content/work/processed_wav/odia/common_voice_or_21843878.wav,odia
/content/work/processed_wav/odia/common_voice_or_22256344.wav,odia
/content/work/processed_wav/odia/common_voice_or_22106970.wav,odia
/content/work/processed_wav/odia/common_voice_or_21834490.wav,odia
/content/work/processed_wav/odia/common_voice_or_22219852.wav,odia
/content/work/processed_wav/odia/common_voice_or_22106957.wav,odia
/content/work/processed_wav/odia/common_voice_or_22239356.wav,odia
/content/work/processed_wav/odia/common_voice_or_22239141.wav,odia
/content/work/processed_wav/odia/common_voice_or_21832661.wav,odia
/content/work/processed_wav/odia/common_voice_or_21833269.wav,odia
/content/work/processed_wav/odia/common_voice_or_21843576.wav,odia
/content/work/processed_wav/odia/common_voice_or_22239183.wav,odia
/content/work/processed_wav/odia/common_voice_or_22157009.wav,odia
/content/work/processed_wav/odia/common_voice_or_22187204.wav,odia
/content/work/processed_wav/odia/common_voice_or_21884528.wav,odia
/content/work/processed_wav/odia/common_voice_or_22157077.wav,odia
/content/work/processed_wav/odia/common_voice_or_22186939.wav,odia
/content/work/processed_wav/odia/common_voice_or_21857664.wav,odia
/content/work/processed_wav/odia/common_voice_or_21861934.wav,odia
/content/work/processed_wav/odia/common_voice_or_21862850.wav,odia
/content/work/processed_wav/odia/common_voice_or_21857670.wav,odia
/content/work/processed_wav/odia/common_voice_or_21832250.wav,odia
/content/work/processed_wav/odia/common_voice_or_21845761.wav,odia
/content/work/processed_wav/odia/common_voice_or_22220278.wav,odia
/content/work/processed_wav/odia/common_voice_or_21862849.wav,odia
/content/work/processed_wav/odia/common_voice_or_21843557.wav,odia
/content/work/processed_wav/odia/common_voice_or_21844168.wav,odia
/content/work/processed_wav/odia/common_voice_or_21862901.wav,odia
/content/work/processed_wav/odia/common_voice_or_22147886.wav,odia
/content/work/processed_wav/odia/common_voice_or_22239161.wav,odia
/content/work/processed_wav/odia/common_voice_or_22258083.wav,odia
/content/work/processed_wav/odia/common_voice_or_21843967.wav,odia
/content/work/processed_wav/odia/common_voice_or_21843574.wav,odia
/content/work/processed_wav/odia/common_voice_or_21832057.wav,odia
/content/work/processed_wav/odia/common_voice_or_21844219.wav,odia
/content/work/processed_wav/odia/common_voice_or_22106980.wav,odia
/content/work/processed_wav/odia/common_voice_or_21843969.wav,odia
/content/work/processed_wav/odia/common_voice_or_22239384.wav,odia
/content/work/processed_wav/odia/common_voice_or_22239280.wav,odia
/content/work/processed_wav/odia/common_voice_or_21833028.wav,odia
/content/work/processed_wav/odia/common_voice_or_22239352.wav,odia
/content/work/processed_wav/odia/common_voice_or_21823895.wav,odia
/content/work/processed_wav/odia/common_voice_or_21845708.wav,odia
/content/work/processed_wav/odia/common_voice_or_21861941.wav,odia
/content/work/processed_wav/odia/common_voice_or_22219919.wav,odia
/content/work/processed_wav/odia/common_voice_or_21857623.wav,odia
/content/work/processed_wav/odia/common_voice_or_21821579.wav,odia
/content/work/processed_wav/odia/common_voice_or_22239158.wav,odia
/content/work/processed_wav/odia/common_voice_or_21845762.wav,odia
/content/work/processed_wav/odia/common_voice_or_21884688.wav,odia
/content/work/processed_wav/odia/common_voice_or_22238718.wav,odia
/content/work/processed_wav/odia/common_voice_or_21884717.wav,odia
/content/work/processed_wav/odia/common_voice_or_21833344.wav,odia
/content/work/processed_wav/odia/common_voice_or_22243262.wav,odia
/content/work/processed_wav/odia/common_voice_or_21832728.wav,odia
/content/work/processed_wav/odia/common_voice_or_21832078.wav,odia
/content/work/processed_wav/odia/common_voice_or_22220412.wav,odia
/content/work/processed_wav/odia/common_voice_or_21834436.wav,odia
/content/work/processed_wav/odia/common_voice_or_21844009.wav,odia
/content/work/processed_wav/odia/common_voice_or_21823922.wav,odia
/content/work/processed_wav/odia/common_voice_or_21843883.wav,odia
/content/work/processed_wav/odia/common_voice_or_21862523.wav,odia
/content/work/processed_wav/odia/common_voice_or_22157330.wav,odia
/content/work/processed_wav/odia/common_voice_or_21833321.wav,odia
/content/work/processed_wav/odia/common_voice_or_21845795.wav,odia
/content/work/processed_wav/odia/common_voice_or_22147953.wav,odia
/content/work/processed_wav/odia/common_voice_or_22106978.wav,odia
/content/work/processed_wav/odia/common_voice_or_22238817.wav,odia
/content/work/processed_wav/odia/common_voice_or_22261486.wav,odia
/content/work/processed_wav/odia/common_voice_or_21843966.wav,odia
/content/work/processed_wav/odia/common_voice_or_21833266.wav,odia
/content/work/processed_wav/odia/common_voice_or_21832656.wav,odia
/content/work/processed_wav/odia/common_voice_or_22219878.wav,odia
/content/work/processed_wav/odia/common_voice_or_21832671.wav,odia
/content/work/processed_wav/odia/common_voice_or_21833691.wav,odia
/content/work/processed_wav/odia/common_voice_or_22186963.wav,odia
/content/work/processed_wav/odia/common_voice_or_22087083.wav,odia
/content/work/processed_wav/odia/common_voice_or_22239359.wav,odia
/content/work/processed_wav/odia/common_voice_or_21833155.wav,odia
/content/work/processed_wav/odia/common_voice_or_21833101.wav,odia
/content/work/processed_wav/odia/common_voice_or_21832759.wav,odia
/content/work/processed_wav/odia/common_voice_or_22238848.wav,odia
/content/work/processed_wav/odia/common_voice_or_21862471.wav,odia
/content/work/processed_wav/odia/common_voice_or_22156933.wav,odia
/content/work/processed_wav/odia/common_voice_or_21843556.wav,odia
/content/work/processed_wav/odia/common_voice_or_21829758.wav,odia
/content/work/processed_wav/odia/common_voice_or_22157118.wav,odia
/content/work/processed_wav/odia/common_voice_or_21834362.wav,odia
/content/work/processed_wav/odia/common_voice_or_22106976.wav,odia
/content/work/processed_wav/odia/common_voice_or_21832108.wav,odia
/content/work/processed_wav/odia/common_voice_or_21884553.wav,odia
/content/work/processed_wav/odia/common_voice_or_22239338.wav,odia
/content/work/processed_wav/odia/common_voice_or_21862869.wav,odia
/content/work/processed_wav/odia/common_voice_or_21861904.wav,odia
/content/work/processed_wav/odia/common_voice_or_21862911.wav,odia
/content/work/processed_wav/odia/common_voice_or_21861945.wav,odia
/content/work/processed_wav/odia/common_voice_or_22239347.wav,odia
/content/work/processed_wav/odia/common_voice_or_22239319.wav,odia
/content/work/processed_wav/odia/common_voice_or_22220789.wav,odia
/content/work/processed_wav/odia/common_voice_or_21821319.wav,odia
/content/work/processed_wav/odia/common_voice_or_21845750.wav,odia
/content/work/processed_wav/odia/common_voice_or_22238893.wav,odia
/content/work/processed_wav/odia/common_voice_or_21862509.wav,odia
/content/work/processed_wav/odia/common_voice_or_21834333.wav,odia
/content/work/processed_wav/odia/common_voice_or_21884786.wav,odia
/content/work/processed_wav/odia/common_voice_or_21832874.wav,odia
/content/work/processed_wav/odia/common_voice_or_22187129.wav,odia
/content/work/processed_wav/odia/common_voice_or_21862502.wav,odia
/content/work/processed_wav/odia/common_voice_or_21844154.wav,odia
/content/work/processed_wav/odia/common_voice_or_22106678.wav,odia
/content/work/processed_wav/odia/common_voice_or_22243251.wav,odia
/content/work/processed_wav/odia/common_voice_or_21844201.wav,odia
/content/work/processed_wav/odia/common_voice_or_21821305.wav,odia
/content/work/processed_wav/odia/common_voice_or_21833341.wav,odia
/content/work/processed_wav/odia/common_voice_or_21845724.wav,odia
/content/work/processed_wav/odia/common_voice_or_21862527.wav,odia
/content/work/processed_wav/odia/common_voice_or_21832781.wav,odia
/content/work/processed_wav/odia/common_voice_or_21861899.wav,odia
/content/work/processed_wav/odia/common_voice_or_21834492.wav,odia
/content/work/processed_wav/odia/common_voice_or_21832241.wav,odia
/content/work/processed_wav/odia/common_voice_or_22107243.wav,odia
/content/work/processed_wav/odia/common_voice_or_22250551.wav,odia
/content/work/processed_wav/odia/common_voice_or_22220927.wav,odia
/content/work/processed_wav/odia/common_voice_or_21884181.wav,odia
/content/work/processed_wav/odia/common_voice_or_21884294.wav,odia
/content/work/processed_wav/odia/common_voice_or_21832864.wav,odia
/content/work/processed_wav/odia/common_voice_or_21842395.wav,odia
/content/work/processed_wav/odia/common_voice_or_22239417.wav,odia
/content/work/processed_wav/odia/common_voice_or_21834410.wav,odia
/content/work/processed_wav/odia/common_voice_or_21833152.wav,odia
/content/work/processed_wav/odia/common_voice_or_22238864.wav,odia
/content/work/processed_wav/odia/common_voice_or_21821582.wav,odia
/content/work/processed_wav/odia/common_voice_or_22157363.wav,odia
/content/work/processed_wav/odia/common_voice_or_21857524.wav,odia
/content/work/processed_wav/odia/common_voice_or_21832687.wav,odia
/content/work/processed_wav/odia/common_voice_or_21834463.wav,odia
/content/work/processed_wav/odia/common_voice_or_21833025.wav,odia
/content/work/processed_wav/odia/common_voice_or_22107203.wav,odia
/content/work/processed_wav/odia/common_voice_or_21845815.wav,odia
/content/work/processed_wav/odia/common_voice_or_21861955.wav,odia
/content/work/processed_wav/odia/common_voice_or_21834483.wav,odia
/content/work/processed_wav/odia/common_voice_or_21884394.wav,odia
/content/work/processed_wav/odia/common_voice_or_21833270.wav,odia
/content/work/processed_wav/odia/common_voice_or_22187181.wav,odia
/content/work/processed_wav/odia/common_voice_or_22239351.wav,odia
/content/work/processed_wav/odia/common_voice_or_21857663.wav,odia
/content/work/processed_wav/odia/common_voice_or_22250552.wav,odia
/content/work/processed_wav/odia/common_voice_or_21833744.wav,odia
/content/work/processed_wav/odia/common_voice_or_21843616.wav,odia
/content/work/processed_wav/odia/common_voice_or_21884220.wav,odia
/content/work/processed_wav/odia/common_voice_or_22243279.wav,odia
/content/work/processed_wav/odia/common_voice_or_22157162.wav,odia
/content/work/processed_wav/odia/common_voice_or_21834335.wav,odia
/content/work/processed_wav/odia/common_voice_or_21845748.wav,odia
/content/work/processed_wav/odia/common_voice_or_22239440.wav,odia
/content/work/processed_wav/odia/common_voice_or_21832131.wav,odia
/content/work/processed_wav/odia/common_voice_or_21834494.wav,odia
/content/work/processed_wav/odia/common_voice_or_21843501.wav,odia
/content/work/processed_wav/odia/common_voice_or_21838008.wav,odia
/content/work/processed_wav/odia/common_voice_or_21862533.wav,odia
/content/work/processed_wav/odia/common_voice_or_22220016.wav,odia
/content/work/processed_wav/odia/common_voice_or_21862512.wav,odia
/content/work/processed_wav/odia/common_voice_or_21845825.wav,odia
/content/work/processed_wav/odia/common_voice_or_22238896.wav,odia
/content/work/processed_wav/odia/common_voice_or_21832689.wav,odia
/content/work/processed_wav/odia/common_voice_or_21832245.wav,odia
/content/work/processed_wav/odia/common_voice_or_21820830.wav,odia
/content/work/processed_wav/odia/common_voice_or_21879887.wav,odia
/content/work/processed_wav/odia/common_voice_or_22127381.wav,odia
/content/work/processed_wav/odia/common_voice_or_21845770.wav,odia
/content/work/processed_wav/odia/common_voice_or_21845802.wav,odia
/content/work/processed_wav/odia/common_voice_or_22256342.wav,odia
/content/work/processed_wav/odia/common_voice_or_21884784.wav,odia
/content/work/processed_wav/odia/common_voice_or_21861832.wav,odia
/content/work/processed_wav/odia/common_voice_or_21832075.wav,odia
/content/work/processed_wav/odia/common_voice_or_21823965.wav,odia
/content/work/processed_wav/odia/common_voice_or_22220263.wav,odia
/content/work/processed_wav/odia/common_voice_or_21832650.wav,odia
/content/work/processed_wav/odia/common_voice_or_21833023.wav,odia
/content/work/processed_wav/odia/common_voice_or_21884686.wav,odia
/content/work/processed_wav/odia/common_voice_or_21821649.wav,odia
/content/work/processed_wav/odia/common_voice_or_22220169.wav,odia
/content/work/processed_wav/odia/common_voice_or_21838040.wav,odia
/content/work/processed_wav/odia/common_voice_or_21843554.wav,odia
/content/work/processed_wav/odia/common_voice_or_21832056.wav,odia
/content/work/processed_wav/odia/common_voice_or_21843278.wav,odia
/content/work/processed_wav/odia/common_voice_or_21832066.wav,odia
/content/work/processed_wav/odia/common_voice_or_21832091.wav,odia
/content/work/processed_wav/odia/common_voice_or_22220930.wav,odia
/content/work/processed_wav/odia/common_voice_or_21861961.wav,odia
/content/work/processed_wav/odia/common_voice_or_21820804.wav,odia
/content/work/processed_wav/odia/common_voice_or_21884418.wav,odia
/content/work/processed_wav/odia/common_voice_or_21832875.wav,odia
/content/work/processed_wav/odia/common_voice_or_21823936.wav,odia
/content/work/processed_wav/odia/common_voice_or_22107242.wav,odia
/content/work/processed_wav/odia/common_voice_or_21845814.wav,odia
/content/work/processed_wav/odia/common_voice_or_22220223.wav,odia
/content/work/processed_wav/odia/common_voice_or_22107123.wav,odia
/content/work/processed_wav/odia/common_voice_or_21832162.wav,odia
/content/work/processed_wav/odia/common_voice_or_22238687.wav,odia
/content/work/processed_wav/odia/common_voice_or_22258085.wav,odia
/content/work/processed_wav/odia/common_voice_or_22127377.wav,odia
/content/work/processed_wav/odia/common_voice_or_21843874.wav,odia
/content/work/processed_wav/odia/common_voice_or_21844152.wav,odia
/content/work/processed_wav/odia/common_voice_or_22239418.wav,odia
/content/work/processed_wav/odia/common_voice_or_21861853.wav,odia
/content/work/processed_wav/odia/common_voice_or_21832688.wav,odia
/content/work/processed_wav/odia/common_voice_or_21862558.wav,odia
/content/work/processed_wav/odia/common_voice_or_21821650.wav,odia
/content/work/processed_wav/odia/common_voice_or_22087090.wav,odia
/content/work/processed_wav/odia/common_voice_or_22157001.wav,odia
/content/work/processed_wav/odia/common_voice_or_22157166.wav,odia
/content/work/processed_wav/odia/common_voice_or_21843963.wav,odia
/content/work/processed_wav/odia/common_voice_or_21821600.wav,odia
/content/work/processed_wav/odia/common_voice_or_21842386.wav,odia
/content/work/processed_wav/odia/common_voice_or_21861901.wav,odia
/content/work/processed_wav/odia/common_voice_or_22238872.wav,odia
/content/work/processed_wav/odia/common_voice_or_22220160.wav,odia
/content/work/processed_wav/odia/common_voice_or_21821318.wav,odia
/content/work/processed_wav/odia/common_voice_or_21845813.wav,odia
/content/work/processed_wav/odia/common_voice_or_21862871.wav,odia
/content/work/processed_wav/odia/common_voice_or_21843542.wav,odia
/content/work/processed_wav/odia/common_voice_or_22239185.wav,odia
/content/work/processed_wav/odia/common_voice_or_22156964.wav,odia
/content/work/processed_wav/odia/common_voice_or_22147921.wav,odia
/content/work/processed_wav/odia/common_voice_or_21884218.wav,odia
/content/work/processed_wav/odia/common_voice_or_22105730.wav,odia
/content/work/processed_wav/odia/common_voice_or_21821314.wav,odia
/content/work/processed_wav/odia/common_voice_or_21862472.wav,odia
/content/work/processed_wav/odia/common_voice_or_21884721.wav,odia
/content/work/processed_wav/odia/common_voice_or_21884684.wav,odia
/content/work/processed_wav/odia/common_voice_or_21832654.wav,odia
/content/work/processed_wav/odia/common_voice_or_22187128.wav,odia
/content/work/processed_wav/odia/common_voice_or_22238876.wav,odia
/content/work/processed_wav/odia/common_voice_or_21832037.wav,odia
/content/work/processed_wav/odia/common_voice_or_21832061.wav,odia
/content/work/processed_wav/odia/common_voice_or_22220833.wav,odia
/content/work/processed_wav/odia/common_voice_or_21884753.wav,odia
/content/work/processed_wav/odia/common_voice_or_22250585.wav,odia
/content/work/processed_wav/odia/common_voice_or_22187007.wav,odia
/content/work/processed_wav/odia/common_voice_or_21844222.wav,odia
/content/work/processed_wav/odia/common_voice_or_22220851.wav,odia
/content/work/processed_wav/odia/common_voice_or_22108030.wav,odia
/content/work/processed_wav/odia/common_voice_or_21884292.wav,odia
/content/work/processed_wav/odia/common_voice_or_21843519.wav,odia
/content/work/processed_wav/odia/common_voice_or_21884552.wav,odia
/content/work/processed_wav/odia/common_voice_or_21845787.wav,odia
/content/work/processed_wav/odia/common_voice_or_21884723.wav,odia
/content/work/processed_wav/odia/common_voice_or_21834495.wav,odia
/content/work/processed_wav/odia/common_voice_or_21861930.wav,odia
/content/work/processed_wav/odia/common_voice_or_21843496.wav,odia
/content/work/processed_wav/odia/common_voice_or_22107925.wav,odia
/content/work/processed_wav/odia/common_voice_or_21820806.wav,odia
/content/work/processed_wav/odia/common_voice_or_22107923.wav,odia
/content/work/processed_wav/odia/common_voice_or_21844212.wav,odia
/content/work/processed_wav/odia/common_voice_or_21861883.wav,odia
/content/work/processed_wav/odia/common_voice_or_22219985.wav,odia
/content/work/processed_wav/odia/common_voice_or_21884219.wav,odia
/content/work/processed_wav/odia/common_voice_or_22147885.wav,odia
/content/work/processed_wav/odia/common_voice_or_21843965.wav,odia
/content/work/processed_wav/odia/common_voice_or_21821576.wav,odia
/content/work/processed_wav/odia/common_voice_or_22239120.wav,odia
/content/work/processed_wav/odia/common_voice_or_21832077.wav,odia
/content/work/processed_wav/odia/common_voice_or_21843575.wav,odia
/content/work/processed_wav/odia/common_voice_or_21844132.wav,odia
/content/work/processed_wav/odia/common_voice_or_21823963.wav,odia
/content/work/processed_wav/odia/common_voice_or_22239144.wav,odia
/content/work/processed_wav/odia/common_voice_or_21833739.wav,odia
/content/work/processed_wav/odia/common_voice_or_21845779.wav,odia
/content/work/processed_wav/odia/common_voice_or_21858262.wav,odia
/content/work/processed_wav/odia/common_voice_or_21832055.wav,odia
/content/work/processed_wav/odia/common_voice_or_22157080.wav,odia
/content/work/processed_wav/odia/common_voice_or_21845711.wav,odia
/content/work/processed_wav/odia/common_voice_or_22220787.wav,odia
/content/work/processed_wav/odia/common_voice_or_21843880.wav,odia
/content/work/processed_wav/odia/common_voice_or_22259322.wav,odia
/content/work/processed_wav/odia/common_voice_or_21844216.wav,odia
/content/work/processed_wav/odia/common_voice_or_22220498.wav,odia
/content/work/processed_wav/odia/common_voice_or_22127375.wav,odia
/content/work/processed_wav/odia/common_voice_or_21833022.wav,odia
/content/work/processed_wav/odia/common_voice_or_21833134.wav,odia
/content/work/processed_wav/odia/common_voice_or_22127496.wav,odia
/content/work/processed_wav/odia/common_voice_or_21833090.wav,odia
/content/work/processed_wav/odia/common_voice_or_22243380.wav,odia
/content/work/processed_wav/odia/common_voice_or_21843495.wav,odia
/content/work/processed_wav/odia/common_voice_or_21862470.wav,odia
/content/work/processed_wav/odia/common_voice_or_22256340.wav,odia
/content/work/processed_wav/odia/common_voice_or_21861951.wav,odia
/content/work/processed_wav/odia/common_voice_or_21862902.wav,odia
/content/work/processed_wav/odia/common_voice_or_21839557.wav,odia
/content/work/processed_wav/odia/common_voice_or_22107202.wav,odia
/content/work/processed_wav/odia/common_voice_or_22238892.wav,odia
/content/work/processed_wav/odia/common_voice_or_21843621.wav,odia
/content/work/processed_wav/odia/common_voice_or_22127431.wav,odia
/content/work/processed_wav/odia/common_voice_or_22220870.wav,odia
/content/work/processed_wav/odia/common_voice_or_21843577.wav,odia
/content/work/processed_wav/odia/common_voice_or_21832062.wav,odia
/content/work/processed_wav/odia/common_voice_or_21862864.wav,odia
/content/work/processed_wav/odia/common_voice_or_22106977.wav,odia
/content/work/processed_wav/odia/common_voice_or_21832630.wav,odia
/content/work/processed_wav/odia/common_voice_or_21833030.wav,odia
/content/work/processed_wav/odia/common_voice_or_21844006.wav,odia
/content/work/processed_wav/odia/common_voice_or_21843885.wav,odia
/content/work/processed_wav/odia/common_voice_or_21821317.wav,odia
/content/work/processed_wav/odia/common_voice_or_21823919.wav,odia
/content/work/processed_wav/odia/common_voice_or_22157045.wav,odia
/content/work/processed_wav/odia/common_voice_or_22187180.wav,odia
/content/work/processed_wav/odia/common_voice_or_22147918.wav,odia
/content/work/processed_wav/odia/common_voice_or_22239282.wav,odia
/content/work/processed_wav/odia/common_voice_or_21861944.wav,odia
/content/work/processed_wav/odia/common_voice_or_21838005.wav,odia
/content/work/processed_wav/odia/common_voice_or_22239160.wav,odia
/content/work/processed_wav/odia/common_voice_or_21861919.wav,odia
/content/work/processed_wav/odia/common_voice_or_22243227.wav,odia
/content/work/processed_wav/odia/common_voice_or_21838052.wav,odia
/content/work/processed_wav/odia/common_voice_or_22238849.wav,odia
/content/work/processed_wav/odia/common_voice_or_21857558.wav,odia
/content/work/processed_wav/odia/common_voice_or_21834353.wav,odia
/content/work/processed_wav/odia/common_voice_or_21861918.wav,odia
/content/work/processed_wav/odia/common_voice_or_21884847.wav,odia
/content/work/processed_wav/odia/common_voice_or_21884529.wav,odia
/content/work/processed_wav/odia/common_voice_or_21862889.wav,odia
/content/work/processed_wav/odia/common_voice_or_22108023.wav,odia
/content/work/processed_wav/odia/common_voice_or_21843534.wav,odia
/content/work/processed_wav/odia/common_voice_or_21845805.wav,odia
/content/work/processed_wav/odia/common_voice_or_21842400.wav,odia
/content/work/processed_wav/odia/common_voice_or_22257579.wav,odia
/content/work/processed_wav/odia/common_voice_or_21844187.wav,odia
/content/work/processed_wav/odia/common_voice_or_22220219.wav,odia
/content/work/processed_wav/odia/common_voice_or_21861906.wav,odia
/content/work/processed_wav/odia/common_voice_or_22186750.wav,odia
/content/work/processed_wav/odia/common_voice_or_22156981.wav,odia
/content/work/processed_wav/odia/common_voice_or_22087393.wav,odia
/content/work/processed_wav/odia/common_voice_or_22157083.wav,odia
/content/work/processed_wav/odia/common_voice_or_21844134.wav,odia
/content/work/processed_wav/odia/common_voice_or_22238762.wav,odia
/content/work/processed_wav/odia/common_voice_or_21861972.wav,odia
/content/work/processed_wav/odia/common_voice_or_21845821.wav,odia
/content/work/processed_wav/odia/common_voice_or_21845822.wav,odia
/content/work/processed_wav/odia/common_voice_or_21843517.wav,odia
/content/work/processed_wav/odia/common_voice_or_21861914.wav,odia
/content/work/processed_wav/odia/common_voice_or_21861933.wav,odia
/content/work/processed_wav/odia/common_voice_or_21845811.wav,odia
/content/work/processed_wav/odia/common_voice_or_22187083.wav,odia
/content/work/processed_wav/odia/common_voice_or_21832834.wav,odia
/content/work/processed_wav/odia/common_voice_or_22238765.wav,odia
/content/work/processed_wav/odia/common_voice_or_21832870.wav,odia
/content/work/processed_wav/odia/common_voice_or_21832254.wav,odia
/content/work/processed_wav/odia/common_voice_or_21832657.wav,odia
/content/work/processed_wav/odia/common_voice_or_21823924.wav,odia
/content/work/processed_wav/odia/common_voice_or_21843521.wav,odia
/content/work/processed_wav/odia/common_voice_or_21833689.wav,odia
/content/work/processed_wav/odia/common_voice_or_22251099.wav,odia
/content/work/processed_wav/odia/common_voice_or_21821691.wav,odia
/content/work/processed_wav/odia/common_voice_or_21844188.wav,odia
/content/work/processed_wav/odia/common_voice_or_21839558.wav,odia
/content/work/processed_wav/odia/common_voice_or_22243384.wav,odia
/content/work/processed_wav/odia/common_voice_or_21884752.wav,odia
/content/work/processed_wav/odia/common_voice_or_21861925.wav,odia
/content/work/processed_wav/odia/common_voice_or_22238894.wav,odia
/content/work/processed_wav/odia/common_voice_or_21833132.wav,odia
/content/work/processed_wav/odia/common_voice_or_21861852.wav,odia
/content/work/processed_wav/odia/common_voice_or_21862890.wav,odia
/content/work/processed_wav/odia/common_voice_or_21832686.wav,odia
/content/work/processed_wav/odia/common_voice_or_21843600.wav,odia
/content/work/processed_wav/odia/common_voice_or_21884750.wav,odia
/content/work/processed_wav/odia/common_voice_or_21821327.wav,odia
/content/work/processed_wav/odia/common_voice_or_21832137.wav,odia
/content/work/processed_wav/odia/common_voice_or_21862922.wav,odia
/content/work/processed_wav/odia/common_voice_or_21832159.wav,odia
/content/work/processed_wav/odia/common_voice_or_22243232.wav,odia
/content/work/processed_wav/odia/common_voice_or_21884531.wav,odia
/content/work/processed_wav/odia/common_voice_or_22239358.wav,odia
/content/work/processed_wav/odia/common_voice_or_21833354.wav,odia
/content/work/processed_wav/odia/common_voice_or_21843507.wav,odia
/content/work/processed_wav/odia/common_voice_or_21821653.wav,odia
/content/work/processed_wav/odia/common_voice_or_21833343.wav,odia
/content/work/processed_wav/odia/common_voice_or_21843494.wav,odia
/content/work/processed_wav/odia/common_voice_or_22239232.wav,odia
/content/work/processed_wav/odia/common_voice_or_21862577.wav,odia
/content/work/processed_wav/odia/common_voice_or_22239350.wav,odia
/content/work/processed_wav/odia/common_voice_or_22239393.wav,odia
/content/work/processed_wav/odia/common_voice_or_21843618.wav,odia
/content/work/processed_wav/odia/common_voice_or_21843877.wav,odia
/content/work/processed_wav/odia/common_voice_or_21832047.wav,odia
/content/work/processed_wav/odia/common_voice_or_22239302.wav,odia
/content/work/processed_wav/odia/common_voice_or_21862449.wav,odia
/content/work/processed_wav/odia/common_voice_or_21845694.wav,odia
/content/work/processed_wav/odia/common_voice_or_21884714.wav,odia
/content/work/processed_wav/odia/common_voice_or_21862520.wav,odia
/content/work/processed_wav/odia/common_voice_or_21844137.wav,odia
/content/work/processed_wav/odia/common_voice_or_22239354.wav,odia
/content/work/processed_wav/odia/common_voice_or_21833069.wav,odia
/content/work/processed_wav/odia/common_voice_or_21845793.wav,odia
/content/work/processed_wav/odia/common_voice_or_21832258.wav,odia
/content/work/processed_wav/odia/common_voice_or_21884554.wav,odia
/content/work/processed_wav/odia/common_voice_or_22220852.wav,odia
/content/work/processed_wav/odia/common_voice_or_21832161.wav,odia
/content/work/processed_wav/odia/common_voice_or_21829760.wav,odia
/content/work/processed_wav/odia/common_voice_or_21838043.wav,odia
/content/work/processed_wav/odia/common_voice_or_21858266.wav,odia
/content/work/processed_wav/odia/common_voice_or_22187013.wav,odia
/content/work/processed_wav/odia/common_voice_or_22186863.wav,odia
/content/work/processed_wav/odia/common_voice_or_21879878.wav,odia
/content/work/processed_wav/odia/common_voice_or_21861903.wav,odia
/content/work/processed_wav/odia/common_voice_or_21823918.wav,odia
/content/work/processed_wav/odia/common_voice_or_22239371.wav,odia
/content/work/processed_wav/odia/common_voice_or_22087312.wav,odia
/content/work/processed_wav/odia/common_voice_or_22087320.wav,odia
/content/work/processed_wav/odia/common_voice_or_22219851.wav,odia
/content/work/processed_wav/odia/common_voice_or_21821693.wav,odia
/content/work/processed_wav/odia/common_voice_or_22107927.wav,odia
/content/work/processed_wav/odia/common_voice_or_22147952.wav,odia
/content/work/processed_wav/odia/common_voice_or_21833027.wav,odia
/content/work/processed_wav/odia/common_voice_or_22186742.wav,odia
/content/work/processed_wav/odia/common_voice_or_22243389.wav,odia
/content/work/processed_wav/odia/common_voice_or_21884200.wav,odia
/content/work/processed_wav/odia/common_voice_or_21861916.wav,odia
/content/work/processed_wav/odia/common_voice_or_21862536.wav,odia
/content/work/processed_wav/odia/common_voice_or_22127339.wav,odia
/content/work/processed_wav/odia/common_voice_or_21821306.wav,odia
/content/work/processed_wav/odia/common_voice_or_21833070.wav,odia
/content/work/processed_wav/odia/common_voice_or_21861937.wav,odia
/content/work/processed_wav/odia/common_voice_or_21834379.wav,odia
/content/work/processed_wav/odia/common_voice_or_21879855.wav,odia
/content/work/processed_wav/odia/common_voice_or_22219923.wav,odia
/content/work/processed_wav/odia/common_voice_or_21861931.wav,odia
/content/work/processed_wav/odia/common_voice_or_21844147.wav,odia
/content/work/processed_wav/odia/common_voice_or_21832136.wav,odia
/content/work/processed_wav/odia/common_voice_or_21821315.wav,odia
/content/work/processed_wav/odia/common_voice_or_21845792.wav,odia
/content/work/processed_wav/odia/common_voice_or_21845768.wav,odia
/content/work/processed_wav/odia/common_voice_or_22238865.wav,odia
/content/work/processed_wav/odia/common_voice_or_22157047.wav,odia
/content/work/processed_wav/odia/common_voice_or_21833024.wav,odia
/content/work/processed_wav/odia/common_voice_or_22186885.wav,odia
/content/work/processed_wav/odia/common_voice_or_22156983.wav,odia
/content/work/processed_wav/odia/common_voice_or_21857555.wav,odia
/content/work/processed_wav/odia/common_voice_or_22108032.wav,odia
/content/work/processed_wav/odia/common_voice_or_21843511.wav,odia
/content/work/processed_wav/odia/common_voice_or_21861900.wav,odia
/content/work/processed_wav/odia/common_voice_or_22220832.wav,odia
/content/work/processed_wav/odia/common_voice_or_21862588.wav,odia
/content/work/processed_wav/odia/common_voice_or_21833135.wav,odia
/content/work/processed_wav/odia/common_voice_or_21832674.wav,odia
/content/work/processed_wav/odia/common_voice_or_22186888.wav,odia
/content/work/processed_wav/odia/common_voice_or_22243255.wav,odia
/content/work/processed_wav/odia/common_voice_or_22238789.wav,odia
/content/work/processed_wav/odia/common_voice_or_21884199.wav,odia
/content/work/processed_wav/odia/common_voice_or_21821304.wav,odia
/content/work/processed_wav/odia/common_voice_or_21884383.wav,odia
/content/work/processed_wav/odia/common_voice_or_22087077.wav,odia
/content/work/processed_wav/odia/common_voice_or_21857624.wav,odia
/content/work/processed_wav/odia/common_voice_or_21833067.wav,odia
/content/work/processed_wav/odia/common_voice_or_22105772.wav,odia
/content/work/processed_wav/odia/common_voice_or_21862559.wav,odia
/content/work/processed_wav/odia/common_voice_or_21821331.wav,odia
/content/work/processed_wav/odia/common_voice_or_21843948.wav,odia
/content/work/processed_wav/odia/common_voice_or_22239392.wav,odia
/content/work/processed_wav/odia/common_voice_or_22220929.wav,odia
/content/work/processed_wav/odia/common_voice_or_21879880.wav,odia
/content/work/processed_wav/odia/common_voice_or_21843909.wav,odia
/content/work/processed_wav/odia/common_voice_or_21862914.wav,odia
/content/work/processed_wav/odia/common_voice_or_22243192.wav,odia
/content/work/processed_wav/odia/common_voice_or_21861891.wav,odia
/content/work/processed_wav/odia/common_voice_or_21884816.wav,odia
/content/work/processed_wav/odia/common_voice_or_21834350.wav,odia
/content/work/processed_wav/odia/common_voice_or_22220853.wav,odia
/content/work/processed_wav/odia/common_voice_or_21862591.wav,odia
/content/work/processed_wav/odia/common_voice_or_22238763.wav,odia
/content/work/processed_wav/odia/common_voice_or_22219850.wav,odia
/content/work/processed_wav/odia/common_voice_or_21833585.wav,odia
/content/work/processed_wav/odia/common_voice_or_21862499.wav,odia
/content/work/processed_wav/odia/common_voice_or_22147892.wav,odia
/content/work/processed_wav/odia/common_voice_or_22186825.wav,odia
/content/work/processed_wav/odia/common_voice_or_21821988.wav,odia
/content/work/processed_wav/odia/common_voice_or_21834497.wav,odia
/content/work/processed_wav/odia/common_voice_or_22243247.wav,odia
/content/work/processed_wav/odia/common_voice_or_21833026.wav,odia
/content/work/processed_wav/odia/common_voice_or_21843563.wav,odia
/content/work/processed_wav/odia/common_voice_or_21845786.wav,odia
/content/work/processed_wav/odia/common_voice_or_22147962.wav,odia
/content/work/processed_wav/odia/common_voice_or_21884325.wav,odia
/content/work/processed_wav/odia/common_voice_or_22186865.wav,odia
/content/work/processed_wav/odia/common_voice_or_21844220.wav,odia
/content/work/processed_wav/odia/common_voice_or_21834487.wav,odia
/content/work/processed_wav/odia/common_voice_or_22157109.wav,odia
/content/work/processed_wav/odia/common_voice_or_22147924.wav,odia
/content/work/processed_wav/odia/common_voice_or_22220461.wav,odia
/content/work/processed_wav/odia/common_voice_or_22259320.wav,odia
/content/work/processed_wav/odia/common_voice_or_21843499.wav,odia
/content/work/processed_wav/odia/common_voice_or_22258086.wav,odia
/content/work/processed_wav/odia/common_voice_or_21862462.wav,odia
/content/work/processed_wav/odia/common_voice_or_21832060.wav,odia
/content/work/processed_wav/odia/common_voice_or_22105773.wav,odia
/content/work/processed_wav/odia/common_voice_or_22147954.wav,odia
/content/work/processed_wav/odia/common_voice_or_21862846.wav,odia
/content/work/processed_wav/odia/common_voice_or_22147896.wav,odia
/content/work/processed_wav/odia/common_voice_or_22220216.wav,odia
/content/work/processed_wav/odia/common_voice_or_21861956.wav,odia
/content/work/processed_wav/odia/common_voice_or_22220752.wav,odia
/content/work/processed_wav/odia/common_voice_or_22239322.wav,odia
/content/work/processed_wav/odia/common_voice_or_22239353.wav,odia
/content/work/processed_wav/odia/common_voice_or_21833690.wav,odia
/content/work/processed_wav/odia/common_voice_or_22147965.wav,odia
/content/work/processed_wav/odia/common_voice_or_22259253.wav,odia
/content/work/processed_wav/odia/common_voice_or_21884326.wav,odia
/content/work/processed_wav/odia/common_voice_or_21832725.wav,odia
/content/work/processed_wav/odia/common_voice_or_21843544.wav,odia
/content/work/processed_wav/odia/common_voice_or_21832074.wav,odia
/content/work/processed_wav/odia/common_voice_or_21832651.wav,odia
/content/work/processed_wav/odia/common_voice_or_21884389.wav,odia
/content/work/processed_wav/odia/common_voice_or_21886238.wav,odia
/content/work/processed_wav/odia/common_voice_or_21861959.wav,odia
/content/work/processed_wav/odia/common_voice_or_22105671.wav,odia
/content/work/processed_wav/odia/common_voice_or_22087217.wav,odia
/content/work/processed_wav/odia/common_voice_or_21842404.wav,odia
/content/work/processed_wav/odia/common_voice_or_22239301.wav,odia
/content/work/processed_wav/odia/common_voice_or_21843533.wav,odia
/content/work/processed_wav/odia/common_voice_or_22259256.wav,odia
/content/work/processed_wav/odia/common_voice_or_21862861.wav,odia
/content/work/processed_wav/odia/common_voice_or_21879857.wav,odia
/content/work/processed_wav/odia/common_voice_or_21843572.wav,odia
/content/work/processed_wav/odia/common_voice_or_22239233.wav,odia
/content/work/processed_wav/odia/common_voice_or_21861921.wav,odia
/content/work/processed_wav/odia/common_voice_or_22239391.wav,odia
/content/work/processed_wav/odia/common_voice_or_22087092.wav,odia
/content/work/processed_wav/odia/common_voice_or_21861851.wav,odia
/content/work/processed_wav/odia/common_voice_or_21821308.wav,odia
/content/work/processed_wav/odia/common_voice_or_22147926.wav,odia
/content/work/processed_wav/odia/common_voice_or_22251100.wav,odia
/content/work/processed_wav/odia/common_voice_or_21884260.wav,odia
/content/work/processed_wav/odia/common_voice_or_21833365.wav,odia
/content/work/processed_wav/odia/common_voice_or_21884387.wav,odia
/content/work/processed_wav/odia/common_voice_or_21832790.wav,odia
/content/work/processed_wav/odia/common_voice_or_21843504.wav,odia
/content/work/processed_wav/odia/common_voice_or_22220415.wav,odia
/content/work/processed_wav/odia/common_voice_or_21862508.wav,odia
/content/work/processed_wav/odia/common_voice_or_21834467.wav,odia
/content/work/processed_wav/odia/common_voice_or_21832148.wav,odia
/content/work/processed_wav/odia/common_voice_or_21862490.wav,odia
/content/work/processed_wav/odia/common_voice_or_22238720.wav,odia
/content/work/processed_wav/odia/common_voice_or_22239140.wav,odia
/content/work/processed_wav/odia/common_voice_or_21832724.wav,odia
/content/work/processed_wav/odia/common_voice_or_21844224.wav,odia
/content/work/processed_wav/odia/common_voice_or_21857673.wav,odia
/content/work/processed_wav/odia/common_voice_or_22256538.wav,odia
/content/work/processed_wav/odia/common_voice_or_22220497.wav,odia
/content/work/processed_wav/odia/common_voice_or_21834339.wav,odia
/content/work/processed_wav/odia/common_voice_or_21832068.wav,odia
/content/work/processed_wav/odia/common_voice_or_21833712.wav,odia
/content/work/processed_wav/odia/common_voice_or_21833268.wav,odia
/content/work/processed_wav/odia/common_voice_or_21845751.wav,odia
/content/work/processed_wav/odia/common_voice_or_21833353.wav,odia
/content/work/processed_wav/odia/common_voice_or_22243202.wav,odia
/content/work/processed_wav/odia/common_voice_or_22239118.wav,odia
/content/work/processed_wav/odia/common_voice_or_21832065.wav,odia
/content/work/processed_wav/odia/common_voice_or_21834484.wav,odia
/content/work/processed_wav/odia/common_voice_or_22106962.wav,odia
/content/work/processed_wav/odia/common_voice_or_21862469.wav,odia
/content/work/processed_wav/odia/common_voice_or_21834496.wav,odia
/content/work/processed_wav/odia/common_voice_or_21832837.wav,odia
/content/work/processed_wav/odia/common_voice_or_21843553.wav,odia
/content/work/processed_wav/odia/common_voice_or_21834460.wav,odia
/content/work/processed_wav/odia/common_voice_or_21833089.wav,odia
/content/work/processed_wav/odia/common_voice_or_21832163.wav,odia
/content/work/processed_wav/odia/common_voice_or_22259325.wav,odia
/content/work/processed_wav/odia/common_voice_or_21832670.wav,odia
/content/work/processed_wav/odia/common_voice_or_22106683.wav,odia
/content/work/processed_wav/odia/common_voice_or_21843876.wav,odia
/content/work/processed_wav/odia/common_voice_or_22238824.wav,odia
/content/work/processed_wav/odia/common_voice_or_22220785.wav,odia
/content/work/processed_wav/odia/common_voice_or_21844205.wav,odia
/content/work/processed_wav/odia/common_voice_or_21857699.wav,odia
/content/work/processed_wav/odia/common_voice_or_21844221.wav,odia
/content/work/processed_wav/odia/common_voice_or_22238790.wav,odia
/content/work/processed_wav/odia/common_voice_or_22187087.wav,odia
/content/work/processed_wav/odia/common_voice_or_22256537.wav,odia
/content/work/processed_wav/odia/common_voice_or_21832793.wav,odia
/content/work/processed_wav/odia/common_voice_or_21833100.wav,odia
/content/work/processed_wav/odia/common_voice_or_21884751.wav,odia
/content/work/processed_wav/odia/common_voice_or_21845766.wav,odia
/content/work/processed_wav/odia/common_voice_or_22157434.wav,odia
/content/work/processed_wav/odia/common_voice_or_22243226.wav,odia
/content/work/processed_wav/odia/common_voice_or_21832147.wav,odia
/content/work/processed_wav/odia/common_voice_or_22187205.wav,odia
/content/work/processed_wav/odia/common_voice_or_21832228.wav,odia
/content/work/processed_wav/odia/common_voice_or_21839551.wav,odia
/content/work/processed_wav/odia/common_voice_or_21832252.wav,odia
/content/work/processed_wav/odia/common_voice_or_21833586.wav,odia
/content/work/processed_wav/odia/common_voice_or_22239400.wav,odia
/content/work/processed_wav/odia/common_voice_or_21833352.wav,odia
/content/work/processed_wav/odia/common_voice_or_21832778.wav,odia
/content/work/processed_wav/odia/common_voice_or_22187202.wav,odia
/content/work/processed_wav/odia/common_voice_or_22220069.wav,odia
/content/work/processed_wav/odia/common_voice_or_21832184.wav,odia
/content/work/processed_wav/odia/common_voice_or_22219989.wav,odia
/content/work/processed_wav/odia/common_voice_or_22239360.wav,odia
/content/work/processed_wav/odia/common_voice_or_21879891.wav,odia
/content/work/processed_wav/odia/common_voice_or_21832227.wav,odia
/content/work/processed_wav/odia/common_voice_or_21857650.wav,odia
/content/work/processed_wav/odia/common_voice_or_21843875.wav,odia
/content/work/processed_wav/odia/common_voice_or_21832067.wav,odia
/content/work/processed_wav/odia/common_voice_or_21843509.wav,odia
/content/work/processed_wav/odia/common_voice_or_22087001.wav,odia
/content/work/processed_wav/odia/common_voice_or_22220788.wav,odia
/content/work/processed_wav/odia/common_voice_or_22250638.wav,odia
/content/work/processed_wav/odia/common_voice_or_21861966.wav,odia
/content/work/processed_wav/odia/common_voice_or_21845777.wav,odia
/content/work/processed_wav/odia/common_voice_or_21884530.wav,odia
/content/work/processed_wav/odia/common_voice_or_21832662.wav,odia
/content/work/processed_wav/odia/common_voice_or_21862868.wav,odia
/content/work/processed_wav/odia/common_voice_or_21862500.wav,odia
/content/work/processed_wav/odia/common_voice_or_21832242.wav,odia
/content/work/processed_wav/odia/common_voice_or_22147951.wav,odia
/content/work/processed_wav/odia/common_voice_or_21834432.wav,odia
/content/work/processed_wav/odia/common_voice_or_21843513.wav,odia
/content/work/processed_wav/odia/common_voice_or_21862920.wav,odia
/content/work/processed_wav/odia/common_voice_or_21861892.wav,odia
/content/work/processed_wav/odia/common_voice_or_21862525.wav,odia
/content/work/processed_wav/odia/common_voice_or_22239124.wav,odia
/content/work/processed_wav/odia/common_voice_or_21843502.wav,odia
/content/work/processed_wav/odia/common_voice_or_22148004.wav,odia
/content/work/processed_wav/odia/common_voice_or_21843514.wav,odia
/content/work/processed_wav/odia/common_voice_or_22147927.wav,odia
/content/work/processed_wav/odia/common_voice_or_22251098.wav,odia
/content/work/processed_wav/odia/common_voice_or_22259288.wav,odia
/content/work/processed_wav/odia/common_voice_or_21843518.wav,odia
/content/work/processed_wav/odia/common_voice_or_22239413.wav,odia
/content/work/processed_wav/odia/common_voice_or_21879842.wav,odia
/content/work/processed_wav/odia/common_voice_or_21857559.wav,odia
/content/work/processed_wav/odia/common_voice_or_22156998.wav,odia
/content/work/processed_wav/odia/common_voice_or_21861834.wav,odia
/content/work/processed_wav/odia/common_voice_or_22087214.wav,odia
/content/work/processed_wav/odia/common_voice_or_21843906.wav,odia
/content/work/processed_wav/odia/common_voice_or_22263585.wav,odia
/content/work/processed_wav/odia/common_voice_or_21842398.wav,odia
/content/work/processed_wav/odia/common_voice_or_22186908.wav,odia
/content/work/processed_wav/odia/common_voice_or_22127336.wav,odia
/content/work/processed_wav/odia/common_voice_or_21843619.wav,odia
/content/work/processed_wav/odia/common_voice_or_21862473.wav,odia
/content/work/processed_wav/odia/common_voice_or_22219993.wav,odia
/content/work/processed_wav/odia/common_voice_or_21821309.wav,odia
/content/work/processed_wav/odia/common_voice_or_22238875.wav,odia
/content/work/processed_wav/odia/common_voice_or_21832779.wav,odia
/content/work/processed_wav/odia/common_voice_or_21834394.wav,odia
/content/work/processed_wav/odia/common_voice_or_21884368.wav,odia
/content/work/processed_wav/odia/common_voice_or_22250550.wav,odia
/content/work/processed_wav/odia/common_voice_or_21833361.wav,odia
/content/work/processed_wav/odia/common_voice_or_21832054.wav,odia
/content/work/processed_wav/odia/common_voice_or_21861923.wav,odia
/content/work/processed_wav/odia/common_voice_or_22239385.wav,odia
/content/work/processed_wav/odia/common_voice_or_22186946.wav,odia
/content/work/processed_wav/odia/common_voice_or_21843937.wav,odia
/content/work/processed_wav/odia/common_voice_or_21884644.wav,odia
/content/work/processed_wav/odia/common_voice_or_21821302.wav,odia
/content/work/processed_wav/odia/common_voice_or_22157071.wav,odia
/content/work/processed_wav/odia/common_voice_or_21843895.wav,odia
/content/work/processed_wav/odia/common_voice_or_22219965.wav,odia
/content/work/processed_wav/odia/common_voice_or_22148003.wav,odia
/content/work/processed_wav/odia/common_voice_or_22243180.wav,odia
/content/work/processed_wav/odia/common_voice_or_22148000.wav,odia
/content/work/processed_wav/odia/common_voice_or_21857526.wav,odia
/content/work/processed_wav/odia/common_voice_or_21884848.wav,odia
/content/work/processed_wav/odia/common_voice_or_21843529.wav,odia
/content/work/processed_wav/odia/common_voice_or_21861948.wav,odia
/content/work/processed_wav/odia/common_voice_or_22187203.wav,odia
/content/work/processed_wav/odia/common_voice_or_21843541.wav,odia
/content/work/processed_wav/odia/common_voice_or_22239399.wav,odia
/content/work/processed_wav/odia/common_voice_or_22257577.wav,odia
/content/work/processed_wav/odia/common_voice_or_21838055.wav,odia
/content/work/processed_wav/odia/common_voice_or_22243397.wav,odia
/content/work/processed_wav/odia/common_voice_or_22239412.wav,odia
/content/work/processed_wav/odia/common_voice_or_22087210.wav,odia
/content/work/processed_wav/odia/common_voice_or_22105844.wav,odia
/content/work/processed_wav/odia/common_voice_or_22238717.wav,odia
/content/work/processed_wav/odia/common_voice_or_21879881.wav,odia
/content/work/processed_wav/odia/common_voice_or_21843935.wav,odia
/content/work/processed_wav/odia/common_voice_or_22220884.wav,odia
/content/work/processed_wav/odia/common_voice_or_21834434.wav,odia
/content/work/processed_wav/odia/common_voice_or_21832064.wav,odia
/content/work/processed_wav/odia/common_voice_or_22105842.wav,odia
/content/work/processed_wav/odia/common_voice_or_21832744.wav,odia
/content/work/processed_wav/odia/common_voice_or_22186824.wav,odia
/content/work/processed_wav/odia/common_voice_or_21845769.wav,odia
/content/work/processed_wav/odia/common_voice_or_21857698.wav,odia
/content/work/processed_wav/odia/common_voice_or_22186852.wav,odia
/content/work/processed_wav/odia/common_voice_or_21843949.wav,odia
/content/work/processed_wav/odia/common_voice_or_21838049.wav,odia
/content/work/processed_wav/odia/common_voice_or_22187206.wav,odia
/content/work/processed_wav/odia/common_voice_or_22186912.wav,odia
/content/work/processed_wav/odia/common_voice_or_21844223.wav,odia
/content/work/processed_wav/odia/common_voice_or_21862459.wav,odia
/content/work/processed_wav/odia/common_voice_or_21833584.wav,odia
/content/work/processed_wav/odia/common_voice_or_21845789.wav,odia
/content/work/processed_wav/odia/common_voice_or_21834466.wav,odia
/content/work/processed_wav/odia/common_voice_or_21861927.wav,odia
/content/work/processed_wav/odia/common_voice_or_21862451.wav,odia
/content/work/processed_wav/odia/common_voice_or_22263602.wav,odia
/content/work/processed_wav/odia/common_voice_or_22087396.wav,odia
/content/work/processed_wav/odia/common_voice_or_22243210.wav,odia
/content/work/processed_wav/odia/common_voice_or_21844217.wav,odia
/content/work/processed_wav/odia/common_voice_or_21857647.wav,odia
/content/work/processed_wav/odia/common_voice_or_22187178.wav,odia
/content/work/processed_wav/odia/common_voice_or_21832795.wav,odia
/content/work/processed_wav/odia/common_voice_or_21861968.wav,odia
/content/work/processed_wav/odia/common_voice_or_22186959.wav,odia
/content/work/processed_wav/odia/common_voice_or_22238691.wav,odia
/content/work/processed_wav/odia/common_voice_or_21843508.wav,odia
/content/work/processed_wav/odia/common_voice_or_22239159.wav,odia
/content/work/processed_wav/odia/common_voice_or_21843535.wav,odia
/content/work/processed_wav/odia/common_voice_or_22238863.wav,odia
/content/work/processed_wav/odia/common_voice_or_21833583.wav,odia
/content/work/processed_wav/odia/common_voice_or_22220495.wav,odia
/content/work/processed_wav/odia/common_voice_or_22186774.wav,odia
/content/work/processed_wav/odia/common_voice_or_22239349.wav,odia
/content/work/processed_wav/odia/common_voice_or_21884395.wav,odia
/content/work/processed_wav/odia/common_voice_or_22220172.wav,odia
/content/work/processed_wav/odia/common_voice_or_21879861.wav,odia
/content/work/processed_wav/odia/common_voice_or_22259292.wav,odia
/content/work/processed_wav/odia/common_voice_or_21832132.wav,odia
/content/work/processed_wav/odia/common_voice_or_22087087.wav,odia
/content/work/processed_wav/odia/common_voice_or_21832256.wav,odia
/content/work/processed_wav/odia/common_voice_or_21862886.wav,odia
/content/work/processed_wav/odia/common_voice_or_22157048.wav,odia
/content/work/processed_wav/odia/common_voice_or_21832655.wav,odia
/content/work/processed_wav/odia/common_voice_or_21862528.wav,odia
/content/work/processed_wav/odia/common_voice_or_21833088.wav,odia
/content/work/processed_wav/odia/common_voice_or_21832035.wav,odia
/content/work/processed_wav/odia/common_voice_or_21843620.wav,odia
/content/work/processed_wav/odia/common_voice_or_21884384.wav,odia
/content/work/processed_wav/odia/common_voice_or_21861967.wav,odia
/content/work/processed_wav/odia/common_voice_or_22156954.wav,odia
/content/work/processed_wav/odia/common_voice_or_22157112.wav,odia
/content/work/processed_wav/odia/common_voice_or_22239323.wav,odia
/content/work/processed_wav/odia/common_voice_or_21832819.wav,odia
/content/work/processed_wav/odia/common_voice_or_22157431.wav,odia
/content/work/processed_wav/odia/common_voice_or_21821652.wav,odia
/content/work/processed_wav/odia/common_voice_or_21861882.wav,odia
/content/work/processed_wav/odia/common_voice_or_21832111.wav,odia
/content/work/processed_wav/odia/common_voice_or_22187131.wav,odia
/content/work/processed_wav/odia/common_voice_or_22219920.wav,odia
/content/work/processed_wav/odia/common_voice_or_21884367.wav,odia
/content/work/processed_wav/odia/common_voice_or_22239445.wav,odia
/content/work/processed_wav/odia/common_voice_or_22157164.wav,odia
/content/work/processed_wav/odia/common_voice_or_21832036.wav,odia
/content/work/processed_wav/odia/common_voice_or_21832044.wav,odia
/content/work/processed_wav/odia/common_voice_or_22157429.wav,odia
/content/work/processed_wav/odia/common_voice_or_22147893.wav,odia
/content/work/processed_wav/odia/common_voice_or_22186961.wav,odia
/content/work/processed_wav/odia/common_voice_or_21832653.wav,odia
/content/work/processed_wav/odia/common_voice_or_21861849.wav,odia
/content/work/processed_wav/odia/common_voice_or_21884334.wav,odia
/content/work/processed_wav/odia/common_voice_or_22220127.wav,odia
/content/work/processed_wav/odia/common_voice_or_22238766.wav,odia
/content/work/processed_wav/odia/common_voice_or_21844229.wav,odia
/content/work/processed_wav/odia/common_voice_or_22127325.wav,odia
/content/work/processed_wav/odia/common_voice_or_21884561.wav,odia
/content/work/processed_wav/odia/common_voice_or_21834392.wav,odia
/content/work/processed_wav/odia/common_voice_or_22147960.wav,odia
/content/work/processed_wav/odia/common_voice_or_21832863.wav,odia
/content/work/processed_wav/odia/common_voice_or_21832117.wav,odia
/content/work/processed_wav/odia/common_voice_or_21884259.wav,odia
/content/work/processed_wav/odia/common_voice_or_22156959.wav,odia
/content/work/processed_wav/odia/common_voice_or_22239369.wav,odia
/content/work/processed_wav/odia/common_voice_or_22220452.wav,odia
/content/work/processed_wav/odia/common_voice_or_21879844.wav,odia
/content/work/processed_wav/odia/common_voice_or_22127331.wav,odia
/content/work/processed_wav/odia/common_voice_or_21862917.wav,odia
/content/work/processed_wav/odia/common_voice_or_21884382.wav,odia
/content/work/processed_wav/odia/common_voice_or_22239382.wav,odia
/content/work/processed_wav/odia/common_voice_or_22186859.wav,odia
/content/work/processed_wav/odia/common_voice_or_22220046.wav,odia
/content/work/processed_wav/odia/common_voice_or_21862521.wav,odia
/content/work/processed_wav/odia/common_voice_or_21862888.wav,odia
/content/work/processed_wav/odia/common_voice_or_21833742.wav,odia
/content/work/processed_wav/odia/common_voice_or_21833362.wav,odia
/content/work/processed_wav/odia/common_voice_or_22147966.wav,odia
/content/work/processed_wav/odia/common_voice_or_21834491.wav,odia
/content/work/processed_wav/odia/common_voice_or_21832039.wav,odia
/content/work/processed_wav/odia/common_voice_or_22220119.wav,odia
/content/work/processed_wav/odia/common_voice_or_21861971.wav,odia
/content/work/processed_wav/odia/common_voice_or_21844189.wav,odia
/content/work/processed_wav/odia/common_voice_or_22187086.wav,odia
/content/work/processed_wav/odia/common_voice_or_21857560.wav,odia
/content/work/processed_wav/odia/common_voice_or_21832713.wav,odia
/content/work/processed_wav/odia/common_voice_or_21832814.wav,odia
/content/work/processed_wav/odia/common_voice_or_21857660.wav,odia
/content/work/processed_wav/odia/common_voice_or_21832090.wav,odia
/content/work/processed_wav/odia/common_voice_or_22186777.wav,odia
/content/work/processed_wav/odia/common_voice_or_22250548.wav,odia
/content/work/processed_wav/odia/common_voice_or_21843275.wav,odia
/content/work/processed_wav/odia/common_voice_or_21832817.wav,odia
/content/work/processed_wav/odia/common_voice_or_21861922.wav,odia
/content/work/processed_wav/odia/common_voice_or_21843512.wav,odia
/content/work/processed_wav/odia/common_voice_or_21834341.wav,odia
/content/work/processed_wav/odia/common_voice_or_21857591.wav,odia
/content/work/processed_wav/odia/common_voice_or_21832726.wav,odia
/content/work/processed_wav/odia/common_voice_or_21843602.wav,odia
/content/work/processed_wav/odia/common_voice_or_22186856.wav,odia
/content/work/processed_wav/odia/common_voice_or_21879879.wav,odia
/content/work/processed_wav/odia/common_voice_or_22186911.wav,odia
/content/work/processed_wav/odia/common_voice_or_21845759.wav,odia
/content/work/processed_wav/odia/common_voice_or_22238791.wav,odia
/content/work/processed_wav/odia/common_voice_or_21879870.wav,odia
/content/work/processed_wav/odia/common_voice_or_21843505.wav,odia
/content/work/processed_wav/odia/common_voice_or_21858265.wav,odia
/content/work/processed_wav/odia/common_voice_or_22220496.wav,odia
/content/work/processed_wav/odia/common_voice_or_22259249.wav,odia
/content/work/processed_wav/odia/common_voice_or_21844010.wav,odia
/content/work/processed_wav/odia/common_voice_or_21821310.wav,odia
/content/work/processed_wav/odia/common_voice_or_22127327.wav,odia
/content/work/processed_wav/odia/common_voice_or_21834485.wav,odia
/content/work/processed_wav/odia/common_voice_or_21843938.wav,odia
/content/work/processed_wav/odia/common_voice_or_22256343.wav,odia
/content/work/processed_wav/odia/common_voice_or_21843493.wav,odia
/content/work/processed_wav/odia/common_voice_or_22105846.wav,odia
/content/work/processed_wav/odia/common_voice_or_22243228.wav,odia
/content/work/processed_wav/odia/common_voice_or_21884642.wav,odia
/content/work/processed_wav/odia/common_voice_or_21845812.wav,odia
/content/work/processed_wav/odia/common_voice_or_21884174.wav,odia
/content/work/processed_wav/odia/common_voice_or_22087397.wav,odia
/content/work/processed_wav/odia/common_voice_or_22156994.wav,odia
/content/work/processed_wav/odia/common_voice_or_21861890.wav,odia
/content/work/processed_wav/odia/common_voice_or_21862461.wav,odia
/content/work/processed_wav/odia/common_voice_or_21845778.wav,odia
/content/work/processed_wav/odia/common_voice_or_21821312.wav,odia
/content/work/processed_wav/odia/common_voice_or_21861905.wav,odia
/content/work/processed_wav/odia/common_voice_or_22148001.wav,odia
/content/work/processed_wav/odia/common_voice_or_21862531.wav,odia
/content/work/processed_wav/odia/common_voice_or_21832187.wav,odia
/content/work/processed_wav/odia/common_voice_or_21884419.wav,odia
/content/work/processed_wav/odia/common_voice_or_22239281.wav,odia
/content/work/processed_wav/odia/common_voice_or_22220054.wav,odia
/content/work/processed_wav/odia/common_voice_or_21832710.wav,odia
/content/work/processed_wav/odia/common_voice_or_21862851.wav,odia
/content/work/processed_wav/odia/common_voice_or_22186755.wav,odia
/content/work/processed_wav/odia/common_voice_or_21862448.wav,odia
/content/work/processed_wav/odia/common_voice_or_21834360.wav,odia
/content/work/processed_wav/odia/common_voice_or_21834407.wav,odia
/content/work/processed_wav/odia/common_voice_or_22219918.wav,odia
/content/work/processed_wav/odia/common_voice_or_21857622.wav,odia
/content/work/processed_wav/odia/common_voice_or_21862489.wav,odia
/content/work/processed_wav/odia/common_voice_or_21843615.wav,odia
/content/work/processed_wav/odia/common_voice_or_22107924.wav,odia
/content/work/processed_wav/odia/common_voice_or_22186960.wav,odia
/content/work/processed_wav/odia/common_voice_or_21862468.wav,odia
/content/work/processed_wav/odia/common_voice_or_21832659.wav,odia
/content/work/processed_wav/odia/common_voice_or_21832249.wav,odia
/content/work/processed_wav/odia/common_voice_or_21832145.wav,odia
/content/work/processed_wav/odia/common_voice_or_21861924.wav,odia
/content/work/processed_wav/odia/common_voice_or_22127391.wav,odia
/content/work/processed_wav/odia/common_voice_or_22263627.wav,odia
/content/work/processed_wav/odia/common_voice_or_21832138.wav,odia
/content/work/processed_wav/odia/common_voice_or_21862848.wav,odia
/content/work/processed_wav/odia/common_voice_or_21843871.wav,odia
/content/work/processed_wav/odia/common_voice_or_22157436.wav,odia
/content/work/processed_wav/odia/common_voice_or_21884385.wav,odia
/content/work/processed_wav/odia/common_voice_or_21833099.wav,odia
/content/work/processed_wav/odia/common_voice_or_22239355.wav,odia
/content/work/processed_wav/odia/common_voice_or_22187009.wav,odia
/content/work/processed_wav/odia/common_voice_or_21884201.wav,odia
/content/work/processed_wav/odia/common_voice_or_21844172.wav,odia
/content/work/processed_wav/odia/common_voice_or_21843924.wav,odia
/content/work/processed_wav/odia/common_voice_or_22239395.wav,odia
/content/work/processed_wav/odia/common_voice_or_22250636.wav,odia
/content/work/processed_wav/odia/common_voice_or_21884338.wav,odia
/content/work/processed_wav/odia/common_voice_or_22108018.wav,odia
/content/work/processed_wav/odia/common_voice_or_21832667.wav,odia
/content/work/processed_wav/odia/common_voice_or_22219976.wav,odia
/content/work/processed_wav/odia/common_voice_or_21821601.wav,odia
/content/work/processed_wav/odia/common_voice_or_21843893.wav,odia
/content/work/processed_wav/odia/common_voice_or_22220457.wav,odia
/content/work/processed_wav/odia/common_voice_or_21821316.wav,odia
/content/work/processed_wav/odia/common_voice_or_21861965.wav,odia
/content/work/processed_wav/odia/common_voice_or_22239337.wav,odia
/content/work/processed_wav/odia/common_voice_or_21834370.wav,odia
/content/work/processed_wav/odia/common_voice_or_22087014.wav,odia
/content/work/processed_wav/odia/common_voice_or_21833156.wav,odia
/content/work/processed_wav/odia/common_voice_or_21861850.wav,odia
/content/work/processed_wav/odia/common_voice_or_22219874.wav,odia
/content/work/processed_wav/odia/common_voice_or_21861949.wav,odia
/content/work/processed_wav/odia/common_voice_or_22087398.wav,odia
/content/work/processed_wav/odia/common_voice_or_21861928.wav,odia
/content/work/processed_wav/odia/common_voice_or_22186891.wav,odia
/content/work/processed_wav/odia/common_voice_or_22186746.wav,odia
/content/work/processed_wav/odia/common_voice_or_22256539.wav,odia
/content/work/processed_wav/odia/common_voice_or_22127385.wav,odia
/content/work/processed_wav/odia/common_voice_or_21845785.wav,odia
/content/work/processed_wav/odia/common_voice_or_21843537.wav,odia
/content/work/processed_wav/odia/common_voice_or_22186822.wav,odia
/content/work/processed_wav/odia/common_voice_or_21832244.wav,odia
/content/work/processed_wav/odia/common_voice_or_21842401.wav,odia
/content/work/processed_wav/odia/common_voice_or_21834381.wav,odia
/content/work/processed_wav/odia/common_voice_or_21834312.wav,odia
/content/work/processed_wav/odia/common_voice_or_22239186.wav,odia
/content/work/processed_wav/odia/common_voice_or_21832866.wav,odia
/content/work/processed_wav/odia/common_voice_or_22243283.wav,odia
/content/work/processed_wav/odia/common_voice_or_21834431.wav,odia
/content/work/processed_wav/odia/common_voice_or_22239345.wav,odia
/content/work/processed_wav/odia/common_voice_or_21844186.wav,odia
/content/work/processed_wav/odia/common_voice_or_22219870.wav,odia
/content/work/processed_wav/odia/common_voice_or_21861969.wav,odia
/content/work/processed_wav/odia/common_voice_or_21879869.wav,odia
/content/work/processed_wav/odia/common_voice_or_21845801.wav,odia
/content/work/processed_wav/odia/common_voice_or_21884341.wav,odia
/content/work/processed_wav/odia/common_voice_or_21834383.wav,odia
/content/work/processed_wav/odia/common_voice_or_21842388.wav,odia
/content/work/processed_wav/odia/common_voice_or_21857577.wav,odia
/content/work/processed_wav/odia/common_voice_or_21832146.wav,odia
/content/work/processed_wav/odia/common_voice_or_22087013.wav,odia
/content/work/processed_wav/odia/common_voice_or_21857676.wav,odia
/content/work/processed_wav/odia/common_voice_or_22238895.wav,odia
/content/work/processed_wav/odia/common_voice_or_22156948.wav,odia
/content/work/processed_wav/odia/common_voice_or_22239122.wav,odia
/content/work/processed_wav/odia/common_voice_or_22263594.wav,odia
/content/work/processed_wav/odia/common_voice_or_21821313.wav,odia
/content/work/processed_wav/odia/common_voice_or_21823920.wav,odia
/content/work/processed_wav/odia/common_voice_or_21844203.wav,odia
/content/work/processed_wav/odia/common_voice_or_21862501.wav,odia
/content/work/processed_wav/odia/common_voice_or_22087007.wav,odia
/content/work/processed_wav/odia/common_voice_or_21844215.wav,odia
/content/work/processed_wav/odia/common_voice_or_21834489.wav,odia
/content/work/processed_wav/odia/common_voice_or_21832663.wav,odia
/content/work/processed_wav/odia/common_voice_or_21842396.wav,odia
/content/work/processed_wav/odia/common_voice_or_22127490.wav,odia
/content/work/processed_wav/odia/common_voice_or_21884787.wav,odia
/content/work/processed_wav/odia/common_voice_or_22250584.wav,odia
/content/work/processed_wav/odia/common_voice_or_22220458.wav,odia
/content/work/processed_wav/odia/common_voice_or_21861942.wav,odia
/content/work/processed_wav/odia/common_voice_or_21821330.wav,odia
/content/work/processed_wav/odia/common_voice_or_22220214.wav,odia
/content/work/processed_wav/odia/common_voice_or_21861837.wav,odia
/content/work/processed_wav/odia/common_voice_or_21838010.wav,odia
/content/work/processed_wav/odia/common_voice_or_21832872.wav,odia
/content/work/processed_wav/odia/common_voice_or_21843503.wav,odia
/content/work/processed_wav/odia/common_voice_or_21834393.wav,odia
/content/work/processed_wav/odia/common_voice_or_21845823.wav,odia
/content/work/processed_wav/odia/common_voice_or_21832742.wav,odia
/content/work/processed_wav/odia/common_voice_or_21844225.wav,odia
/content/work/processed_wav/odia/common_voice_or_22219883.wav,odia
/content/work/processed_wav/odia/common_voice_or_22157438.wav,odia
/content/work/processed_wav/odia/common_voice_or_22259327.wav,odia
/content/work/processed_wav/odia/common_voice_or_22220272.wav,odia
/content/work/processed_wav/odia/common_voice_or_22220926.wav,odia
/content/work/processed_wav/odia/common_voice_or_21834310.wav,odia
/content/work/processed_wav/odia/common_voice_or_22239123.wav,odia
/content/work/processed_wav/odia/common_voice_or_21884646.wav,odia
/content/work/processed_wav/odia/common_voice_or_21843922.wav,odia
/content/work/processed_wav/odia/common_voice_or_21861953.wav,odia
/content/work/processed_wav/odia/common_voice_or_22220413.wav,odia
/content/work/processed_wav/odia/common_voice_or_22087018.wav,odia
/content/work/processed_wav/odia/common_voice_or_21884323.wav,odia
/content/work/processed_wav/odia/common_voice_or_22087326.wav,odia
/content/work/processed_wav/odia/common_voice_or_21829271.wav,odia
/content/work/processed_wav/odia/common_voice_or_21832658.wav,odia
/content/work/processed_wav/odia/common_voice_or_22239442.wav,odia
/content/work/processed_wav/odia/common_voice_or_22107205.wav,odia
/content/work/processed_wav/odia/common_voice_or_21862862.wav,odia
/content/work/processed_wav/odia/common_voice_or_21833351.wav,odia
/content/work/processed_wav/odia/common_voice_or_22243207.wav,odia
/content/work/processed_wav/odia/common_voice_or_22219954.wav,odia
/content/work/processed_wav/odia/common_voice_or_22239299.wav,odia
/content/work/processed_wav/odia/common_voice_or_21843894.wav,odia
/content/work/processed_wav/odia/common_voice_or_21843570.wav,odia
/content/work/processed_wav/odia/common_voice_or_22105675.wav,odia
/content/work/processed_wav/odia/common_voice_or_22239443.wav,odia
/content/work/processed_wav/odia/common_voice_or_21862854.wav,odia
/content/work/processed_wav/odia/common_voice_or_22107114.wav,odia
/content/work/processed_wav/odia/common_voice_or_21857661.wav,odia
/content/work/processed_wav/odia/common_voice_or_21843547.wav,odia
/content/work/processed_wav/odia/common_voice_or_21861957.wav,odia
/content/work/processed_wav/odia/common_voice_or_22087317.wav,odia
/content/work/processed_wav/odia/common_voice_or_22263598.wav,odia
/content/work/processed_wav/odia/common_voice_or_22239348.wav,odia
/content/work/processed_wav/odia/common_voice_or_22220254.wav,odia
/content/work/processed_wav/odia/common_voice_or_21833071.wav,odia
/content/work/processed_wav/odia/common_voice_or_21857527.wav,odia
/content/work/processed_wav/odia/common_voice_or_21879888.wav,odia
/content/work/processed_wav/odia/common_voice_or_21832107.wav,odia
/content/work/processed_wav/odia/common_voice_or_22220221.wav,odia
/content/work/processed_wav/odia/common_voice_or_21844214.wav,odia
/content/work/processed_wav/odia/common_voice_or_22259293.wav,odia
/content/work/processed_wav/odia/common_voice_or_21843573.wav,odia
/content/work/processed_wav/odia/common_voice_or_22156925.wav,odia
/content/work/processed_wav/odia/common_voice_or_22187012.wav,odia
/content/work/processed_wav/odia/common_voice_or_22157324.wav,odia
/content/work/processed_wav/odia/common_voice_or_22105845.wav,odia
/content/work/processed_wav/odia/common_voice_or_22087211.wav,odia
/content/work/processed_wav/odia/common_voice_or_21821581.wav,odia
/content/work/processed_wav/odia/common_voice_or_22238690.wav,odia
/content/work/processed_wav/odia/common_voice_or_21832046.wav,odia
/content/work/processed_wav/odia/common_voice_or_21886236.wav,odia
/content/work/processed_wav/odia/common_voice_or_21884371.wav,odia
/content/work/processed_wav/odia/common_voice_or_21834323.wav,odia
/content/work/processed_wav/odia/common_voice_or_21884814.wav,odia
/content/work/processed_wav/odia/common_voice_or_22251101.wav,odia
/content/work/processed_wav/odia/common_voice_or_21884819.wav,odia
/content/work/processed_wav/odia/common_voice_or_22147887.wav,odia
/content/work/processed_wav/odia/common_voice_or_21845712.wav,odia
/content/work/processed_wav/odia/common_voice_or_21862474.wav,odia
/content/work/processed_wav/odia/common_voice_or_21857625.wav,odia
/content/work/processed_wav/odia/common_voice_or_21832765.wav,odia
/content/work/processed_wav/odia/common_voice_or_22258082.wav,odia
/content/work/processed_wav/odia/common_voice_or_21845723.wav,odia
/content/work/processed_wav/odia/common_voice_or_22147894.wav,odia
/content/work/processed_wav/odia/common_voice_or_21845780.wav,odia
/content/work/processed_wav/odia/common_voice_or_21884643.wav,odia
/content/work/processed_wav/odia/common_voice_or_21833582.wav,odia
/content/work/processed_wav/odia/common_voice_or_21861970.wav,odia
/content/work/processed_wav/odia/common_voice_or_21845824.wav,odia
/content/work/processed_wav/odia/common_voice_or_21833133.wav,odia
/content/work/processed_wav/odia/common_voice_or_21844213.wav,odia
/content/work/processed_wav/odia/common_voice_or_22147895.wav,odia
/content/work/processed_wav/odia/common_voice_or_21862925.wav,odia
/content/work/processed_wav/odia/common_voice_or_21884221.wav,odia
/content/work/processed_wav/odia/common_voice_or_21884682.wav,odia
/content/work/processed_wav/odia/common_voice_or_21843613.wav,odia
/content/work/processed_wav/odia/common_voice_or_21834493.wav,odia
/content/work/processed_wav/odia/common_voice_or_21857701.wav,odia
/content/work/processed_wav/odia/common_voice_or_21862905.wav,odia
/content/work/processed_wav/odia/common_voice_or_21862478.wav,odia
/content/work/processed_wav/odia/common_voice_or_21843274.wav,odia
/content/work/processed_wav/odia/common_voice_or_21862903.wav,odia
/content/work/processed_wav/odia/common_voice_or_22108031.wav,odia
/content/work/processed_wav/odia/common_voice_or_21833327.wav,odia
/content/work/processed_wav/odia/common_voice_or_21832633.wav,odia
/content/work/processed_wav/odia/common_voice_or_21861926.wav,odia
/content/work/processed_wav/odia/common_voice_or_21879877.wav,odia
/content/work/processed_wav/odia/common_voice_or_21832855.wav,odia
/content/work/processed_wav/odia/common_voice_or_21821320.wav,odia
/content/work/processed_wav/odia/common_voice_or_21844226.wav,odia
/content/work/processed_wav/odia/common_voice_or_22238736.wav,odia
/content/work/processed_wav/odia/common_voice_or_21832857.wav,odia
/content/work/processed_wav/odia/common_voice_or_21857675.wav,odia
/content/work/processed_wav/odia/common_voice_or_21821689.wav,odia
/content/work/processed_wav/odia/common_voice_or_21843276.wav,odia
/content/work/processed_wav/odia/common_voice_or_21861935.wav,odia
/content/work/processed_wav/odia/common_voice_or_21862522.wav,odia
/content/work/processed_wav/odia/common_voice_or_21843896.wav,odia
/content/work/processed_wav/odia/common_voice_or_21857672.wav,odia
/content/work/processed_wav/odia/common_voice_or_21845695.wav,odia
/content/work/processed_wav/odia/common_voice_or_21833324.wav,odia
/content/work/processed_wav/odia/common_voice_or_21833098.wav,odia
/content/work/processed_wav/odia/common_voice_or_21862916.wav,odia
/content/work/processed_wav/odia/common_voice_or_21832780.wav,odia
/content/work/processed_wav/odia/common_voice_or_21845696.wav,odia
/content/work/processed_wav/odia/common_voice_or_21844204.wav,odia
/content/work/processed_wav/odia/common_voice_or_21843516.wav,odia
/content/work/processed_wav/odia/common_voice_or_22256540.wav,odia
/content/work/processed_wav/odia/common_voice_or_21844008.wav,odia
/content/work/processed_wav/odia/common_voice_or_21843907.wav,odia
/content/work/processed_wav/odia/common_voice_or_21884722.wav,odia
/content/work/processed_wav/odia/common_voice_or_21842387.wav,odia
/content/work/processed_wav/odia/common_voice_or_21832854.wav,odia
/content/work/processed_wav/odia/common_voice_or_22186756.wav,odia
/content/work/processed_wav/odia/common_voice_or_21833068.wav,odia
/content/work/processed_wav/odia/common_voice_or_21834417.wav,odia
/content/work/processed_wav/odia/common_voice_or_21832040.wav,odia
/content/work/processed_wav/odia/common_voice_or_22239357.wav,odia
/content/work/processed_wav/odia/common_voice_or_22220416.wav,odia
/content/work/processed_wav/odia/common_voice_or_22238689.wav,odia
/content/work/processed_wav/odia/common_voice_or_21862912.wav,odia
/content/work/processed_wav/odia/common_voice_or_21844202.wav,odia
/content/work/processed_wav/odia/common_voice_or_22186778.wav,odia
/content/work/processed_wav/odia/common_voice_or_21845790.wav,odia
/content/work/processed_wav/odia/common_voice_or_21884254.wav,odia
/content/work/processed_wav/odia/common_voice_or_21843950.wav,odia
/content/work/processed_wav/odia/common_voice_or_21843599.wav,odia
/content/work/processed_wav/odia/common_voice_or_21832652.wav,odia
/content/work/processed_wav/odia/common_voice_or_22220163.wav,odia
/content/work/processed_wav/odia/common_voice_or_21838009.wav,odia
/content/work/processed_wav/odia/common_voice_or_21861946.wav,odia
/content/work/processed_wav/odia/common_voice_or_21832257.wav,odia
/content/work/processed_wav/odia/common_voice_or_22239336.wav,odia
/content/work/processed_wav/odia/common_voice_or_22239370.wav,odia
/content/work/processed_wav/odia/common_voice_or_21862855.wav,odia
/content/work/processed_wav/odia/common_voice_or_21832225.wav,odia
/content/work/processed_wav/odia/common_voice_or_22238851.wav,odia
/content/work/processed_wav/odia/common_voice_or_22239283.wav,odia
/content/work/processed_wav/odia/common_voice_or_22106979.wav,odia
/content/work/processed_wav/odia/common_voice_or_21834371.wav,odia
/content/work/processed_wav/odia/common_voice_or_21834363.wav,odia
/content/work/processed_wav/odia/common_voice_or_22108019.wav,odia
/content/work/processed_wav/odia/common_voice_or_22238733.wav,odia
/content/work/processed_wav/odia/common_voice_or_21832836.wav,odia
/content/work/processed_wav/odia/common_voice_or_21823897.wav,odia
/content/work/processed_wav/odia/common_voice_or_21820828.wav,odia
/content/work/processed_wav/odia/common_voice_or_21834352.wav,odia
/content/work/processed_wav/odia/common_voice_or_22220855.wav,odia
/content/work/processed_wav/odia/common_voice_or_21832668.wav,odia
/content/work/processed_wav/odia/common_voice_or_22239362.wav,odia
/content/work/processed_wav/odia/common_voice_or_22220124.wav,odia
/content/work/processed_wav/odia/common_voice_or_21842403.wav,odia
/content/work/processed_wav/odia/common_voice_or_21832739.wav,odia
/content/work/processed_wav/odia/common_voice_or_22220786.wav,odia
/content/work/processed_wav/odia/common_voice_or_21821328.wav,odia
/content/work/processed_wav/odia/common_voice_or_21862498.wav,odia
/content/work/processed_wav/odia/common_voice_or_21862587.wav,odia
/content/work/processed_wav/odia/common_voice_or_22187177.wav,odia
/content/work/processed_wav/odia/common_voice_or_21884420.wav,odia
/content/work/processed_wav/odia/common_voice_or_21843539.wav,odia
/content/work/processed_wav/odia/common_voice_or_21833322.wav,odia
/content/work/processed_wav/odia/common_voice_or_22239444.wav,odia
/content/work/processed_wav/odia/common_voice_or_21832130.wav,odia
/content/work/processed_wav/odia/common_voice_or_21862560.wav,odia
/content/work/processed_wav/odia/common_voice_or_21832714.wav,odia
/content/work/processed_wav/odia/common_voice_or_21832712.wav,odia
/content/work/processed_wav/odia/common_voice_or_21829759.wav,odia
/content/work/processed_wav/odia/common_voice_or_21832666.wav,odia
/content/work/processed_wav/odia/common_voice_or_22157004.wav,odia
/content/work/processed_wav/odia/common_voice_or_22087395.wav,odia
/content/work/processed_wav/odia/common_voice_or_21843976.wav,odia
/content/work/processed_wav/odia/common_voice_or_22105733.wav,odia
/content/work/processed_wav/odia/common_voice_or_21862488.wav,odia
/content/work/processed_wav/odia/common_voice_or_21857523.wav,odia
/content/work/processed_wav/odia/common_voice_or_21861915.wav,odia
/content/work/processed_wav/odia/common_voice_or_22156971.wav,odia
/content/work/processed_wav/odia/common_voice_or_22243370.wav,odia
/content/work/processed_wav/odia/common_voice_or_22220876.wav,odia
/content/work/processed_wav/odia/common_voice_or_21884340.wav,odia
/content/work/processed_wav/odia/common_voice_or_21862867.wav,odia
/content/work/processed_wav/odia/common_voice_or_22238693.wav,odia
/content/work/processed_wav/odia/common_voice_or_21862524.wav,odia
/content/work/processed_wav/odia/common_voice_or_22087212.wav,odia
/content/work/processed_wav/odia/common_voice_or_21833342.wav,odia
/content/work/processed_wav/odia/common_voice_or_22220854.wav,odia
/content/work/processed_wav/odia/common_voice_or_21823968.wav,odia
/content/work/processed_wav/odia/common_voice_or_21823902.wav,odia
/content/work/processed_wav/odia/common_voice_or_21862915.wav,odia
/content/work/processed_wav/odia/common_voice_or_21857651.wav,odia
/content/work/processed_wav/odia/common_voice_or_21832253.wav,odia
/content/work/processed_wav/odia/common_voice_or_21884180.wav,odia
/content/work/processed_wav/odia/common_voice_or_21862561.wav,odia
/content/work/processed_wav/odia/common_voice_or_22147964.wav,odia
/content/work/processed_wav/odia/common_voice_or_22238695.wav,odia
/content/work/processed_wav/odia/common_voice_or_21884386.wav,odia
/content/work/processed_wav/odia/common_voice_or_22186950.wav,odia
/content/work/processed_wav/odia/common_voice_or_21843978.wav,odia
/content/work/processed_wav/odia/common_voice_or_22106956.wav,odia
/content/work/processed_wav/odia/common_voice_or_21884217.wav,odia
/content/work/processed_wav/odia/common_voice_or_21844170.wav,odia
/content/work/processed_wav/odia/common_voice_or_21845794.wav,odia
/content/work/processed_wav/odia/common_voice_or_21879868.wav,odia
/content/work/processed_wav/odia/common_voice_or_21833363.wav,odia
/content/work/processed_wav/odia/common_voice_or_21857648.wav,odia
/content/work/processed_wav/odia/common_voice_or_22157165.wav,odia
/content/work/processed_wav/odia/common_voice_or_21845693.wav,odia
/content/work/processed_wav/odia/common_voice_or_21832727.wav,odia
/content/work/processed_wav/odia/common_voice_or_21821687.wav,odia
/content/work/processed_wav/odia/common_voice_or_21821603.wav,odia
/content/work/processed_wav/odia/common_voice_or_22186823.wav,odia
/content/work/processed_wav/odia/common_voice_or_21832763.wav,odia
/content/work/processed_wav/odia/common_voice_or_21832160.wav,odia
/content/work/processed_wav/odia/common_voice_or_22239381.wav,odia
/content/work/processed_wav/odia/common_voice_or_21834308.wav,odia
/content/work/processed_wav/odia/common_voice_or_21857556.wav,odia
/content/work/processed_wav/odia/common_voice_or_22259247.wav,odia
/content/work/processed_wav/odia/common_voice_or_21884417.wav,odia
/content/work/processed_wav/odia/common_voice_or_21861973.wav,odia
/content/work/processed_wav/odia/common_voice_or_22239184.wav,odia
/content/work/processed_wav/odia/common_voice_or_21823901.wav,odia
/content/work/processed_wav/odia/common_voice_or_21834349.wav,odia
/content/work/processed_wav/odia/common_voice_or_21843881.wav,odia
/content/work/processed_wav/odia/common_voice_or_21844174.wav,odia
/content/work/processed_wav/odia/common_voice_or_21834351.wav,odia
/content/work/processed_wav/odia/common_voice_or_22239397.wav,odia
/content/work/processed_wav/odia/common_voice_or_21884261.wav,odia
/content/work/processed_wav/odia/common_voice_or_21843980.wav,odia
/content/work/processed_wav/odia/common_voice_or_21843536.wav,odia
/content/work/processed_wav/odia/common_voice_or_22220750.wav,odia
/content/work/processed_wav/odia/common_voice_or_22156921.wav,odia
/content/work/processed_wav/odia/common_voice_or_22186884.wav,odia
/content/work/processed_wav/odia/common_voice_or_22186943.wav,odia
/content/work/processed_wav/odia/common_voice_or_21832105.wav,odia
/content/work/processed_wav/odia/common_voice_or_21857574.wav,odia
/content/work/processed_wav/odia/common_voice_or_22157163.wav,odia
/content/work/processed_wav/odia/common_voice_or_21839554.wav,odia
/content/work/processed_wav/odia/common_voice_or_21834330.wav,odia
/content/work/processed_wav/odia/common_voice_or_21833716.wav,odia
/content/work/processed_wav/odia/common_voice_or_21862904.wav,odia
/content/work/processed_wav/odia/common_voice_or_22239143.wav,odia
/content/work/processed_wav/odia/common_voice_or_21844149.wav,odia
/content/work/processed_wav/odia/common_voice_or_21884645.wav,odia
/content/work/processed_wav/odia/common_voice_or_21832126.wav,odia
/content/work/processed_wav/odia/common_voice_or_22186776.wav,odia
/content/work/processed_wav/odia/common_voice_or_21861889.wav,odia
/content/work/processed_wav/odia/common_voice_or_21833031.wav,odia
/content/work/processed_wav/odia/common_voice_or_21832255.wav,odia
/content/work/processed_wav/odia/common_voice_or_21843908.wav,odia
/content/work/processed_wav/odia/common_voice_or_21829757.wav,odia
/content/work/processed_wav/odia/common_voice_or_21862562.wav,odia
/content/work/processed_wav/odia/common_voice_or_22186881.wav,odia
/content/work/processed_wav/odia/common_voice_or_22148002.wav,odia
/content/work/processed_wav/odia/common_voice_or_22258084.wav,odia
/content/work/processed_wav/odia/common_voice_or_22243229.wav,odia
/content/work/processed_wav/odia/common_voice_or_21829761.wav,odia
/content/work/processed_wav/odia/common_voice_or_22105770.wav,odia
/content/work/processed_wav/odia/common_voice_or_21834488.wav,odia
/content/work/processed_wav/odia/common_voice_or_21843528.wav,odia
/content/work/processed_wav/odia/common_voice_or_21857594.wav,odia
/content/work/processed_wav/odia/common_voice_or_22106680.wav,odia
/content/work/processed_wav/odia/common_voice_or_21862852.wav,odia
/content/work/processed_wav/odia/common_voice_or_21820803.wav,odia
/content/work/processed_wav/odia/common_voice_or_21832226.wav,odia
/content/work/processed_wav/odia/common_voice_or_22239162.wav,odia
/content/work/processed_wav/odia/common_voice_or_21862918.wav,odia
/content/work/processed_wav/odia/common_voice_or_22239398.wav,odia
/content/work/processed_wav/odia/common_voice_or_21884392.wav,odia
/content/work/processed_wav/odia/common_voice_or_22220057.wav,odia
/content/work/processed_wav/odia/common_voice_or_22238820.wav,odia
/content/work/processed_wav/odia/common_voice_or_22220928.wav,odia
/content/work/processed_wav/odia/common_voice_or_21844227.wav,odia
/content/work/processed_wav/odia/common_voice_or_21844228.wav,odia
/content/work/processed_wav/odia/common_voice_or_22220830.wav,odia
/content/work/processed_wav/odia/common_voice_or_21821307.wav,odia
/content/work/processed_wav/odia/common_voice_or_21843543.wav,odia
/content/work/processed_wav/odia/common_voice_or_21832818.wav,odia
/content/work/processed_wav/odia/common_voice_or_21857649.wav,odia
/content/work/processed_wav/odia/common_voice_or_21886237.wav,odia
/content/work/processed_wav/odia/common_voice_or_22238719.wav,odia
/content/work/processed_wav/odia/common_voice_or_22187130.wav,odia
/content/work/processed_wav/odia/common_voice_or_21862458.wav,odia
/content/work/processed_wav/odia/common_voice_or_21833154.wav,odia
/content/work/processed_wav/odia/common_voice_or_21879871.wav,odia
/content/work/processed_wav/odia/common_voice_or_22127439.wav,odia
/content/work/processed_wav/odia/common_voice_or_21844190.wav,odia
/content/work/processed_wav/odia/common_voice_or_21884296.wav,odia
/content/work/processed_wav/odia/common_voice_or_21832106.wav,odia
/content/work/processed_wav/odia/common_voice_or_22238696.wav,odia
/content/work/processed_wav/odia/common_voice_or_21842402.wav,odia
/content/work/processed_wav/odia/common_voice_or_22250583.wav,odia
/content/work/processed_wav/odia/common_voice_or_21861952.wav,odia
/content/work/processed_wav/odia/common_voice_or_21843532.wav,odia
/content/work/processed_wav/odia/common_voice_or_22259289.wav,odia
/content/work/processed_wav/odia/common_voice_or_21879843.wav,odia
/content/work/processed_wav/odia/common_voice_or_22238721.wav,odia
/content/work/processed_wav/odia/common_voice_or_21843531.wav,odia
/content/work/processed_wav/odia/common_voice_or_21843571.wav,odia
/content/work/processed_wav/odia/common_voice_or_22250639.wav,odia
/content/work/processed_wav/odia/common_voice_or_21820829.wav,odia
/content/work/processed_wav/odia/common_voice_or_21884198.wav,odia
/content/work/processed_wav/odia/common_voice_or_21821583.wav,odia
/content/work/processed_wav/odia/common_voice_or_22127517.wav,odia
/content/work/processed_wav/odia/common_voice_or_21843569.wav,odia
/content/work/processed_wav/odia/common_voice_or_21843921.wav,odia
/content/work/processed_wav/odia/common_voice_or_21832093.wav,odia
/content/work/processed_wav/odia/common_voice_or_21861938.wav,odia
/content/work/processed_wav/odia/common_voice_or_22156922.wav,odia
/content/work/processed_wav/odia/common_voice_or_22239235.wav,odia
/content/work/processed_wav/odia/common_voice_or_21832251.wav,odia
/content/work/processed_wav/odia/common_voice_or_22238694.wav,odia
/content/work/processed_wav/odia/common_voice_or_22106684.wav,odia
/content/work/processed_wav/odia/common_voice_or_21843506.wav,odia
/content/work/processed_wav/odia/common_voice_or_21857702.wav,odia
/content/work/processed_wav/odia/common_voice_or_21844131.wav,odia
/content/work/processed_wav/odia/common_voice_or_21823935.wav,odia
/content/work/processed_wav/odia/common_voice_or_21832660.wav,odia
/content/work/processed_wav/odia/common_voice_or_21823938.wav,odia
/content/work/processed_wav/odia/common_voice_or_21833136.wav,odia
/content/work/processed_wav/odia/common_voice_or_21886234.wav,odia
/content/work/processed_wav/odia/common_voice_or_21832631.wav,odia
/content/work/processed_wav/odia/common_voice_or_21857530.wav,odia
/content/work/processed_wav/odia/common_voice_or_21862913.wav,odia
/content/work/processed_wav/odia/common_voice_or_21833688.wav,odia
/content/work/processed_wav/odia/common_voice_or_21834380.wav,odia
/content/work/processed_wav/odia/common_voice_or_21862535.wav,odia
/content/work/processed_wav/odia/common_voice_or_21862576.wav,odia
/content/work/processed_wav/odia/common_voice_or_21858260.wav,odia
/content/work/processed_wav/odia/common_voice_or_21844150.wav,odia
/content/work/processed_wav/odia/common_voice_or_21833737.wav,odia
/content/work/processed_wav/odia/common_voice_or_21843545.wav,odia
/content/work/processed_wav/odia/common_voice_or_22220494.wav,odia
/content/work/processed_wav/odia/common_voice_or_22238788.wav,odia
/content/work/processed_wav/odia/common_voice_or_21857724.wav,odia
/content/work/processed_wav/odia/common_voice_or_21834419.wav,odia
/content/work/processed_wav/odia/common_voice_or_21833029.wav,odia
/content/work/processed_wav/odia/common_voice_or_21832119.wav,odia
/content/work/processed_wav/odia/common_voice_or_21879890.wav,odia
/content/work/processed_wav/odia/common_voice_or_21857578.wav,odia
/content/work/processed_wav/odia/common_voice_or_21862526.wav,odia
/content/work/processed_wav/odia/common_voice_or_21842389.wav,odia
/content/work/processed_wav/odia/common_voice_or_21832113.wav,odia
/content/work/processed_wav/odia/common_voice_or_21832050.wav,odia
/content/work/processed_wav/odia/common_voice_or_21884820.wav,odia
/content/work/processed_wav/odia/common_voice_or_21862921.wav,odia
/content/work/processed_wav/odia/common_voice_or_21832121.wav,odia
/content/work/processed_wav/odia/common_voice_or_21862452.wav,odia
/content/work/processed_wav/odia/common_voice_or_21884689.wav,odia
/content/work/processed_wav/odia/common_voice_or_21884416.wav,odia
/content/work/processed_wav/odia/common_voice_or_21843614.wav,odia
/content/work/processed_wav/odia/common_voice_or_21832791.wav,odia
/content/work/processed_wav/odia/common_voice_or_21845752.wav,odia
/content/work/processed_wav/odia/common_voice_or_21821303.wav,odia
/content/work/processed_wav/odia/common_voice_or_21843910.wav,odia
/content/work/processed_wav/odia/common_voice_or_21884179.wav,odia
/content/work/processed_wav/odia/common_voice_or_21862482.wav,odia
/content/work/processed_wav/odia/common_voice_or_21843939.wav,odia
/content/work/processed_wav/odia/common_voice_or_21862519.wav,odia
/content/work/processed_wav/odia/common_voice_or_21821329.wav,odia
/content/work/processed_wav/odia/common_voice_or_22239187.wav,odia
/content/work/processed_wav/odia/common_voice_or_21820831.wav,odia
/content/work/processed_wav/odia/common_voice_or_21843540.wav,odia
/content/work/processed_wav/odia/common_voice_or_21832223.wav,odia
/content/work/processed_wav/odia/common_voice_or_22239307.wav,odia
/content/work/processed_wav/odia/common_voice_or_21843497.wav,odia
/content/work/processed_wav/odia/common_voice_or_22238873.wav,odia
/content/work/processed_wav/odia/common_voice_or_21884369.wav,odia
/content/work/processed_wav/odia/common_voice_or_21861881.wav,odia
/content/work/processed_wav/odia/common_voice_or_21832135.wav,odia
/content/work/processed_wav/odia/common_voice_or_21832144.wav,odia
/content/work/processed_wav/odia/common_voice_or_22238814.wav,odia
/content/work/processed_wav/odia/common_voice_or_21861939.wav,odia
/content/work/processed_wav/odia/common_voice_or_21833746.wav,odia
/content/work/processed_wav/odia/common_voice_or_22107120.wav,odia
/content/work/processed_wav/odia/common_voice_or_21857621.wav,odia
/content/work/processed_wav/odia/common_voice_or_21843617.wav,odia
/content/work/processed_wav/odia/common_voice_or_21834372.wav,odia
/content/work/processed_wav/odia/common_voice_or_21862532.wav,odia
/content/work/processed_wav/odia/common_voice_or_21843622.wav,odia
/content/work/processed_wav/odia/common_voice_or_21842385.wav,odia
/content/work/processed_wav/odia/common_voice_or_21843879.wav,odia
/content/work/processed_wav/odia/common_voice_or_21832685.wav,odia
/content/work/processed_wav/odia/common_voice_or_22156976.wav,odia
/content/work/processed_wav/odia/common_voice_or_22105731.wav,odia
/content/work/processed_wav/odia/common_voice_or_22238735.wav,odia
/content/work/processed_wav/odia/common_voice_or_22239361.wav,odia
/content/work/processed_wav/odia/common_voice_or_21862537.wav,odia
/content/work/processed_wav/odia/common_voice_or_21861835.wav,odia
/content/work/processed_wav/odia/common_voice_or_21821651.wav,odia
/content/work/processed_wav/odia/common_voice_or_21823966.wav,odia
/content/work/processed_wav/odia/common_voice_or_21833153.wav,odia
/content/work/processed_wav/odia/common_voice_or_21821987.wav,odia
/content/work/processed_wav/odia/common_voice_or_21821686.wav,odia
/content/work/processed_wav/odia/common_voice_or_21879889.wav,odia
/content/work/processed_wav/odia/common_voice_or_22220166.wav,odia
/content/work/processed_wav/odia/common_voice_or_22239383.wav,odia
/content/work/processed_wav/odia/common_voice_or_21861920.wav,odia
/content/work/processed_wav/odia/common_voice_or_22105673.wav,odia
/content/work/processed_wav/odia/common_voice_or_21832041.wav,odia
/content/work/processed_wav/odia/common_voice_or_22238692.wav,odia
/content/work/processed_wav/odia/common_voice_or_21844218.wav,odia
/content/work/processed_wav/odia/common_voice_or_21834409.wav,odia
/content/work/processed_wav/odia/common_voice_or_22239335.wav,odia
/content/work/processed_wav/odia/common_voice_or_21832820.wav,odia
/content/work/processed_wav/odia/common_voice_or_21832063.wav,odia
/content/work/processed_wav/odia/common_voice_or_22238866.wav,odia
/content/work/processed_wav/odia/common_voice_or_22238847.wav,odia
/content/work/processed_wav/odia/common_voice_or_21862924.wav,odia
/content/work/processed_wav/odia/common_voice_or_21834309.wav,odia
/content/work/processed_wav/odia/common_voice_or_21862575.wav,odia
/content/work/processed_wav/odia/common_voice_or_21843884.wav,odia
/content/work/processed_wav/odia/common_voice_or_21832122.wav,odia
/content/work/processed_wav/odia/common_voice_or_22239394.wav,odia
/content/work/processed_wav/odia/common_voice_or_22106969.wav,odia
/content/work/processed_wav/odia/common_voice_or_21843500.wav,odia
/content/work/processed_wav/odia/common_voice_or_21845749.wav,odia
/content/work/processed_wav/odia/common_voice_or_21857723.wav,odia
/content/work/processed_wav/odia/common_voice_or_22251102.wav,odia
/content/work/processed_wav/odia/common_voice_or_21832669.wav,odia
/content/work/processed_wav/odia/common_voice_or_21832104.wav,odia
/content/work/processed_wav/odia/common_voice_or_22239279.wav,odia
/content/work/processed_wav/odia/common_voice_or_22250641.wav,odia
/content/work/processed_wav/odia/common_voice_or_21857722.wav,odia
/content/work/processed_wav/odia/common_voice_or_21862573.wav,odia
/content/work/processed_wav/odia/common_voice_or_22238764.wav,odia
/content/work/processed_wav/odia/common_voice_or_21845697.wav,odia
/content/work/processed_wav/odia/common_voice_or_21884339.wav,odia
/content/work/processed_wav/odia/common_voice_or_22108020.wav,odia
/content/work/processed_wav/odia/common_voice_or_22157114.wav,odia
/content/work/processed_wav/odia/common_voice_or_22220007.wav,odia
/content/work/processed_wav/odia/common_voice_or_21845726.wav,odia
/content/work/processed_wav/odia/common_voice_or_22219917.wav,odia
/content/work/processed_wav/odia/common_voice_or_21844211.wav,odia
/content/work/processed_wav/odia/common_voice_or_22239415.wav,odia
/content/work/processed_wav/odia/common_voice_or_22105732.wav,odia
/content/work/processed_wav/odia/common_voice_or_22243285.wav,odia
/content/work/processed_wav/odia/common_voice_or_21843277.wav,odia
/content/work/processed_wav/odia/common_voice_or_21879845.wav,odia
/content/work/processed_wav/odia/common_voice_or_21834327.wav,odia
/content/work/processed_wav/odia/common_voice_or_21834391.wav,odia
/content/work/processed_wav/odia/common_voice_or_21862853.wav,odia
/content/work/processed_wav/odia/common_voice_or_21832038.wav,odia
/content/work/processed_wav/odia/common_voice_or_21844167.wav,odia
/content/work/processed_wav/odia/common_voice_or_21843598.wav,odia
/content/work/processed_wav/odia/common_voice_or_21862511.wav,odia
/content/work/processed_wav/odia/common_voice_or_22263592.wav,odia
/content/work/processed_wav/odia/common_voice_or_21858263.wav,odia
/content/work/processed_wav/odia/common_voice_or_22187011.wav,odia
/content/work/processed_wav/odia/common_voice_or_21857720.wav,odia
/content/work/processed_wav/odia/common_voice_or_22239344.wav,odia
/content/work/processed_wav/odia/common_voice_or_22238815.wav,odia
/content/work/processed_wav/odia/common_voice_or_21843925.wav,odia
/content/work/processed_wav/odia/common_voice_or_22107201.wav,odia
/content/work/processed_wav/odia/common_voice_or_21821311.wav,odia
/content/work/processed_wav/odia/common_voice_or_21845791.wav,odia
/content/work/processed_wav/odia/common_voice_or_21833364.wav,odia
/content/work/processed_wav/odia/common_voice_or_21861954.wav,odia
/content/work/processed_wav/odia/common_voice_or_21843498.wav,odia
/content/work/processed_wav/odia/common_voice_or_21861929.wav,odia
/content/work/processed_wav/odia/common_voice_or_22250549.wav,odia
/content/work/processed_wav/odia/common_voice_or_21844230.wav,odia
/content/work/processed_wav/odia/common_voice_or_21843530.wav,odia
/content/work/processed_wav/odia/common_voice_or_21832243.wav,odia
/content/work/processed_wav/odia/common_voice_or_21832123.wav,odia
/content/work/processed_wav/odia/common_voice_or_21884785.wav,odia
/content/work/processed_wav/odia/common_voice_or_21857576.wav,odia
/content/work/processed_wav/odia/common_voice_or_21845776.wav,odia
/content/work/processed_wav/odia/common_voice_or_22105769.wav,odia
/content/work/processed_wav/odia/common_voice_or_22219945.wav,odia
/content/work/processed_wav/odia/common_voice_or_21845710.wav,odia
/content/work/processed_wav/odia/common_voice_or_22250582.wav,odia
/content/work/processed_wav/odia/common_voice_or_22127436.wav,odia
/content/work/processed_wav/odia/common_voice_or_21861907.wav,odia
/content/work/processed_wav/odia/common_voice_or_21861960.wav,odia
/content/work/processed_wav/odia/common_voice_or_21884849.wav,odia
/content/work/processed_wav/odia/common_voice_or_21832059.wav,odia
/content/work/processed_wav/odia/common_voice_or_21832741.wav,odia
/content/work/processed_wav/odia/common_voice_or_21884850.wav,odia
/content/work/processed_wav/odia/common_voice_or_21834369.wav,odia
/content/work/processed_wav/odia/common_voice_or_21834382.wav,odia
/content/work/processed_wav/odia/common_voice_or_22220121.wav,odia
/content/work/processed_wav/odia/common_voice_or_21861950.wav,odia
/content/work/processed_wav/odia/common_voice_or_21861902.wav,odia
/content/work/processed_wav/odia/common_voice_or_22186913.wav,odia
/content/work/processed_wav/odia/common_voice_or_22127434.wav,odia
/content/work/processed_wav/odia/common_voice_or_22238862.wav,odia
/content/work/processed_wav/odia/common_voice_or_21832042.wav,odia
/content/work/processed_wav/odia/common_voice_or_21862887.wav,odia
/content/work/processed_wav/odia/common_voice_or_22239234.wav,odia
/content/work/processed_wav/odia/common_voice_or_22157035.wav,odia
/content/work/processed_wav/odia/common_voice_or_21884754.wav,odia
/content/work/processed_wav/odia/common_voice_or_21820827.wav,odia
/content/work/processed_wav/odia/common_voice_or_21884197.wav,odia
/content/work/processed_wav/odia/common_voice_or_21834486.wav,odia
/content/work/processed_wav/odia/common_voice_or_21832856.wav,odia
/content/work/processed_wav/odia/common_voice_or_21820805.wav,odia
/content/work/processed_wav/odia/common_voice_or_21832110.wav,odia
/content/work/processed_wav/odia/common_voice_or_22238874.wav,odia
/content/work/processed_wav/odia/common_voice_or_22243259.wav,odia
/content/work/processed_wav/odia/common_voice_or_21862592.wav,odia
/content/work/processed_wav/odia/common_voice_or_21832109.wav,odia
/content/work/processed_wav/odia/common_voice_or_21844005.wav,odia
/content/work/processed_wav/odia/common_voice_or_21834359.wav,odia
/content/work/processed_wav/odia/common_voice_or_21861963.wav,odia
/content/work/processed_wav/odia/common_voice_or_22186940.wav,odia
/content/work/processed_wav/odia/common_voice_or_22107111.wav,odia
/content/work/processed_wav/odia/common_voice_or_21832052.wav,odia
/content/work/processed_wav/odia/common_voice_or_22239320.wav,odia
/content/work/processed_wav/odia/common_voice_or_21832835.wav,odia
/content/work/processed_wav/odia/common_voice_or_22106682.wav,odia
/content/work/processed_wav/odia/common_voice_or_22105843.wav,odia
/content/work/processed_wav/odia/common_voice_or_21834361.wav,odia
/content/work/processed_wav/odia/common_voice_or_21843520.wav,odia
/content/work/processed_wav/odia/common_voice_or_22219853.wav,odia
/content/work/processed_wav/odia/common_voice_or_22108021.wav,odia
/content/work/processed_wav/odia/common_voice_or_22108028.wav,odia
/content/work/processed_wav/odia/common_voice_or_22250640.wav,odia
/content/work/processed_wav/odia/common_voice_or_22105678.wav,odia
/content/work/processed_wav/odia/common_voice_or_21833091.wav,odia
/content/work/processed_wav/odia/common_voice_or_21861962.wav,odia
/content/work/processed_wav/odia/common_voice_or_21834332.wav,odia
/content/work/processed_wav/odia/common_voice_or_21845709.wav,odia
/content/work/processed_wav/odia/common_voice_or_22219871.wav,odia
/content/work/processed_wav/odia/common_voice_or_21861964.wav,odia
/content/work/processed_wav/odia/common_voice_or_21884370.wav,odia
/content/work/processed_wav/odia/common_voice_or_21845803.wav,odia
/content/work/processed_wav/odia/common_voice_or_21843952.wav,odia
/content/work/processed_wav/odia/common_voice_or_21884324.wav,odia
/content/work/processed_wav/odia/common_voice_or_22220892.wav,odia
/content/work/processed_wav/odia/common_voice_or_21862866.wav,odia
/content/work/processed_wav/odia/common_voice_or_22239321.wav,odia
/content/work/processed_wav/odia/common_voice_or_21862574.wav,odia
/content/work/processed_wav/odia/common_voice_or_22127508.wav,odia
/content/work/processed_wav/odia/common_voice_or_21821599.wav,odia
/content/work/processed_wav/odia/common_voice_or_22107204.wav,odia
/content/work/processed_wav/odia/common_voice_or_21862450.wav,odia
/content/work/processed_wav/odia/common_voice_or_21857721.wav,odia
/content/work/processed_wav/odia/common_voice_or_21821321.wav,odia
/content/work/processed_wav/odia/common_voice_or_21832862.wav,odia
/content/work/processed_wav/odia/common_voice_or_21884783.wav,odia
/content/work/processed_wav/odia/common_voice_or_21861880.wav,odia
/content/work/processed_wav/odia/common_voice_or_21862530.wav,odia
/content/work/processed_wav/odia/common_voice_or_22105771.wav,odia
/content/work/processed_wav/odia/common_voice_or_21833087.wav,odia
/content/work/processed_wav/odia/common_voice_or_21839555.wav,odia
/content/work/processed_wav/odia/common_voice_or_21832858.wav,odia
/content/work/processed_wav/odia/common_voice_or_21843982.wav,odia
/content/work/processed_wav/odia/common_voice_or_21832672.wav,odia
/content/work/processed_wav/odia/common_voice_or_21879867.wav,odia
/content/work/processed_wav/odia/common_voice_or_21857596.wav,odia
/content/work/processed_wav/odia/common_voice_or_21833715.wav,odia
/content/work/processed_wav/odia/common_voice_or_22220755.wav,odia
/content/work/processed_wav/odia/common_voice_or_22243276.wav,odia
/content/work/processed_wav/odia/common_voice_or_21861879.wav,odia
/content/work/processed_wav/odia/common_voice_or_21884322.wav,odia
/content/work/processed_wav/odia/common_voice_or_21843946.wav,odia
/content/work/processed_wav/odia/common_voice_or_22157345.wav,odia
/content/work/processed_wav/odia/common_voice_or_21843515.wav,odia
/content/work/processed_wav/odia/common_voice_or_22219943.wav,odia
/content/work/processed_wav/odia/common_voice_or_21843882.wav,odia
/content/work/processed_wav/odia/common_voice_or_22157121.wav,odia
/content/work/processed_wav/odia/common_voice_or_21862534.wav,odia
/content/work/processed_wav/odia/common_voice_or_21823934.wav,odia
/content/work/processed_wav/odia/common_voice_or_21833714.wav,odia
/content/work/processed_wav/odia/common_voice_or_21833345.wav,odia
/content/work/processed_wav/odia/common_voice_or_21823970.wav,odia
/content/work/processed_wav/odia/common_voice_or_22105729.wav,odia
/content/work/processed_wav/odia/common_voice_or_21843546.wav,odia
/content/work/processed_wav/odia/common_voice_or_21845767.wav,odia
/content/work/processed_wav/odia/common_voice_or_21832634.wav,odia
/content/work/processed_wav/odia/common_voice_or_22156929.wav,odia
/content/work/processed_wav/konkani/konkani_033.wav,konkani
/content/work/processed_wav/konkani/konkani_043.wav,konkani
/content/work/processed_wav/konkani/konkani_010.wav,konkani
/content/work/processed_wav/konkani/konkani_023.wav,konkani
/content/work/processed_wav/konkani/konkani_003.wav,konkani
/content/work/processed_wav/konkani/konkani_036.wav,konkani
/content/work/processed_wav/konkani/konkani_029.wav,konkani
/content/work/processed_wav/konkani/konkani_046.wav,konkani
/content/work/processed_wav/konkani/konkani_016.wav,konkani
/content/work/processed_wav/konkani/konkani_007.wav,konkani
/content/work/processed_wav/konkani/konkani_024.wav,konkani
/content/work/processed_wav/konkani/konkani_027.wav,konkani
/content/work/processed_wav/konkani/konkani_012.wav,konkani
/content/work/processed_wav/konkani/konkani_042.wav,konkani
/content/work/processed_wav/konkani/konkani_002.wav,konkani
/content/work/processed_wav/konkani/konkani_006.wav,konkani
/content/work/processed_wav/konkani/konkani_053.wav,konkani
/content/work/processed_wav/konkani/konkani_052.wav,konkani
/content/work/processed_wav/konkani/konkani_015.wav,konkani
/content/work/processed_wav/konkani/konkani_050.wav,konkani
/content/work/processed_wav/konkani/konkani_022.wav,konkani
/content/work/processed_wav/konkani/konkani_047.wav,konkani
/content/work/processed_wav/konkani/konkani_054.wav,konkani
/content/work/processed_wav/konkani/konkani_057.wav,konkani
/content/work/processed_wav/konkani/konkani_014.wav,konkani
/content/work/processed_wav/konkani/konkani_041.wav,konkani
/content/work/processed_wav/konkani/konkani_020.wav,konkani
/content/work/processed_wav/konkani/konkani_004.wav,konkani
/content/work/processed_wav/konkani/konkani_034.wav,konkani
/content/work/processed_wav/konkani/konkani_031.wav,konkani
/content/work/processed_wav/konkani/konkani_056.wav,konkani
/content/work/processed_wav/konkani/konkani_037.wav,konkani
/content/work/processed_wav/konkani/konkani_019.wav,konkani
/content/work/processed_wav/konkani/konkani_039.wav,konkani
/content/work/processed_wav/konkani/konkani_045.wav,konkani
/content/work/processed_wav/konkani/konkani_032.wav,konkani
/content/work/processed_wav/konkani/konkani_038.wav,konkani
/content/work/processed_wav/konkani/konkani_028.wav,konkani
/content/work/processed_wav/konkani/konkani_040.wav,konkani
/content/work/processed_wav/konkani/konkani_051.wav,konkani
/content/work/processed_wav/konkani/konkani_009.wav,konkani
/content/work/processed_wav/konkani/konkani_011.wav,konkani
/content/work/processed_wav/konkani/konkani_049.wav,konkani
/content/work/processed_wav/konkani/konkani_044.wav,konkani
/content/work/processed_wav/konkani/konkani_021.wav,konkani
/content/work/processed_wav/konkani/konkani_025.wav,konkani
/content/work/processed_wav/konkani/konkani_058.wav,konkani
/content/work/processed_wav/konkani/konkani_055.wav,konkani
/content/work/processed_wav/konkani/konkani_013.wav,konkani
/content/work/processed_wav/konkani/konkani_017.wav,konkani
/content/work/processed_wav/konkani/konkani_030.wav,konkani
/content/work/processed_wav/konkani/konkani_005.wav,konkani
/content/work/processed_wav/konkani/konkani_026.wav,konkani
/content/work/processed_wav/konkani/konkani_048.wav,konkani
/content/work/processed_wav/konkani/konkani_035.wav,konkani
/content/work/processed_wav/konkani/konkani_001.wav,konkani
/content/work/processed_wav/konkani/konkani_018.wav,konkani
/content/work/processed_wav/konkani/konkani_008.wav,konkani
/content/work/processed_wav/konkani/konkani_100.wav,konkani
/content/work/processed_wav/konkani/konkani_062.wav,konkani
/content/work/processed_wav/konkani/konkani_063.wav,konkani
/content/work/processed_wav/konkani/konkani_076.wav,konkani
/content/work/processed_wav/konkani/konkani_061.wav,konkani
/content/work/processed_wav/konkani/konkani_089.wav,konkani
/content/work/processed_wav/konkani/konkani_069.wav,konkani
/content/work/processed_wav/konkani/konkani_072.wav,konkani
/content/work/processed_wav/konkani/konkani_085.wav,konkani
/content/work/processed_wav/konkani/konkani_103.wav,konkani
/content/work/processed_wav/konkani/konkani_077.wav,konkani
/content/work/processed_wav/konkani/konkani_093.wav,konkani
/content/work/processed_wav/konkani/konkani_060.wav,konkani
/content/work/processed_wav/konkani/konkani_068.wav,konkani
/content/work/processed_wav/konkani/konkani_079.wav,konkani
/content/work/processed_wav/konkani/konkani_102.wav,konkani
/content/work/processed_wav/konkani/konkani_094.wav,konkani
/content/work/processed_wav/konkani/konkani_096.wav,konkani
/content/work/processed_wav/konkani/konkani_059.wav,konkani
/content/work/processed_wav/konkani/konkani_067.wav,konkani
/content/work/processed_wav/konkani/konkani_081.wav,konkani
/content/work/processed_wav/konkani/konkani_092.wav,konkani
/content/work/processed_wav/konkani/konkani_070.wav,konkani
/content/work/processed_wav/konkani/konkani_082.wav,konkani
/content/work/processed_wav/konkani/konkani_065.wav,konkani
/content/work/processed_wav/konkani/konkani_098.wav,konkani
/content/work/processed_wav/konkani/konkani_083.wav,konkani
/content/work/processed_wav/konkani/konkani_071.wav,konkani
/content/work/processed_wav/konkani/konkani_106.wav,konkani
/content/work/processed_wav/konkani/konkani_099.wav,konkani
/content/work/processed_wav/konkani/konkani_097.wav,konkani
/content/work/processed_wav/konkani/konkani_073.wav,konkani
/content/work/processed_wav/konkani/konkani_084.wav,konkani
/content/work/processed_wav/konkani/konkani_091.wav,konkani
/content/work/processed_wav/konkani/konkani_108.wav,konkani
/content/work/processed_wav/konkani/konkani_090.wav,konkani
/content/work/processed_wav/konkani/konkani_101.wav,konkani
/content/work/processed_wav/konkani/konkani_088.wav,konkani
/content/work/processed_wav/konkani/konkani_064.wav,konkani
/content/work/processed_wav/konkani/konkani_087.wav,konkani
/content/work/processed_wav/konkani/konkani_104.wav,konkani
/content/work/processed_wav/konkani/konkani_075.wav,konkani
/content/work/processed_wav/konkani/konkani_078.wav,konkani
/content/work/processed_wav/konkani/konkani_080.wav,konkani
/content/work/processed_wav/konkani/konkani_095.wav,konkani
/content/work/processed_wav/konkani/konkani_107.wav,konkani
/content/work/processed_wav/konkani/konkani_105.wav,konkani
/content/work/processed_wav/konkani/konkani_066.wav,konkani
/content/work/processed_wav/konkani/konkani_086.wav,konkani
/content/work/processed_wav/konkani/konkani_109.wav,konkani
/content/work/processed_wav/konkani/konkani_074.wav,konkani
/content/work/processed_wav/konkani/konkani_147.wav,konkani
/content/work/processed_wav/konkani/konkani_112.wav,konkani
/content/work/processed_wav/konkani/konkani_137.wav,konkani
/content/work/processed_wav/konkani/konkani_135.wav,konkani
/content/work/processed_wav/konkani/konkani_156.wav,konkani
/content/work/processed_wav/konkani/konkani_153.wav,konkani
/content/work/processed_wav/konkani/konkani_114.wav,konkani
/content/work/processed_wav/konkani/konkani_120.wav,konkani
/content/work/processed_wav/konkani/konkani_143.wav,konkani
/content/work/processed_wav/konkani/konkani_124.wav,konkani
/content/work/processed_wav/konkani/konkani_132.wav,konkani
/content/work/processed_wav/konkani/konkani_158.wav,konkani
/content/work/processed_wav/konkani/konkani_139.wav,konkani
/content/work/processed_wav/konkani/konkani_152.wav,konkani
/content/work/processed_wav/konkani/konkani_121.wav,konkani
/content/work/processed_wav/konkani/konkani_133.wav,konkani
/content/work/processed_wav/konkani/konkani_118.wav,konkani
/content/work/processed_wav/konkani/konkani_142.wav,konkani
/content/work/processed_wav/konkani/konkani_160.wav,konkani
/content/work/processed_wav/konkani/konkani_110.wav,konkani
/content/work/processed_wav/konkani/konkani_148.wav,konkani
/content/work/processed_wav/konkani/konkani_140.wav,konkani
/content/work/processed_wav/konkani/konkani_134.wav,konkani
/content/work/processed_wav/konkani/konkani_111.wav,konkani
/content/work/processed_wav/konkani/konkani_117.wav,konkani
/content/work/processed_wav/konkani/konkani_116.wav,konkani
/content/work/processed_wav/konkani/konkani_144.wav,konkani
/content/work/processed_wav/konkani/konkani_122.wav,konkani
/content/work/processed_wav/konkani/konkani_129.wav,konkani
/content/work/processed_wav/konkani/konkani_115.wav,konkani
/content/work/processed_wav/konkani/konkani_123.wav,konkani
/content/work/processed_wav/konkani/konkani_150.wav,konkani
/content/work/processed_wav/konkani/konkani_157.wav,konkani
/content/work/processed_wav/konkani/konkani_113.wav,konkani
/content/work/processed_wav/konkani/konkani_131.wav,konkani
/content/work/processed_wav/konkani/konkani_141.wav,konkani
/content/work/processed_wav/konkani/konkani_159.wav,konkani
/content/work/processed_wav/konkani/konkani_136.wav,konkani
/content/work/processed_wav/konkani/konkani_125.wav,konkani
/content/work/processed_wav/konkani/konkani_146.wav,konkani
/content/work/processed_wav/konkani/konkani_127.wav,konkani
/content/work/processed_wav/konkani/konkani_130.wav,konkani
/content/work/processed_wav/konkani/konkani_145.wav,konkani
/content/work/processed_wav/konkani/konkani_149.wav,konkani
/content/work/processed_wav/konkani/konkani_155.wav,konkani
/content/work/processed_wav/konkani/konkani_151.wav,konkani
/content/work/processed_wav/konkani/konkani_126.wav,konkani
/content/work/processed_wav/konkani/konkani_154.wav,konkani
/content/work/processed_wav/konkani/konkani_128.wav,konkani
/content/work/processed_wav/konkani/konkani_119.wav,konkani
/content/work/processed_wav/konkani/konkani_138.wav,konkani
/content/work/processed_wav/konkani/konkani_194.wav,konkani
/content/work/processed_wav/konkani/konkani_201.wav,konkani
/content/work/processed_wav/konkani/konkani_168.wav,konkani
/content/work/processed_wav/konkani/konkani_196.wav,konkani
/content/work/processed_wav/konkani/konkani_205.wav,konkani
/content/work/processed_wav/konkani/konkani_198.wav,konkani
/content/work/processed_wav/konkani/konkani_172.wav,konkani
/content/work/processed_wav/konkani/konkani_182.wav,konkani
/content/work/processed_wav/konkani/konkani_200.wav,konkani
/content/work/processed_wav/konkani/konkani_174.wav,konkani
/content/work/processed_wav/konkani/konkani_170.wav,konkani
/content/work/processed_wav/konkani/konkani_195.wav,konkani
/content/work/processed_wav/konkani/konkani_185.wav,konkani
/content/work/processed_wav/konkani/konkani_189.wav,konkani
/content/work/processed_wav/konkani/konkani_175.wav,konkani
/content/work/processed_wav/konkani/konkani_178.wav,konkani
/content/work/processed_wav/konkani/konkani_177.wav,konkani
/content/work/processed_wav/konkani/konkani_210.wav,konkani
/content/work/processed_wav/konkani/konkani_199.wav,konkani
/content/work/processed_wav/konkani/konkani_211.wav,konkani
/content/work/processed_wav/konkani/konkani_190.wav,konkani
/content/work/processed_wav/konkani/konkani_180.wav,konkani
/content/work/processed_wav/konkani/konkani_166.wav,konkani
/content/work/processed_wav/konkani/konkani_179.wav,konkani
/content/work/processed_wav/konkani/konkani_207.wav,konkani
/content/work/processed_wav/konkani/konkani_203.wav,konkani
/content/work/processed_wav/konkani/konkani_176.wav,konkani
/content/work/processed_wav/konkani/konkani_188.wav,konkani
/content/work/processed_wav/konkani/konkani_208.wav,konkani
/content/work/processed_wav/konkani/konkani_161.wav,konkani
/content/work/processed_wav/konkani/konkani_197.wav,konkani
/content/work/processed_wav/konkani/konkani_192.wav,konkani
/content/work/processed_wav/konkani/konkani_186.wav,konkani
/content/work/processed_wav/konkani/konkani_206.wav,konkani
/content/work/processed_wav/konkani/konkani_169.wav,konkani
/content/work/processed_wav/konkani/konkani_171.wav,konkani
/content/work/processed_wav/konkani/konkani_202.wav,konkani
/content/work/processed_wav/konkani/konkani_209.wav,konkani
/content/work/processed_wav/konkani/konkani_187.wav,konkani
/content/work/processed_wav/konkani/konkani_162.wav,konkani
/content/work/processed_wav/konkani/konkani_191.wav,konkani
/content/work/processed_wav/konkani/konkani_164.wav,konkani
/content/work/processed_wav/konkani/konkani_167.wav,konkani
/content/work/processed_wav/konkani/konkani_165.wav,konkani
/content/work/processed_wav/konkani/konkani_173.wav,konkani
/content/work/processed_wav/konkani/konkani_184.wav,konkani
/content/work/processed_wav/konkani/konkani_181.wav,konkani
/content/work/processed_wav/konkani/konkani_163.wav,konkani
/content/work/processed_wav/konkani/konkani_204.wav,konkani
/content/work/processed_wav/konkani/konkani_183.wav,konkani
/content/work/processed_wav/konkani/konkani_193.wav,konkani
/content/work/processed_wav/konkani/konkani_245.wav,konkani
/content/work/processed_wav/konkani/konkani_254.wav,konkani
/content/work/processed_wav/konkani/konkani_257.wav,konkani
/content/work/processed_wav/konkani/konkani_252.wav,konkani
/content/work/processed_wav/konkani/konkani_260.wav,konkani
/content/work/processed_wav/konkani/konkani_248.wav,konkani
/content/work/processed_wav/konkani/konkani_224.wav,konkani
/content/work/processed_wav/konkani/konkani_231.wav,konkani
/content/work/processed_wav/konkani/konkani_227.wav,konkani
/content/work/processed_wav/konkani/konkani_234.wav,konkani
/content/work/processed_wav/konkani/konkani_259.wav,konkani
/content/work/processed_wav/konkani/konkani_238.wav,konkani
/content/work/processed_wav/konkani/konkani_223.wav,konkani
/content/work/processed_wav/konkani/konkani_236.wav,konkani
/content/work/processed_wav/konkani/konkani_250.wav,konkani
/content/work/processed_wav/konkani/konkani_214.wav,konkani
/content/work/processed_wav/konkani/konkani_230.wav,konkani
/content/work/processed_wav/konkani/konkani_242.wav,konkani
/content/work/processed_wav/konkani/konkani_216.wav,konkani
/content/work/processed_wav/konkani/konkani_235.wav,konkani
/content/work/processed_wav/konkani/konkani_253.wav,konkani
/content/work/processed_wav/konkani/konkani_218.wav,konkani
/content/work/processed_wav/konkani/konkani_212.wav,konkani
/content/work/processed_wav/konkani/konkani_221.wav,konkani
/content/work/processed_wav/konkani/konkani_247.wav,konkani
/content/work/processed_wav/konkani/konkani_261.wav,konkani
/content/work/processed_wav/konkani/konkani_226.wav,konkani
/content/work/processed_wav/konkani/konkani_215.wav,konkani
/content/work/processed_wav/konkani/konkani_256.wav,konkani
/content/work/processed_wav/konkani/konkani_249.wav,konkani
/content/work/processed_wav/konkani/konkani_255.wav,konkani
/content/work/processed_wav/konkani/konkani_246.wav,konkani
/content/work/processed_wav/konkani/konkani_251.wav,konkani
/content/work/processed_wav/konkani/konkani_232.wav,konkani
/content/work/processed_wav/konkani/konkani_243.wav,konkani
/content/work/processed_wav/konkani/konkani_219.wav,konkani
/content/work/processed_wav/konkani/konkani_220.wav,konkani
/content/work/processed_wav/konkani/konkani_233.wav,konkani
/content/work/processed_wav/konkani/konkani_222.wav,konkani
/content/work/processed_wav/konkani/konkani_237.wav,konkani
/content/work/processed_wav/konkani/konkani_244.wav,konkani
/content/work/processed_wav/konkani/konkani_213.wav,konkani
/content/work/processed_wav/konkani/konkani_239.wav,konkani
/content/work/processed_wav/konkani/konkani_217.wav,konkani
/content/work/processed_wav/konkani/konkani_262.wav,konkani
/content/work/processed_wav/konkani/konkani_229.wav,konkani
/content/work/processed_wav/konkani/konkani_225.wav,konkani
/content/work/processed_wav/konkani/konkani_258.wav,konkani
/content/work/processed_wav/konkani/konkani_241.wav,konkani
/content/work/processed_wav/konkani/konkani_240.wav,konkani
/content/work/processed_wav/konkani/konkani_228.wav,konkani
/content/work/processed_wav/konkani/konkani_292.wav,konkani
/content/work/processed_wav/konkani/konkani_308.wav,konkani
/content/work/processed_wav/konkani/konkani_311.wav,konkani
/content/work/processed_wav/konkani/konkani_273.wav,konkani
/content/work/processed_wav/konkani/konkani_281.wav,konkani
/content/work/processed_wav/konkani/konkani_291.wav,konkani
/content/work/processed_wav/konkani/konkani_284.wav,konkani
/content/work/processed_wav/konkani/konkani_266.wav,konkani
/content/work/processed_wav/konkani/konkani_294.wav,konkani
/content/work/processed_wav/konkani/konkani_303.wav,konkani
/content/work/processed_wav/konkani/konkani_307.wav,konkani
/content/work/processed_wav/konkani/konkani_271.wav,konkani
/content/work/processed_wav/konkani/konkani_282.wav,konkani
/content/work/processed_wav/konkani/konkani_299.wav,konkani
/content/work/processed_wav/konkani/konkani_309.wav,konkani
/content/work/processed_wav/konkani/konkani_269.wav,konkani
/content/work/processed_wav/konkani/konkani_302.wav,konkani
/content/work/processed_wav/konkani/konkani_279.wav,konkani
/content/work/processed_wav/konkani/konkani_263.wav,konkani
/content/work/processed_wav/konkani/konkani_306.wav,konkani
/content/work/processed_wav/konkani/konkani_293.wav,konkani
/content/work/processed_wav/konkani/konkani_265.wav,konkani
/content/work/processed_wav/konkani/konkani_287.wav,konkani
/content/work/processed_wav/konkani/konkani_296.wav,konkani
/content/work/processed_wav/konkani/konkani_286.wav,konkani
/content/work/processed_wav/konkani/konkani_285.wav,konkani
/content/work/processed_wav/konkani/konkani_272.wav,konkani
/content/work/processed_wav/konkani/konkani_283.wav,konkani
/content/work/processed_wav/konkani/konkani_305.wav,konkani
/content/work/processed_wav/konkani/konkani_288.wav,konkani
/content/work/processed_wav/konkani/konkani_270.wav,konkani
/content/work/processed_wav/konkani/konkani_264.wav,konkani
/content/work/processed_wav/konkani/konkani_295.wav,konkani
/content/work/processed_wav/konkani/konkani_289.wav,konkani
/content/work/processed_wav/konkani/konkani_277.wav,konkani
/content/work/processed_wav/konkani/konkani_304.wav,konkani
/content/work/processed_wav/konkani/konkani_275.wav,konkani
/content/work/processed_wav/konkani/konkani_276.wav,konkani
/content/work/processed_wav/konkani/konkani_301.wav,konkani
/content/work/processed_wav/konkani/konkani_297.wav,konkani
/content/work/processed_wav/konkani/konkani_274.wav,konkani
/content/work/processed_wav/konkani/konkani_290.wav,konkani
/content/work/processed_wav/konkani/konkani_268.wav,konkani
/content/work/processed_wav/konkani/konkani_298.wav,konkani
/content/work/processed_wav/konkani/konkani_300.wav,konkani
/content/work/processed_wav/konkani/konkani_310.wav,konkani
/content/work/processed_wav/konkani/konkani_278.wav,konkani
/content/work/processed_wav/konkani/konkani_267.wav,konkani
/content/work/processed_wav/konkani/konkani_280.wav,konkani
/content/work/processed_wav/konkani/konkani_353.wav,konkani
/content/work/processed_wav/konkani/konkani_324.wav,konkani
/content/work/processed_wav/konkani/konkani_318.wav,konkani
/content/work/processed_wav/konkani/konkani_348.wav,konkani
/content/work/processed_wav/konkani/konkani_330.wav,konkani
/content/work/processed_wav/konkani/konkani_332.wav,konkani
/content/work/processed_wav/konkani/konkani_349.wav,konkani
/content/work/processed_wav/konkani/konkani_336.wav,konkani
/content/work/processed_wav/konkani/konkani_327.wav,konkani
/content/work/processed_wav/konkani/konkani_352.wav,konkani
/content/work/processed_wav/konkani/konkani_340.wav,konkani
/content/work/processed_wav/konkani/konkani_351.wav,konkani
/content/work/processed_wav/konkani/konkani_339.wav,konkani
/content/work/processed_wav/konkani/konkani_355.wav,konkani
/content/work/processed_wav/konkani/konkani_338.wav,konkani
/content/work/processed_wav/konkani/konkani_342.wav,konkani
/content/work/processed_wav/konkani/konkani_361.wav,konkani
/content/work/processed_wav/konkani/konkani_312.wav,konkani
/content/work/processed_wav/konkani/konkani_356.wav,konkani
/content/work/processed_wav/konkani/konkani_329.wav,konkani
/content/work/processed_wav/konkani/konkani_354.wav,konkani
/content/work/processed_wav/konkani/konkani_341.wav,konkani
/content/work/processed_wav/konkani/konkani_320.wav,konkani
/content/work/processed_wav/konkani/konkani_317.wav,konkani
/content/work/processed_wav/konkani/konkani_333.wav,konkani
/content/work/processed_wav/konkani/konkani_331.wav,konkani
/content/work/processed_wav/konkani/konkani_362.wav,konkani
/content/work/processed_wav/konkani/konkani_316.wav,konkani
/content/work/processed_wav/konkani/konkani_337.wav,konkani
/content/work/processed_wav/konkani/konkani_313.wav,konkani
/content/work/processed_wav/konkani/konkani_322.wav,konkani
/content/work/processed_wav/konkani/konkani_326.wav,konkani
/content/work/processed_wav/konkani/konkani_325.wav,konkani
/content/work/processed_wav/konkani/konkani_345.wav,konkani
/content/work/processed_wav/konkani/konkani_314.wav,konkani
/content/work/processed_wav/konkani/konkani_343.wav,konkani
/content/work/processed_wav/konkani/konkani_323.wav,konkani
/content/work/processed_wav/konkani/konkani_335.wav,konkani
/content/work/processed_wav/konkani/konkani_346.wav,konkani
/content/work/processed_wav/konkani/konkani_350.wav,konkani
/content/work/processed_wav/konkani/konkani_321.wav,konkani
/content/work/processed_wav/konkani/konkani_359.wav,konkani
/content/work/processed_wav/konkani/konkani_344.wav,konkani
/content/work/processed_wav/konkani/konkani_363.wav,konkani
/content/work/processed_wav/konkani/konkani_319.wav,konkani
/content/work/processed_wav/konkani/konkani_315.wav,konkani
/content/work/processed_wav/konkani/konkani_360.wav,konkani
/content/work/processed_wav/konkani/konkani_347.wav,konkani
/content/work/processed_wav/konkani/konkani_328.wav,konkani
/content/work/processed_wav/konkani/konkani_358.wav,konkani
/content/work/processed_wav/konkani/konkani_334.wav,konkani
/content/work/processed_wav/konkani/konkani_357.wav,konkani
/content/work/processed_wav/konkani/konkani_386.wav,konkani
/content/work/processed_wav/konkani/konkani_368.wav,konkani
/content/work/processed_wav/konkani/konkani_391.wav,konkani
/content/work/processed_wav/konkani/konkani_380.wav,konkani
/content/work/processed_wav/konkani/konkani_400.wav,konkani
/content/work/processed_wav/konkani/konkani_393.wav,konkani
/content/work/processed_wav/konkani/konkani_377.wav,konkani
/content/work/processed_wav/konkani/konkani_372.wav,konkani
/content/work/processed_wav/konkani/konkani_390.wav,konkani
/content/work/processed_wav/konkani/konkani_382.wav,konkani
/content/work/processed_wav/konkani/konkani_366.wav,konkani
/content/work/processed_wav/konkani/konkani_395.wav,konkani
/content/work/processed_wav/konkani/konkani_370.wav,konkani
/content/work/processed_wav/konkani/konkani_369.wav,konkani
/content/work/processed_wav/konkani/konkani_394.wav,konkani
/content/work/processed_wav/konkani/konkani_385.wav,konkani
/content/work/processed_wav/konkani/konkani_387.wav,konkani
/content/work/processed_wav/konkani/konkani_397.wav,konkani
/content/work/processed_wav/konkani/konkani_396.wav,konkani
/content/work/processed_wav/konkani/konkani_384.wav,konkani
/content/work/processed_wav/konkani/konkani_373.wav,konkani
/content/work/processed_wav/konkani/konkani_379.wav,konkani
/content/work/processed_wav/konkani/konkani_378.wav,konkani
/content/work/processed_wav/konkani/konkani_374.wav,konkani
/content/work/processed_wav/konkani/konkani_398.wav,konkani
/content/work/processed_wav/konkani/konkani_371.wav,konkani
/content/work/processed_wav/konkani/konkani_392.wav,konkani
/content/work/processed_wav/konkani/konkani_389.wav,konkani
/content/work/processed_wav/konkani/konkani_383.wav,konkani
/content/work/processed_wav/konkani/konkani_381.wav,konkani
/content/work/processed_wav/konkani/konkani_388.wav,konkani
/content/work/processed_wav/konkani/konkani_375.wav,konkani
/content/work/processed_wav/konkani/konkani_399.wav,konkani
/content/work/processed_wav/konkani/konkani_367.wav,konkani
/content/work/processed_wav/konkani/konkani_364.wav,konkani
/content/work/processed_wav/konkani/konkani_365.wav,konkani
/content/work/processed_wav/konkani/konkani_376.wav,konkani
