file,orig_len_sec,dc_offset_db,dc_flagged,final_len_sec,language,vad_warning
/content/drive/MyDrive/Audio_dataset/Bengali/11161.mp3,4.977,-100.84,False,4.913,Bengali,
/content/drive/MyDrive/Audio_dataset/Bengali/11813.mp3,4.977,-116.32,False,4.576,Bengali,
/content/drive/MyDrive/Audio_dataset/Bengali/11590.mp3,4.977,-106.47,False,4.849,Bengali,
/content/drive/MyDrive/Audio_dataset/Bengali/11769.mp3,4.981,-112.96,False,4.981,Bengali,
/content/drive/MyDrive/Audio_dataset/Bengali/10371.mp3,4.981,-112.73,False,4.373,Bengali,
/content/drive/MyDrive/Audio_dataset/Bengali/11406.mp3,5.004,-96.54,False,5.004,Bengali,
/content/drive/MyDrive/Audio_dataset/Bengali/10850.mp3,5.004,-110.72,False,5.004,Bengali,
/content/drive/MyDrive/Audio_dataset/Bengali/10618.mp3,4.981,-106.54,False,4.981,Bengali,
/content/drive/MyDrive/Audio_dataset/Bengali/1074.mp3,5.004,-126.24,False,4.96,Bengali,
/content/drive/MyDrive/Audio_dataset/Bengali/10765.mp3,4.981,-126.26,False,4.352,Bengali,
/content/drive/MyDrive/Audio_dataset/Bengali/11670.mp3,5.005,-119.49,False,4.973,Bengali,
/content/drive/MyDrive/Audio_dataset/Bengali/11246.mp3,4.981,-113.74,False,3.904,Bengali,
/content/drive/MyDrive/Audio_dataset/Bengali/1204.mp3,4.977,-89.87,False,4.977,Bengali,
/content/drive/MyDrive/Audio_dataset/Bengali/11960.mp3,4.981,-123.72,False,4.768,Bengali,
/content/drive/MyDrive/Audio_dataset/Bengali/11958.mp3,4.981,-111.07,False,4.981,Bengali,
/content/drive/MyDrive/Audio_dataset/Bengali/11602.mp3,4.981,-110.09,False,4.981,Bengali,
/content/drive/MyDrive/Audio_dataset/Bengali/11671.mp3,5.004,-102.79,False,4.832,Bengali,
/content/drive/MyDrive/Audio_dataset/Bengali/1027.mp3,4.981,-146.12,False,4.832,Bengali,
/content/drive/MyDrive/Audio_dataset/Bengali/10296.mp3,5.005,-114.56,False,5.005,Bengali,
/content/drive/MyDrive/Audio_dataset/Bengali/11683.mp3,5.004,-113.96,False,5.004,Bengali,
/content/drive/MyDrive/Audio_dataset/Bengali/11306.mp3,4.977,-121.81,False,4.945,Bengali,
/content/drive/MyDrive/Audio_dataset/Bengali/11969.mp3,4.981,-102.62,False,4.48,Bengali,
/content/drive/MyDrive/Audio_dataset/Bengali/11044.mp3,4.981,-101.99,False,4.981,Bengali,
/content/drive/MyDrive/Audio_dataset/Bengali/10503.mp3,4.981,-114.02,False,4.117,Bengali,
/content/drive/MyDrive/Audio_dataset/Bengali/11507.mp3,4.977,-121.3,False,4.928,Bengali,
/content/drive/MyDrive/Audio_dataset/Bengali/11804.mp3,5.004,-95.61,False,4.448,Bengali,
/content/drive/MyDrive/Audio_dataset/Bengali/11627.mp3,5.004,-105.65,False,0.512,Bengali,
/content/drive/MyDrive/Audio_dataset/Bengali/12040.mp3,4.981,-107.19,False,4.928,Bengali,
/content/drive/MyDrive/Audio_dataset/Bengali/11368.mp3,4.977,-118.5,False,4.928,Bengali,
/content/drive/MyDrive/Audio_dataset/Bengali/11779.mp3,5.004,-94.37,False,4.48,Bengali,
/content/drive/MyDrive/Audio_dataset/Bengali/10436.mp3,4.981,-115.21,False,4.949,Bengali,
/content/drive/MyDrive/Audio_dataset/Bengali/11474.mp3,5.005,-103.76,False,4.608,Bengali,
/content/drive/MyDrive/Audio_dataset/Bengali/10701.mp3,4.977,-123.78,False,4.32,Bengali,
/content/drive/MyDrive/Audio_dataset/Bengali/11701.mp3,5.004,-112.42,False,4.972,Bengali,
/content/drive/MyDrive/Audio_dataset/Bengali/10602.mp3,5.005,-105.06,False,3.456,Bengali,
/content/drive/MyDrive/Audio_dataset/Bengali/11440.mp3,4.977,-95.78,False,4.945,Bengali,
/content/drive/MyDrive/Audio_dataset/Bengali/11028.mp3,4.981,-126.27,False,4.181,Bengali,
/content/drive/MyDrive/Audio_dataset/Bengali/11071.mp3,4.981,-111.43,False,2.773,Bengali,
/content/drive/MyDrive/Audio_dataset/Bengali/1132.mp3,4.981,-109.24,False,4.981,Bengali,
/content/drive/MyDrive/Audio_dataset/Bengali/10901.mp3,4.981,-118.29,False,4.917,Bengali,
/content/drive/MyDrive/Audio_dataset/Bengali/1053.mp3,5.005,-104.01,False,5.005,Bengali,
/content/drive/MyDrive/Audio_dataset/Bengali/11463.mp3,4.981,-112.69,False,4.949,Bengali,
/content/drive/MyDrive/Audio_dataset/Bengali/1070.mp3,4.981,-142.06,False,3.552,Bengali,
/content/drive/MyDrive/Audio_dataset/Bengali/11188.mp3,4.981,-114.34,False,4.949,Bengali,
/content/drive/MyDrive/Audio_dataset/Bengali/11140.mp3,4.977,-113.38,False,2.769,Bengali,
/content/drive/MyDrive/Audio_dataset/Bengali/1192.mp3,4.977,-99.03,False,4.977,Bengali,
/content/drive/MyDrive/Audio_dataset/Bengali/11288.mp3,4.981,-124.03,False,4.917,Bengali,
/content/drive/MyDrive/Audio_dataset/Bengali/11704.mp3,4.977,-102.34,False,4.977,Bengali,
/content/drive/MyDrive/Audio_dataset/Bengali/10351.mp3,4.977,-119.05,False,4.977,Bengali,
/content/drive/MyDrive/Audio_dataset/Bengali/11542.mp3,4.977,-130.17,False,4.977,Bengali,
/content/drive/MyDrive/Audio_dataset/Bengali/11519.mp3,4.977,-120.91,False,4.672,Bengali,
/content/drive/MyDrive/Audio_dataset/Bengali/11428.mp3,4.977,-126.48,False,4.864,Bengali,
/content/drive/MyDrive/Audio_dataset/Bengali/11473.mp3,4.977,-119.27,False,4.896,Bengali,
/content/drive/MyDrive/Audio_dataset/Bengali/10556.mp3,4.977,-120.64,False,4.881,Bengali,
/content/drive/MyDrive/Audio_dataset/Bengali/10301.mp3,4.981,-126.19,False,4.8,Bengali,
/content/drive/MyDrive/Audio_dataset/Bengali/10304.mp3,4.981,-110.91,False,4.597,Bengali,
/content/drive/MyDrive/Audio_dataset/Bengali/11083.mp3,4.981,-110.29,False,4.437,Bengali,
/content/drive/MyDrive/Audio_dataset/Bengali/11930.mp3,4.981,-115.61,False,3.893,Bengali,
/content/drive/MyDrive/Audio_dataset/Bengali/10348.mp3,5.005,-115.44,False,3.501,Bengali,
/content/drive/MyDrive/Audio_dataset/Bengali/11341.mp3,4.981,-96.91,False,4.245,Bengali,
/content/drive/MyDrive/Audio_dataset/Bengali/11452.mp3,4.981,-109.91,False,4.949,Bengali,
/content/drive/MyDrive/Audio_dataset/Bengali/11014.mp3,4.981,-106.33,False,4.949,Bengali,
/content/drive/MyDrive/Audio_dataset/Bengali/10630.mp3,4.977,-124.2,False,4.896,Bengali,
/content/drive/MyDrive/Audio_dataset/Bengali/11714.mp3,5.004,-107.01,False,4.576,Bengali,
/content/drive/MyDrive/Audio_dataset/Bengali/1024.mp3,4.981,-131.65,False,4.981,Bengali,
/content/drive/MyDrive/Audio_dataset/Bengali/12166.mp3,5.004,-106.63,False,4.844,Bengali,
/content/drive/MyDrive/Audio_dataset/Bengali/13906.mp3,5.005,-116.94,False,4.896,Bengali,
/content/drive/MyDrive/Audio_dataset/Bengali/12888.mp3,4.977,-139.08,False,4.977,Bengali,
/content/drive/MyDrive/Audio_dataset/Bengali/12907.mp3,4.977,-157.27,False,4.913,Bengali,
/content/drive/MyDrive/Audio_dataset/Bengali/13843.mp3,5.004,-109.85,False,4.972,Bengali,
/content/drive/MyDrive/Audio_dataset/Bengali/12089.mp3,4.981,-137.3,False,4.64,Bengali,
/content/drive/MyDrive/Audio_dataset/Bengali/13675.mp3,4.977,-137.01,False,4.832,Bengali,
/content/drive/MyDrive/Audio_dataset/Bengali/12971.mp3,5.005,-118.66,False,5.005,Bengali,
/content/drive/MyDrive/Audio_dataset/Bengali/12710.mp3,4.981,-119.02,False,4.981,Bengali,
/content/drive/MyDrive/Audio_dataset/Bengali/13126.mp3,5.004,-172.69,False,4.94,Bengali,
/content/drive/MyDrive/Audio_dataset/Bengali/13132.mp3,4.981,-110.5,False,4.736,Bengali,
/content/drive/MyDrive/Audio_dataset/Bengali/13802.mp3,5.005,-107.39,False,5.005,Bengali,
/content/drive/MyDrive/Audio_dataset/Bengali/12349.mp3,5.005,-104.89,False,5.005,Bengali,
/content/drive/MyDrive/Audio_dataset/Bengali/13934.mp3,4.981,-112.36,False,4.917,Bengali,
/content/drive/MyDrive/Audio_dataset/Bengali/12656.mp3,4.977,-117.8,False,4.032,Bengali,
/content/drive/MyDrive/Audio_dataset/Bengali/12393.mp3,4.981,-106.2,False,4.96,Bengali,
/content/drive/MyDrive/Audio_dataset/Bengali/13945.mp3,4.977,-102.9,False,4.736,Bengali,
/content/drive/MyDrive/Audio_dataset/Bengali/13783.mp3,5.005,-107.49,False,4.909,Bengali,
/content/drive/MyDrive/Audio_dataset/Bengali/12551.mp3,4.977,-129.69,False,4.977,Bengali,
/content/drive/MyDrive/Audio_dataset/Bengali/13726.mp3,4.981,-131.23,False,4.832,Bengali,
/content/drive/MyDrive/Audio_dataset/Bengali/12482.mp3,5.004,-126.62,False,5.004,Bengali,
/content/drive/MyDrive/Audio_dataset/Bengali/13178.mp3,4.977,-105.24,False,4.704,Bengali,
/content/drive/MyDrive/Audio_dataset/Bengali/12647.mp3,4.981,-102.15,False,4.352,Bengali,
/content/drive/MyDrive/Audio_dataset/Bengali/13310.mp3,4.981,-115.87,False,3.957,Bengali,
/content/drive/MyDrive/Audio_dataset/Bengali/12553.mp3,5.004,-118.87,False,4.384,Bengali,
/content/drive/MyDrive/Audio_dataset/Bengali/12398.mp3,4.981,-125.06,False,4.981,Bengali,
/content/drive/MyDrive/Audio_dataset/Bengali/1320.mp3,4.981,-101.88,False,4.501,Bengali,
/content/drive/MyDrive/Audio_dataset/Bengali/12965.mp3,4.977,-119.68,False,4.576,Bengali,
/content/drive/MyDrive/Audio_dataset/Bengali/12637.mp3,5.004,-116.15,False,4.236,Bengali,
/content/drive/MyDrive/Audio_dataset/Bengali/13361.mp3,5.004,-130.47,False,5.004,Bengali,
/content/drive/MyDrive/Audio_dataset/Bengali/13787.mp3,4.981,-96.25,False,4.981,Bengali,
/content/drive/MyDrive/Audio_dataset/Bengali/13440.mp3,5.004,-106.33,False,5.004,Bengali,
/content/drive/MyDrive/Audio_dataset/Bengali/12913.mp3,4.981,-116.79,False,4.885,Bengali,
/content/drive/MyDrive/Audio_dataset/Bengali/12769.mp3,4.977,-126.01,False,4.977,Bengali,
/content/drive/MyDrive/Audio_dataset/Bengali/12938.mp3,4.977,-117.36,False,4.8,Bengali,
/content/drive/MyDrive/Audio_dataset/Bengali/13487.mp3,5.005,-133.36,False,3.981,Bengali,
/content/drive/MyDrive/Audio_dataset/Bengali/12994.mp3,5.005,-111.37,False,4.941,Bengali,
/content/drive/MyDrive/Audio_dataset/Bengali/13141.mp3,4.977,-114.58,False,4.032,Bengali,
/content/drive/MyDrive/Audio_dataset/Bengali/12959.mp3,4.981,-111.36,False,4.981,Bengali,
/content/drive/MyDrive/Audio_dataset/Bengali/12470.mp3,4.981,-136.29,False,4.8,Bengali,
/content/drive/MyDrive/Audio_dataset/Bengali/13642.mp3,4.977,-90.68,False,4.977,Bengali,
/content/drive/MyDrive/Audio_dataset/Bengali/12492.mp3,4.977,-114.32,False,4.768,Bengali,
/content/drive/MyDrive/Audio_dataset/Bengali/13738.mp3,5.004,-99.78,False,5.004,Bengali,
/content/drive/MyDrive/Audio_dataset/Bengali/12916.mp3,5.005,-107.42,False,2.573,Bengali,
/content/drive/MyDrive/Audio_dataset/Bengali/12436.mp3,4.981,-108.39,False,4.981,Bengali,
/content/drive/MyDrive/Audio_dataset/Bengali/12928.mp3,4.977,-105.3,False,4.977,Bengali,
/content/drive/MyDrive/Audio_dataset/Bengali/12330.mp3,4.981,-113.77,False,4.64,Bengali,
/content/drive/MyDrive/Audio_dataset/Bengali/1213.mp3,4.977,-103.3,False,4.977,Bengali,
/content/drive/MyDrive/Audio_dataset/Bengali/12726.mp3,5.004,-93.54,False,5.004,Bengali,
/content/drive/MyDrive/Audio_dataset/Bengali/13460.mp3,4.981,-109.52,False,4.917,Bengali,
/content/drive/MyDrive/Audio_dataset/Bengali/12204.mp3,4.981,-107.61,False,4.704,Bengali,
/content/drive/MyDrive/Audio_dataset/Bengali/13057.mp3,4.981,-107.66,False,4.981,Bengali,
/content/drive/MyDrive/Audio_dataset/Bengali/12715.mp3,4.981,-122.0,False,4.949,Bengali,
/content/drive/MyDrive/Audio_dataset/Bengali/12835.mp3,4.977,-116.54,False,4.145,Bengali,
/content/drive/MyDrive/Audio_dataset/Bengali/13082.mp3,4.981,-110.86,False,4.768,Bengali,
/content/drive/MyDrive/Audio_dataset/Bengali/1222.mp3,4.981,-123.53,False,4.949,Bengali,
/content/drive/MyDrive/Audio_dataset/Bengali/12516.mp3,5.004,-117.41,False,4.32,Bengali,
/content/drive/MyDrive/Audio_dataset/Bengali/13163.mp3,5.004,-99.08,False,4.512,Bengali,
/content/drive/MyDrive/Audio_dataset/Bengali/13107.mp3,5.005,-129.21,False,4.397,Bengali,
/content/drive/MyDrive/Audio_dataset/Bengali/13539.mp3,5.005,-104.6,False,4.333,Bengali,
/content/drive/MyDrive/Audio_dataset/Bengali/13615.mp3,4.977,-119.56,False,4.896,Bengali,
/content/drive/MyDrive/Audio_dataset/Bengali/12603.mp3,4.981,-115.61,False,4.416,Bengali,
/content/drive/MyDrive/Audio_dataset/Bengali/12727.mp3,4.981,-102.96,False,4.544,Bengali,
/content/drive/MyDrive/Audio_dataset/Bengali/12536.mp3,5.005,-104.97,False,5.005,Bengali,
/content/drive/MyDrive/Audio_dataset/Bengali/12771.mp3,5.005,-123.08,False,5.005,Bengali,
/content/drive/MyDrive/Audio_dataset/Bengali/13788.mp3,4.977,-124.45,False,3.776,Bengali,
/content/drive/MyDrive/Audio_dataset/Bengali/13463.mp3,4.981,-110.04,False,4.117,Bengali,
/content/drive/MyDrive/Audio_dataset/Bengali/12924.mp3,4.981,-109.24,False,4.981,Bengali,
/content/drive/MyDrive/Audio_dataset/Bengali/12473.mp3,5.005,-102.4,False,4.941,Bengali,
/content/drive/MyDrive/Audio_dataset/Bengali/13344.mp3,4.981,-96.28,False,3.744,Bengali,
/content/drive/MyDrive/Audio_dataset/Bengali/13587.mp3,5.004,-94.98,False,5.004,Bengali,
/content/drive/MyDrive/Audio_dataset/Bengali/13806.mp3,4.981,-112.44,False,3.936,Bengali,
/content/drive/MyDrive/Audio_dataset/Bengali/12247.mp3,4.977,-129.93,False,4.96,Bengali,
/content/drive/MyDrive/Audio_dataset/Bengali/12799.mp3,4.981,-117.63,False,4.96,Bengali,
/content/drive/MyDrive/Audio_dataset/Bengali/12182.mp3,4.981,-114.88,False,4.981,Bengali,
/content/drive/MyDrive/Audio_dataset/Bengali/13409.mp3,5.005,-111.91,False,4.973,Bengali,
/content/drive/MyDrive/Audio_dataset/Bengali/14650.mp3,5.005,-110.12,False,5.005,Bengali,
/content/drive/MyDrive/Audio_dataset/Bengali/15587.mp3,5.004,-110.97,False,4.736,Bengali,
/content/drive/MyDrive/Audio_dataset/Bengali/14630.mp3,4.981,-117.24,False,4.352,Bengali,
/content/drive/MyDrive/Audio_dataset/Bengali/15411.mp3,4.981,-124.85,False,4.832,Bengali,
/content/drive/MyDrive/Audio_dataset/Bengali/149.mp3,5.004,-94.13,False,5.004,Bengali,
/content/drive/MyDrive/Audio_dataset/Bengali/15726.mp3,4.981,-107.36,False,4.981,Bengali,
/content/drive/MyDrive/Audio_dataset/Bengali/15714.mp3,4.981,-128.24,False,4.949,Bengali,
/content/drive/MyDrive/Audio_dataset/Bengali/15337.mp3,4.981,-123.91,False,4.96,Bengali,
/content/drive/MyDrive/Audio_dataset/Bengali/15183.mp3,5.004,-105.4,False,4.748,Bengali,
/content/drive/MyDrive/Audio_dataset/Bengali/14944.mp3,4.981,-102.94,False,4.48,Bengali,
/content/drive/MyDrive/Audio_dataset/Bengali/14580.mp3,4.981,-112.58,False,4.981,Bengali,
/content/drive/MyDrive/Audio_dataset/Bengali/14171.mp3,4.981,-123.03,False,4.576,Bengali,
/content/drive/MyDrive/Audio_dataset/Bengali/15212.mp3,4.977,-123.55,False,4.977,Bengali,
/content/drive/MyDrive/Audio_dataset/Bengali/15642.mp3,5.004,-123.68,False,4.96,Bengali,
/content/drive/MyDrive/Audio_dataset/Bengali/14448.mp3,4.981,-110.34,False,4.789,Bengali,
/content/drive/MyDrive/Audio_dataset/Bengali/14063.mp3,4.977,-115.44,False,4.704,Bengali,
/content/drive/MyDrive/Audio_dataset/Bengali/14145.mp3,5.004,-105.25,False,4.16,Bengali,
/content/drive/MyDrive/Audio_dataset/Bengali/15737.mp3,4.981,-110.15,False,3.52,Bengali,
/content/drive/MyDrive/Audio_dataset/Bengali/15712.mp3,4.977,-160.73,False,4.881,Bengali,
/content/drive/MyDrive/Audio_dataset/Bengali/15742.mp3,5.005,-125.92,False,4.672,Bengali,
/content/drive/MyDrive/Audio_dataset/Bengali/14810.mp3,4.977,-105.03,False,4.657,Bengali,
/content/drive/MyDrive/Audio_dataset/Bengali/15299.mp3,4.981,-122.38,False,4.981,Bengali,
/content/drive/MyDrive/Audio_dataset/Bengali/15653.mp3,5.005,-96.34,False,4.333,Bengali,
/content/drive/MyDrive/Audio_dataset/Bengali/14603.mp3,4.981,-119.68,False,4.896,Bengali,
/content/drive/MyDrive/Audio_dataset/Bengali/15589.mp3,4.981,-110.82,False,4.96,Bengali,
/content/drive/MyDrive/Audio_dataset/Bengali/14606.mp3,4.977,-105.59,False,4.977,Bengali,
/content/drive/MyDrive/Audio_dataset/Bengali/14703.mp3,4.977,-85.42,False,4.465,Bengali,
/content/drive/MyDrive/Audio_dataset/Bengali/14049.mp3,4.981,-109.45,False,4.277,Bengali,
/content/drive/MyDrive/Audio_dataset/Bengali/14661.mp3,5.005,-106.42,False,4.96,Bengali,
/content/drive/MyDrive/Audio_dataset/Bengali/15555.mp3,5.005,-99.69,False,4.717,Bengali,
/content/drive/MyDrive/Audio_dataset/Bengali/14313.mp3,4.981,-111.49,False,4.949,Bengali,
/content/drive/MyDrive/Audio_dataset/Bengali/1448.mp3,4.981,-106.23,False,4.704,Bengali,
/content/drive/MyDrive/Audio_dataset/Bengali/15592.mp3,5.004,-104.11,False,3.884,Bengali,
/content/drive/MyDrive/Audio_dataset/Bengali/14534.mp3,4.981,-105.48,False,4.981,Bengali,
/content/drive/MyDrive/Audio_dataset/Bengali/15009.mp3,4.977,-116.38,False,4.832,Bengali,
/content/drive/MyDrive/Audio_dataset/Bengali/14051.mp3,4.981,-97.33,False,4.437,Bengali,
/content/drive/MyDrive/Audio_dataset/Bengali/15001.mp3,4.977,-115.59,False,4.977,Bengali,
/content/drive/MyDrive/Audio_dataset/Bengali/14704.mp3,5.005,-109.91,False,5.005,Bengali,
/content/drive/MyDrive/Audio_dataset/Bengali/14299.mp3,4.981,-108.7,False,4.064,Bengali,
/content/drive/MyDrive/Audio_dataset/Bengali/14390.mp3,4.981,-121.03,False,4.896,Bengali,
/content/drive/MyDrive/Audio_dataset/Bengali/15249.mp3,4.981,-102.6,False,4.864,Bengali,
/content/drive/MyDrive/Audio_dataset/Bengali/15428.mp3,4.977,-134.33,False,4.721,Bengali,
/content/drive/MyDrive/Audio_dataset/Bengali/15639.mp3,5.005,-111.69,False,3.936,Bengali,
/content/drive/MyDrive/Audio_dataset/Bengali/14635.mp3,4.981,-103.39,False,4.981,Bengali,
/content/drive/MyDrive/Audio_dataset/Bengali/14084.mp3,4.981,-112.97,False,4.885,Bengali,
/content/drive/MyDrive/Audio_dataset/Bengali/14984.mp3,5.004,-112.55,False,5.004,Bengali,
/content/drive/MyDrive/Audio_dataset/Bengali/14552.mp3,5.004,-99.91,False,4.524,Bengali,
/content/drive/MyDrive/Audio_dataset/Bengali/14783.mp3,4.977,-120.15,False,4.849,Bengali,
/content/drive/MyDrive/Audio_dataset/Bengali/15441.mp3,4.981,-107.67,False,4.629,Bengali,
/content/drive/MyDrive/Audio_dataset/Bengali/1441.mp3,5.005,-111.95,False,4.608,Bengali,
/content/drive/MyDrive/Audio_dataset/Bengali/14030.mp3,4.981,-112.06,False,3.584,Bengali,
/content/drive/MyDrive/Audio_dataset/Bengali/15720.mp3,5.005,-122.09,False,4.448,Bengali,
/content/drive/MyDrive/Audio_dataset/Bengali/15516.mp3,4.977,-96.81,False,4.96,Bengali,
/content/drive/MyDrive/Audio_dataset/Bengali/13985.mp3,4.981,-116.4,False,4.917,Bengali,
/content/drive/MyDrive/Audio_dataset/Bengali/14053.mp3,4.977,-126.83,False,4.64,Bengali,
/content/drive/MyDrive/Audio_dataset/Bengali/15317.mp3,4.981,-104.38,False,4.661,Bengali,
/content/drive/MyDrive/Audio_dataset/Bengali/15.mp3,5.004,-130.88,False,4.992,Bengali,
/content/drive/MyDrive/Audio_dataset/Bengali/14773.mp3,4.977,-91.83,False,4.337,Bengali,
/content/drive/MyDrive/Audio_dataset/Bengali/14160.mp3,4.981,-117.68,False,4.096,Bengali,
/content/drive/MyDrive/Audio_dataset/Bengali/15345.mp3,5.005,-126.28,False,4.64,Bengali,
/content/drive/MyDrive/Audio_dataset/Bengali/15469.mp3,5.005,-132.99,False,4.96,Bengali,
/content/drive/MyDrive/Audio_dataset/Bengali/14332.mp3,4.977,-113.57,False,4.913,Bengali,
/content/drive/MyDrive/Audio_dataset/Bengali/14177.mp3,4.977,-120.12,False,4.977,Bengali,
/content/drive/MyDrive/Audio_dataset/Bengali/14821.mp3,5.004,-119.44,False,4.94,Bengali,
/content/drive/MyDrive/Audio_dataset/Bengali/14740.mp3,4.981,-112.76,False,4.672,Bengali,
/content/drive/MyDrive/Audio_dataset/Bengali/14334.mp3,4.981,-95.46,False,4.981,Bengali,
/content/drive/MyDrive/Audio_dataset/Bengali/14999.mp3,4.981,-107.15,False,4.064,Bengali,
/content/drive/MyDrive/Audio_dataset/Bengali/14064.mp3,5.005,-113.97,False,5.005,Bengali,
/content/drive/MyDrive/Audio_dataset/Bengali/14477.mp3,5.004,-116.37,False,5.004,Bengali,
/content/drive/MyDrive/Audio_dataset/Bengali/1531.mp3,5.004,-113.57,False,5.004,Bengali,
/content/drive/MyDrive/Audio_dataset/Bengali/14285.mp3,4.977,-134.46,False,4.48,Bengali,
/content/drive/MyDrive/Audio_dataset/Bengali/15158.mp3,4.981,-151.81,False,4.096,Bengali,
/content/drive/MyDrive/Audio_dataset/Bengali/15378.mp3,4.981,-119.96,False,4.981,Bengali,
/content/drive/MyDrive/Audio_dataset/Bengali/15209.mp3,5.005,-117.74,False,4.32,Bengali,
/content/drive/MyDrive/Audio_dataset/Bengali/14017.mp3,4.977,-106.5,False,4.256,Bengali,
/content/drive/MyDrive/Audio_dataset/Bengali/15027.mp3,4.981,-109.42,False,3.296,Bengali,
/content/drive/MyDrive/Audio_dataset/Bengali/1749.mp3,4.977,-116.32,False,4.817,Bengali,
/content/drive/MyDrive/Audio_dataset/Bengali/17022 (1).mp3,5.005,-114.84,False,5.005,Bengali,
/content/drive/MyDrive/Audio_dataset/Bengali/16742 (1).mp3,4.981,-103.83,False,4.544,Bengali,
/content/drive/MyDrive/Audio_dataset/Bengali/16819 (1).mp3,5.005,-104.4,False,4.717,Bengali,
/content/drive/MyDrive/Audio_dataset/Bengali/16467.mp3,4.981,-110.36,False,4.981,Bengali,
/content/drive/MyDrive/Audio_dataset/Bengali/17114.mp3,5.005,-96.17,False,4.973,Bengali,
/content/drive/MyDrive/Audio_dataset/Bengali/15828.mp3,4.981,-125.08,False,4.288,Bengali,
/content/drive/MyDrive/Audio_dataset/Bengali/16329.mp3,5.005,-115.05,False,4.608,Bengali,
/content/drive/MyDrive/Audio_dataset/Bengali/16290.mp3,5.004,-97.88,False,4.972,Bengali,
/content/drive/MyDrive/Audio_dataset/Bengali/16999 (1).mp3,4.981,-118.54,False,4.469,Bengali,
/content/drive/MyDrive/Audio_dataset/Bengali/16812 (1).mp3,5.005,-148.95,False,4.877,Bengali,
/content/drive/MyDrive/Audio_dataset/Bengali/16564.mp3,4.981,-90.11,False,4.501,Bengali,
/content/drive/MyDrive/Audio_dataset/Bengali/17033 (1).mp3,4.981,-105.46,False,4.309,Bengali,
/content/drive/MyDrive/Audio_dataset/Bengali/16812.mp3,5.005,-148.95,False,4.877,Bengali,
/content/drive/MyDrive/Audio_dataset/Bengali/16571.mp3,4.977,-120.55,False,4.928,Bengali,
/content/drive/MyDrive/Audio_dataset/Bengali/17484.mp3,4.981,-105.31,False,4.629,Bengali,
/content/drive/MyDrive/Audio_dataset/Bengali/17233.mp3,4.981,-97.42,False,4.533,Bengali,
/content/drive/MyDrive/Audio_dataset/Bengali/16805 (1).mp3,4.981,-104.66,False,4.981,Bengali,
/content/drive/MyDrive/Audio_dataset/Bengali/17333.mp3,4.977,-124.76,False,4.096,Bengali,
/content/drive/MyDrive/Audio_dataset/Bengali/1642.mp3,4.981,-106.41,False,3.904,Bengali,
/content/drive/MyDrive/Audio_dataset/Bengali/16819.mp3,5.005,-104.4,False,4.717,Bengali,
/content/drive/MyDrive/Audio_dataset/Bengali/16246.mp3,4.981,-111.04,False,3.712,Bengali,
/content/drive/MyDrive/Audio_dataset/Bengali/17033.mp3,4.981,-105.46,False,4.309,Bengali,
/content/drive/MyDrive/Audio_dataset/Bengali/17011 (1).mp3,5.005,-102.73,False,4.781,Bengali,
/content/drive/MyDrive/Audio_dataset/Bengali/16532.mp3,5.005,-135.01,False,4.32,Bengali,
/content/drive/MyDrive/Audio_dataset/Bengali/16092.mp3,5.004,-117.51,False,4.876,Bengali,
/content/drive/MyDrive/Audio_dataset/Bengali/16990 (1).mp3,4.981,-99.8,False,4.096,Bengali,
/content/drive/MyDrive/Audio_dataset/Bengali/17308.mp3,4.977,-103.57,False,4.913,Bengali,
/content/drive/MyDrive/Audio_dataset/Bengali/16957 (1).mp3,4.981,-121.46,False,4.832,Bengali,
/content/drive/MyDrive/Audio_dataset/Bengali/17207.mp3,4.981,-123.93,False,4.981,Bengali,
/content/drive/MyDrive/Audio_dataset/Bengali/16913 (1).mp3,4.981,-133.77,False,4.981,Bengali,
/content/drive/MyDrive/Audio_dataset/Bengali/16336.mp3,4.981,-120.11,False,4.469,Bengali,
/content/drive/MyDrive/Audio_dataset/Bengali/16167.mp3,5.004,-102.09,False,5.004,Bengali,
/content/drive/MyDrive/Audio_dataset/Bengali/17022.mp3,5.005,-114.84,False,5.005,Bengali,
/content/drive/MyDrive/Audio_dataset/Bengali/16936 (1).mp3,5.005,-128.63,False,5.005,Bengali,
/content/drive/MyDrive/Audio_dataset/Bengali/16238.mp3,4.977,-102.68,False,4.8,Bengali,
/content/drive/MyDrive/Audio_dataset/Bengali/16805.mp3,4.981,-104.66,False,4.981,Bengali,
/content/drive/MyDrive/Audio_dataset/Bengali/16765 (1).mp3,4.981,-110.33,False,4.341,Bengali,
/content/drive/MyDrive/Audio_dataset/Bengali/16320.mp3,4.981,-129.25,False,4.981,Bengali,
/content/drive/MyDrive/Audio_dataset/Bengali/17011.mp3,5.005,-102.73,False,4.781,Bengali,
/content/drive/MyDrive/Audio_dataset/Bengali/15771.mp3,5.005,-109.31,False,4.992,Bengali,
/content/drive/MyDrive/Audio_dataset/Bengali/16160.mp3,4.981,-107.6,False,4.224,Bengali,
/content/drive/MyDrive/Audio_dataset/Bengali/15934.mp3,5.004,-134.52,False,3.628,Bengali,
/content/drive/MyDrive/Audio_dataset/Bengali/1679 (1).mp3,4.981,-127.38,False,4.885,Bengali,
/content/drive/MyDrive/Audio_dataset/Bengali/15854.mp3,4.981,-102.58,False,4.704,Bengali,
/content/drive/MyDrive/Audio_dataset/Bengali/16936.mp3,5.005,-128.63,False,5.005,Bengali,
/content/drive/MyDrive/Audio_dataset/Bengali/16104.mp3,5.005,-125.52,False,4.909,Bengali,
/content/drive/MyDrive/Audio_dataset/Bengali/16432.mp3,4.977,-141.89,False,4.913,Bengali,
/content/drive/MyDrive/Audio_dataset/Bengali/17144.mp3,5.004,-125.86,False,3.98,Bengali,
/content/drive/MyDrive/Audio_dataset/Bengali/17477.mp3,4.977,-115.29,False,4.913,Bengali,
/content/drive/MyDrive/Audio_dataset/Bengali/16957.mp3,4.981,-121.46,False,4.832,Bengali,
/content/drive/MyDrive/Audio_dataset/Bengali/17498.mp3,4.981,-119.31,False,4.736,Bengali,
/content/drive/MyDrive/Audio_dataset/Bengali/16081.mp3,4.977,-124.74,False,4.96,Bengali,
/content/drive/MyDrive/Audio_dataset/Bengali/15904.mp3,4.977,-112.99,False,4.369,Bengali,
/content/drive/MyDrive/Audio_dataset/Bengali/17119.mp3,4.977,-119.88,False,4.544,Bengali,
/content/drive/MyDrive/Audio_dataset/Bengali/16131.mp3,4.977,-114.09,False,4.945,Bengali,
/content/drive/MyDrive/Audio_dataset/Bengali/16010.mp3,4.981,-117.81,False,4.853,Bengali,
/content/drive/MyDrive/Audio_dataset/Bengali/15915.mp3,4.977,-108.12,False,4.337,Bengali,
/content/drive/MyDrive/Audio_dataset/Bengali/16097.mp3,5.005,-104.05,False,4.365,Bengali,
/content/drive/MyDrive/Audio_dataset/Bengali/16999.mp3,4.981,-118.54,False,4.469,Bengali,
/content/drive/MyDrive/Audio_dataset/Bengali/17446.mp3,5.005,-127.46,False,4.288,Bengali,
/content/drive/MyDrive/Audio_dataset/Bengali/17403.mp3,5.004,-128.51,False,4.396,Bengali,
/content/drive/MyDrive/Audio_dataset/Bengali/16990.mp3,4.981,-99.8,False,4.096,Bengali,
/content/drive/MyDrive/Audio_dataset/Bengali/1663.mp3,4.981,-127.37,False,4.288,Bengali,
/content/drive/MyDrive/Audio_dataset/Bengali/16864 (1).mp3,4.977,-126.84,False,4.977,Bengali,
/content/drive/MyDrive/Audio_dataset/Bengali/17146.mp3,4.981,-112.16,False,4.981,Bengali,
/content/drive/MyDrive/Audio_dataset/Bengali/15997.mp3,4.981,-142.35,False,4.96,Bengali,
/content/drive/MyDrive/Audio_dataset/Bengali/16978 (1).mp3,5.004,-105.76,False,4.94,Bengali,
/content/drive/MyDrive/Audio_dataset/Bengali/15981.mp3,5.005,-117.32,False,5.005,Bengali,
/content/drive/MyDrive/Audio_dataset/Bengali/15899.mp3,4.981,-99.57,False,4.352,Bengali,
/content/drive/MyDrive/Audio_dataset/Bengali/16765.mp3,4.981,-110.33,False,4.341,Bengali,
/content/drive/MyDrive/Audio_dataset/Bengali/1600.mp3,4.981,-125.81,False,4.981,Bengali,
/content/drive/MyDrive/Audio_dataset/Bengali/15817.mp3,4.981,-108.19,False,4.608,Bengali,
/content/drive/MyDrive/Audio_dataset/Bengali/16254.mp3,4.981,-119.09,False,4.832,Bengali,
/content/drive/MyDrive/Audio_dataset/Bengali/16864.mp3,4.977,-126.84,False,4.977,Bengali,
/content/drive/MyDrive/Audio_dataset/Bengali/1622.mp3,4.977,-107.28,False,4.913,Bengali,
/content/drive/MyDrive/Audio_dataset/Bengali/15963.mp3,5.004,-119.38,False,3.456,Bengali,
/content/drive/MyDrive/Audio_dataset/Bengali/17120.mp3,4.981,-110.58,False,2.752,Bengali,
/content/drive/MyDrive/Audio_dataset/Bengali/16027.mp3,5.005,-121.38,False,5.005,Bengali,
/content/drive/MyDrive/Audio_dataset/Bengali/1606.mp3,5.004,-114.12,False,4.972,Bengali,
/content/drive/MyDrive/Audio_dataset/Bengali/16609.mp3,5.004,-110.86,False,4.972,Bengali,
/content/drive/MyDrive/Audio_dataset/Bengali/17078.mp3,4.981,-128.06,False,4.544,Bengali,
/content/drive/MyDrive/Audio_dataset/Bengali/17211.mp3,4.977,-110.4,False,4.512,Bengali,
/content/drive/MyDrive/Audio_dataset/Bengali/16913.mp3,4.981,-133.77,False,4.981,Bengali,
/content/drive/MyDrive/Audio_dataset/Bengali/16978.mp3,5.004,-105.76,False,4.94,Bengali,
/content/drive/MyDrive/Audio_dataset/Bengali/16742.mp3,4.981,-103.83,False,4.544,Bengali,
/content/drive/MyDrive/Audio_dataset/Bengali/1679.mp3,4.981,-127.38,False,4.885,Bengali,
/content/drive/MyDrive/Audio_dataset/Bengali/1709.mp3,4.981,-118.75,False,4.896,Bengali,
/content/drive/MyDrive/Audio_dataset/Bengali/17474.mp3,4.977,-124.74,False,4.913,Bengali,
/content/drive/MyDrive/Audio_dataset/Bengali/16543.mp3,5.005,-103.07,False,4.544,Bengali,
/content/drive/MyDrive/Audio_dataset/Bengali/1934.mp3,5.005,-111.25,False,4.896,Bengali,
/content/drive/MyDrive/Audio_dataset/Bengali/18281.mp3,5.005,-102.32,False,4.589,Bengali,
/content/drive/MyDrive/Audio_dataset/Bengali/19612.mp3,5.004,-155.87,False,4.928,Bengali,
/content/drive/MyDrive/Audio_dataset/Bengali/17873.mp3,4.981,-103.94,False,4.981,Bengali,
/content/drive/MyDrive/Audio_dataset/Bengali/18638.mp3,5.005,-123.96,False,4.288,Bengali,
/content/drive/MyDrive/Audio_dataset/Bengali/17572.mp3,5.004,-83.97,False,5.004,Bengali,
/content/drive/MyDrive/Audio_dataset/Bengali/18991.mp3,5.005,-97.16,False,4.365,Bengali,
/content/drive/MyDrive/Audio_dataset/Bengali/18947.mp3,4.981,-114.96,False,4.128,Bengali,
/content/drive/MyDrive/Audio_dataset/Bengali/17814.mp3,4.977,-111.09,False,4.977,Bengali,
/content/drive/MyDrive/Audio_dataset/Bengali/19128.mp3,4.981,-117.95,False,4.981,Bengali,
/content/drive/MyDrive/Audio_dataset/Bengali/19082.mp3,4.981,-107.31,False,4.981,Bengali,
/content/drive/MyDrive/Audio_dataset/Bengali/1751.mp3,4.981,-110.23,False,2.976,Bengali,
/content/drive/MyDrive/Audio_dataset/Bengali/18388.mp3,5.005,-127.83,False,5.005,Bengali,
/content/drive/MyDrive/Audio_dataset/Bengali/17705.mp3,5.005,-106.39,False,4.832,Bengali,
/content/drive/MyDrive/Audio_dataset/Bengali/1957.mp3,5.004,-192.46,False,5.004,Bengali,
/content/drive/MyDrive/Audio_dataset/Bengali/19453.mp3,5.004,-116.2,False,4.928,Bengali,
/content/drive/MyDrive/Audio_dataset/Bengali/18895.mp3,5.004,-93.24,False,5.004,Bengali,
/content/drive/MyDrive/Audio_dataset/Bengali/18584.mp3,4.981,-121.35,False,4.725,Bengali,
/content/drive/MyDrive/Audio_dataset/Bengali/1955.mp3,4.981,-104.32,False,4.96,Bengali,
/content/drive/MyDrive/Audio_dataset/Bengali/18458.mp3,4.977,-89.36,False,4.945,Bengali,
/content/drive/MyDrive/Audio_dataset/Bengali/19720.mp3,4.981,-120.66,False,4.928,Bengali,
/content/drive/MyDrive/Audio_dataset/Bengali/18558.mp3,4.977,-113.6,False,4.817,Bengali,
/content/drive/MyDrive/Audio_dataset/Bengali/1825.mp3,4.977,-109.45,False,4.913,Bengali,
/content/drive/MyDrive/Audio_dataset/Bengali/17577.mp3,4.977,-117.72,False,4.928,Bengali,
/content/drive/MyDrive/Audio_dataset/Bengali/1948.mp3,4.977,-127.52,False,4.977,Bengali,
/content/drive/MyDrive/Audio_dataset/Bengali/18549.mp3,4.981,-112.09,False,4.864,Bengali,
/content/drive/MyDrive/Audio_dataset/Bengali/18635.mp3,5.004,-107.43,False,5.004,Bengali,
/content/drive/MyDrive/Audio_dataset/Bengali/18519.mp3,4.977,-123.94,False,4.928,Bengali,
/content/drive/MyDrive/Audio_dataset/Bengali/19324.mp3,4.977,-115.13,False,4.273,Bengali,
/content/drive/MyDrive/Audio_dataset/Bengali/19407.mp3,4.981,-129.33,False,4.288,Bengali,
/content/drive/MyDrive/Audio_dataset/Bengali/19210.mp3,4.981,-117.05,False,4.949,Bengali,
/content/drive/MyDrive/Audio_dataset/Bengali/18737.mp3,4.977,-116.51,False,4.64,Bengali,
/content/drive/MyDrive/Audio_dataset/Bengali/17800.mp3,4.977,-113.5,False,4.977,Bengali,
/content/drive/MyDrive/Audio_dataset/Bengali/18750.mp3,4.977,-121.34,False,4.945,Bengali,
/content/drive/MyDrive/Audio_dataset/Bengali/17849.mp3,4.981,-121.61,False,3.68,Bengali,
/content/drive/MyDrive/Audio_dataset/Bengali/19795.mp3,5.004,-94.05,False,4.928,Bengali,
/content/drive/MyDrive/Audio_dataset/Bengali/19496.mp3,4.981,-126.2,False,4.981,Bengali,
/content/drive/MyDrive/Audio_dataset/Bengali/19705.mp3,4.977,-114.41,False,4.977,Bengali,
/content/drive/MyDrive/Audio_dataset/Bengali/17932.mp3,5.005,-132.67,False,4.448,Bengali,
/content/drive/MyDrive/Audio_dataset/Bengali/17746.mp3,5.005,-134.48,False,4.512,Bengali,
/content/drive/MyDrive/Audio_dataset/Bengali/19009.mp3,4.981,-126.85,False,4.128,Bengali,
/content/drive/MyDrive/Audio_dataset/Bengali/17655.mp3,5.005,-117.61,False,4.973,Bengali,
/content/drive/MyDrive/Audio_dataset/Bengali/17893.mp3,4.981,-119.9,False,4.661,Bengali,
/content/drive/MyDrive/Audio_dataset/Bengali/1796.mp3,4.977,-122.38,False,4.977,Bengali,
/content/drive/MyDrive/Audio_dataset/Bengali/19558.mp3,5.004,-112.17,False,3.5,Bengali,
/content/drive/MyDrive/Audio_dataset/Bengali/19206.mp3,4.981,-113.82,False,4.501,Bengali,
/content/drive/MyDrive/Audio_dataset/Bengali/18515.mp3,5.004,-105.99,False,5.004,Bengali,
/content/drive/MyDrive/Audio_dataset/Bengali/19627.mp3,5.005,-118.06,False,4.909,Bengali,
/content/drive/MyDrive/Audio_dataset/Bengali/181.mp3,5.005,-132.69,False,4.672,Bengali,
/content/drive/MyDrive/Audio_dataset/Bengali/19619.mp3,4.977,-145.07,False,4.337,Bengali,
/content/drive/MyDrive/Audio_dataset/Bengali/18312.mp3,5.005,-146.0,False,4.608,Bengali,
/content/drive/MyDrive/Audio_dataset/Bengali/18471.mp3,4.981,-114.53,False,4.576,Bengali,
/content/drive/MyDrive/Audio_dataset/Bengali/19177.mp3,4.977,-113.38,False,4.305,Bengali,
/content/drive/MyDrive/Audio_dataset/Bengali/18326.mp3,5.005,-104.31,False,5.005,Bengali,
/content/drive/MyDrive/Audio_dataset/Bengali/19282.mp3,5.004,-110.69,False,4.012,Bengali,
/content/drive/MyDrive/Audio_dataset/Bengali/182.mp3,4.981,-112.86,False,4.896,Bengali,
/content/drive/MyDrive/Audio_dataset/Bengali/18304.mp3,5.005,-98.78,False,4.384,Bengali,
/content/drive/MyDrive/Audio_dataset/Bengali/19690.mp3,4.977,-118.16,False,4.977,Bengali,
/content/drive/MyDrive/Audio_dataset/Bengali/18223.mp3,4.981,-101.27,False,4.864,Bengali,
/content/drive/MyDrive/Audio_dataset/Bengali/18686.mp3,4.981,-117.66,False,4.693,Bengali,
/content/drive/MyDrive/Audio_dataset/Bengali/18290.mp3,4.981,-128.3,False,4.981,Bengali,
/content/drive/MyDrive/Audio_dataset/Bengali/17862.mp3,4.977,-118.9,False,4.817,Bengali,
/content/drive/MyDrive/Audio_dataset/Bengali/19240.mp3,4.981,-118.99,False,4.981,Bengali,
/content/drive/MyDrive/Audio_dataset/Bengali/1889.mp3,4.981,-113.6,False,4.629,Bengali,
/content/drive/MyDrive/Audio_dataset/Bengali/17735.mp3,5.004,-111.46,False,4.256,Bengali,
/content/drive/MyDrive/Audio_dataset/Bengali/17543.mp3,4.981,,False,4.981,Bengali,"trim produced <100ms audio, kept untrimmed"
/content/drive/MyDrive/Audio_dataset/Bengali/17621.mp3,4.981,-136.1,False,4.928,Bengali,
/content/drive/MyDrive/Audio_dataset/Bengali/18068.mp3,4.981,-106.27,False,3.392,Bengali,
/content/drive/MyDrive/Audio_dataset/Bengali/18962.mp3,5.005,-112.01,False,4.416,Bengali,
/content/drive/MyDrive/Audio_dataset/Bengali/18747.mp3,4.977,-95.21,False,4.977,Bengali,
/content/drive/MyDrive/Audio_dataset/Bengali/17607.mp3,4.981,-97.67,False,3.189,Bengali,
/content/drive/MyDrive/Audio_dataset/Bengali/19509.mp3,4.981,-113.48,False,4.384,Bengali,
/content/drive/MyDrive/Audio_dataset/Bengali/18222.mp3,4.977,-104.39,False,4.561,Bengali,
/content/drive/MyDrive/Audio_dataset/Bengali/17728.mp3,4.981,-109.42,False,4.949,Bengali,
/content/drive/MyDrive/Audio_dataset/Bengali/18933.mp3,4.981,-123.75,False,4.885,Bengali,
/content/drive/MyDrive/Audio_dataset/Bengali/19099.mp3,4.981,-107.7,False,4.949,Bengali,
/content/drive/MyDrive/Audio_dataset/Bengali/19051.mp3,4.981,-125.61,False,4.981,Bengali,
/content/drive/MyDrive/Audio_dataset/Bengali/18849.mp3,4.981,-111.33,False,3.125,Bengali,
/content/drive/MyDrive/Audio_dataset/Bengali/1882.mp3,4.981,-109.56,False,3.797,Bengali,
/content/drive/MyDrive/Audio_dataset/Bengali/18863.mp3,5.005,-118.15,False,4.909,Bengali,
/content/drive/MyDrive/Audio_dataset/Bengali/18073.mp3,4.981,-137.54,False,4.405,Bengali,
/content/drive/MyDrive/Audio_dataset/Bengali/1880.mp3,5.004,-115.36,False,4.544,Bengali,
/content/drive/MyDrive/Audio_dataset/Bengali/21026.mp3,4.981,-129.94,False,4.928,Bengali,
/content/drive/MyDrive/Audio_dataset/Bengali/20737.mp3,4.977,-104.73,False,4.977,Bengali,
/content/drive/MyDrive/Audio_dataset/Bengali/21844.mp3,5.005,-148.07,False,4.16,Bengali,
/content/drive/MyDrive/Audio_dataset/Bengali/21567.mp3,4.977,-107.39,False,4.657,Bengali,
/content/drive/MyDrive/Audio_dataset/Bengali/21495.mp3,5.004,-91.62,False,5.004,Bengali,
/content/drive/MyDrive/Audio_dataset/Bengali/21134.mp3,4.977,-112.28,False,4.736,Bengali,
/content/drive/MyDrive/Audio_dataset/Bengali/21055.mp3,4.981,-125.74,False,4.981,Bengali,
/content/drive/MyDrive/Audio_dataset/Bengali/199.mp3,4.981,-125.35,False,4.352,Bengali,
/content/drive/MyDrive/Audio_dataset/Bengali/20068.mp3,5.004,-122.31,False,5.004,Bengali,
/content/drive/MyDrive/Audio_dataset/Bengali/20609.mp3,5.004,-105.72,False,4.256,Bengali,
/content/drive/MyDrive/Audio_dataset/Bengali/20526.mp3,4.977,-166.07,False,4.672,Bengali,
/content/drive/MyDrive/Audio_dataset/Bengali/19894.mp3,4.977,-109.17,False,4.64,Bengali,
/content/drive/MyDrive/Audio_dataset/Bengali/21115.mp3,5.005,-114.79,False,4.032,Bengali,
/content/drive/MyDrive/Audio_dataset/Bengali/21592.mp3,4.977,-96.63,False,4.977,Bengali,
/content/drive/MyDrive/Audio_dataset/Bengali/19887.mp3,4.977,-128.52,False,4.352,Bengali,
/content/drive/MyDrive/Audio_dataset/Bengali/2128.mp3,5.004,-114.17,False,4.704,Bengali,
/content/drive/MyDrive/Audio_dataset/Bengali/21360.mp3,4.977,-94.31,False,4.977,Bengali,
/content/drive/MyDrive/Audio_dataset/Bengali/21113.mp3,4.981,-99.19,False,4.917,Bengali,
/content/drive/MyDrive/Audio_dataset/Bengali/2002.mp3,4.977,-112.52,False,4.945,Bengali,
/content/drive/MyDrive/Audio_dataset/Bengali/19796.mp3,4.981,-109.36,False,4.981,Bengali,
/content/drive/MyDrive/Audio_dataset/Bengali/21867.mp3,5.004,-117.27,False,4.812,Bengali,
/content/drive/MyDrive/Audio_dataset/Bengali/21587.mp3,4.977,-121.23,False,4.16,Bengali,
/content/drive/MyDrive/Audio_dataset/Bengali/20998.mp3,4.981,-99.12,False,4.608,Bengali,
/content/drive/MyDrive/Audio_dataset/Bengali/20904.mp3,4.213,-125.14,False,4.128,Bengali,
/content/drive/MyDrive/Audio_dataset/Bengali/20799.mp3,4.981,-104.78,False,4.256,Bengali,
/content/drive/MyDrive/Audio_dataset/Bengali/20481.mp3,4.981,-106.33,False,3.936,Bengali,
/content/drive/MyDrive/Audio_dataset/Bengali/20331.mp3,5.004,-103.42,False,4.684,Bengali,
/content/drive/MyDrive/Audio_dataset/Bengali/19917.mp3,4.981,-108.97,False,3.861,Bengali,
/content/drive/MyDrive/Audio_dataset/Bengali/2108.mp3,4.977,-86.66,False,3.744,Bengali,
/content/drive/MyDrive/Audio_dataset/Bengali/21017.mp3,5.004,-115.99,False,4.544,Bengali,
/content/drive/MyDrive/Audio_dataset/Bengali/19957.mp3,5.004,-108.8,False,4.94,Bengali,
/content/drive/MyDrive/Audio_dataset/Bengali/2010.mp3,4.977,-101.61,False,4.913,Bengali,
/content/drive/MyDrive/Audio_dataset/Bengali/2013.mp3,4.981,-124.96,False,4.981,Bengali,
/content/drive/MyDrive/Audio_dataset/Bengali/21336.mp3,5.004,-105.22,False,5.004,Bengali,
/content/drive/MyDrive/Audio_dataset/Bengali/21411.mp3,4.981,-126.44,False,3.712,Bengali,
/content/drive/MyDrive/Audio_dataset/Bengali/21225.mp3,5.005,-131.75,False,3.936,Bengali,
/content/drive/MyDrive/Audio_dataset/Bengali/20020.mp3,4.977,-120.18,False,4.945,Bengali,
/content/drive/MyDrive/Audio_dataset/Bengali/20375.mp3,4.977,-103.47,False,3.392,Bengali,
/content/drive/MyDrive/Audio_dataset/Bengali/20100.mp3,4.981,-98.46,False,4.629,Bengali,
/content/drive/MyDrive/Audio_dataset/Bengali/2123.mp3,5.004,-121.38,False,4.672,Bengali,
/content/drive/MyDrive/Audio_dataset/Bengali/20665.mp3,4.981,-121.98,False,4.949,Bengali,
/content/drive/MyDrive/Audio_dataset/Bengali/20032.mp3,5.005,-107.11,False,4.973,Bengali,
/content/drive/MyDrive/Audio_dataset/Bengali/20690.mp3,4.981,-113.56,False,4.949,Bengali,
/content/drive/MyDrive/Audio_dataset/Bengali/20918.mp3,5.005,-95.28,False,4.832,Bengali,
/content/drive/MyDrive/Audio_dataset/Bengali/20430.mp3,5.005,-126.53,False,4.397,Bengali,
/content/drive/MyDrive/Audio_dataset/Bengali/20560.mp3,4.977,-90.15,False,4.48,Bengali,
/content/drive/MyDrive/Audio_dataset/Bengali/21473.mp3,4.981,-96.73,False,4.021,Bengali,
/content/drive/MyDrive/Audio_dataset/Bengali/21922.mp3,4.977,-109.76,False,4.945,Bengali,
/content/drive/MyDrive/Audio_dataset/Bengali/21427.mp3,4.981,-119.75,False,4.917,Bengali,
/content/drive/MyDrive/Audio_dataset/Bengali/19798.mp3,4.981,-98.34,False,4.949,Bengali,
/content/drive/MyDrive/Audio_dataset/Bengali/20215.mp3,5.004,-110.9,False,4.928,Bengali,
/content/drive/MyDrive/Audio_dataset/Bengali/21472.mp3,5.004,-91.97,False,4.672,Bengali,
/content/drive/MyDrive/Audio_dataset/Bengali/21767.mp3,4.981,-116.18,False,4.96,Bengali,
/content/drive/MyDrive/Audio_dataset/Bengali/21796.mp3,5.004,-105.75,False,5.004,Bengali,
/content/drive/MyDrive/Audio_dataset/Bengali/21766.mp3,4.981,-112.89,False,4.8,Bengali,
/content/drive/MyDrive/Audio_dataset/Bengali/20490.mp3,4.977,-113.21,False,4.977,Bengali,
/content/drive/MyDrive/Audio_dataset/Bengali/20251.mp3,5.004,-130.46,False,4.94,Bengali,
/content/drive/MyDrive/Audio_dataset/Bengali/21203.mp3,4.981,-131.02,False,4.981,Bengali,
/content/drive/MyDrive/Audio_dataset/Bengali/21274.mp3,4.981,-127.58,False,4.928,Bengali,
/content/drive/MyDrive/Audio_dataset/Bengali/21722.mp3,4.981,-128.39,False,4.981,Bengali,
/content/drive/MyDrive/Audio_dataset/Bengali/20427.mp3,5.004,-116.81,False,4.768,Bengali,
/content/drive/MyDrive/Audio_dataset/Bengali/20772.mp3,4.981,-106.95,False,2.976,Bengali,
/content/drive/MyDrive/Audio_dataset/Bengali/21385.mp3,4.981,-95.06,False,4.277,Bengali,
/content/drive/MyDrive/Audio_dataset/Bengali/20806.mp3,4.981,-101.04,False,4.512,Bengali,
/content/drive/MyDrive/Audio_dataset/Bengali/20219.mp3,5.005,-111.97,False,5.005,Bengali,
/content/drive/MyDrive/Audio_dataset/Bengali/20105.mp3,4.981,-120.91,False,4.981,Bengali,
/content/drive/MyDrive/Audio_dataset/Bengali/20830.mp3,5.004,-113.52,False,4.0,Bengali,
/content/drive/MyDrive/Audio_dataset/Bengali/21377.mp3,5.004,-100.02,False,5.004,Bengali,
/content/drive/MyDrive/Audio_dataset/Bengali/20773.mp3,4.977,-121.01,False,4.977,Bengali,
/content/drive/MyDrive/Audio_dataset/Bengali/21831.mp3,5.004,-114.34,False,4.492,Bengali,
/content/drive/MyDrive/Audio_dataset/Bengali/21894.mp3,5.005,-99.5,False,4.973,Bengali,
/content/drive/MyDrive/Audio_dataset/Bengali/20348.mp3,4.977,-95.72,False,4.913,Bengali,
/content/drive/MyDrive/Audio_dataset/Bengali/2177.mp3,5.004,-112.51,False,5.004,Bengali,
/content/drive/MyDrive/Audio_dataset/Bengali/20041.mp3,4.981,-110.1,False,4.917,Bengali,
/content/drive/MyDrive/Audio_dataset/Bengali/21052.mp3,4.981,-108.67,False,4.981,Bengali,
/content/drive/MyDrive/Audio_dataset/Bengali/20804.mp3,4.981,-110.64,False,3.712,Bengali,
/content/drive/MyDrive/Audio_dataset/Bengali/21607.mp3,4.981,-119.66,False,4.512,Bengali,
/content/drive/MyDrive/Audio_dataset/Bengali/20826.mp3,5.005,-112.55,False,4.928,Bengali,
/content/drive/MyDrive/Audio_dataset/Bengali/21627.mp3,5.004,-124.92,False,4.576,Bengali,
/content/drive/MyDrive/Audio_dataset/Bengali/21351.mp3,5.004,-97.13,False,5.004,Bengali,
/content/drive/MyDrive/Audio_dataset/Bengali/20413.mp3,4.981,-117.32,False,4.832,Bengali,
/content/drive/MyDrive/Audio_dataset/Bengali/21724.mp3,4.977,-106.09,False,4.913,Bengali,
/content/drive/MyDrive/Audio_dataset/Bengali/20231.mp3,4.977,-137.19,False,4.96,Bengali,
/content/drive/MyDrive/Audio_dataset/Bengali/20004.mp3,5.004,-115.58,False,4.908,Bengali,
/content/drive/MyDrive/Audio_dataset/Bengali/19808.mp3,5.005,-104.79,False,5.005,Bengali,
/content/drive/MyDrive/Audio_dataset/Bengali/23307.mp3,4.977,-114.42,False,4.465,Bengali,
/content/drive/MyDrive/Audio_dataset/Bengali/23677.mp3,4.981,-123.33,False,4.981,Bengali,
/content/drive/MyDrive/Audio_dataset/Bengali/22524.mp3,4.977,-127.86,False,4.945,Bengali,
/content/drive/MyDrive/Audio_dataset/Bengali/2348.mp3,4.981,-100.64,False,4.981,Bengali,
/content/drive/MyDrive/Audio_dataset/Bengali/22757.mp3,4.981,-130.73,False,4.224,Bengali,
/content/drive/MyDrive/Audio_dataset/Bengali/24060.mp3,5.005,-127.08,False,4.557,Bengali,
/content/drive/MyDrive/Audio_dataset/Bengali/2259.mp3,4.981,-107.62,False,4.32,Bengali,
/content/drive/MyDrive/Audio_dataset/Bengali/23285.mp3,5.004,-110.62,False,4.812,Bengali,
/content/drive/MyDrive/Audio_dataset/Bengali/23005.mp3,5.005,-102.99,False,5.005,Bengali,
/content/drive/MyDrive/Audio_dataset/Bengali/23324.mp3,5.005,-107.41,False,4.717,Bengali,
/content/drive/MyDrive/Audio_dataset/Bengali/22706.mp3,4.977,-110.23,False,4.945,Bengali,
/content/drive/MyDrive/Audio_dataset/Bengali/23039.mp3,4.981,-102.03,False,4.96,Bengali,
/content/drive/MyDrive/Audio_dataset/Bengali/22961.mp3,4.977,-129.19,False,4.913,Bengali,
/content/drive/MyDrive/Audio_dataset/Bengali/23663.mp3,4.981,-119.92,False,4.096,Bengali,
/content/drive/MyDrive/Audio_dataset/Bengali/22933.mp3,4.977,-117.66,False,4.913,Bengali,
/content/drive/MyDrive/Audio_dataset/Bengali/23557.mp3,5.004,-158.5,False,3.712,Bengali,
/content/drive/MyDrive/Audio_dataset/Bengali/22820.mp3,4.981,-104.1,False,4.629,Bengali,
/content/drive/MyDrive/Audio_dataset/Bengali/23142.mp3,4.981,-100.81,False,4.981,Bengali,
/content/drive/MyDrive/Audio_dataset/Bengali/22215.mp3,4.977,-117.6,False,3.52,Bengali,
/content/drive/MyDrive/Audio_dataset/Bengali/2397.mp3,5.004,-114.85,False,4.78,Bengali,
/content/drive/MyDrive/Audio_dataset/Bengali/23694.mp3,4.977,-123.39,False,4.096,Bengali,
/content/drive/MyDrive/Audio_dataset/Bengali/22611.mp3,4.977,-98.32,False,4.977,Bengali,
/content/drive/MyDrive/Audio_dataset/Bengali/23562.mp3,4.977,-137.32,False,4.977,Bengali,
/content/drive/MyDrive/Audio_dataset/Bengali/23304.mp3,5.005,-127.56,False,4.525,Bengali,
/content/drive/MyDrive/Audio_dataset/Bengali/22220.mp3,5.005,-106.77,False,5.005,Bengali,
/content/drive/MyDrive/Audio_dataset/Bengali/23222.mp3,5.004,-109.49,False,4.972,Bengali,
/content/drive/MyDrive/Audio_dataset/Bengali/23124.mp3,5.004,-116.39,False,5.004,Bengali,
/content/drive/MyDrive/Audio_dataset/Bengali/23085.mp3,4.981,-107.27,False,4.832,Bengali,
/content/drive/MyDrive/Audio_dataset/Bengali/22927.mp3,5.004,-112.1,False,4.896,Bengali,
/content/drive/MyDrive/Audio_dataset/Bengali/24015.mp3,5.005,-114.22,False,4.781,Bengali,
/content/drive/MyDrive/Audio_dataset/Bengali/23610.mp3,4.981,-134.13,False,4.917,Bengali,
/content/drive/MyDrive/Audio_dataset/Bengali/22492.mp3,5.004,-132.28,False,5.004,Bengali,
/content/drive/MyDrive/Audio_dataset/Bengali/2239.mp3,4.977,-135.98,False,4.945,Bengali,
/content/drive/MyDrive/Audio_dataset/Bengali/23585.mp3,5.005,-100.82,False,3.757,Bengali,
/content/drive/MyDrive/Audio_dataset/Bengali/23911.mp3,4.453,-103.07,False,4.453,Bengali,
/content/drive/MyDrive/Audio_dataset/Bengali/23758.mp3,4.981,-115.48,False,4.96,Bengali,
/content/drive/MyDrive/Audio_dataset/Bengali/23915.mp3,4.977,-116.85,False,4.913,Bengali,
/content/drive/MyDrive/Audio_dataset/Bengali/23732.mp3,5.005,-110.6,False,4.653,Bengali,
/content/drive/MyDrive/Audio_dataset/Bengali/23680.mp3,4.977,-113.96,False,4.977,Bengali,
/content/drive/MyDrive/Audio_dataset/Bengali/2222.mp3,4.977,-109.2,False,4.785,Bengali,
/content/drive/MyDrive/Audio_dataset/Bengali/238.mp3,5.005,-116.76,False,4.096,Bengali,
/content/drive/MyDrive/Audio_dataset/Bengali/23670.mp3,4.981,-128.68,False,3.968,Bengali,
/content/drive/MyDrive/Audio_dataset/Bengali/22851.mp3,4.981,-144.04,False,4.661,Bengali,
/content/drive/MyDrive/Audio_dataset/Bengali/22887.mp3,4.981,-107.71,False,4.981,Bengali,
/content/drive/MyDrive/Audio_dataset/Bengali/23695.mp3,5.004,-119.22,False,4.972,Bengali,
/content/drive/MyDrive/Audio_dataset/Bengali/22883.mp3,5.005,-123.73,False,4.557,Bengali,
/content/drive/MyDrive/Audio_dataset/Bengali/23272.mp3,5.004,-113.75,False,4.972,Bengali,
/content/drive/MyDrive/Audio_dataset/Bengali/23656.mp3,4.977,-155.05,False,4.977,Bengali,
/content/drive/MyDrive/Audio_dataset/Bengali/23058.mp3,4.981,-108.42,False,4.96,Bengali,
/content/drive/MyDrive/Audio_dataset/Bengali/23253.mp3,5.005,-121.38,False,4.16,Bengali,
/content/drive/MyDrive/Audio_dataset/Bengali/2202.mp3,5.005,-116.43,False,4.653,Bengali,
/content/drive/MyDrive/Audio_dataset/Bengali/22957.mp3,5.005,-114.2,False,4.941,Bengali,
/content/drive/MyDrive/Audio_dataset/Bengali/2245.mp3,4.981,-107.77,False,4.896,Bengali,
/content/drive/MyDrive/Audio_dataset/Bengali/22218.mp3,5.005,-126.79,False,5.005,Bengali,
/content/drive/MyDrive/Audio_dataset/Bengali/23054.mp3,5.004,-120.22,False,5.004,Bengali,
/content/drive/MyDrive/Audio_dataset/Bengali/22196.mp3,4.981,-120.19,False,4.981,Bengali,
/content/drive/MyDrive/Audio_dataset/Bengali/22261.mp3,4.977,-121.12,False,4.977,Bengali,
/content/drive/MyDrive/Audio_dataset/Bengali/22791.mp3,4.981,-128.89,False,4.672,Bengali,
/content/drive/MyDrive/Audio_dataset/Bengali/22772.mp3,5.005,-111.82,False,3.872,Bengali,
/content/drive/MyDrive/Audio_dataset/Bengali/22118.mp3,5.005,-132.27,False,5.005,Bengali,
/content/drive/MyDrive/Audio_dataset/Bengali/24121.mp3,4.977,-90.32,False,4.145,Bengali,
/content/drive/MyDrive/Audio_dataset/Bengali/23815.mp3,4.981,-98.97,False,4.565,Bengali,
/content/drive/MyDrive/Audio_dataset/Bengali/22336.mp3,4.981,-103.42,False,4.981,Bengali,
/content/drive/MyDrive/Audio_dataset/Bengali/23784.mp3,4.981,-136.52,False,3.776,Bengali,
/content/drive/MyDrive/Audio_dataset/Bengali/23936.mp3,5.004,-93.07,False,4.96,Bengali,
/content/drive/MyDrive/Audio_dataset/Bengali/2223.mp3,5.004,-128.11,False,4.448,Bengali,
/content/drive/MyDrive/Audio_dataset/Bengali/23653.mp3,5.004,-114.62,False,4.992,Bengali,
/content/drive/MyDrive/Audio_dataset/Bengali/22746.mp3,5.004,-116.11,False,4.704,Bengali,
/content/drive/MyDrive/Audio_dataset/Bengali/23246.mp3,4.981,-101.62,False,4.981,Bengali,
/content/drive/MyDrive/Audio_dataset/Bengali/23315.mp3,5.004,-105.6,False,4.972,Bengali,
/content/drive/MyDrive/Audio_dataset/Bengali/22523.mp3,5.004,-120.29,False,4.32,Bengali,
/content/drive/MyDrive/Audio_dataset/Bengali/2350.mp3,4.977,-96.55,False,3.776,Bengali,
/content/drive/MyDrive/Audio_dataset/Bengali/22314.mp3,5.005,-117.59,False,4.64,Bengali,
/content/drive/MyDrive/Audio_dataset/Bengali/23443.mp3,4.977,-102.05,False,4.977,Bengali,
/content/drive/MyDrive/Audio_dataset/Bengali/22589.mp3,4.981,-99.0,False,4.981,Bengali,
/content/drive/MyDrive/Audio_dataset/Bengali/22287.mp3,4.977,-122.42,False,2.944,Bengali,
/content/drive/MyDrive/Audio_dataset/Bengali/2396.mp3,5.005,-134.21,False,4.333,Bengali,
/content/drive/MyDrive/Audio_dataset/Bengali/23705.mp3,5.004,-94.99,False,5.004,Bengali,
/content/drive/MyDrive/Audio_dataset/Bengali/23461.mp3,5.005,-90.9,False,3.501,Bengali,
/content/drive/MyDrive/Audio_dataset/Bengali/23340.mp3,4.977,-116.56,False,4.977,Bengali,
/content/drive/MyDrive/Audio_dataset/Bengali/22640.mp3,5.005,-103.8,False,4.16,Bengali,
/content/drive/MyDrive/Audio_dataset/Bengali/22963.mp3,4.981,-119.11,False,4.949,Bengali,
/content/drive/MyDrive/Audio_dataset/Bengali/23214.mp3,4.981,-103.79,False,4.533,Bengali,
/content/drive/MyDrive/Audio_dataset/Bengali/22612.mp3,5.005,-119.58,False,4.768,Bengali,
/content/drive/MyDrive/Audio_dataset/Bengali/23081.mp3,4.981,-112.58,False,4.469,Bengali,
/content/drive/MyDrive/Audio_dataset/Bengali/25674.mp3,5.004,-112.48,False,3.84,Bengali,
/content/drive/MyDrive/Audio_dataset/Bengali/26351.mp3,4.977,-108.44,False,4.817,Bengali,
/content/drive/MyDrive/Audio_dataset/Bengali/24539.mp3,5.005,-100.51,False,3.437,Bengali,
/content/drive/MyDrive/Audio_dataset/Bengali/26387.mp3,4.981,-101.08,False,4.949,Bengali,
/content/drive/MyDrive/Audio_dataset/Bengali/24220.mp3,5.005,-122.17,False,3.808,Bengali,
/content/drive/MyDrive/Audio_dataset/Bengali/25034.mp3,4.981,-97.36,False,4.981,Bengali,
/content/drive/MyDrive/Audio_dataset/Bengali/24390.mp3,4.981,-106.92,False,3.872,Bengali,
/content/drive/MyDrive/Audio_dataset/Bengali/24695.mp3,4.977,-115.05,False,4.977,Bengali,
/content/drive/MyDrive/Audio_dataset/Bengali/2642.mp3,5.005,-130.71,False,4.48,Bengali,
/content/drive/MyDrive/Audio_dataset/Bengali/25474.mp3,4.977,-107.22,False,4.416,Bengali,
/content/drive/MyDrive/Audio_dataset/Bengali/24469.mp3,4.981,-109.88,False,4.885,Bengali,
/content/drive/MyDrive/Audio_dataset/Bengali/24887.mp3,4.981,-99.19,False,4.949,Bengali,
/content/drive/MyDrive/Audio_dataset/Bengali/24272.mp3,4.977,-93.5,False,4.977,Bengali,
/content/drive/MyDrive/Audio_dataset/Bengali/25965.mp3,4.981,-105.21,False,4.629,Bengali,
/content/drive/MyDrive/Audio_dataset/Bengali/26441.mp3,5.005,-128.31,False,5.005,Bengali,
/content/drive/MyDrive/Audio_dataset/Bengali/24379.mp3,4.981,-113.68,False,3.616,Bengali,
/content/drive/MyDrive/Audio_dataset/Bengali/25855.mp3,4.981,-103.84,False,4.917,Bengali,
/content/drive/MyDrive/Audio_dataset/Bengali/24747.mp3,4.981,-103.04,False,4.512,Bengali,
/content/drive/MyDrive/Audio_dataset/Bengali/26259.mp3,5.004,-129.79,False,4.78,Bengali,
/content/drive/MyDrive/Audio_dataset/Bengali/25258.mp3,4.981,-119.0,False,4.981,Bengali,
/content/drive/MyDrive/Audio_dataset/Bengali/24166.mp3,4.977,-126.43,False,3.808,Bengali,
/content/drive/MyDrive/Audio_dataset/Bengali/25124.mp3,4.977,-121.14,False,4.977,Bengali,
/content/drive/MyDrive/Audio_dataset/Bengali/24467.mp3,4.981,-122.23,False,4.661,Bengali,
/content/drive/MyDrive/Audio_dataset/Bengali/24756.mp3,5.004,-121.08,False,4.524,Bengali,
/content/drive/MyDrive/Audio_dataset/Bengali/25664.mp3,5.004,-120.31,False,4.876,Bengali,
/content/drive/MyDrive/Audio_dataset/Bengali/24229.mp3,5.004,-105.34,False,5.004,Bengali,
/content/drive/MyDrive/Audio_dataset/Bengali/24867.mp3,4.981,-106.33,False,4.256,Bengali,
/content/drive/MyDrive/Audio_dataset/Bengali/25724.mp3,5.005,-116.9,False,5.005,Bengali,
/content/drive/MyDrive/Audio_dataset/Bengali/24803.mp3,4.981,-114.07,False,4.981,Bengali,
/content/drive/MyDrive/Audio_dataset/Bengali/24705.mp3,4.977,-112.99,False,4.881,Bengali,
/content/drive/MyDrive/Audio_dataset/Bengali/24724.mp3,5.004,-124.6,False,3.904,Bengali,
/content/drive/MyDrive/Audio_dataset/Bengali/25722.mp3,4.981,-121.39,False,4.949,Bengali,
/content/drive/MyDrive/Audio_dataset/Bengali/2612.mp3,4.977,-116.2,False,4.832,Bengali,
/content/drive/MyDrive/Audio_dataset/Bengali/25325.mp3,4.981,-119.0,False,4.928,Bengali,
/content/drive/MyDrive/Audio_dataset/Bengali/24770.mp3,4.977,-118.68,False,4.881,Bengali,
/content/drive/MyDrive/Audio_dataset/Bengali/26505.mp3,4.977,-117.95,False,4.96,Bengali,
/content/drive/MyDrive/Audio_dataset/Bengali/26390.mp3,5.005,-144.85,False,4.704,Bengali,
/content/drive/MyDrive/Audio_dataset/Bengali/26410.mp3,4.981,-134.82,False,4.981,Bengali,
/content/drive/MyDrive/Audio_dataset/Bengali/26161.mp3,4.981,-101.82,False,4.885,Bengali,
/content/drive/MyDrive/Audio_dataset/Bengali/25743.mp3,4.981,-107.86,False,4.853,Bengali,
/content/drive/MyDrive/Audio_dataset/Bengali/25264.mp3,4.981,-119.39,False,4.981,Bengali,
/content/drive/MyDrive/Audio_dataset/Bengali/25622.mp3,5.005,-105.63,False,4.941,Bengali,
/content/drive/MyDrive/Audio_dataset/Bengali/24257.mp3,4.977,-119.87,False,4.913,Bengali,
/content/drive/MyDrive/Audio_dataset/Bengali/26098.mp3,5.004,-108.45,False,5.004,Bengali,
/content/drive/MyDrive/Audio_dataset/Bengali/26525.mp3,5.005,-139.21,False,2.272,Bengali,
/content/drive/MyDrive/Audio_dataset/Bengali/26489.mp3,4.981,-110.36,False,4.853,Bengali,
/content/drive/MyDrive/Audio_dataset/Bengali/25919.mp3,4.977,-118.49,False,4.448,Bengali,
/content/drive/MyDrive/Audio_dataset/Bengali/24357.mp3,4.977,-91.7,False,4.977,Bengali,
/content/drive/MyDrive/Audio_dataset/Bengali/25761.mp3,4.977,-120.4,False,4.945,Bengali,
/content/drive/MyDrive/Audio_dataset/Bengali/25089.mp3,5.005,-123.86,False,4.832,Bengali,
/content/drive/MyDrive/Audio_dataset/Bengali/2616.mp3,4.981,-111.92,False,4.693,Bengali,
/content/drive/MyDrive/Audio_dataset/Bengali/25295.mp3,4.977,-91.2,False,4.977,Bengali,
/content/drive/MyDrive/Audio_dataset/Bengali/25477.mp3,4.981,-114.36,False,4.949,Bengali,
/content/drive/MyDrive/Audio_dataset/Bengali/2528.mp3,5.005,-110.78,False,4.64,Bengali,
/content/drive/MyDrive/Audio_dataset/Bengali/24142.mp3,5.005,-104.9,False,5.005,Bengali,
/content/drive/MyDrive/Audio_dataset/Bengali/24633.mp3,4.981,-106.89,False,4.693,Bengali,
/content/drive/MyDrive/Audio_dataset/Bengali/25532.mp3,4.981,-126.84,False,4.981,Bengali,
/content/drive/MyDrive/Audio_dataset/Bengali/24884.mp3,4.981,-124.46,False,4.981,Bengali,
/content/drive/MyDrive/Audio_dataset/Bengali/24951.mp3,5.004,-97.73,False,4.812,Bengali,
/content/drive/MyDrive/Audio_dataset/Bengali/24806.mp3,4.977,-98.98,False,4.657,Bengali,
/content/drive/MyDrive/Audio_dataset/Bengali/2591.mp3,4.977,-126.5,False,3.776,Bengali,
/content/drive/MyDrive/Audio_dataset/Bengali/25308.mp3,5.005,-121.4,False,4.928,Bengali,
/content/drive/MyDrive/Audio_dataset/Bengali/2483.mp3,4.977,-96.95,False,4.977,Bengali,
/content/drive/MyDrive/Audio_dataset/Bengali/25503.mp3,4.981,-93.41,False,4.885,Bengali,
/content/drive/MyDrive/Audio_dataset/Bengali/25167.mp3,5.004,-111.87,False,4.768,Bengali,
/content/drive/MyDrive/Audio_dataset/Bengali/24407.mp3,4.977,-116.9,False,4.849,Bengali,
/content/drive/MyDrive/Audio_dataset/Bengali/26263.mp3,4.981,-112.57,False,4.8,Bengali,
/content/drive/MyDrive/Audio_dataset/Bengali/24336.mp3,5.005,-122.88,False,2.944,Bengali,
/content/drive/MyDrive/Audio_dataset/Bengali/26317.mp3,4.981,-127.1,False,4.981,Bengali,
/content/drive/MyDrive/Audio_dataset/Bengali/24240.mp3,4.981,-118.47,False,4.896,Bengali,
/content/drive/MyDrive/Audio_dataset/Bengali/25113.mp3,4.981,-115.31,False,4.981,Bengali,
/content/drive/MyDrive/Audio_dataset/Bengali/26130.mp3,4.981,-118.11,False,4.896,Bengali,
/content/drive/MyDrive/Audio_dataset/Bengali/24453.mp3,4.977,-118.46,False,4.608,Bengali,
/content/drive/MyDrive/Audio_dataset/Bengali/24936.mp3,4.981,-103.33,False,4.853,Bengali,
/content/drive/MyDrive/Audio_dataset/Bengali/24510.mp3,4.981,-102.36,False,4.501,Bengali,
/content/drive/MyDrive/Audio_dataset/Bengali/24254.mp3,4.977,-123.24,False,4.977,Bengali,
/content/drive/MyDrive/Audio_dataset/Bengali/24621.mp3,5.005,-115.92,False,4.525,Bengali,
/content/drive/MyDrive/Audio_dataset/Bengali/25482.mp3,4.981,-97.39,False,4.704,Bengali,
/content/drive/MyDrive/Audio_dataset/Bengali/24505.mp3,5.004,-121.86,False,4.812,Bengali,
/content/drive/MyDrive/Audio_dataset/Bengali/24674.mp3,5.005,-113.68,False,5.005,Bengali,
/content/drive/MyDrive/Audio_dataset/Bengali/25999.mp3,4.981,-104.41,False,4.885,Bengali,
/content/drive/MyDrive/Audio_dataset/Bengali/24234.mp3,4.981,-106.7,False,4.128,Bengali,
/content/drive/MyDrive/Audio_dataset/Bengali/25951.mp3,4.977,-130.74,False,4.433,Bengali,
/content/drive/MyDrive/Audio_dataset/Bengali/25667.mp3,4.981,-131.68,False,4.949,Bengali,
/content/drive/MyDrive/Audio_dataset/Bengali/26374.mp3,5.005,-100.85,False,4.941,Bengali,
/content/drive/MyDrive/Audio_dataset/Bengali/262.mp3,5.005,-111.08,False,4.749,Bengali,
/content/drive/MyDrive/Audio_dataset/Bengali/24500.mp3,5.004,-100.25,False,5.004,Bengali,
/content/drive/MyDrive/Audio_dataset/Bengali/2458.mp3,4.981,-103.33,False,4.949,Bengali,
/content/drive/MyDrive/Audio_dataset/Bengali/26456.mp3,5.005,-109.62,False,4.928,Bengali,
/content/drive/MyDrive/Audio_dataset/Bengali/24416.mp3,5.004,-103.75,False,4.896,Bengali,
/content/drive/MyDrive/Audio_dataset/Bengali/25173.mp3,4.981,-112.57,False,4.896,Bengali,
/content/drive/MyDrive/Audio_dataset/Bengali/24265.mp3,4.981,-135.24,False,4.661,Bengali,
/content/drive/MyDrive/Audio_dataset/Bengali/2915.mp3,5.005,-110.99,False,4.557,Bengali,
/content/drive/MyDrive/Audio_dataset/Bengali/27193.mp3,4.977,-127.9,False,4.704,Bengali,
/content/drive/MyDrive/Audio_dataset/Bengali/2775.mp3,5.005,-107.59,False,5.005,Bengali,
/content/drive/MyDrive/Audio_dataset/Bengali/3606.mp3,5.005,-117.33,False,4.736,Bengali,
/content/drive/MyDrive/Audio_dataset/Bengali/26748.mp3,5.005,-108.82,False,3.488,Bengali,
/content/drive/MyDrive/Audio_dataset/Bengali/381.mp3,5.004,-88.7,False,5.004,Bengali,
/content/drive/MyDrive/Audio_dataset/Bengali/3889.mp3,4.981,-142.07,False,4.896,Bengali,
/content/drive/MyDrive/Audio_dataset/Bengali/3827.mp3,4.977,-120.87,False,4.721,Bengali,
/content/drive/MyDrive/Audio_dataset/Bengali/3361.mp3,5.005,-104.08,False,4.928,Bengali,
/content/drive/MyDrive/Audio_dataset/Bengali/2920.mp3,4.981,-133.76,False,4.981,Bengali,
/content/drive/MyDrive/Audio_dataset/Bengali/3598.mp3,5.005,-98.35,False,4.973,Bengali,
/content/drive/MyDrive/Audio_dataset/Bengali/26720.mp3,5.004,-104.36,False,4.94,Bengali,
/content/drive/MyDrive/Audio_dataset/Bengali/2992.mp3,4.981,-112.26,False,4.917,Bengali,
/content/drive/MyDrive/Audio_dataset/Bengali/2677.mp3,5.005,-117.78,False,4.973,Bengali,
/content/drive/MyDrive/Audio_dataset/Bengali/2900.mp3,4.981,-92.38,False,3.989,Bengali,
/content/drive/MyDrive/Audio_dataset/Bengali/3960.mp3,4.977,-116.84,False,4.977,Bengali,
/content/drive/MyDrive/Audio_dataset/Bengali/2807.mp3,4.981,-113.77,False,4.821,Bengali,
/content/drive/MyDrive/Audio_dataset/Bengali/3614.mp3,4.981,-104.04,False,4.224,Bengali,
/content/drive/MyDrive/Audio_dataset/Bengali/2776.mp3,4.977,-108.96,False,4.241,Bengali,
/content/drive/MyDrive/Audio_dataset/Bengali/3645.mp3,5.004,-104.11,False,4.972,Bengali,
/content/drive/MyDrive/Audio_dataset/Bengali/27022.mp3,4.981,-92.5,False,4.661,Bengali,
/content/drive/MyDrive/Audio_dataset/Bengali/3784.mp3,4.981,-109.7,False,4.981,Bengali,
/content/drive/MyDrive/Audio_dataset/Bengali/3029.mp3,4.981,-120.34,False,3.392,Bengali,
/content/drive/MyDrive/Audio_dataset/Bengali/27205.mp3,5.004,-113.34,False,5.004,Bengali,
/content/drive/MyDrive/Audio_dataset/Bengali/26838.mp3,4.981,-111.75,False,3.584,Bengali,
/content/drive/MyDrive/Audio_dataset/Bengali/3979.mp3,5.004,-110.91,False,4.748,Bengali,
/content/drive/MyDrive/Audio_dataset/Bengali/3106.mp3,5.004,-108.66,False,5.004,Bengali,
/content/drive/MyDrive/Audio_dataset/Bengali/326.mp3,4.981,-112.76,False,4.544,Bengali,
/content/drive/MyDrive/Audio_dataset/Bengali/26953.mp3,4.977,-92.23,False,4.977,Bengali,
/content/drive/MyDrive/Audio_dataset/Bengali/4008.mp3,5.005,-96.94,False,5.005,Bengali,
/content/drive/MyDrive/Audio_dataset/Bengali/3228.mp3,4.981,-103.42,False,4.224,Bengali,
/content/drive/MyDrive/Audio_dataset/Bengali/27256.mp3,5.004,-100.37,False,4.876,Bengali,
/content/drive/MyDrive/Audio_dataset/Bengali/2660.mp3,4.981,-103.43,False,4.672,Bengali,
/content/drive/MyDrive/Audio_dataset/Bengali/3947.mp3,4.981,-121.79,False,4.608,Bengali,
/content/drive/MyDrive/Audio_dataset/Bengali/3511.mp3,4.977,-117.12,False,3.505,Bengali,
/content/drive/MyDrive/Audio_dataset/Bengali/4076.mp3,4.981,-117.44,False,4.917,Bengali,
/content/drive/MyDrive/Audio_dataset/Bengali/2934.mp3,4.981,-126.74,False,4.768,Bengali,
/content/drive/MyDrive/Audio_dataset/Bengali/26954.mp3,5.005,-124.02,False,5.005,Bengali,
/content/drive/MyDrive/Audio_dataset/Bengali/3667.mp3,4.981,-111.12,False,4.949,Bengali,
/content/drive/MyDrive/Audio_dataset/Bengali/3713.mp3,4.981,-114.03,False,4.64,Bengali,
/content/drive/MyDrive/Audio_dataset/Bengali/3758.mp3,5.005,-124.04,False,5.005,Bengali,
/content/drive/MyDrive/Audio_dataset/Bengali/26772.mp3,4.977,-127.41,False,4.928,Bengali,
/content/drive/MyDrive/Audio_dataset/Bengali/2882.mp3,4.981,-114.35,False,4.981,Bengali,
/content/drive/MyDrive/Audio_dataset/Bengali/3521.mp3,4.981,-134.88,False,4.704,Bengali,
/content/drive/MyDrive/Audio_dataset/Bengali/3179.mp3,4.977,-115.96,False,3.968,Bengali,
/content/drive/MyDrive/Audio_dataset/Bengali/3468.mp3,5.005,-125.71,False,4.973,Bengali,
/content/drive/MyDrive/Audio_dataset/Bengali/380.mp3,4.981,-96.44,False,4.981,Bengali,
/content/drive/MyDrive/Audio_dataset/Bengali/322.mp3,4.977,-123.38,False,3.2,Bengali,
/content/drive/MyDrive/Audio_dataset/Bengali/3634.mp3,4.977,-124.5,False,4.881,Bengali,
/content/drive/MyDrive/Audio_dataset/Bengali/3740.mp3,5.004,-139.24,False,4.8,Bengali,
/content/drive/MyDrive/Audio_dataset/Bengali/3892.mp3,4.981,-99.94,False,4.053,Bengali,
/content/drive/MyDrive/Audio_dataset/Bengali/3726.mp3,5.004,-114.17,False,4.972,Bengali,
/content/drive/MyDrive/Audio_dataset/Bengali/26853.mp3,5.005,-100.33,False,4.32,Bengali,
/content/drive/MyDrive/Audio_dataset/Bengali/3002.mp3,5.005,-116.22,False,4.877,Bengali,
/content/drive/MyDrive/Audio_dataset/Bengali/26583.mp3,5.005,-114.6,False,2.24,Bengali,
/content/drive/MyDrive/Audio_dataset/Bengali/2770.mp3,4.981,-123.0,False,4.885,Bengali,
/content/drive/MyDrive/Audio_dataset/Bengali/2851.mp3,4.981,-95.28,False,4.981,Bengali,
/content/drive/MyDrive/Audio_dataset/Bengali/27139.mp3,4.981,-108.71,False,4.064,Bengali,
/content/drive/MyDrive/Audio_dataset/Bengali/27037.mp3,4.977,-99.99,False,4.16,Bengali,
/content/drive/MyDrive/Audio_dataset/Bengali/3107.mp3,4.977,-111.47,False,4.433,Bengali,
/content/drive/MyDrive/Audio_dataset/Bengali/365.mp3,4.977,-119.36,False,4.913,Bengali,
/content/drive/MyDrive/Audio_dataset/Bengali/36.mp3,4.977,-114.52,False,1.824,Bengali,
/content/drive/MyDrive/Audio_dataset/Bengali/3525.mp3,4.981,-125.21,False,4.981,Bengali,
/content/drive/MyDrive/Audio_dataset/Bengali/3365.mp3,4.981,-103.87,False,3.125,Bengali,
/content/drive/MyDrive/Audio_dataset/Bengali/3336.mp3,4.981,-122.93,False,4.608,Bengali,
/content/drive/MyDrive/Audio_dataset/Bengali/3685.mp3,4.981,-106.67,False,4.981,Bengali,
/content/drive/MyDrive/Audio_dataset/Bengali/4104.mp3,5.004,-136.94,False,4.94,Bengali,
/content/drive/MyDrive/Audio_dataset/Bengali/27028.mp3,4.977,-125.5,False,4.913,Bengali,
/content/drive/MyDrive/Audio_dataset/Bengali/3282.mp3,4.977,-122.44,False,4.945,Bengali,
/content/drive/MyDrive/Audio_dataset/Bengali/4038.mp3,4.981,-117.96,False,4.533,Bengali,
/content/drive/MyDrive/Audio_dataset/Bengali/26707.mp3,4.981,-115.79,False,4.885,Bengali,
/content/drive/MyDrive/Audio_dataset/Bengali/26815.mp3,4.981,-117.35,False,4.981,Bengali,
/content/drive/MyDrive/Audio_dataset/Bengali/4113.mp3,4.981,-115.43,False,4.981,Bengali,
/content/drive/MyDrive/Audio_dataset/Bengali/27206.mp3,4.977,-114.43,False,4.913,Bengali,
/content/drive/MyDrive/Audio_dataset/Bengali/26755.mp3,4.981,-115.8,False,4.288,Bengali,
/content/drive/MyDrive/Audio_dataset/Bengali/4065.mp3,4.977,-125.83,False,4.945,Bengali,
/content/drive/MyDrive/Audio_dataset/Bengali/27027.mp3,5.005,-116.35,False,3.968,Bengali,
/content/drive/MyDrive/Audio_dataset/Bengali/3094.mp3,4.981,-104.37,False,4.736,Bengali,
/content/drive/MyDrive/Audio_dataset/Bengali/3111.mp3,5.005,-105.48,False,4.672,Bengali,
/content/drive/MyDrive/Audio_dataset/Bengali/26785.mp3,5.004,-118.12,False,3.808,Bengali,
/content/drive/MyDrive/Audio_dataset/Bengali/2833.mp3,4.981,-114.89,False,4.949,Bengali,
/content/drive/MyDrive/Audio_dataset/Bengali/3345.mp3,4.981,-95.16,False,4.981,Bengali,
/content/drive/MyDrive/Audio_dataset/Bengali/3299.mp3,4.981,-114.19,False,4.981,Bengali,
/content/drive/MyDrive/Audio_dataset/Bengali/3389.mp3,4.981,-135.52,False,4.896,Bengali,
/content/drive/MyDrive/Audio_dataset/Bengali/3507.mp3,4.981,-130.88,False,4.981,Bengali,
/content/drive/MyDrive/Audio_dataset/Bengali/286.mp3,4.977,-107.33,False,4.913,Bengali,
/content/drive/MyDrive/Audio_dataset/Bengali/26711.mp3,5.004,-120.69,False,4.768,Bengali,
/content/drive/MyDrive/Audio_dataset/Bengali/3559.mp3,4.981,-101.65,False,4.949,Bengali,
/content/drive/MyDrive/Audio_dataset/Bengali/26686.mp3,5.005,-111.96,False,5.005,Bengali,
/content/drive/MyDrive/Audio_dataset/Bengali/27211.mp3,4.981,-130.71,False,4.928,Bengali,
/content/drive/MyDrive/Audio_dataset/Bengali/3904.mp3,5.005,-103.5,False,4.685,Bengali,
/content/drive/MyDrive/Audio_dataset/Bengali/3346.mp3,4.977,-128.38,False,4.849,Bengali,
/content/drive/MyDrive/Audio_dataset/Bengali/3996.mp3,4.981,-114.97,False,4.512,Bengali,
/content/drive/MyDrive/Audio_dataset/Bengali/5000.mp3,4.981,-113.22,False,3.04,Bengali,
/content/drive/MyDrive/Audio_dataset/Bengali/454.mp3,5.005,-107.44,False,4.352,Bengali,
/content/drive/MyDrive/Audio_dataset/Bengali/434.mp3,4.977,-86.49,False,4.977,Bengali,
/content/drive/MyDrive/Audio_dataset/Bengali/5250.mp3,4.981,-129.8,False,4.768,Bengali,
/content/drive/MyDrive/Audio_dataset/Bengali/5756.mp3,4.981,-125.48,False,4.981,Bengali,
/content/drive/MyDrive/Audio_dataset/Bengali/5043.mp3,4.981,-99.72,False,4.981,Bengali,
/content/drive/MyDrive/Audio_dataset/Bengali/4553.mp3,4.981,-127.03,False,4.96,Bengali,
/content/drive/MyDrive/Audio_dataset/Bengali/4745.mp3,4.981,-114.88,False,4.981,Bengali,
/content/drive/MyDrive/Audio_dataset/Bengali/551.mp3,4.981,-102.97,False,4.981,Bengali,
/content/drive/MyDrive/Audio_dataset/Bengali/5841.mp3,4.981,-121.17,False,4.608,Bengali,
/content/drive/MyDrive/Audio_dataset/Bengali/4594.mp3,4.981,-125.18,False,3.52,Bengali,
/content/drive/MyDrive/Audio_dataset/Bengali/4587.mp3,4.981,-103.5,False,4.512,Bengali,
/content/drive/MyDrive/Audio_dataset/Bengali/5517.mp3,5.005,-123.45,False,5.005,Bengali,
/content/drive/MyDrive/Audio_dataset/Bengali/4692.mp3,4.977,-117.89,False,4.945,Bengali,
/content/drive/MyDrive/Audio_dataset/Bengali/5793.mp3,5.005,-90.67,False,4.64,Bengali,
/content/drive/MyDrive/Audio_dataset/Bengali/5210.mp3,5.005,-121.6,False,4.416,Bengali,
/content/drive/MyDrive/Audio_dataset/Bengali/5961.mp3,5.004,-124.03,False,4.0,Bengali,
/content/drive/MyDrive/Audio_dataset/Bengali/4657.mp3,5.005,-119.6,False,4.64,Bengali,
/content/drive/MyDrive/Audio_dataset/Bengali/5441.mp3,4.977,-142.37,False,4.977,Bengali,
/content/drive/MyDrive/Audio_dataset/Bengali/4909.mp3,5.005,-107.1,False,5.005,Bengali,
/content/drive/MyDrive/Audio_dataset/Bengali/4944.mp3,5.004,-104.65,False,4.94,Bengali,
/content/drive/MyDrive/Audio_dataset/Bengali/5145.mp3,4.977,-110.84,False,4.849,Bengali,
/content/drive/MyDrive/Audio_dataset/Bengali/54.mp3,4.977,-91.73,False,4.512,Bengali,
/content/drive/MyDrive/Audio_dataset/Bengali/4595.mp3,4.977,-116.44,False,4.977,Bengali,
/content/drive/MyDrive/Audio_dataset/Bengali/5348.mp3,5.005,-113.46,False,4.224,Bengali,
/content/drive/MyDrive/Audio_dataset/Bengali/4321.mp3,4.981,-95.07,False,4.981,Bengali,
/content/drive/MyDrive/Audio_dataset/Bengali/4603.mp3,5.005,-114.21,False,5.005,Bengali,
/content/drive/MyDrive/Audio_dataset/Bengali/5136.mp3,4.981,-114.33,False,4.352,Bengali,
/content/drive/MyDrive/Audio_dataset/Bengali/4791.mp3,4.981,-110.53,False,4.928,Bengali,
/content/drive/MyDrive/Audio_dataset/Bengali/554.mp3,5.005,-121.66,False,4.973,Bengali,
/content/drive/MyDrive/Audio_dataset/Bengali/4652.mp3,5.004,-112.26,False,4.736,Bengali,
/content/drive/MyDrive/Audio_dataset/Bengali/4598.mp3,4.981,-104.5,False,4.917,Bengali,
/content/drive/MyDrive/Audio_dataset/Bengali/5082.mp3,4.977,-120.69,False,4.64,Bengali,
/content/drive/MyDrive/Audio_dataset/Bengali/4656.mp3,4.981,-109.16,False,2.048,Bengali,
/content/drive/MyDrive/Audio_dataset/Bengali/575.mp3,4.981,-104.87,False,4.885,Bengali,
/content/drive/MyDrive/Audio_dataset/Bengali/5702.mp3,2.485,-130.11,False,2.453,Bengali,
/content/drive/MyDrive/Audio_dataset/Bengali/6026.mp3,4.981,-142.28,False,4.48,Bengali,
/content/drive/MyDrive/Audio_dataset/Bengali/5313.mp3,5.005,-117.94,False,4.429,Bengali,
/content/drive/MyDrive/Audio_dataset/Bengali/4704.mp3,5.004,-117.29,False,4.972,Bengali,
/content/drive/MyDrive/Audio_dataset/Bengali/4716.mp3,4.981,-140.09,False,4.917,Bengali,
/content/drive/MyDrive/Audio_dataset/Bengali/4391.mp3,5.004,-97.22,False,3.936,Bengali,
/content/drive/MyDrive/Audio_dataset/Bengali/4864.mp3,4.981,-90.56,False,4.949,Bengali,
/content/drive/MyDrive/Audio_dataset/Bengali/5477.mp3,5.004,-124.19,False,4.78,Bengali,
/content/drive/MyDrive/Audio_dataset/Bengali/5739.mp3,4.977,-104.25,False,4.593,Bengali,
/content/drive/MyDrive/Audio_dataset/Bengali/5373.mp3,4.977,-122.97,False,4.977,Bengali,
/content/drive/MyDrive/Audio_dataset/Bengali/42.mp3,4.977,-119.29,False,4.832,Bengali,
/content/drive/MyDrive/Audio_dataset/Bengali/5588.mp3,4.977,-132.54,False,4.864,Bengali,
/content/drive/MyDrive/Audio_dataset/Bengali/5053.mp3,5.005,-120.33,False,4.973,Bengali,
/content/drive/MyDrive/Audio_dataset/Bengali/5837.mp3,4.981,-112.44,False,4.981,Bengali,
/content/drive/MyDrive/Audio_dataset/Bengali/4542.mp3,4.981,-104.08,False,4.896,Bengali,
/content/drive/MyDrive/Audio_dataset/Bengali/5070.mp3,4.981,-109.06,False,4.917,Bengali,
/content/drive/MyDrive/Audio_dataset/Bengali/4154.mp3,4.981,-117.7,False,4.416,Bengali,
/content/drive/MyDrive/Audio_dataset/Bengali/4995.mp3,4.977,-105.9,False,4.977,Bengali,
/content/drive/MyDrive/Audio_dataset/Bengali/597.mp3,4.981,-106.05,False,4.949,Bengali,
/content/drive/MyDrive/Audio_dataset/Bengali/4678.mp3,5.005,-112.41,False,4.749,Bengali,
/content/drive/MyDrive/Audio_dataset/Bengali/5596.mp3,4.981,-115.51,False,4.8,Bengali,
/content/drive/MyDrive/Audio_dataset/Bengali/4279.mp3,5.005,-145.49,False,4.973,Bengali,
/content/drive/MyDrive/Audio_dataset/Bengali/4565.mp3,4.981,-103.32,False,4.757,Bengali,
/content/drive/MyDrive/Audio_dataset/Bengali/4297.mp3,4.981,-111.01,False,4.981,Bengali,
/content/drive/MyDrive/Audio_dataset/Bengali/5221.mp3,4.981,-117.33,False,4.821,Bengali,
/content/drive/MyDrive/Audio_dataset/Bengali/4828.mp3,4.977,-114.26,False,4.256,Bengali,
/content/drive/MyDrive/Audio_dataset/Bengali/5102.mp3,4.981,-96.33,False,4.981,Bengali,
/content/drive/MyDrive/Audio_dataset/Bengali/4552.mp3,4.981,-115.56,False,4.885,Bengali,
/content/drive/MyDrive/Audio_dataset/Bengali/5302.mp3,4.981,-108.84,False,4.981,Bengali,
/content/drive/MyDrive/Audio_dataset/Bengali/4723.mp3,4.977,-109.84,False,3.761,Bengali,
/content/drive/MyDrive/Audio_dataset/Bengali/5463.mp3,4.981,-117.28,False,4.949,Bengali,
/content/drive/MyDrive/Audio_dataset/Bengali/4551.mp3,5.004,-98.68,False,5.004,Bengali,
/content/drive/MyDrive/Audio_dataset/Bengali/5586.mp3,4.981,-120.76,False,4.96,Bengali,
/content/drive/MyDrive/Audio_dataset/Bengali/5554.mp3,4.977,-103.73,False,4.625,Bengali,
/content/drive/MyDrive/Audio_dataset/Bengali/593.mp3,4.981,-131.68,False,4.981,Bengali,
/content/drive/MyDrive/Audio_dataset/Bengali/5476.mp3,4.981,-152.2,False,4.981,Bengali,
/content/drive/MyDrive/Audio_dataset/Bengali/4918.mp3,4.981,-117.3,False,4.576,Bengali,
/content/drive/MyDrive/Audio_dataset/Bengali/4858.mp3,5.004,-127.38,False,4.16,Bengali,
/content/drive/MyDrive/Audio_dataset/Bengali/5030.mp3,4.559,-122.11,False,1.856,Bengali,
/content/drive/MyDrive/Audio_dataset/Bengali/5712.mp3,5.005,-114.91,False,4.909,Bengali,
/content/drive/MyDrive/Audio_dataset/Bengali/4712.mp3,4.981,-110.95,False,4.672,Bengali,
/content/drive/MyDrive/Audio_dataset/Bengali/5054.mp3,5.004,-89.02,False,4.844,Bengali,
/content/drive/MyDrive/Audio_dataset/Bengali/4928.mp3,5.005,-117.63,False,4.781,Bengali,
/content/drive/MyDrive/Audio_dataset/Bengali/5856.mp3,5.005,-99.29,False,4.429,Bengali,
/content/drive/MyDrive/Audio_dataset/Bengali/4535.mp3,5.005,-124.71,False,4.429,Bengali,
/content/drive/MyDrive/Audio_dataset/Bengali/4890.mp3,5.005,-164.57,False,4.832,Bengali,
/content/drive/MyDrive/Audio_dataset/Bengali/555.mp3,4.981,-101.91,False,4.821,Bengali,
/content/drive/MyDrive/Audio_dataset/Bengali/5283.mp3,5.005,-132.56,False,5.005,Bengali,
/content/drive/MyDrive/Audio_dataset/Bengali/5641.mp3,4.977,-98.18,False,4.785,Bengali,
/content/drive/MyDrive/Audio_dataset/Bengali/5255.mp3,4.981,-127.95,False,4.768,Bengali,
/content/drive/MyDrive/Audio_dataset/Bengali/5009.mp3,4.977,-106.3,False,4.593,Bengali,
/content/drive/MyDrive/Audio_dataset/Bengali/5128.mp3,5.004,-104.6,False,4.78,Bengali,
/content/drive/MyDrive/Audio_dataset/Bengali/4273.mp3,4.977,-108.64,False,4.913,Bengali,
/content/drive/MyDrive/Audio_dataset/Bengali/5498.mp3,4.981,-95.31,False,3.584,Bengali,
/content/drive/MyDrive/Audio_dataset/Bengali/4920.mp3,5.005,-100.14,False,2.848,Bengali,
/content/drive/MyDrive/Audio_dataset/Bengali/4946.mp3,4.977,-125.23,False,4.977,Bengali,
/content/drive/MyDrive/Audio_dataset/Bengali/5401.mp3,4.981,-120.19,False,4.981,Bengali,
/content/drive/MyDrive/Audio_dataset/Bengali/7052.mp3,4.977,-116.78,False,4.881,Bengali,
/content/drive/MyDrive/Audio_dataset/Bengali/8220.mp3,5.005,-109.48,False,4.864,Bengali,
/content/drive/MyDrive/Audio_dataset/Bengali/8005.mp3,4.981,-121.24,False,4.981,Bengali,
/content/drive/MyDrive/Audio_dataset/Bengali/7458.mp3,4.981,-100.27,False,4.981,Bengali,
/content/drive/MyDrive/Audio_dataset/Bengali/6796.mp3,4.977,-121.34,False,4.544,Bengali,
/content/drive/MyDrive/Audio_dataset/Bengali/7558.mp3,4.981,-111.48,False,4.981,Bengali,
/content/drive/MyDrive/Audio_dataset/Bengali/6160.mp3,5.005,-122.56,False,4.768,Bengali,
/content/drive/MyDrive/Audio_dataset/Bengali/6350.mp3,5.005,-107.22,False,4.448,Bengali,
/content/drive/MyDrive/Audio_dataset/Bengali/6164.mp3,4.981,-125.06,False,4.981,Bengali,
/content/drive/MyDrive/Audio_dataset/Bengali/7179.mp3,4.981,-112.24,False,4.149,Bengali,
/content/drive/MyDrive/Audio_dataset/Bengali/6723.mp3,4.977,-96.07,False,4.96,Bengali,
/content/drive/MyDrive/Audio_dataset/Bengali/6049.mp3,4.981,-103.44,False,3.872,Bengali,
/content/drive/MyDrive/Audio_dataset/Bengali/8142.mp3,5.004,-115.82,False,4.876,Bengali,
/content/drive/MyDrive/Audio_dataset/Bengali/8106.mp3,5.004,-124.81,False,4.736,Bengali,
/content/drive/MyDrive/Audio_dataset/Bengali/8047.mp3,4.977,-95.63,False,4.672,Bengali,
/content/drive/MyDrive/Audio_dataset/Bengali/8002.mp3,5.005,-109.88,False,4.832,Bengali,
/content/drive/MyDrive/Audio_dataset/Bengali/7072.mp3,4.981,-128.58,False,4.469,Bengali,
/content/drive/MyDrive/Audio_dataset/Bengali/7820.mp3,5.004,-123.78,False,5.004,Bengali,
/content/drive/MyDrive/Audio_dataset/Bengali/6623.mp3,4.977,-114.09,False,4.576,Bengali,
/content/drive/MyDrive/Audio_dataset/Bengali/6432.mp3,4.977,-117.49,False,4.736,Bengali,
/content/drive/MyDrive/Audio_dataset/Bengali/8335.mp3,4.981,-127.02,False,4.832,Bengali,
/content/drive/MyDrive/Audio_dataset/Bengali/8072.mp3,5.004,-102.3,False,5.004,Bengali,
/content/drive/MyDrive/Audio_dataset/Bengali/6290.mp3,4.981,-101.25,False,4.544,Bengali,
/content/drive/MyDrive/Audio_dataset/Bengali/6593.mp3,4.981,-119.66,False,4.949,Bengali,
/content/drive/MyDrive/Audio_dataset/Bengali/6956.mp3,4.981,-125.46,False,4.949,Bengali,
/content/drive/MyDrive/Audio_dataset/Bengali/6605.mp3,5.004,-107.29,False,5.004,Bengali,
/content/drive/MyDrive/Audio_dataset/Bengali/6983.mp3,4.977,-130.23,False,4.881,Bengali,
/content/drive/MyDrive/Audio_dataset/Bengali/6184.mp3,4.977,-156.68,False,4.0,Bengali,
/content/drive/MyDrive/Audio_dataset/Bengali/7833.mp3,5.005,-125.15,False,4.736,Bengali,
/content/drive/MyDrive/Audio_dataset/Bengali/8077.mp3,5.004,-115.72,False,4.96,Bengali,
/content/drive/MyDrive/Audio_dataset/Bengali/6386.mp3,5.004,-123.96,False,4.8,Bengali,
/content/drive/MyDrive/Audio_dataset/Bengali/6041.mp3,5.004,-123.32,False,4.544,Bengali,
/content/drive/MyDrive/Audio_dataset/Bengali/6721.mp3,4.977,-111.63,False,4.881,Bengali,
/content/drive/MyDrive/Audio_dataset/Bengali/6923.mp3,4.981,-114.26,False,4.896,Bengali,
/content/drive/MyDrive/Audio_dataset/Bengali/6385.mp3,4.981,-105.74,False,4.949,Bengali,
/content/drive/MyDrive/Audio_dataset/Bengali/8282.mp3,4.977,-108.28,False,4.465,Bengali,
/content/drive/MyDrive/Audio_dataset/Bengali/7048.mp3,4.981,-106.99,False,4.245,Bengali,
/content/drive/MyDrive/Audio_dataset/Bengali/798.mp3,4.981,-104.91,False,4.576,Bengali,
/content/drive/MyDrive/Audio_dataset/Bengali/7783.mp3,4.977,-88.84,False,4.977,Bengali,
/content/drive/MyDrive/Audio_dataset/Bengali/7364.mp3,4.981,-95.4,False,4.885,Bengali,
/content/drive/MyDrive/Audio_dataset/Bengali/6652.mp3,4.981,-112.95,False,4.128,Bengali,
/content/drive/MyDrive/Audio_dataset/Bengali/7018.mp3,5.004,-129.68,False,4.384,Bengali,
/content/drive/MyDrive/Audio_dataset/Bengali/7056.mp3,4.977,-95.71,False,4.928,Bengali,
/content/drive/MyDrive/Audio_dataset/Bengali/7979.mp3,4.981,-124.51,False,4.981,Bengali,
/content/drive/MyDrive/Audio_dataset/Bengali/6280.mp3,5.005,-120.3,False,5.005,Bengali,
/content/drive/MyDrive/Audio_dataset/Bengali/8229.mp3,4.981,-100.46,False,4.981,Bengali,
/content/drive/MyDrive/Audio_dataset/Bengali/8051.mp3,4.977,-140.71,False,4.977,Bengali,
/content/drive/MyDrive/Audio_dataset/Bengali/7267.mp3,4.977,-101.98,False,4.977,Bengali,
/content/drive/MyDrive/Audio_dataset/Bengali/793.mp3,5.004,-113.94,False,4.972,Bengali,
/content/drive/MyDrive/Audio_dataset/Bengali/6828.mp3,4.981,-114.36,False,4.736,Bengali,
/content/drive/MyDrive/Audio_dataset/Bengali/7280.mp3,4.981,-113.9,False,4.885,Bengali,
/content/drive/MyDrive/Audio_dataset/Bengali/6984.mp3,5.004,-117.68,False,5.004,Bengali,
/content/drive/MyDrive/Audio_dataset/Bengali/6396.mp3,4.981,-107.37,False,4.949,Bengali,
/content/drive/MyDrive/Audio_dataset/Bengali/7779.mp3,5.005,-103.05,False,4.941,Bengali,
/content/drive/MyDrive/Audio_dataset/Bengali/7303.mp3,5.004,-101.28,False,4.972,Bengali,
/content/drive/MyDrive/Audio_dataset/Bengali/6172.mp3,4.981,-114.33,False,4.725,Bengali,
/content/drive/MyDrive/Audio_dataset/Bengali/6206.mp3,5.005,-114.2,False,4.973,Bengali,
/content/drive/MyDrive/Audio_dataset/Bengali/7007.mp3,4.981,-116.35,False,4.917,Bengali,
/content/drive/MyDrive/Audio_dataset/Bengali/8032.mp3,5.004,-110.27,False,4.972,Bengali,
/content/drive/MyDrive/Audio_dataset/Bengali/8232.mp3,4.981,-105.03,False,4.896,Bengali,
/content/drive/MyDrive/Audio_dataset/Bengali/6429.mp3,4.977,-132.23,False,4.896,Bengali,
/content/drive/MyDrive/Audio_dataset/Bengali/6856.mp3,4.977,-123.22,False,4.913,Bengali,
/content/drive/MyDrive/Audio_dataset/Bengali/7894.mp3,5.005,-120.73,False,3.84,Bengali,
/content/drive/MyDrive/Audio_dataset/Bengali/8089.mp3,4.981,-112.07,False,4.981,Bengali,
/content/drive/MyDrive/Audio_dataset/Bengali/6196.mp3,5.005,-118.14,False,4.608,Bengali,
/content/drive/MyDrive/Audio_dataset/Bengali/6684.mp3,4.981,-127.95,False,4.981,Bengali,
/content/drive/MyDrive/Audio_dataset/Bengali/6491.mp3,5.004,-123.05,False,5.004,Bengali,
/content/drive/MyDrive/Audio_dataset/Bengali/6219.mp3,4.977,-110.6,False,4.721,Bengali,
/content/drive/MyDrive/Audio_dataset/Bengali/608.mp3,4.981,-123.34,False,4.981,Bengali,
/content/drive/MyDrive/Audio_dataset/Bengali/6514.mp3,4.981,-131.2,False,4.981,Bengali,
/content/drive/MyDrive/Audio_dataset/Bengali/6430.mp3,4.981,-112.94,False,4.629,Bengali,
/content/drive/MyDrive/Audio_dataset/Bengali/6174.mp3,4.977,-120.62,False,4.977,Bengali,
/content/drive/MyDrive/Audio_dataset/Bengali/6353.mp3,5.005,-105.89,False,4.141,Bengali,
/content/drive/MyDrive/Audio_dataset/Bengali/7717.mp3,4.981,-104.57,False,4.981,Bengali,
/content/drive/MyDrive/Audio_dataset/Bengali/6502.mp3,5.005,-125.93,False,4.896,Bengali,
/content/drive/MyDrive/Audio_dataset/Bengali/7816.mp3,5.004,-109.89,False,4.972,Bengali,
/content/drive/MyDrive/Audio_dataset/Bengali/8004.mp3,4.981,-110.59,False,4.821,Bengali,
/content/drive/MyDrive/Audio_dataset/Bengali/7598.mp3,4.981,-112.19,False,4.8,Bengali,
/content/drive/MyDrive/Audio_dataset/Bengali/8118.mp3,4.981,-106.6,False,4.128,Bengali,
/content/drive/MyDrive/Audio_dataset/Bengali/6941.mp3,4.977,-121.39,False,4.977,Bengali,
/content/drive/MyDrive/Audio_dataset/Bengali/7934.mp3,4.981,-150.77,False,4.96,Bengali,
/content/drive/MyDrive/Audio_dataset/Bengali/8119.mp3,5.005,-148.07,False,4.941,Bengali,
/content/drive/MyDrive/Audio_dataset/Bengali/8022.mp3,4.981,-115.03,False,4.981,Bengali,
/content/drive/MyDrive/Audio_dataset/Bengali/6567.mp3,5.005,-119.63,False,4.941,Bengali,
/content/drive/MyDrive/Audio_dataset/Bengali/7618.mp3,5.004,-100.1,False,4.972,Bengali,
/content/drive/MyDrive/Audio_dataset/Bengali/6937.mp3,5.004,-114.97,False,4.544,Bengali,
/content/drive/MyDrive/Audio_dataset/Bengali/9436.mp3,5.004,-118.81,False,4.896,Bengali,
/content/drive/MyDrive/Audio_dataset/Bengali/8731.mp3,4.977,-85.2,False,4.768,Bengali,
/content/drive/MyDrive/Audio_dataset/Bengali/8474.mp3,5.004,-123.95,False,5.004,Bengali,
/content/drive/MyDrive/Audio_dataset/Bengali/9909.mp3,4.977,-114.04,False,4.913,Bengali,
/content/drive/MyDrive/Audio_dataset/Bengali/9312.mp3,5.005,-117.66,False,4.48,Bengali,
/content/drive/MyDrive/Audio_dataset/Bengali/8616.mp3,4.977,-116.06,False,4.433,Bengali,
/content/drive/MyDrive/Audio_dataset/Bengali/951.mp3,5.004,-115.1,False,4.064,Bengali,
/content/drive/MyDrive/Audio_dataset/Bengali/846.mp3,5.004,-108.4,False,4.48,Bengali,
/content/drive/MyDrive/Audio_dataset/Bengali/9732.mp3,5.004,-118.38,False,5.004,Bengali,
/content/drive/MyDrive/Audio_dataset/Bengali/9301.mp3,4.981,-108.76,False,4.981,Bengali,
/content/drive/MyDrive/Audio_dataset/Bengali/9509.mp3,4.981,-147.05,False,4.885,Bengali,
/content/drive/MyDrive/Audio_dataset/Bengali/8842.mp3,4.981,-102.41,False,4.981,Bengali,
/content/drive/MyDrive/Audio_dataset/Bengali/9362.mp3,5.004,-127.17,False,4.396,Bengali,
/content/drive/MyDrive/Audio_dataset/Bengali/9622.mp3,4.981,-110.69,False,4.64,Bengali,
/content/drive/MyDrive/Audio_dataset/Bengali/8575.mp3,4.977,-108.18,False,4.128,Bengali,
/content/drive/MyDrive/Audio_dataset/Bengali/8598.mp3,5.005,-117.28,False,4.653,Bengali,
/content/drive/MyDrive/Audio_dataset/Bengali/9995.mp3,5.005,-113.64,False,4.992,Bengali,
/content/drive/MyDrive/Audio_dataset/Bengali/8947.mp3,5.005,-148.46,False,4.864,Bengali,
/content/drive/MyDrive/Audio_dataset/Bengali/8725.mp3,4.981,-108.96,False,4.192,Bengali,
/content/drive/MyDrive/Audio_dataset/Bengali/8585.mp3,5.005,-123.26,False,4.845,Bengali,
/content/drive/MyDrive/Audio_dataset/Bengali/9411.mp3,4.981,-118.95,False,2.773,Bengali,
/content/drive/MyDrive/Audio_dataset/Bengali/9271.mp3,4.981,-136.32,False,4.981,Bengali,
/content/drive/MyDrive/Audio_dataset/Bengali/9059.mp3,5.004,-123.49,False,5.004,Bengali,
/content/drive/MyDrive/Audio_dataset/Bengali/9031.mp3,4.981,-110.87,False,4.981,Bengali,
/content/drive/MyDrive/Audio_dataset/Bengali/9459.mp3,4.981,-121.47,False,4.917,Bengali,
/content/drive/MyDrive/Audio_dataset/Bengali/8364.mp3,4.977,-111.47,False,4.672,Bengali,
/content/drive/MyDrive/Audio_dataset/Bengali/8968.mp3,5.005,-113.2,False,4.352,Bengali,
/content/drive/MyDrive/Audio_dataset/Bengali/9917.mp3,4.981,-113.16,False,4.48,Bengali,
/content/drive/MyDrive/Audio_dataset/Bengali/9889.mp3,4.981,-114.09,False,4.885,Bengali,
/content/drive/MyDrive/Audio_dataset/Bengali/8443.mp3,5.005,-103.49,False,4.704,Bengali,
/content/drive/MyDrive/Audio_dataset/Bengali/8461.mp3,4.981,-128.3,False,4.448,Bengali,
/content/drive/MyDrive/Audio_dataset/Bengali/9104.mp3,4.981,-90.77,False,4.768,Bengali,
/content/drive/MyDrive/Audio_dataset/Bengali/9797.mp3,4.981,-108.52,False,4.981,Bengali,
/content/drive/MyDrive/Audio_dataset/Bengali/8557.mp3,5.004,-116.77,False,4.096,Bengali,
/content/drive/MyDrive/Audio_dataset/Bengali/9263.mp3,5.005,-112.91,False,5.005,Bengali,
/content/drive/MyDrive/Audio_dataset/Bengali/9715.mp3,5.005,-121.15,False,4.8,Bengali,
/content/drive/MyDrive/Audio_dataset/Bengali/9996.mp3,5.004,-99.8,False,5.004,Bengali,
/content/drive/MyDrive/Audio_dataset/Bengali/939.mp3,5.004,-131.28,False,4.352,Bengali,
/content/drive/MyDrive/Audio_dataset/Bengali/961.mp3,5.004,-102.82,False,4.94,Bengali,
/content/drive/MyDrive/Audio_dataset/Bengali/9740.mp3,4.981,-102.38,False,4.949,Bengali,
/content/drive/MyDrive/Audio_dataset/Bengali/8789.mp3,4.977,-137.63,False,4.832,Bengali,
/content/drive/MyDrive/Audio_dataset/Bengali/9601.mp3,4.981,-119.28,False,4.853,Bengali,
/content/drive/MyDrive/Audio_dataset/Bengali/9424.mp3,4.981,-102.62,False,4.832,Bengali,
/content/drive/MyDrive/Audio_dataset/Bengali/9185.mp3,5.005,-132.17,False,4.48,Bengali,
/content/drive/MyDrive/Audio_dataset/Bengali/9348.mp3,4.981,-105.78,False,3.765,Bengali,
/content/drive/MyDrive/Audio_dataset/Bengali/8990.mp3,5.004,-112.5,False,5.004,Bengali,
/content/drive/MyDrive/Audio_dataset/Bengali/8971.mp3,4.981,-134.28,False,2.528,Bengali,
/content/drive/MyDrive/Audio_dataset/Bengali/9858.mp3,4.981,-117.6,False,4.96,Bengali,
/content/drive/MyDrive/Audio_dataset/Bengali/8645.mp3,4.977,-113.63,False,4.576,Bengali,
/content/drive/MyDrive/Audio_dataset/Bengali/9434.mp3,5.004,-105.46,False,4.768,Bengali,
/content/drive/MyDrive/Audio_dataset/Bengali/8849.mp3,4.981,-123.57,False,4.981,Bengali,
/content/drive/MyDrive/Audio_dataset/Bengali/8807.mp3,5.005,-140.18,False,4.896,Bengali,
/content/drive/MyDrive/Audio_dataset/Bengali/8444.mp3,4.981,-113.25,False,4.981,Bengali,
/content/drive/MyDrive/Audio_dataset/Bengali/9677.mp3,4.977,-87.76,False,4.977,Bengali,
/content/drive/MyDrive/Audio_dataset/Bengali/8885.mp3,5.005,-108.93,False,4.896,Bengali,
/content/drive/MyDrive/Audio_dataset/Bengali/9351.mp3,4.981,-112.49,False,4.757,Bengali,
/content/drive/MyDrive/Audio_dataset/Bengali/9246.mp3,4.981,-99.43,False,4.981,Bengali,
/content/drive/MyDrive/Audio_dataset/Bengali/9944.mp3,5.005,-107.11,False,3.533,Bengali,
/content/drive/MyDrive/Audio_dataset/Bengali/9840.mp3,5.005,-99.31,False,4.96,Bengali,
/content/drive/MyDrive/Audio_dataset/Bengali/8565.mp3,4.977,-116.66,False,4.817,Bengali,
/content/drive/MyDrive/Audio_dataset/Bengali/938.mp3,5.004,-132.27,False,3.328,Bengali,
/content/drive/MyDrive/Audio_dataset/Bengali/928.mp3,5.005,-95.1,False,4.48,Bengali,
/content/drive/MyDrive/Audio_dataset/Bengali/995.mp3,4.981,-114.47,False,4.821,Bengali,
/content/drive/MyDrive/Audio_dataset/Bengali/9315.mp3,4.977,-123.83,False,4.913,Bengali,
/content/drive/MyDrive/Audio_dataset/Bengali/9224.mp3,4.981,-102.33,False,4.672,Bengali,
/content/drive/MyDrive/Audio_dataset/Bengali/9559.mp3,4.981,-112.66,False,4.896,Bengali,
/content/drive/MyDrive/Audio_dataset/Bengali/898.mp3,4.981,-113.14,False,4.32,Bengali,
/content/drive/MyDrive/Audio_dataset/Bengali/9266.mp3,5.005,-98.22,False,4.416,Bengali,
/content/drive/MyDrive/Audio_dataset/Bengali/942.mp3,4.981,-133.09,False,4.981,Bengali,
/content/drive/MyDrive/Audio_dataset/Bengali/8337.mp3,3.279,-108.52,False,0.928,Bengali,
/content/drive/MyDrive/Audio_dataset/Bengali/8664.mp3,5.005,-119.13,False,5.005,Bengali,
/content/drive/MyDrive/Audio_dataset/Bengali/8432.mp3,5.005,-108.7,False,4.941,Bengali,
/content/drive/MyDrive/Audio_dataset/Bengali/9011.mp3,4.977,-137.93,False,4.672,Bengali,
/content/drive/MyDrive/Audio_dataset/Bengali/8415.mp3,4.981,-113.74,False,4.16,Bengali,
/content/drive/MyDrive/Audio_dataset/Bengali/8736.mp3,5.004,-127.24,False,4.448,Bengali,
/content/drive/MyDrive/Audio_dataset/Bengali/8792.mp3,4.981,-128.95,False,4.949,Bengali,
/content/drive/MyDrive/Audio_dataset/Bengali/844.mp3,5.005,-99.26,False,4.768,Bengali,
/content/drive/MyDrive/Audio_dataset/Bengali/8609.mp3,5.004,-111.42,False,4.94,Bengali,
/content/drive/MyDrive/Audio_dataset/Bengali/10192.mp3,5.005,-120.11,False,4.973,Bengali,
/content/drive/MyDrive/Audio_dataset/Bengali/10167.mp3,5.005,-99.62,False,4.736,Bengali,
/content/drive/MyDrive/Audio_dataset/Bengali/10229.mp3,5.004,-117.46,False,5.004,Bengali,
/content/drive/MyDrive/Audio_dataset/Bengali/10013.mp3,4.981,-112.78,False,4.981,Bengali,
/content/drive/MyDrive/Audio_dataset/Bengali/10176.mp3,5.004,-116.71,False,5.004,Bengali,
/content/drive/MyDrive/Audio_dataset/Bengali/1002.mp3,4.977,-122.22,False,3.52,Bengali,
/content/drive/MyDrive/Audio_dataset/Bengali/11579.mp3,4.981,-106.59,False,4.853,Bengali,
/content/drive/MyDrive/Audio_dataset/Bengali/10291.mp3,4.977,-97.44,False,4.416,Bengali,
/content/drive/MyDrive/Audio_dataset/Bengali/10294.mp3,5.004,-130.58,False,4.94,Bengali,
/content/drive/MyDrive/Audio_dataset/Bengali/10807.mp3,5.005,-121.7,False,4.813,Bengali,
/content/drive/MyDrive/Audio_dataset/Bengali/10686.mp3,4.981,-105.66,False,4.981,Bengali,
/content/drive/MyDrive/Audio_dataset/Bengali/11275.mp3,4.981,-97.91,False,4.949,Bengali,
/content/drive/MyDrive/Audio_dataset/Bengali/11907.mp3,5.005,-103.72,False,4.013,Bengali,
/content/drive/MyDrive/Audio_dataset/Bengali/11114.mp3,4.981,-110.67,False,4.981,Bengali,
/content/drive/MyDrive/Audio_dataset/Bengali/11324.mp3,4.981,-110.6,False,4.256,Bengali,
/content/drive/MyDrive/Audio_dataset/Bengali/11430.mp3,4.981,-118.84,False,4.768,Bengali,
/content/drive/MyDrive/Audio_dataset/Gujarati/10291.mp3,5.005,-101.8,False,4.864,Gujarati,
/content/drive/MyDrive/Audio_dataset/Gujarati/10348.mp3,4.981,-110.95,False,3.2,Gujarati,
/content/drive/MyDrive/Audio_dataset/Gujarati/10176.mp3,4.977,-124.08,False,4.448,Gujarati,
/content/drive/MyDrive/Audio_dataset/Gujarati/10229.mp3,4.981,-124.71,False,3.52,Gujarati,
/content/drive/MyDrive/Audio_dataset/Gujarati/10167.mp3,4.977,-111.34,False,4.96,Gujarati,
/content/drive/MyDrive/Audio_dataset/Gujarati/10192.mp3,4.977,-101.01,False,4.977,Gujarati,
/content/drive/MyDrive/Audio_dataset/Gujarati/10351.mp3,4.977,-104.78,False,4.273,Gujarati,
/content/drive/MyDrive/Audio_dataset/Gujarati/10371.mp3,4.977,-124.66,False,3.936,Gujarati,
/content/drive/MyDrive/Audio_dataset/Gujarati/10294.mp3,5.004,-106.16,False,5.004,Gujarati,
/content/drive/MyDrive/Audio_dataset/Gujarati/10013.mp3,4.977,-116.91,False,3.601,Gujarati,
/content/drive/MyDrive/Audio_dataset/Gujarati/10301.mp3,4.977,-105.96,False,4.977,Gujarati,
/content/drive/MyDrive/Audio_dataset/Gujarati/10304.mp3,4.99,-62.87,False,4.926,Gujarati,
/content/drive/MyDrive/Audio_dataset/Gujarati/10296.mp3,5.004,-85.35,False,4.544,Gujarati,
/content/drive/MyDrive/Audio_dataset/Gujarati/11671.mp3,4.977,-109.04,False,4.096,Gujarati,
/content/drive/MyDrive/Audio_dataset/Gujarati/11779.mp3,5.004,-126.58,False,4.352,Gujarati,
/content/drive/MyDrive/Audio_dataset/Gujarati/11507.mp3,5.004,-105.53,False,2.956,Gujarati,
/content/drive/MyDrive/Audio_dataset/Gujarati/11341.mp3,5.004,-106.98,False,3.456,Gujarati,
/content/drive/MyDrive/Audio_dataset/Gujarati/12040.mp3,4.981,-106.1,False,4.981,Gujarati,
/content/drive/MyDrive/Audio_dataset/Gujarati/12551.mp3,4.981,-119.45,False,4.832,Gujarati,
/content/drive/MyDrive/Audio_dataset/Gujarati/11602.mp3,4.977,-144.33,False,4.977,Gujarati,
/content/drive/MyDrive/Audio_dataset/Gujarati/11324.mp3,4.981,-101.97,False,4.981,Gujarati,
/content/drive/MyDrive/Audio_dataset/Gujarati/11804.mp3,4.977,-112.83,False,4.544,Gujarati,
/content/drive/MyDrive/Audio_dataset/Gujarati/12204.mp3,4.977,-105.41,False,2.016,Gujarati,
/content/drive/MyDrive/Audio_dataset/Gujarati/12393.mp3,4.981,-104.49,False,4.981,Gujarati,
/content/drive/MyDrive/Audio_dataset/Gujarati/12398.mp3,4.977,-107.59,False,2.976,Gujarati,
/content/drive/MyDrive/Audio_dataset/Gujarati/11083.mp3,5.004,-122.77,False,2.752,Gujarati,
/content/drive/MyDrive/Audio_dataset/Gujarati/10602.mp3,4.977,-112.77,False,4.928,Gujarati,
/content/drive/MyDrive/Audio_dataset/Gujarati/11769.mp3,5.004,-107.18,False,4.972,Gujarati,
/content/drive/MyDrive/Audio_dataset/Gujarati/10765.mp3,4.977,-106.33,False,3.953,Gujarati,
/content/drive/MyDrive/Audio_dataset/Gujarati/11714.mp3,5.004,-143.26,False,5.004,Gujarati,
/content/drive/MyDrive/Audio_dataset/Gujarati/12656.mp3,4.981,-91.62,False,3.264,Gujarati,
/content/drive/MyDrive/Audio_dataset/Gujarati/11960.mp3,4.977,-119.24,False,4.433,Gujarati,
/content/drive/MyDrive/Audio_dataset/Gujarati/12799.mp3,5.004,-111.84,False,4.972,Gujarati,
/content/drive/MyDrive/Audio_dataset/Gujarati/12769.mp3,5.004,-103.58,False,3.456,Gujarati,
/content/drive/MyDrive/Audio_dataset/Gujarati/10503.mp3,4.981,-92.97,False,4.981,Gujarati,
/content/drive/MyDrive/Audio_dataset/Gujarati/10807.mp3,5.004,-77.83,False,4.844,Gujarati,
/content/drive/MyDrive/Audio_dataset/Gujarati/12727.mp3,4.977,-54.28,False,4.497,Gujarati,
/content/drive/MyDrive/Audio_dataset/Gujarati/11670.mp3,4.993,-105.84,False,3.2,Gujarati,
/content/drive/MyDrive/Audio_dataset/Gujarati/10850.mp3,4.977,-109.99,False,4.977,Gujarati,
/content/drive/MyDrive/Audio_dataset/Gujarati/12835.mp3,5.004,-109.78,False,4.908,Gujarati,
/content/drive/MyDrive/Audio_dataset/Gujarati/12771.mp3,5.004,-110.7,False,4.32,Gujarati,
/content/drive/MyDrive/Audio_dataset/Gujarati/11969.mp3,4.977,-174.92,False,4.704,Gujarati,
/content/drive/MyDrive/Audio_dataset/Gujarati/11114.mp3,4.977,-58.11,False,3.232,Gujarati,
/content/drive/MyDrive/Audio_dataset/Gujarati/11627.mp3,4.981,-107.93,False,4.821,Gujarati,
/content/drive/MyDrive/Audio_dataset/Gujarati/11044.mp3,5.004,-85.96,False,5.004,Gujarati,
/content/drive/MyDrive/Audio_dataset/Gujarati/11288.mp3,5.005,-114.87,False,4.365,Gujarati,
/content/drive/MyDrive/Audio_dataset/Gujarati/11474.mp3,5.004,-59.74,False,4.832,Gujarati,
/content/drive/MyDrive/Audio_dataset/Gujarati/10686.mp3,4.977,-104.92,False,4.945,Gujarati,
/content/drive/MyDrive/Audio_dataset/Gujarati/11683.mp3,5.004,-107.93,False,4.812,Gujarati,
/content/drive/MyDrive/Audio_dataset/Gujarati/12637.mp3,5.004,-62.25,False,3.84,Gujarati,
/content/drive/MyDrive/Audio_dataset/Gujarati/11014.mp3,5.004,-107.71,False,4.384,Gujarati,
/content/drive/MyDrive/Audio_dataset/Gujarati/12473.mp3,4.977,-100.41,False,3.584,Gujarati,
/content/drive/MyDrive/Audio_dataset/Gujarati/12247.mp3,4.977,-74.83,False,2.769,Gujarati,
/content/drive/MyDrive/Audio_dataset/Gujarati/11306.mp3,4.981,-125.39,False,4.48,Gujarati,
/content/drive/MyDrive/Audio_dataset/Gujarati/11440.mp3,4.977,-117.17,False,4.384,Gujarati,
/content/drive/MyDrive/Audio_dataset/Gujarati/11579.mp3,5.004,-116.08,False,5.004,Gujarati,
/content/drive/MyDrive/Audio_dataset/Gujarati/12182.mp3,5.004,-57.68,False,4.972,Gujarati,
/content/drive/MyDrive/Audio_dataset/Gujarati/12536.mp3,5.004,-72.34,False,3.264,Gujarati,
/content/drive/MyDrive/Audio_dataset/Gujarati/11542.mp3,5.004,-57.28,False,4.992,Gujarati,
/content/drive/MyDrive/Audio_dataset/Gujarati/12516.mp3,4.977,-56.85,False,2.656,Gujarati,
/content/drive/MyDrive/Audio_dataset/Gujarati/11028.mp3,4.977,-109.44,False,4.945,Gujarati,
/content/drive/MyDrive/Audio_dataset/Gujarati/12166.mp3,4.977,-58.25,False,4.977,Gujarati,
/content/drive/MyDrive/Audio_dataset/Gujarati/11368.mp3,4.977,-109.99,False,4.832,Gujarati,
/content/drive/MyDrive/Audio_dataset/Gujarati/12492.mp3,4.977,-100.99,False,4.945,Gujarati,
/content/drive/MyDrive/Audio_dataset/Gujarati/11590.mp3,4.977,-60.96,False,4.913,Gujarati,
/content/drive/MyDrive/Audio_dataset/Gujarati/12436.mp3,4.977,-102.67,False,4.945,Gujarati,
/content/drive/MyDrive/Audio_dataset/Gujarati/10436.mp3,4.977,-57.78,False,4.977,Gujarati,
/content/drive/MyDrive/Audio_dataset/Gujarati/10630.mp3,4.981,-129.26,False,4.949,Gujarati,
/content/drive/MyDrive/Audio_dataset/Gujarati/11519.mp3,4.977,-108.31,False,4.352,Gujarati,
/content/drive/MyDrive/Audio_dataset/Gujarati/10618.mp3,4.977,-110.31,False,3.872,Gujarati,
/content/drive/MyDrive/Audio_dataset/Gujarati/11907.mp3,4.977,-117.45,False,4.945,Gujarati,
/content/drive/MyDrive/Audio_dataset/Gujarati/11071.mp3,4.981,-127.25,False,2.496,Gujarati,
/content/drive/MyDrive/Audio_dataset/Gujarati/11428.mp3,5.005,-102.38,False,4.109,Gujarati,
/content/drive/MyDrive/Audio_dataset/Gujarati/11246.mp3,5.004,-94.12,False,4.908,Gujarati,
/content/drive/MyDrive/Audio_dataset/Gujarati/11463.mp3,5.004,-102.91,False,3.712,Gujarati,
/content/drive/MyDrive/Audio_dataset/Gujarati/12349.mp3,5.005,-106.6,False,4.493,Gujarati,
/content/drive/MyDrive/Audio_dataset/Gujarati/12330.mp3,5.005,-100.51,False,4.973,Gujarati,
/content/drive/MyDrive/Audio_dataset/Gujarati/11430.mp3,5.004,-104.11,False,4.768,Gujarati,
/content/drive/MyDrive/Audio_dataset/Gujarati/12553.mp3,4.977,-99.52,False,4.977,Gujarati,
/content/drive/MyDrive/Audio_dataset/Gujarati/10556.mp3,4.977,-122.1,False,4.96,Gujarati,
/content/drive/MyDrive/Audio_dataset/Gujarati/12710.mp3,4.977,-112.43,False,3.136,Gujarati,
/content/drive/MyDrive/Audio_dataset/Gujarati/11473.mp3,4.981,-119.13,False,2.784,Gujarati,
/content/drive/MyDrive/Audio_dataset/Gujarati/11140.mp3,4.977,-85.33,False,3.936,Gujarati,
/content/drive/MyDrive/Audio_dataset/Gujarati/12482.mp3,4.977,-166.62,False,4.977,Gujarati,
/content/drive/MyDrive/Audio_dataset/Gujarati/12726.mp3,4.981,-115.81,False,4.981,Gujarati,
/content/drive/MyDrive/Audio_dataset/Gujarati/11701.mp3,5.004,-61.14,False,5.004,Gujarati,
/content/drive/MyDrive/Audio_dataset/Gujarati/11161.mp3,4.977,-123.51,False,3.569,Gujarati,
/content/drive/MyDrive/Audio_dataset/Gujarati/11958.mp3,4.977,-85.13,False,4.881,Gujarati,
/content/drive/MyDrive/Audio_dataset/Gujarati/10701.mp3,5.004,-91.28,False,4.992,Gujarati,
/content/drive/MyDrive/Audio_dataset/Gujarati/12715.mp3,5.004,-125.01,False,4.864,Gujarati,
/content/drive/MyDrive/Audio_dataset/Gujarati/12089.mp3,5.004,-74.19,False,5.004,Gujarati,
/content/drive/MyDrive/Audio_dataset/Gujarati/11406.mp3,5.004,-56.14,False,4.896,Gujarati,
/content/drive/MyDrive/Audio_dataset/Gujarati/12470.mp3,5.004,-115.29,False,4.8,Gujarati,
/content/drive/MyDrive/Audio_dataset/Gujarati/12603.mp3,5.004,-129.8,False,4.876,Gujarati,
/content/drive/MyDrive/Audio_dataset/Gujarati/11813.mp3,5.004,-109.38,False,5.004,Gujarati,
/content/drive/MyDrive/Audio_dataset/Gujarati/11704.mp3,5.004,-109.44,False,3.84,Gujarati,
/content/drive/MyDrive/Audio_dataset/Gujarati/12647.mp3,5.005,-137.65,False,4.512,Gujarati,
/content/drive/MyDrive/Audio_dataset/Gujarati/11930.mp3,4.981,-102.14,False,3.584,Gujarati,
/content/drive/MyDrive/Audio_dataset/Gujarati/10901.mp3,4.981,-93.51,False,3.317,Gujarati,
/content/drive/MyDrive/Audio_dataset/Gujarati/11275.mp3,4.981,-106.18,False,4.981,Gujarati,
/content/drive/MyDrive/Audio_dataset/Gujarati/11188.mp3,4.977,-92.55,False,4.64,Gujarati,
/content/drive/MyDrive/Audio_dataset/Gujarati/11452.mp3,4.977,-118.03,False,4.928,Gujarati,
/content/drive/MyDrive/Audio_dataset/Gujarati/14650.mp3,5.004,-110.26,False,3.584,Gujarati,
/content/drive/MyDrive/Audio_dataset/Gujarati/15299.mp3,5.004,-105.03,False,4.0,Gujarati,
/content/drive/MyDrive/Audio_dataset/Gujarati/13587.mp3,5.005,-125.21,False,1.312,Gujarati,
/content/drive/MyDrive/Audio_dataset/Gujarati/15009.mp3,5.004,-109.53,False,4.076,Gujarati,
/content/drive/MyDrive/Audio_dataset/Gujarati/13141.mp3,4.977,-100.76,False,4.977,Gujarati,
/content/drive/MyDrive/Audio_dataset/Gujarati/13178.mp3,4.981,-110.13,False,4.981,Gujarati,
/content/drive/MyDrive/Audio_dataset/Gujarati/13787.mp3,5.004,-58.71,False,5.004,Gujarati,
/content/drive/MyDrive/Audio_dataset/Gujarati/13487.mp3,4.981,-127.87,False,4.981,Gujarati,
/content/drive/MyDrive/Audio_dataset/Gujarati/14084.mp3,4.977,-107.13,False,2.129,Gujarati,
/content/drive/MyDrive/Audio_dataset/Gujarati/13132.mp3,5.004,-101.16,False,4.684,Gujarati,
/content/drive/MyDrive/Audio_dataset/Gujarati/13726.mp3,4.981,-106.99,False,4.981,Gujarati,
/content/drive/MyDrive/Audio_dataset/Gujarati/13361.mp3,4.977,-66.07,False,2.624,Gujarati,
/content/drive/MyDrive/Audio_dataset/Gujarati/14332.mp3,4.977,-112.23,False,4.544,Gujarati,
/content/drive/MyDrive/Audio_dataset/Gujarati/15027.mp3,4.981,-107.85,False,4.032,Gujarati,
/content/drive/MyDrive/Audio_dataset/Gujarati/12907.mp3,4.977,-106.3,False,3.729,Gujarati,
/content/drive/MyDrive/Audio_dataset/Gujarati/12928.mp3,4.977,-53.58,False,4.32,Gujarati,
/content/drive/MyDrive/Audio_dataset/Gujarati/13409.mp3,4.977,-61.38,False,4.945,Gujarati,
/content/drive/MyDrive/Audio_dataset/Gujarati/14171.mp3,5.004,-104.08,False,3.776,Gujarati,
/content/drive/MyDrive/Audio_dataset/Gujarati/14049.mp3,5.005,-126.19,False,4.941,Gujarati,
/content/drive/MyDrive/Audio_dataset/Gujarati/14821.mp3,4.977,-126.75,False,4.945,Gujarati,
/content/drive/MyDrive/Audio_dataset/Gujarati/14477.mp3,4.977,-60.04,False,4.977,Gujarati,
/content/drive/MyDrive/Audio_dataset/Gujarati/14944.mp3,4.977,-111.76,False,3.953,Gujarati,
/content/drive/MyDrive/Audio_dataset/Gujarati/14160.mp3,4.981,-108.43,False,4.981,Gujarati,
/content/drive/MyDrive/Audio_dataset/Gujarati/14703.mp3,4.981,-95.2,False,4.981,Gujarati,
/content/drive/MyDrive/Audio_dataset/Gujarati/15209.mp3,4.981,-113.37,False,4.981,Gujarati,
/content/drive/MyDrive/Audio_dataset/Gujarati/14704.mp3,4.977,-104.76,False,4.625,Gujarati,
/content/drive/MyDrive/Audio_dataset/Gujarati/13806.mp3,5.004,-111.69,False,5.004,Gujarati,
/content/drive/MyDrive/Audio_dataset/Gujarati/12959.mp3,4.977,-104.65,False,4.913,Gujarati,
/content/drive/MyDrive/Audio_dataset/Gujarati/14552.mp3,4.977,-127.31,False,3.232,Gujarati,
/content/drive/MyDrive/Audio_dataset/Gujarati/14783.mp3,5.004,-118.05,False,5.004,Gujarati,
/content/drive/MyDrive/Audio_dataset/Gujarati/13783.mp3,4.981,-100.87,False,4.981,Gujarati,
/content/drive/MyDrive/Audio_dataset/Gujarati/13057.mp3,4.977,-80.0,False,3.136,Gujarati,
/content/drive/MyDrive/Audio_dataset/Gujarati/13738.mp3,4.981,-94.0,False,4.949,Gujarati,
/content/drive/MyDrive/Audio_dataset/Gujarati/14603.mp3,5.004,-110.36,False,4.352,Gujarati,
/content/drive/MyDrive/Audio_dataset/Gujarati/13107.mp3,5.004,-126.25,False,4.972,Gujarati,
/content/drive/MyDrive/Audio_dataset/Gujarati/13675.mp3,5.004,-102.41,False,4.32,Gujarati,
/content/drive/MyDrive/Audio_dataset/Gujarati/14661.mp3,4.981,-127.69,False,4.981,Gujarati,
/content/drive/MyDrive/Audio_dataset/Gujarati/12916.mp3,4.977,-112.66,False,3.872,Gujarati,
/content/drive/MyDrive/Audio_dataset/Gujarati/13945.mp3,4.977,-87.36,False,4.913,Gujarati,
/content/drive/MyDrive/Audio_dataset/Gujarati/13082.mp3,4.977,-88.87,False,4.32,Gujarati,
/content/drive/MyDrive/Audio_dataset/Gujarati/15158.mp3,5.005,-77.17,False,4.992,Gujarati,
/content/drive/MyDrive/Audio_dataset/Gujarati/14334.mp3,4.977,-108.98,False,4.192,Gujarati,
/content/drive/MyDrive/Audio_dataset/Gujarati/14285.mp3,4.977,-122.28,False,4.977,Gujarati,
/content/drive/MyDrive/Audio_dataset/Gujarati/13615.mp3,4.981,-112.49,False,4.981,Gujarati,
/content/drive/MyDrive/Audio_dataset/Gujarati/12924.mp3,5.005,-114.69,False,4.557,Gujarati,
/content/drive/MyDrive/Audio_dataset/Gujarati/13163.mp3,5.004,-106.64,False,3.84,Gujarati,
/content/drive/MyDrive/Audio_dataset/Gujarati/14063.mp3,5.004,-97.5,False,1.44,Gujarati,
/content/drive/MyDrive/Audio_dataset/Gujarati/13843.mp3,5.004,-91.64,False,4.972,Gujarati,
/content/drive/MyDrive/Audio_dataset/Gujarati/15212.mp3,4.977,-105.11,False,4.945,Gujarati,
/content/drive/MyDrive/Audio_dataset/Gujarati/12965.mp3,4.977,-91.0,False,4.817,Gujarati,
/content/drive/MyDrive/Audio_dataset/Gujarati/13440.mp3,4.977,-98.56,False,4.945,Gujarati,
/content/drive/MyDrive/Audio_dataset/Gujarati/12971.mp3,5.004,-107.95,False,2.4,Gujarati,
/content/drive/MyDrive/Audio_dataset/Gujarati/15249.mp3,4.977,-113.52,False,4.977,Gujarati,
/content/drive/MyDrive/Audio_dataset/Gujarati/13539.mp3,5.005,-88.75,False,4.928,Gujarati,
/content/drive/MyDrive/Audio_dataset/Gujarati/14064.mp3,5.005,-102.06,False,4.301,Gujarati,
/content/drive/MyDrive/Audio_dataset/Gujarati/13460.mp3,4.977,-97.95,False,2.833,Gujarati,
/content/drive/MyDrive/Audio_dataset/Gujarati/12888.mp3,4.977,-79.14,False,4.913,Gujarati,
/content/drive/MyDrive/Audio_dataset/Gujarati/13934.mp3,5.004,-112.76,False,5.004,Gujarati,
/content/drive/MyDrive/Audio_dataset/Gujarati/14390.mp3,5.005,-101.43,False,3.885,Gujarati,
/content/drive/MyDrive/Audio_dataset/Gujarati/13344.mp3,5.005,-92.76,False,4.704,Gujarati,
/content/drive/MyDrive/Audio_dataset/Gujarati/13126.mp3,5.004,-112.17,False,4.928,Gujarati,
/content/drive/MyDrive/Audio_dataset/Gujarati/14740.mp3,4.977,-57.03,False,4.977,Gujarati,
/content/drive/MyDrive/Audio_dataset/Gujarati/14534.mp3,4.981,-124.07,False,4.981,Gujarati,
/content/drive/MyDrive/Audio_dataset/Gujarati/14810.mp3,5.005,-94.42,False,3.552,Gujarati,
/content/drive/MyDrive/Audio_dataset/Gujarati/13463.mp3,4.977,-108.39,False,4.913,Gujarati,
/content/drive/MyDrive/Audio_dataset/Gujarati/15183.mp3,5.004,-106.99,False,4.972,Gujarati,
/content/drive/MyDrive/Audio_dataset/Gujarati/13802.mp3,5.004,-114.15,False,4.32,Gujarati,
/content/drive/MyDrive/Audio_dataset/Gujarati/13642.mp3,4.977,-104.69,False,4.832,Gujarati,
/content/drive/MyDrive/Audio_dataset/Gujarati/14030.mp3,4.977,-90.47,False,4.256,Gujarati,
/content/drive/MyDrive/Audio_dataset/Gujarati/15001.mp3,4.977,-107.32,False,4.384,Gujarati,
/content/drive/MyDrive/Audio_dataset/Gujarati/14448.mp3,4.977,-103.98,False,3.488,Gujarati,
/content/drive/MyDrive/Audio_dataset/Gujarati/14299.mp3,5.004,-104.82,False,4.876,Gujarati,
/content/drive/MyDrive/Audio_dataset/Gujarati/14053.mp3,4.977,-116.62,False,4.977,Gujarati,
/content/drive/MyDrive/Audio_dataset/Gujarati/13788.mp3,5.005,-123.12,False,4.896,Gujarati,
/content/drive/MyDrive/Audio_dataset/Gujarati/12913.mp3,5.004,-57.27,False,4.544,Gujarati,
/content/drive/MyDrive/Audio_dataset/Gujarati/14635.mp3,5.004,-123.82,False,2.912,Gujarati,
/content/drive/MyDrive/Audio_dataset/Gujarati/14051.mp3,4.981,-99.3,False,4.981,Gujarati,
/content/drive/MyDrive/Audio_dataset/Gujarati/14606.mp3,5.004,-101.58,False,4.46,Gujarati,
/content/drive/MyDrive/Audio_dataset/Gujarati/12994.mp3,4.977,-154.61,False,4.96,Gujarati,
/content/drive/MyDrive/Audio_dataset/Gujarati/14630.mp3,4.981,-95.22,False,3.872,Gujarati,
/content/drive/MyDrive/Audio_dataset/Gujarati/14177.mp3,4.977,-109.56,False,4.544,Gujarati,
/content/drive/MyDrive/Audio_dataset/Gujarati/14984.mp3,5.004,-104.13,False,5.004,Gujarati,
/content/drive/MyDrive/Audio_dataset/Gujarati/13985.mp3,5.004,-106.41,False,3.52,Gujarati,
/content/drive/MyDrive/Audio_dataset/Gujarati/13310.mp3,4.981,-110.97,False,4.981,Gujarati,
/content/drive/MyDrive/Audio_dataset/Gujarati/14017.mp3,4.981,-108.98,False,4.981,Gujarati,
/content/drive/MyDrive/Audio_dataset/Gujarati/14313.mp3,5.004,-57.59,False,5.004,Gujarati,
/content/drive/MyDrive/Audio_dataset/Gujarati/14773.mp3,4.977,-56.01,False,4.977,Gujarati,
/content/drive/MyDrive/Audio_dataset/Gujarati/13906.mp3,5.004,-104.79,False,2.4,Gujarati,
/content/drive/MyDrive/Audio_dataset/Gujarati/14145.mp3,4.981,-155.49,False,4.16,Gujarati,
/content/drive/MyDrive/Audio_dataset/Gujarati/12938.mp3,4.977,-113.31,False,3.392,Gujarati,
/content/drive/MyDrive/Audio_dataset/Gujarati/14999.mp3,4.977,-68.64,False,3.424,Gujarati,
/content/drive/MyDrive/Audio_dataset/Gujarati/14580.mp3,5.004,-61.73,False,5.004,Gujarati,
/content/drive/MyDrive/Audio_dataset/Gujarati/16564.mp3,5.005,-119.23,False,4.32,Gujarati,
/content/drive/MyDrive/Audio_dataset/Gujarati/16805.mp3,5.004,-109.35,False,2.816,Gujarati,
/content/drive/MyDrive/Audio_dataset/Gujarati/15317.mp3,5.004,-72.32,False,3.264,Gujarati,
/content/drive/MyDrive/Audio_dataset/Gujarati/15981.mp3,4.977,-108.52,False,4.192,Gujarati,
/content/drive/MyDrive/Audio_dataset/Gujarati/15516.mp3,4.977,-59.78,False,4.753,Gujarati,
/content/drive/MyDrive/Audio_dataset/Gujarati/17022.mp3,4.981,-97.86,False,3.168,Gujarati,
/content/drive/MyDrive/Audio_dataset/Gujarati/15737.mp3,5.004,-103.42,False,4.128,Gujarati,
/content/drive/MyDrive/Audio_dataset/Gujarati/16160.mp3,4.977,-99.69,False,3.473,Gujarati,
/content/drive/MyDrive/Audio_dataset/Gujarati/16329.mp3,4.981,-101.82,False,4.917,Gujarati,
/content/drive/MyDrive/Audio_dataset/Gujarati/15441.mp3,5.005,-111.14,False,5.005,Gujarati,
/content/drive/MyDrive/Audio_dataset/Gujarati/16742.mp3,5.004,-106.62,False,3.52,Gujarati,
/content/drive/MyDrive/Audio_dataset/Gujarati/15934.mp3,4.977,-112.02,False,4.497,Gujarati,
/content/drive/MyDrive/Audio_dataset/Gujarati/15642.mp3,4.977,-116.31,False,4.896,Gujarati,
/content/drive/MyDrive/Audio_dataset/Gujarati/15589.mp3,4.981,-82.2,False,4.981,Gujarati,
/content/drive/MyDrive/Audio_dataset/Gujarati/16246.mp3,5.005,-90.89,False,5.005,Gujarati,
/content/drive/MyDrive/Audio_dataset/Gujarati/17446.mp3,5.005,-122.15,False,5.005,Gujarati,
/content/drive/MyDrive/Audio_dataset/Gujarati/15854.mp3,4.981,-127.61,False,3.232,Gujarati,
/content/drive/MyDrive/Audio_dataset/Gujarati/16167.mp3,5.004,-106.01,False,4.512,Gujarati,
/content/drive/MyDrive/Audio_dataset/Gujarati/16999.mp3,5.004,-121.12,False,5.004,Gujarati,
/content/drive/MyDrive/Audio_dataset/Gujarati/16027.mp3,4.977,-132.21,False,4.977,Gujarati,
/content/drive/MyDrive/Audio_dataset/Gujarati/16812.mp3,4.981,-97.37,False,4.981,Gujarati,
/content/drive/MyDrive/Audio_dataset/Gujarati/17484.mp3,5.004,-124.08,False,4.364,Gujarati,
/content/drive/MyDrive/Audio_dataset/Gujarati/15378.mp3,4.981,-105.0,False,3.381,Gujarati,
/content/drive/MyDrive/Audio_dataset/Gujarati/17114.mp3,5.005,-123.82,False,4.512,Gujarati,
/content/drive/MyDrive/Audio_dataset/Gujarati/16467.mp3,5.004,-107.62,False,4.908,Gujarati,
/content/drive/MyDrive/Audio_dataset/Gujarati/15653.mp3,4.981,-121.39,False,3.008,Gujarati,
/content/drive/MyDrive/Audio_dataset/Gujarati/15469.mp3,5.005,-141.19,False,5.005,Gujarati,
/content/drive/MyDrive/Audio_dataset/Gujarati/15904.mp3,5.004,-129.26,False,4.972,Gujarati,
/content/drive/MyDrive/Audio_dataset/Gujarati/15963.mp3,4.977,-104.04,False,3.392,Gujarati,
/content/drive/MyDrive/Audio_dataset/Gujarati/16290.mp3,5.004,-58.5,False,4.544,Gujarati,
/content/drive/MyDrive/Audio_dataset/Gujarati/15337.mp3,4.977,-67.79,False,4.945,Gujarati,
/content/drive/MyDrive/Audio_dataset/Gujarati/17477.mp3,5.004,-98.96,False,4.012,Gujarati,
/content/drive/MyDrive/Audio_dataset/Gujarati/15997.mp3,4.981,-114.98,False,4.128,Gujarati,
/content/drive/MyDrive/Audio_dataset/Gujarati/16432.mp3,4.981,-113.86,False,4.149,Gujarati,
/content/drive/MyDrive/Audio_dataset/Gujarati/17333.mp3,4.977,-56.17,False,4.945,Gujarati,
/content/drive/MyDrive/Audio_dataset/Gujarati/16913.mp3,5.004,-56.12,False,4.128,Gujarati,
/content/drive/MyDrive/Audio_dataset/Gujarati/15411.mp3,4.977,-58.23,False,4.768,Gujarati,
/content/drive/MyDrive/Audio_dataset/Gujarati/16990.mp3,5.004,-119.41,False,4.8,Gujarati,
/content/drive/MyDrive/Audio_dataset/Gujarati/17403.mp3,4.981,-110.69,False,4.981,Gujarati,
/content/drive/MyDrive/Audio_dataset/Gujarati/15720.mp3,4.981,-108.96,False,4.917,Gujarati,
/content/drive/MyDrive/Audio_dataset/Gujarati/17233.mp3,4.977,-58.76,False,4.448,Gujarati,
/content/drive/MyDrive/Audio_dataset/Gujarati/16532.mp3,4.977,-111.79,False,3.744,Gujarati,
/content/drive/MyDrive/Audio_dataset/Gujarati/16957.mp3,4.981,-96.55,False,1.888,Gujarati,
/content/drive/MyDrive/Audio_dataset/Gujarati/16131.mp3,4.977,-102.81,False,1.248,Gujarati,
/content/drive/MyDrive/Audio_dataset/Gujarati/16609.mp3,5.005,-119.81,False,3.648,Gujarati,
/content/drive/MyDrive/Audio_dataset/Gujarati/15915.mp3,5.004,-106.01,False,4.96,Gujarati,
/content/drive/MyDrive/Audio_dataset/Gujarati/16320.mp3,4.977,-116.07,False,4.753,Gujarati,
/content/drive/MyDrive/Audio_dataset/Gujarati/16571.mp3,5.004,-104.9,False,2.528,Gujarati,
/content/drive/MyDrive/Audio_dataset/Gujarati/15899.mp3,4.977,-128.81,False,4.753,Gujarati,
/content/drive/MyDrive/Audio_dataset/Gujarati/16104.mp3,4.981,-131.38,False,3.36,Gujarati,
/content/drive/MyDrive/Audio_dataset/Gujarati/16543.mp3,4.981,-92.44,False,4.981,Gujarati,
/content/drive/MyDrive/Audio_dataset/Gujarati/17078.mp3,4.977,-106.76,False,4.337,Gujarati,
/content/drive/MyDrive/Audio_dataset/Gujarati/17211.mp3,5.005,-124.82,False,2.752,Gujarati,
/content/drive/MyDrive/Audio_dataset/Gujarati/15712.mp3,4.981,-98.6,False,4.917,Gujarati,
/content/drive/MyDrive/Audio_dataset/Gujarati/17308.mp3,4.977,-56.47,False,4.977,Gujarati,
/content/drive/MyDrive/Audio_dataset/Gujarati/15714.mp3,5.004,-111.87,False,4.256,Gujarati,
/content/drive/MyDrive/Audio_dataset/Gujarati/16978.mp3,4.981,-113.41,False,4.981,Gujarati,
/content/drive/MyDrive/Audio_dataset/Gujarati/16765.mp3,4.981,-130.55,False,3.264,Gujarati,
/content/drive/MyDrive/Audio_dataset/Gujarati/16097.mp3,4.977,-118.41,False,3.776,Gujarati,
/content/drive/MyDrive/Audio_dataset/Gujarati/15817.mp3,5.004,-87.28,False,3.852,Gujarati,
/content/drive/MyDrive/Audio_dataset/Gujarati/15592.mp3,4.977,-114.07,False,3.473,Gujarati,
/content/drive/MyDrive/Audio_dataset/Gujarati/17146.mp3,5.004,-104.68,False,3.552,Gujarati,
/content/drive/MyDrive/Audio_dataset/Gujarati/17144.mp3,5.004,-115.77,False,4.288,Gujarati,
/content/drive/MyDrive/Audio_dataset/Gujarati/15345.mp3,4.981,-106.39,False,4.864,Gujarati,
/content/drive/MyDrive/Audio_dataset/Gujarati/15428.mp3,4.981,-128.38,False,4.437,Gujarati,
/content/drive/MyDrive/Audio_dataset/Gujarati/16238.mp3,5.005,-116.94,False,0.48,Gujarati,
/content/drive/MyDrive/Audio_dataset/Gujarati/17207.mp3,5.005,-93.9,False,4.992,Gujarati,
/content/drive/MyDrive/Audio_dataset/Gujarati/17120.mp3,5.004,-72.34,False,3.264,Gujarati,
/content/drive/MyDrive/Audio_dataset/Gujarati/15726.mp3,4.981,-91.68,False,3.232,Gujarati,
/content/drive/MyDrive/Audio_dataset/Gujarati/16254.mp3,4.977,-104.17,False,4.192,Gujarati,
/content/drive/MyDrive/Audio_dataset/Gujarati/15555.mp3,4.981,-132.73,False,4.416,Gujarati,
/content/drive/MyDrive/Audio_dataset/Gujarati/16936.mp3,4.981,-85.62,False,4.949,Gujarati,
/content/drive/MyDrive/Audio_dataset/Gujarati/15771.mp3,5.005,-108.79,False,2.368,Gujarati,
/content/drive/MyDrive/Audio_dataset/Gujarati/17119.mp3,4.977,-111.63,False,4.736,Gujarati,
/content/drive/MyDrive/Audio_dataset/Gujarati/16864.mp3,5.004,-102.73,False,4.556,Gujarati,
/content/drive/MyDrive/Audio_dataset/Gujarati/16092.mp3,4.977,-148.53,False,4.928,Gujarati,
/content/drive/MyDrive/Audio_dataset/Gujarati/15587.mp3,4.977,-101.05,False,4.977,Gujarati,
/content/drive/MyDrive/Audio_dataset/Gujarati/15639.mp3,5.005,-124.77,False,2.688,Gujarati,
/content/drive/MyDrive/Audio_dataset/Gujarati/15742.mp3,5.004,-54.25,False,3.488,Gujarati,
/content/drive/MyDrive/Audio_dataset/Gujarati/17033.mp3,4.977,-95.44,False,3.345,Gujarati,
/content/drive/MyDrive/Audio_dataset/Gujarati/15681.mp3,4.981,-118.89,False,4.8,Gujarati,
/content/drive/MyDrive/Audio_dataset/Gujarati/16010.mp3,4.977,-122.74,False,4.128,Gujarati,
/content/drive/MyDrive/Audio_dataset/Gujarati/16819.mp3,4.977,-121.94,False,3.232,Gujarati,
/content/drive/MyDrive/Audio_dataset/Gujarati/16336.mp3,4.977,-107.97,False,2.912,Gujarati,
/content/drive/MyDrive/Audio_dataset/Gujarati/15828.mp3,5.004,-120.34,False,3.712,Gujarati,
/content/drive/MyDrive/Audio_dataset/Gujarati/17474.mp3,4.977,-54.89,False,4.96,Gujarati,
/content/drive/MyDrive/Audio_dataset/Gujarati/16081.mp3,4.977,-106.65,False,3.648,Gujarati,
/content/drive/MyDrive/Audio_dataset/Gujarati/17011.mp3,4.981,-117.72,False,3.232,Gujarati,
/content/drive/MyDrive/Audio_dataset/Gujarati/17705.mp3,4.977,-111.48,False,4.64,Gujarati,
/content/drive/MyDrive/Audio_dataset/Gujarati/18549.mp3,5.004,-121.84,False,4.972,Gujarati,
/content/drive/MyDrive/Audio_dataset/Gujarati/19453.mp3,4.981,-121.98,False,4.949,Gujarati,
/content/drive/MyDrive/Audio_dataset/Gujarati/19796.mp3,4.977,-110.45,False,4.945,Gujarati,
/content/drive/MyDrive/Audio_dataset/Gujarati/18895.mp3,5.005,-133.8,False,4.896,Gujarati,
/content/drive/MyDrive/Audio_dataset/Gujarati/17735.mp3,5.004,-114.69,False,4.576,Gujarati,
/content/drive/MyDrive/Audio_dataset/Gujarati/19558.mp3,5.004,-106.76,False,4.96,Gujarati,
/content/drive/MyDrive/Audio_dataset/Gujarati/19509.mp3,5.004,-107.27,False,5.004,Gujarati,
/content/drive/MyDrive/Audio_dataset/Gujarati/18747.mp3,4.981,-114.47,False,4.981,Gujarati,
/content/drive/MyDrive/Audio_dataset/Gujarati/17543.mp3,4.977,-95.52,False,4.657,Gujarati,
/content/drive/MyDrive/Audio_dataset/Gujarati/19324.mp3,4.981,-121.05,False,4.981,Gujarati,
/content/drive/MyDrive/Audio_dataset/Gujarati/18863.mp3,4.977,-120.14,False,4.817,Gujarati,
/content/drive/MyDrive/Audio_dataset/Gujarati/19407.mp3,5.005,-123.29,False,3.136,Gujarati,
/content/drive/MyDrive/Audio_dataset/Gujarati/19099.mp3,4.977,-112.53,False,4.753,Gujarati,
/content/drive/MyDrive/Audio_dataset/Gujarati/19887.mp3,4.977,-88.38,False,4.209,Gujarati,
/content/drive/MyDrive/Audio_dataset/Gujarati/19720.mp3,4.977,-56.82,False,4.977,Gujarati,
/content/drive/MyDrive/Audio_dataset/Gujarati/19128.mp3,4.977,-101.78,False,3.601,Gujarati,
/content/drive/MyDrive/Audio_dataset/Gujarati/18638.mp3,5.004,-72.35,False,3.264,Gujarati,
/content/drive/MyDrive/Audio_dataset/Gujarati/19009.mp3,5.005,-110.07,False,4.941,Gujarati,
/content/drive/MyDrive/Audio_dataset/Gujarati/19240.mp3,4.981,-126.37,False,4.373,Gujarati,
/content/drive/MyDrive/Audio_dataset/Gujarati/18458.mp3,4.977,-85.11,False,4.977,Gujarati,
/content/drive/MyDrive/Audio_dataset/Gujarati/19612.mp3,4.981,-138.64,False,4.789,Gujarati,
/content/drive/MyDrive/Audio_dataset/Gujarati/19957.mp3,4.977,-107.92,False,4.16,Gujarati,
/content/drive/MyDrive/Audio_dataset/Gujarati/19917.mp3,5.004,-128.85,False,4.032,Gujarati,
/content/drive/MyDrive/Audio_dataset/Gujarati/18281.mp3,4.977,-111.58,False,4.977,Gujarati,
/content/drive/MyDrive/Audio_dataset/Gujarati/17621.mp3,4.977,-111.47,False,2.912,Gujarati,
/content/drive/MyDrive/Audio_dataset/Gujarati/17577.mp3,4.981,-94.41,False,4.832,Gujarati,
/content/drive/MyDrive/Audio_dataset/Gujarati/18515.mp3,4.981,-110.44,False,4.981,Gujarati,
/content/drive/MyDrive/Audio_dataset/Gujarati/18326.mp3,5.004,-55.64,False,4.096,Gujarati,
/content/drive/MyDrive/Audio_dataset/Gujarati/18222.mp3,2.634,-149.73,False,1.696,Gujarati,
/content/drive/MyDrive/Audio_dataset/Gujarati/18849.mp3,4.981,-103.67,False,2.592,Gujarati,
/content/drive/MyDrive/Audio_dataset/Gujarati/18471.mp3,5.004,-96.59,False,4.524,Gujarati,
/content/drive/MyDrive/Audio_dataset/Gujarati/20041.mp3,4.977,-117.34,False,4.977,Gujarati,
/content/drive/MyDrive/Audio_dataset/Gujarati/17728.mp3,4.977,-110.48,False,4.465,Gujarati,
/content/drive/MyDrive/Audio_dataset/Gujarati/18073.mp3,4.977,-126.92,False,4.785,Gujarati,
/content/drive/MyDrive/Audio_dataset/Gujarati/17932.mp3,4.977,-108.07,False,4.977,Gujarati,
/content/drive/MyDrive/Audio_dataset/Gujarati/20020.mp3,5.004,-103.62,False,5.004,Gujarati,
/content/drive/MyDrive/Audio_dataset/Gujarati/19894.mp3,4.977,-118.69,False,4.945,Gujarati,
/content/drive/MyDrive/Audio_dataset/Gujarati/18304.mp3,4.981,-103.02,False,4.885,Gujarati,
/content/drive/MyDrive/Audio_dataset/Gujarati/19690.mp3,5.004,-99.48,False,4.78,Gujarati,
/content/drive/MyDrive/Audio_dataset/Gujarati/17498.mp3,5.004,-111.19,False,5.004,Gujarati,
/content/drive/MyDrive/Audio_dataset/Gujarati/18519.mp3,5.004,-53.49,False,4.608,Gujarati,
/content/drive/MyDrive/Audio_dataset/Gujarati/19210.mp3,4.977,-59.96,False,3.377,Gujarati,
/content/drive/MyDrive/Audio_dataset/Gujarati/18312.mp3,4.977,-111.08,False,4.608,Gujarati,
/content/drive/MyDrive/Audio_dataset/Gujarati/20032.mp3,4.977,-100.24,False,4.945,Gujarati,
/content/drive/MyDrive/Audio_dataset/Gujarati/18068.mp3,5.005,-122.57,False,4.448,Gujarati,
/content/drive/MyDrive/Audio_dataset/Gujarati/19082.mp3,4.981,-123.6,False,4.981,Gujarati,
/content/drive/MyDrive/Audio_dataset/Gujarati/18947.mp3,4.981,-99.85,False,4.981,Gujarati,
/content/drive/MyDrive/Audio_dataset/Gujarati/19619.mp3,4.981,-107.65,False,4.864,Gujarati,
/content/drive/MyDrive/Audio_dataset/Gujarati/19705.mp3,4.977,-96.68,False,4.48,Gujarati,
/content/drive/MyDrive/Audio_dataset/Gujarati/19282.mp3,4.981,-102.45,False,4.917,Gujarati,
/content/drive/MyDrive/Audio_dataset/Gujarati/19798.mp3,5.004,-115.63,False,2.72,Gujarati,
/content/drive/MyDrive/Audio_dataset/Gujarati/17572.mp3,4.977,-110.38,False,3.52,Gujarati,
/content/drive/MyDrive/Audio_dataset/Gujarati/18933.mp3,5.004,-104.7,False,4.928,Gujarati,
/content/drive/MyDrive/Audio_dataset/Gujarati/18558.mp3,4.981,-102.06,False,4.885,Gujarati,
/content/drive/MyDrive/Audio_dataset/Gujarati/17607.mp3,5.004,-106.75,False,3.776,Gujarati,
/content/drive/MyDrive/Audio_dataset/Gujarati/19627.mp3,5.005,-95.54,False,4.973,Gujarati,
/content/drive/MyDrive/Audio_dataset/Gujarati/17849.mp3,4.977,-110.99,False,4.544,Gujarati,
/content/drive/MyDrive/Audio_dataset/Gujarati/17862.mp3,5.005,-93.04,False,4.717,Gujarati,
/content/drive/MyDrive/Audio_dataset/Gujarati/18388.mp3,5.005,-140.03,False,3.936,Gujarati,
/content/drive/MyDrive/Audio_dataset/Gujarati/17873.mp3,4.981,-125.83,False,4.096,Gujarati,
/content/drive/MyDrive/Audio_dataset/Gujarati/18290.mp3,5.004,-108.94,False,4.704,Gujarati,
/content/drive/MyDrive/Audio_dataset/Gujarati/19496.mp3,4.977,-107.64,False,3.968,Gujarati,
/content/drive/MyDrive/Audio_dataset/Gujarati/17655.mp3,5.004,-111.23,False,3.68,Gujarati,
/content/drive/MyDrive/Audio_dataset/Gujarati/18635.mp3,5.004,-109.92,False,2.464,Gujarati,
/content/drive/MyDrive/Audio_dataset/Gujarati/18737.mp3,4.981,-96.57,False,4.949,Gujarati,
/content/drive/MyDrive/Audio_dataset/Gujarati/19808.mp3,4.977,-107.56,False,4.977,Gujarati,
/content/drive/MyDrive/Audio_dataset/Gujarati/19051.mp3,5.004,-113.39,False,4.94,Gujarati,
/content/drive/MyDrive/Audio_dataset/Gujarati/18584.mp3,4.977,-107.11,False,4.928,Gujarati,
/content/drive/MyDrive/Audio_dataset/Gujarati/17800.mp3,4.977,-129.8,False,4.977,Gujarati,
/content/drive/MyDrive/Audio_dataset/Gujarati/18962.mp3,4.977,-134.89,False,2.4,Gujarati,
/content/drive/MyDrive/Audio_dataset/Gujarati/19177.mp3,4.977,-54.85,False,4.945,Gujarati,
/content/drive/MyDrive/Audio_dataset/Gujarati/18223.mp3,4.981,-88.1,False,4.48,Gujarati,
/content/drive/MyDrive/Audio_dataset/Gujarati/20004.mp3,4.981,-123.93,False,4.64,Gujarati,
/content/drive/MyDrive/Audio_dataset/Gujarati/17893.mp3,5.005,-170.49,False,5.005,Gujarati,
/content/drive/MyDrive/Audio_dataset/Gujarati/18686.mp3,4.977,-61.18,False,4.96,Gujarati,
/content/drive/MyDrive/Audio_dataset/Gujarati/18750.mp3,4.977,-115.55,False,4.721,Gujarati,
/content/drive/MyDrive/Audio_dataset/Gujarati/19795.mp3,5.004,-102.25,False,3.936,Gujarati,
/content/drive/MyDrive/Audio_dataset/Gujarati/18991.mp3,4.977,-105.01,False,4.128,Gujarati,
/content/drive/MyDrive/Audio_dataset/Gujarati/19206.mp3,5.004,-105.86,False,3.628,Gujarati,
/content/drive/MyDrive/Audio_dataset/Gujarati/17814.mp3,5.004,-113.52,False,3.244,Gujarati,
/content/drive/MyDrive/Audio_dataset/Gujarati/17746.mp3,4.977,-114.44,False,3.488,Gujarati,
/content/drive/MyDrive/Audio_dataset/Gujarati/22492.mp3,5.004,-111.2,False,5.004,Gujarati,
/content/drive/MyDrive/Audio_dataset/Gujarati/21922.mp3,5.004,-56.36,False,4.972,Gujarati,
/content/drive/MyDrive/Audio_dataset/Gujarati/21592.mp3,4.981,-115.4,False,4.224,Gujarati,
/content/drive/MyDrive/Audio_dataset/Gujarati/20100.mp3,4.977,-91.25,False,4.977,Gujarati,
/content/drive/MyDrive/Audio_dataset/Gujarati/20481.mp3,4.981,-86.76,False,4.576,Gujarati,
/content/drive/MyDrive/Audio_dataset/Gujarati/21473.mp3,4.981,-111.22,False,4.981,Gujarati,
/content/drive/MyDrive/Audio_dataset/Gujarati/21627.mp3,4.981,-116.73,False,4.917,Gujarati,
/content/drive/MyDrive/Audio_dataset/Gujarati/20609.mp3,5.004,-104.11,False,4.0,Gujarati,
/content/drive/MyDrive/Audio_dataset/Gujarati/21831.mp3,5.004,-97.26,False,3.372,Gujarati,
/content/drive/MyDrive/Audio_dataset/Gujarati/21844.mp3,5.005,-94.32,False,5.005,Gujarati,
/content/drive/MyDrive/Audio_dataset/Gujarati/20665.mp3,5.004,-78.24,False,3.276,Gujarati,
/content/drive/MyDrive/Audio_dataset/Gujarati/21026.mp3,5.005,-92.66,False,4.909,Gujarati,
/content/drive/MyDrive/Audio_dataset/Gujarati/20490.mp3,4.981,-107.9,False,4.213,Gujarati,
/content/drive/MyDrive/Audio_dataset/Gujarati/22746.mp3,4.981,-148.93,False,4.544,Gujarati,
/content/drive/MyDrive/Audio_dataset/Gujarati/20105.mp3,4.977,-117.42,False,4.945,Gujarati,
/content/drive/MyDrive/Audio_dataset/Gujarati/21115.mp3,5.004,-114.34,False,4.972,Gujarati,
/content/drive/MyDrive/Audio_dataset/Gujarati/21472.mp3,4.981,-119.59,False,3.616,Gujarati,
/content/drive/MyDrive/Audio_dataset/Gujarati/20806.mp3,5.004,-57.74,False,4.556,Gujarati,
/content/drive/MyDrive/Audio_dataset/Gujarati/22589.mp3,4.981,-107.39,False,4.981,Gujarati,
/content/drive/MyDrive/Audio_dataset/Gujarati/20375.mp3,5.004,-87.07,False,4.268,Gujarati,
/content/drive/MyDrive/Audio_dataset/Gujarati/22611.mp3,4.981,-108.35,False,4.853,Gujarati,
/content/drive/MyDrive/Audio_dataset/Gujarati/20219.mp3,4.977,-119.93,False,1.969,Gujarati,
/content/drive/MyDrive/Audio_dataset/Gujarati/21377.mp3,4.977,-108.68,False,4.256,Gujarati,
/content/drive/MyDrive/Audio_dataset/Gujarati/22772.mp3,4.977,-105.77,False,4.977,Gujarati,
/content/drive/MyDrive/Audio_dataset/Gujarati/21351.mp3,4.977,-102.32,False,2.592,Gujarati,
/content/drive/MyDrive/Audio_dataset/Gujarati/21336.mp3,5.004,-72.88,False,4.576,Gujarati,
/content/drive/MyDrive/Audio_dataset/Gujarati/20331.mp3,4.981,-93.93,False,4.949,Gujarati,
/content/drive/MyDrive/Audio_dataset/Gujarati/21017.mp3,4.977,-58.68,False,4.977,Gujarati,
/content/drive/MyDrive/Audio_dataset/Gujarati/20427.mp3,4.977,-112.74,False,4.16,Gujarati,
/content/drive/MyDrive/Audio_dataset/Gujarati/21134.mp3,4.977,-112.87,False,4.881,Gujarati,
/content/drive/MyDrive/Audio_dataset/Gujarati/21225.mp3,4.977,-106.94,False,4.128,Gujarati,
/content/drive/MyDrive/Audio_dataset/Gujarati/22640.mp3,4.977,-132.02,False,4.288,Gujarati,
/content/drive/MyDrive/Audio_dataset/Gujarati/21567.mp3,5.004,-125.77,False,4.16,Gujarati,
/content/drive/MyDrive/Audio_dataset/Gujarati/20799.mp3,4.977,-99.29,False,4.448,Gujarati,
/content/drive/MyDrive/Audio_dataset/Gujarati/21767.mp3,4.981,-119.59,False,4.981,Gujarati,
/content/drive/MyDrive/Audio_dataset/Gujarati/22612.mp3,4.977,-105.53,False,4.32,Gujarati,
/content/drive/MyDrive/Audio_dataset/Gujarati/20690.mp3,4.977,-118.07,False,4.977,Gujarati,
/content/drive/MyDrive/Audio_dataset/Gujarati/21113.mp3,4.981,-99.0,False,4.928,Gujarati,
/content/drive/MyDrive/Audio_dataset/Gujarati/22287.mp3,5.004,-101.04,False,4.972,Gujarati,
/content/drive/MyDrive/Audio_dataset/Gujarati/20918.mp3,5.004,-109.62,False,2.22,Gujarati,
/content/drive/MyDrive/Audio_dataset/Gujarati/20830.mp3,4.993,-80.74,False,4.96,Gujarati,
/content/drive/MyDrive/Audio_dataset/Gujarati/20560.mp3,5.004,-128.66,False,4.972,Gujarati,
/content/drive/MyDrive/Audio_dataset/Gujarati/20068.mp3,5.004,-108.16,False,4.896,Gujarati,
/content/drive/MyDrive/Audio_dataset/Gujarati/20526.mp3,5.004,-115.63,False,5.004,Gujarati,
/content/drive/MyDrive/Audio_dataset/Gujarati/21495.mp3,5.004,-120.48,False,5.004,Gujarati,
/content/drive/MyDrive/Audio_dataset/Gujarati/22336.mp3,4.99,-62.87,False,4.926,Gujarati,
/content/drive/MyDrive/Audio_dataset/Gujarati/20826.mp3,5.004,-104.79,False,3.2,Gujarati,
/content/drive/MyDrive/Audio_dataset/Gujarati/20430.mp3,4.977,-109.54,False,4.608,Gujarati,
/content/drive/MyDrive/Audio_dataset/Gujarati/20772.mp3,4.977,-60.11,False,2.481,Gujarati,
/content/drive/MyDrive/Audio_dataset/Gujarati/21587.mp3,4.977,-110.02,False,3.936,Gujarati,
/content/drive/MyDrive/Audio_dataset/Gujarati/22524.mp3,4.981,-112.53,False,3.445,Gujarati,
/content/drive/MyDrive/Audio_dataset/Gujarati/21055.mp3,4.981,-143.31,False,3.904,Gujarati,
/content/drive/MyDrive/Audio_dataset/Gujarati/22820.mp3,5.004,-111.23,False,3.616,Gujarati,
/content/drive/MyDrive/Audio_dataset/Gujarati/22196.mp3,4.981,-101.96,False,4.981,Gujarati,
/content/drive/MyDrive/Audio_dataset/Gujarati/21427.mp3,5.004,-111.01,False,4.0,Gujarati,
/content/drive/MyDrive/Audio_dataset/Gujarati/20215.mp3,5.004,-127.97,False,5.004,Gujarati,
/content/drive/MyDrive/Audio_dataset/Gujarati/21385.mp3,4.977,-118.01,False,4.817,Gujarati,
/content/drive/MyDrive/Audio_dataset/Gujarati/21411.mp3,5.004,-54.32,False,4.204,Gujarati,
/content/drive/MyDrive/Audio_dataset/Gujarati/21360.mp3,4.977,-104.41,False,4.977,Gujarati,
/content/drive/MyDrive/Audio_dataset/Gujarati/20348.mp3,4.977,-74.92,False,4.192,Gujarati,
/content/drive/MyDrive/Audio_dataset/Gujarati/21722.mp3,5.004,-113.97,False,2.912,Gujarati,
/content/drive/MyDrive/Audio_dataset/Gujarati/22706.mp3,4.977,-56.77,False,4.512,Gujarati,
/content/drive/MyDrive/Audio_dataset/Gujarati/21867.mp3,4.977,-111.12,False,4.977,Gujarati,
/content/drive/MyDrive/Audio_dataset/Gujarati/22220.mp3,4.977,-103.26,False,4.817,Gujarati,
/content/drive/MyDrive/Audio_dataset/Gujarati/22757.mp3,5.004,-104.46,False,5.004,Gujarati,
/content/drive/MyDrive/Audio_dataset/Gujarati/21203.mp3,4.981,-129.8,False,4.192,Gujarati,
/content/drive/MyDrive/Audio_dataset/Gujarati/21052.mp3,4.981,-89.93,False,4.981,Gujarati,
/content/drive/MyDrive/Audio_dataset/Gujarati/22851.mp3,5.004,-126.83,False,5.004,Gujarati,
/content/drive/MyDrive/Audio_dataset/Gujarati/20998.mp3,5.004,-112.87,False,4.94,Gujarati,
/content/drive/MyDrive/Audio_dataset/Gujarati/20231.mp3,5.004,-110.58,False,3.584,Gujarati,
/content/drive/MyDrive/Audio_dataset/Gujarati/20904.mp3,4.977,-115.14,False,4.881,Gujarati,
/content/drive/MyDrive/Audio_dataset/Gujarati/22215.mp3,4.977,-118.54,False,4.896,Gujarati,
/content/drive/MyDrive/Audio_dataset/Gujarati/21266.mp3,4.977,-107.56,False,1.792,Gujarati,
/content/drive/MyDrive/Audio_dataset/Gujarati/22118.mp3,5.004,-108.96,False,4.608,Gujarati,
/content/drive/MyDrive/Audio_dataset/Gujarati/22261.mp3,4.981,-112.49,False,4.928,Gujarati,
/content/drive/MyDrive/Audio_dataset/Gujarati/21894.mp3,4.977,-116.12,False,4.977,Gujarati,
/content/drive/MyDrive/Audio_dataset/Gujarati/21724.mp3,4.977,-104.72,False,2.336,Gujarati,
/content/drive/MyDrive/Audio_dataset/Gujarati/20413.mp3,4.977,-106.49,False,4.48,Gujarati,
/content/drive/MyDrive/Audio_dataset/Gujarati/21274.mp3,5.005,-124.03,False,3.04,Gujarati,
/content/drive/MyDrive/Audio_dataset/Gujarati/20737.mp3,4.977,-100.28,False,3.872,Gujarati,
/content/drive/MyDrive/Audio_dataset/Gujarati/20804.mp3,4.981,-119.5,False,4.128,Gujarati,
/content/drive/MyDrive/Audio_dataset/Gujarati/20773.mp3,5.005,-137.82,False,4.16,Gujarati,
/content/drive/MyDrive/Audio_dataset/Gujarati/22314.mp3,5.004,-101.05,False,4.14,Gujarati,
/content/drive/MyDrive/Audio_dataset/Gujarati/22218.mp3,5.005,-133.61,False,3.949,Gujarati,
/content/drive/MyDrive/Audio_dataset/Gujarati/21766.mp3,4.977,-100.93,False,2.385,Gujarati,
/content/drive/MyDrive/Audio_dataset/Gujarati/20251.mp3,5.004,-57.0,False,5.004,Gujarati,
/content/drive/MyDrive/Audio_dataset/Gujarati/21607.mp3,4.977,-58.9,False,1.952,Gujarati,
/content/drive/MyDrive/Audio_dataset/Gujarati/22523.mp3,5.005,-118.86,False,4.416,Gujarati,
/content/drive/MyDrive/Audio_dataset/Gujarati/21796.mp3,5.004,-108.09,False,4.972,Gujarati,
/content/drive/MyDrive/Audio_dataset/Gujarati/22791.mp3,4.977,-102.36,False,4.384,Gujarati,
/content/drive/MyDrive/Audio_dataset/Gujarati/23695.mp3,5.005,-106.9,False,5.005,Gujarati,
/content/drive/MyDrive/Audio_dataset/Gujarati/23758.mp3,4.977,-59.78,False,3.313,Gujarati,
/content/drive/MyDrive/Audio_dataset/Gujarati/24633.mp3,4.977,-58.78,False,4.928,Gujarati,
/content/drive/MyDrive/Audio_dataset/Gujarati/22933.mp3,4.977,-104.66,False,4.977,Gujarati,
/content/drive/MyDrive/Audio_dataset/Gujarati/23677.mp3,4.981,-125.95,False,4.768,Gujarati,
/content/drive/MyDrive/Audio_dataset/Gujarati/23081.mp3,5.004,-57.33,False,4.684,Gujarati,
/content/drive/MyDrive/Audio_dataset/Gujarati/22887.mp3,4.977,-96.97,False,3.584,Gujarati,
/content/drive/MyDrive/Audio_dataset/Gujarati/23315.mp3,4.981,-100.32,False,2.944,Gujarati,
/content/drive/MyDrive/Audio_dataset/Gujarati/23732.mp3,4.977,-106.56,False,4.977,Gujarati,
/content/drive/MyDrive/Audio_dataset/Gujarati/23562.mp3,4.977,-111.76,False,3.264,Gujarati,
/content/drive/MyDrive/Audio_dataset/Gujarati/23324.mp3,5.004,-56.95,False,4.652,Gujarati,
/content/drive/MyDrive/Audio_dataset/Gujarati/23585.mp3,5.004,-101.89,False,4.448,Gujarati,
/content/drive/MyDrive/Audio_dataset/Gujarati/23694.mp3,5.004,-56.31,False,4.972,Gujarati,
/content/drive/MyDrive/Audio_dataset/Gujarati/24254.mp3,5.004,-105.92,False,5.004,Gujarati,
/content/drive/MyDrive/Audio_dataset/Gujarati/23246.mp3,4.981,-117.32,False,4.981,Gujarati,
/content/drive/MyDrive/Audio_dataset/Gujarati/23670.mp3,4.977,-164.1,False,3.616,Gujarati,
/content/drive/MyDrive/Audio_dataset/Gujarati/24674.mp3,4.977,-104.03,False,3.712,Gujarati,
/content/drive/MyDrive/Audio_dataset/Gujarati/22883.mp3,4.977,-102.82,False,4.096,Gujarati,
/content/drive/MyDrive/Audio_dataset/Gujarati/23039.mp3,5.004,-112.02,False,4.608,Gujarati,
/content/drive/MyDrive/Audio_dataset/Gujarati/23680.mp3,4.981,-129.51,False,3.872,Gujarati,
/content/drive/MyDrive/Audio_dataset/Gujarati/24265.mp3,5.004,-108.98,False,3.584,Gujarati,
/content/drive/MyDrive/Audio_dataset/Gujarati/23663.mp3,5.005,-126.12,False,4.973,Gujarati,
/content/drive/MyDrive/Audio_dataset/Gujarati/23705.mp3,4.977,-106.65,False,4.977,Gujarati,
/content/drive/MyDrive/Audio_dataset/Gujarati/23653.mp3,5.005,-115.4,False,4.525,Gujarati,
/content/drive/MyDrive/Audio_dataset/Gujarati/24407.mp3,4.977,-116.97,False,3.84,Gujarati,
/content/drive/MyDrive/Audio_dataset/Gujarati/23085.mp3,4.977,-145.21,False,4.96,Gujarati,
/content/drive/MyDrive/Audio_dataset/Gujarati/22961.mp3,4.977,-106.64,False,2.528,Gujarati,
/content/drive/MyDrive/Audio_dataset/Gujarati/23142.mp3,4.981,-117.29,False,4.672,Gujarati,
/content/drive/MyDrive/Audio_dataset/Gujarati/24469.mp3,4.99,-79.85,False,4.606,Gujarati,
/content/drive/MyDrive/Audio_dataset/Gujarati/23815.mp3,5.004,-104.76,False,2.944,Gujarati,
/content/drive/MyDrive/Audio_dataset/Gujarati/23656.mp3,4.981,-118.87,False,4.629,Gujarati,
/content/drive/MyDrive/Audio_dataset/Gujarati/23911.mp3,4.981,-88.4,False,4.949,Gujarati,
/content/drive/MyDrive/Audio_dataset/Gujarati/23058.mp3,4.977,-162.17,False,4.913,Gujarati,
/content/drive/MyDrive/Audio_dataset/Gujarati/24467.mp3,4.977,-106.46,False,4.977,Gujarati,
/content/drive/MyDrive/Audio_dataset/Gujarati/24336.mp3,5.005,-109.17,False,4.256,Gujarati,
/content/drive/MyDrive/Audio_dataset/Gujarati/24724.mp3,4.981,-122.33,False,4.981,Gujarati,
/content/drive/MyDrive/Audio_dataset/Gujarati/23784.mp3,5.005,-125.29,False,1.312,Gujarati,
/content/drive/MyDrive/Audio_dataset/Gujarati/24756.mp3,4.977,-84.98,False,4.817,Gujarati,
/content/drive/MyDrive/Audio_dataset/Gujarati/23461.mp3,4.977,-77.81,False,2.208,Gujarati,
/content/drive/MyDrive/Audio_dataset/Gujarati/22963.mp3,4.977,-114.93,False,4.977,Gujarati,
/content/drive/MyDrive/Audio_dataset/Gujarati/23443.mp3,5.004,-109.89,False,3.788,Gujarati,
/content/drive/MyDrive/Audio_dataset/Gujarati/24705.mp3,4.981,-116.24,False,3.68,Gujarati,
/content/drive/MyDrive/Audio_dataset/Gujarati/24539.mp3,4.977,-105.41,False,4.273,Gujarati,
/content/drive/MyDrive/Audio_dataset/Gujarati/24060.mp3,4.977,-126.87,False,4.305,Gujarati,
/content/drive/MyDrive/Audio_dataset/Gujarati/23304.mp3,4.977,-104.71,False,2.592,Gujarati,
/content/drive/MyDrive/Audio_dataset/Gujarati/23936.mp3,5.004,-103.3,False,4.992,Gujarati,
/content/drive/MyDrive/Audio_dataset/Gujarati/24695.mp3,4.977,-55.04,False,3.392,Gujarati,
/content/drive/MyDrive/Audio_dataset/Gujarati/24390.mp3,5.004,-113.14,False,3.584,Gujarati,
/content/drive/MyDrive/Audio_dataset/Gujarati/24015.mp3,5.005,-106.03,False,5.005,Gujarati,
/content/drive/MyDrive/Audio_dataset/Gujarati/23214.mp3,5.004,-56.09,False,5.004,Gujarati,
/content/drive/MyDrive/Audio_dataset/Gujarati/23307.mp3,5.004,-115.0,False,3.52,Gujarati,
/content/drive/MyDrive/Audio_dataset/Gujarati/24220.mp3,4.981,-94.64,False,4.981,Gujarati,
/content/drive/MyDrive/Audio_dataset/Gujarati/23610.mp3,5.004,-113.68,False,3.872,Gujarati,
/content/drive/MyDrive/Audio_dataset/Gujarati/24229.mp3,4.977,-59.38,False,4.544,Gujarati,
/content/drive/MyDrive/Audio_dataset/Gujarati/24621.mp3,4.977,-57.51,False,3.904,Gujarati,
/content/drive/MyDrive/Audio_dataset/Gujarati/23253.mp3,4.977,-110.59,False,4.96,Gujarati,
/content/drive/MyDrive/Audio_dataset/Gujarati/24121.mp3,5.005,-119.26,False,4.256,Gujarati,
/content/drive/MyDrive/Audio_dataset/Gujarati/24416.mp3,5.004,-103.51,False,4.736,Gujarati,
/content/drive/MyDrive/Audio_dataset/Gujarati/24747.mp3,4.981,-114.17,False,4.533,Gujarati,
/content/drive/MyDrive/Audio_dataset/Gujarati/23005.mp3,4.981,-130.62,False,4.608,Gujarati,
/content/drive/MyDrive/Audio_dataset/Gujarati/24770.mp3,4.981,-98.63,False,4.64,Gujarati,
/content/drive/MyDrive/Audio_dataset/Gujarati/23124.mp3,4.977,-115.03,False,4.433,Gujarati,
/content/drive/MyDrive/Audio_dataset/Gujarati/24357.mp3,5.004,-60.62,False,5.004,Gujarati,
/content/drive/MyDrive/Audio_dataset/Gujarati/24505.mp3,4.981,-87.42,False,3.968,Gujarati,
/content/drive/MyDrive/Audio_dataset/Gujarati/24379.mp3,5.004,-110.86,False,4.64,Gujarati,
/content/drive/MyDrive/Audio_dataset/Gujarati/23340.mp3,4.977,-107.31,False,4.352,Gujarati,
/content/drive/MyDrive/Audio_dataset/Gujarati/24234.mp3,4.977,-120.0,False,4.817,Gujarati,
/content/drive/MyDrive/Audio_dataset/Gujarati/24453.mp3,4.977,-102.83,False,4.945,Gujarati,
/content/drive/MyDrive/Audio_dataset/Gujarati/24142.mp3,4.977,-102.83,False,4.704,Gujarati,
/content/drive/MyDrive/Audio_dataset/Gujarati/24510.mp3,5.005,-127.41,False,3.968,Gujarati,
/content/drive/MyDrive/Audio_dataset/Gujarati/24240.mp3,5.004,-103.24,False,1.696,Gujarati,
/content/drive/MyDrive/Audio_dataset/Gujarati/24166.mp3,4.977,-58.78,False,4.672,Gujarati,
/content/drive/MyDrive/Audio_dataset/Gujarati/23222.mp3,4.977,-89.68,False,4.977,Gujarati,
/content/drive/MyDrive/Audio_dataset/Gujarati/23557.mp3,5.004,-97.75,False,4.204,Gujarati,
/content/drive/MyDrive/Audio_dataset/Gujarati/23272.mp3,5.004,-105.89,False,5.004,Gujarati,
/content/drive/MyDrive/Audio_dataset/Gujarati/22957.mp3,4.977,-109.82,False,4.064,Gujarati,
/content/drive/MyDrive/Audio_dataset/Gujarati/23285.mp3,5.004,-129.46,False,4.864,Gujarati,
/content/drive/MyDrive/Audio_dataset/Gujarati/23054.mp3,4.981,-102.03,False,4.981,Gujarati,
/content/drive/MyDrive/Audio_dataset/Gujarati/23915.mp3,4.981,-107.24,False,4.821,Gujarati,
/content/drive/MyDrive/Audio_dataset/Gujarati/24272.mp3,4.977,-102.56,False,3.456,Gujarati,
/content/drive/MyDrive/Audio_dataset/Gujarati/24500.mp3,5.004,-115.01,False,4.288,Gujarati,
/content/drive/MyDrive/Audio_dataset/Gujarati/24257.mp3,4.981,-93.41,False,4.277,Gujarati,
/content/drive/MyDrive/Audio_dataset/Gujarati/24803.mp3,4.977,-63.65,False,4.689,Gujarati,
/content/drive/MyDrive/Audio_dataset/Gujarati/22927.mp3,5.004,-102.61,False,3.936,Gujarati,
/content/drive/MyDrive/Audio_dataset/Gujarati/27022.mp3,4.977,-112.99,False,3.712,Gujarati,
/content/drive/MyDrive/Audio_dataset/Gujarati/25667.mp3,4.977,-111.99,False,4.977,Gujarati,
/content/drive/MyDrive/Audio_dataset/Gujarati/26686.mp3,5.005,-124.76,False,3.501,Gujarati,
/content/drive/MyDrive/Audio_dataset/Gujarati/25173.mp3,4.977,-123.91,False,3.616,Gujarati,
/content/drive/MyDrive/Audio_dataset/Gujarati/25622.mp3,4.977,-91.34,False,4.896,Gujarati,
/content/drive/MyDrive/Audio_dataset/Gujarati/26441.mp3,4.981,-117.3,False,3.36,Gujarati,
/content/drive/MyDrive/Audio_dataset/Gujarati/26711.mp3,4.977,-132.53,False,4.544,Gujarati,
/content/drive/MyDrive/Audio_dataset/Gujarati/24951.mp3,5.004,-58.46,False,5.004,Gujarati,
/content/drive/MyDrive/Audio_dataset/Gujarati/26098.mp3,4.981,-125.92,False,2.56,Gujarati,
/content/drive/MyDrive/Audio_dataset/Gujarati/25919.mp3,4.981,-137.25,False,4.32,Gujarati,
/content/drive/MyDrive/Audio_dataset/Gujarati/25532.mp3,4.981,-94.48,False,4.608,Gujarati,
/content/drive/MyDrive/Audio_dataset/Gujarati/24936.mp3,4.977,-115.64,False,4.977,Gujarati,
/content/drive/MyDrive/Audio_dataset/Gujarati/25295.mp3,4.977,-67.79,False,4.945,Gujarati,
/content/drive/MyDrive/Audio_dataset/Gujarati/25951.mp3,5.005,-114.98,False,5.005,Gujarati,
/content/drive/MyDrive/Audio_dataset/Gujarati/26707.mp3,5.004,-118.84,False,5.004,Gujarati,
/content/drive/MyDrive/Audio_dataset/Gujarati/25722.mp3,4.981,-93.63,False,3.797,Gujarati,
/content/drive/MyDrive/Audio_dataset/Gujarati/25325.mp3,5.004,-110.92,False,4.896,Gujarati,
/content/drive/MyDrive/Audio_dataset/Gujarati/25308.mp3,4.977,-59.71,False,4.352,Gujarati,
/content/drive/MyDrive/Audio_dataset/Gujarati/27211.mp3,4.981,-90.76,False,4.032,Gujarati,
/content/drive/MyDrive/Audio_dataset/Gujarati/24867.mp3,4.977,-60.24,False,4.977,Gujarati,
/content/drive/MyDrive/Audio_dataset/Gujarati/25482.mp3,4.981,-105.25,False,4.981,Gujarati,
/content/drive/MyDrive/Audio_dataset/Gujarati/27193.mp3,4.977,-121.09,False,4.785,Gujarati,
/content/drive/MyDrive/Audio_dataset/Gujarati/25477.mp3,4.977,-123.75,False,4.544,Gujarati,
/content/drive/MyDrive/Audio_dataset/Gujarati/25124.mp3,5.004,-55.2,False,5.004,Gujarati,
/content/drive/MyDrive/Audio_dataset/Gujarati/25474.mp3,5.004,-111.53,False,4.8,Gujarati,
/content/drive/MyDrive/Audio_dataset/Gujarati/2677.mp3,5.005,-128.29,False,4.256,Gujarati,
/content/drive/MyDrive/Audio_dataset/Gujarati/26748.mp3,4.977,-54.27,False,3.793,Gujarati,
/content/drive/MyDrive/Audio_dataset/Gujarati/27125.mp3,4.977,-99.13,False,4.977,Gujarati,
/content/drive/MyDrive/Audio_dataset/Gujarati/24887.mp3,5.004,-98.87,False,3.712,Gujarati,
/content/drive/MyDrive/Audio_dataset/Gujarati/25743.mp3,4.977,-91.0,False,4.945,Gujarati,
/content/drive/MyDrive/Audio_dataset/Gujarati/26387.mp3,5.004,-76.76,False,3.712,Gujarati,
/content/drive/MyDrive/Audio_dataset/Gujarati/26259.mp3,5.004,-133.06,False,5.004,Gujarati,
/content/drive/MyDrive/Audio_dataset/Gujarati/26374.mp3,4.977,-95.81,False,4.448,Gujarati,
/content/drive/MyDrive/Audio_dataset/Gujarati/24806.mp3,4.981,-98.18,False,4.981,Gujarati,
/content/drive/MyDrive/Audio_dataset/Gujarati/25258.mp3,4.977,-55.07,False,4.657,Gujarati,
/content/drive/MyDrive/Audio_dataset/Gujarati/26456.mp3,5.005,-125.69,False,5.005,Gujarati,
/content/drive/MyDrive/Audio_dataset/Gujarati/27258.mp3,5.004,-111.44,False,4.448,Gujarati,
/content/drive/MyDrive/Audio_dataset/Gujarati/25999.mp3,5.005,-104.64,False,4.461,Gujarati,
/content/drive/MyDrive/Audio_dataset/Gujarati/25761.mp3,4.977,-102.93,False,4.977,Gujarati,
/content/drive/MyDrive/Audio_dataset/Gujarati/25503.mp3,4.977,-130.71,False,4.896,Gujarati,
/content/drive/MyDrive/Audio_dataset/Gujarati/27256.mp3,5.004,-56.75,False,4.972,Gujarati,
/content/drive/MyDrive/Audio_dataset/Gujarati/26263.mp3,4.977,-117.71,False,4.704,Gujarati,
/content/drive/MyDrive/Audio_dataset/Gujarati/27037.mp3,5.004,-114.42,False,4.96,Gujarati,
/content/drive/MyDrive/Audio_dataset/Gujarati/27027.mp3,4.981,-133.88,False,4.96,Gujarati,
/content/drive/MyDrive/Audio_dataset/Gujarati/26853.mp3,4.977,-112.87,False,4.561,Gujarati,
/content/drive/MyDrive/Audio_dataset/Gujarati/24884.mp3,5.004,-62.39,False,5.004,Gujarati,
/content/drive/MyDrive/Audio_dataset/Gujarati/26525.mp3,4.977,-106.33,False,4.913,Gujarati,
/content/drive/MyDrive/Audio_dataset/Gujarati/26720.mp3,4.981,-113.64,False,4.085,Gujarati,
/content/drive/MyDrive/Audio_dataset/Gujarati/26785.mp3,4.981,-110.3,False,4.885,Gujarati,
/content/drive/MyDrive/Audio_dataset/Gujarati/25089.mp3,4.977,-108.64,False,4.977,Gujarati,
/content/drive/MyDrive/Audio_dataset/Gujarati/25724.mp3,5.004,-107.34,False,4.972,Gujarati,
/content/drive/MyDrive/Audio_dataset/Gujarati/25167.mp3,4.977,-79.26,False,3.776,Gujarati,
/content/drive/MyDrive/Audio_dataset/Gujarati/24873.mp3,4.977,-123.65,False,4.785,Gujarati,
/content/drive/MyDrive/Audio_dataset/Gujarati/26815.mp3,5.004,-107.97,False,4.972,Gujarati,
/content/drive/MyDrive/Audio_dataset/Gujarati/26161.mp3,5.004,-116.87,False,4.736,Gujarati,
/content/drive/MyDrive/Audio_dataset/Gujarati/26130.mp3,4.981,-108.64,False,4.416,Gujarati,
/content/drive/MyDrive/Audio_dataset/Gujarati/26390.mp3,4.977,-96.92,False,4.977,Gujarati,
/content/drive/MyDrive/Audio_dataset/Gujarati/26838.mp3,4.977,-125.86,False,4.913,Gujarati,
/content/drive/MyDrive/Audio_dataset/Gujarati/25034.mp3,4.981,-106.08,False,4.917,Gujarati,
/content/drive/MyDrive/Audio_dataset/Gujarati/26317.mp3,4.977,-127.52,False,4.305,Gujarati,
/content/drive/MyDrive/Audio_dataset/Gujarati/26583.mp3,5.004,-96.7,False,2.72,Gujarati,
/content/drive/MyDrive/Audio_dataset/Gujarati/26505.mp3,5.004,-107.64,False,4.992,Gujarati,
/content/drive/MyDrive/Audio_dataset/Gujarati/27205.mp3,5.004,-109.84,False,5.004,Gujarati,
/content/drive/MyDrive/Audio_dataset/Gujarati/26489.mp3,4.977,-104.46,False,4.416,Gujarati,
/content/drive/MyDrive/Audio_dataset/Gujarati/27206.mp3,5.004,-116.25,False,3.488,Gujarati,
/content/drive/MyDrive/Audio_dataset/Gujarati/25664.mp3,4.981,-124.0,False,4.981,Gujarati,
/content/drive/MyDrive/Audio_dataset/Gujarati/26953.mp3,4.981,-119.8,False,4.352,Gujarati,
/content/drive/MyDrive/Audio_dataset/Gujarati/26755.mp3,5.005,-97.36,False,5.005,Gujarati,
/content/drive/MyDrive/Audio_dataset/Gujarati/26954.mp3,4.977,-125.17,False,4.977,Gujarati,
/content/drive/MyDrive/Audio_dataset/Gujarati/25855.mp3,5.004,-104.2,False,3.308,Gujarati,
/content/drive/MyDrive/Audio_dataset/Gujarati/26772.mp3,5.004,-53.95,False,5.004,Gujarati,
/content/drive/MyDrive/Audio_dataset/Gujarati/27028.mp3,5.004,-81.72,False,4.672,Gujarati,
/content/drive/MyDrive/Audio_dataset/Gujarati/27261.mp3,4.977,-57.26,False,3.761,Gujarati,
/content/drive/MyDrive/Audio_dataset/Gujarati/27139.mp3,4.977,-121.17,False,4.977,Gujarati,
/content/drive/MyDrive/Audio_dataset/Gujarati/26410.mp3,5.004,-110.98,False,3.02,Gujarati,
/content/drive/MyDrive/Audio_dataset/Gujarati/25264.mp3,5.005,-78.93,False,4.768,Gujarati,
/content/drive/MyDrive/Audio_dataset/Gujarati/25965.mp3,4.977,-57.5,False,4.977,Gujarati,
/content/drive/MyDrive/Audio_dataset/Gujarati/25674.mp3,4.977,-100.5,False,4.977,Gujarati,
/content/drive/MyDrive/Audio_dataset/Gujarati/25113.mp3,4.977,-107.83,False,2.112,Gujarati,
/content/drive/MyDrive/Audio_dataset/Gujarati/26351.mp3,5.004,-102.12,False,4.684,Gujarati,
/content/drive/MyDrive/Audio_dataset/Gujarati/2616.mp3,5.004,-100.69,False,4.94,Gujarati,
/content/drive/MyDrive/Audio_dataset/Gujarati/28052.mp3,5.004,-57.64,False,3.724,Gujarati,
/content/drive/MyDrive/Audio_dataset/Gujarati/27587.mp3,4.977,-80.1,False,4.977,Gujarati,
/content/drive/MyDrive/Audio_dataset/Gujarati/28147.mp3,4.977,-117.54,False,4.817,Gujarati,
/content/drive/MyDrive/Audio_dataset/Gujarati/27824.mp3,5.004,-114.19,False,4.652,Gujarati,
/content/drive/MyDrive/Audio_dataset/Gujarati/27271.mp3,5.005,-119.0,False,4.096,Gujarati,
/content/drive/MyDrive/Audio_dataset/Gujarati/28256.mp3,5.004,-103.2,False,4.972,Gujarati,
/content/drive/MyDrive/Audio_dataset/Gujarati/28562.mp3,4.977,-111.83,False,4.352,Gujarati,
/content/drive/MyDrive/Audio_dataset/Gujarati/28553.mp3,4.977,-63.75,False,4.977,Gujarati,
/content/drive/MyDrive/Audio_dataset/Gujarati/27443.mp3,4.977,-56.35,False,4.928,Gujarati,
/content/drive/MyDrive/Audio_dataset/Gujarati/27745.mp3,4.981,-177.98,False,4.981,Gujarati,
/content/drive/MyDrive/Audio_dataset/Gujarati/28661.mp3,4.977,-125.98,False,4.48,Gujarati,
/content/drive/MyDrive/Audio_dataset/Gujarati/27922.mp3,4.977,-106.64,False,4.785,Gujarati,
/content/drive/MyDrive/Audio_dataset/Gujarati/27617.mp3,4.977,-110.46,False,3.424,Gujarati,
/content/drive/MyDrive/Audio_dataset/Gujarati/27307.mp3,4.977,-114.18,False,4.448,Gujarati,
/content/drive/MyDrive/Audio_dataset/Gujarati/27884.mp3,5.004,-110.96,False,4.908,Gujarati,
/content/drive/MyDrive/Audio_dataset/Gujarati/28028.mp3,4.977,-107.44,False,4.896,Gujarati,
/content/drive/MyDrive/Audio_dataset/Gujarati/28663.mp3,4.977,-114.68,False,4.96,Gujarati,
/content/drive/MyDrive/Audio_dataset/Gujarati/28704.mp3,4.977,-101.4,False,3.729,Gujarati,
/content/drive/MyDrive/Audio_dataset/Gujarati/28432.mp3,4.977,-103.38,False,3.936,Gujarati,
/content/drive/MyDrive/Audio_dataset/Gujarati/28093.mp3,4.977,-109.16,False,3.601,Gujarati,
/content/drive/MyDrive/Audio_dataset/Gujarati/27961.mp3,5.004,-59.03,False,5.004,Gujarati,
/content/drive/MyDrive/Audio_dataset/Gujarati/27450.mp3,4.977,-106.01,False,4.977,Gujarati,
/content/drive/MyDrive/Audio_dataset/Gujarati/28478.mp3,4.981,-104.02,False,4.469,Gujarati,
/content/drive/MyDrive/Audio_dataset/Gujarati/27613.mp3,4.981,-122.97,False,4.96,Gujarati,
/content/drive/MyDrive/Audio_dataset/Gujarati/28831.mp3,4.977,-61.87,False,4.416,Gujarati,
/content/drive/MyDrive/Audio_dataset/Gujarati/28030.mp3,5.004,-114.97,False,3.744,Gujarati,
/content/drive/MyDrive/Audio_dataset/Gujarati/28585.mp3,4.977,-104.57,False,4.945,Gujarati,
/content/drive/MyDrive/Audio_dataset/Gujarati/27660.mp3,4.981,-136.0,False,4.64,Gujarati,
/content/drive/MyDrive/Audio_dataset/Gujarati/27983.mp3,4.977,-156.85,False,4.384,Gujarati,
/content/drive/MyDrive/Audio_dataset/Gujarati/28377.mp3,5.005,-129.56,False,3.84,Gujarati,
/content/drive/MyDrive/Audio_dataset/Gujarati/28484.mp3,4.977,-111.5,False,4.977,Gujarati,
/content/drive/MyDrive/Audio_dataset/Gujarati/27901.mp3,5.004,-107.42,False,4.32,Gujarati,
/content/drive/MyDrive/Audio_dataset/Gujarati/28421.mp3,5.005,-123.09,False,4.448,Gujarati,
/content/drive/MyDrive/Audio_dataset/Gujarati/28062.mp3,4.977,-122.47,False,4.145,Gujarati,
/content/drive/MyDrive/Audio_dataset/Gujarati/27798.mp3,4.981,-100.9,False,4.128,Gujarati,
/content/drive/MyDrive/Audio_dataset/Gujarati/28657.mp3,4.981,-104.99,False,4.896,Gujarati,
/content/drive/MyDrive/Audio_dataset/Gujarati/28032.mp3,4.977,-54.64,False,4.945,Gujarati,
/content/drive/MyDrive/Audio_dataset/Gujarati/28825.mp3,4.977,-60.46,False,4.352,Gujarati,
/content/drive/MyDrive/Audio_dataset/Gujarati/28724.mp3,4.977,-111.04,False,2.144,Gujarati,
/content/drive/MyDrive/Audio_dataset/Gujarati/28616.mp3,4.981,-102.12,False,3.797,Gujarati,
/content/drive/MyDrive/Audio_dataset/Gujarati/27963.mp3,5.005,-112.6,False,4.928,Gujarati,
/content/drive/MyDrive/Audio_dataset/Gujarati/29031.mp3,4.977,-104.85,False,4.945,Gujarati,
/content/drive/MyDrive/Audio_dataset/Gujarati/28774.mp3,4.977,-57.8,False,4.849,Gujarati,
/content/drive/MyDrive/Audio_dataset/Gujarati/28726.mp3,5.004,-130.04,False,4.492,Gujarati,
/content/drive/MyDrive/Audio_dataset/Gujarati/28823.mp3,5.004,-60.17,False,4.908,Gujarati,
/content/drive/MyDrive/Audio_dataset/Gujarati/28374.mp3,4.977,-63.77,False,4.544,Gujarati,
/content/drive/MyDrive/Audio_dataset/Gujarati/27694.mp3,5.004,-109.33,False,5.004,Gujarati,
/content/drive/MyDrive/Audio_dataset/Gujarati/28542.mp3,4.977,-102.04,False,3.584,Gujarati,
/content/drive/MyDrive/Audio_dataset/Gujarati/27741.mp3,5.004,-103.59,False,5.004,Gujarati,
/content/drive/MyDrive/Audio_dataset/Gujarati/28815.mp3,4.981,-134.15,False,4.981,Gujarati,
/content/drive/MyDrive/Audio_dataset/Gujarati/28183.mp3,4.977,-104.77,False,4.832,Gujarati,
/content/drive/MyDrive/Audio_dataset/Gujarati/28922.mp3,4.977,-58.43,False,3.2,Gujarati,
/content/drive/MyDrive/Audio_dataset/Gujarati/27669.mp3,4.977,-112.82,False,4.849,Gujarati,
/content/drive/MyDrive/Audio_dataset/Gujarati/27644.mp3,4.977,-106.5,False,4.881,Gujarati,
/content/drive/MyDrive/Audio_dataset/Gujarati/28931.mp3,4.977,-105.62,False,4.64,Gujarati,
/content/drive/MyDrive/Audio_dataset/Gujarati/27500.mp3,5.004,-56.83,False,5.004,Gujarati,
/content/drive/MyDrive/Audio_dataset/Gujarati/28535.mp3,4.977,-120.45,False,3.2,Gujarati,
/content/drive/MyDrive/Audio_dataset/Gujarati/27512.mp3,4.977,-130.71,False,3.296,Gujarati,
/content/drive/MyDrive/Audio_dataset/Gujarati/28270.mp3,4.981,-97.3,False,4.32,Gujarati,
/content/drive/MyDrive/Audio_dataset/Gujarati/28763.mp3,4.977,-105.87,False,4.945,Gujarati,
/content/drive/MyDrive/Audio_dataset/Gujarati/28100.mp3,4.977,-125.04,False,4.416,Gujarati,
/content/drive/MyDrive/Audio_dataset/Gujarati/28919.mp3,4.981,-114.52,False,3.573,Gujarati,
/content/drive/MyDrive/Audio_dataset/Gujarati/27878.mp3,4.981,-108.12,False,4.576,Gujarati,
/content/drive/MyDrive/Audio_dataset/Gujarati/28046.mp3,4.977,-58.64,False,4.977,Gujarati,
/content/drive/MyDrive/Audio_dataset/Gujarati/27846.mp3,4.977,-58.88,False,3.136,Gujarati,
/content/drive/MyDrive/Audio_dataset/Gujarati/28959.mp3,4.981,-117.99,False,4.288,Gujarati,
/content/drive/MyDrive/Audio_dataset/Gujarati/29126.mp3,4.977,-99.82,False,3.968,Gujarati,
/content/drive/MyDrive/Audio_dataset/Gujarati/28181.mp3,4.981,-94.47,False,4.917,Gujarati,
/content/drive/MyDrive/Audio_dataset/Gujarati/27433.mp3,5.005,-108.24,False,4.525,Gujarati,
/content/drive/MyDrive/Audio_dataset/Gujarati/27920.mp3,4.977,-59.22,False,4.192,Gujarati,
/content/drive/MyDrive/Audio_dataset/Gujarati/28128.mp3,5.004,-86.03,False,4.94,Gujarati,
/content/drive/MyDrive/Audio_dataset/Gujarati/27286.mp3,5.004,-107.23,False,4.844,Gujarati,
/content/drive/MyDrive/Audio_dataset/Gujarati/28893.mp3,5.005,-84.1,False,5.005,Gujarati,
/content/drive/MyDrive/Audio_dataset/Gujarati/27820.mp3,4.977,-105.67,False,3.456,Gujarati,
/content/drive/MyDrive/Audio_dataset/Gujarati/27425.mp3,5.005,-102.81,False,4.845,Gujarati,
/content/drive/MyDrive/Audio_dataset/Gujarati/27883.mp3,4.981,-104.77,False,4.981,Gujarati,
/content/drive/MyDrive/Audio_dataset/Gujarati/28054.mp3,4.977,-57.9,False,4.977,Gujarati,
/content/drive/MyDrive/Audio_dataset/Gujarati/28306.mp3,4.981,-98.73,False,4.512,Gujarati,
/content/drive/MyDrive/Audio_dataset/Gujarati/29077.mp3,4.977,-113.46,False,4.928,Gujarati,
/content/drive/MyDrive/Audio_dataset/Gujarati/28967.mp3,4.981,-94.24,False,4.256,Gujarati,
/content/drive/MyDrive/Audio_dataset/Gujarati/28620.mp3,4.977,-115.01,False,4.384,Gujarati,
/content/drive/MyDrive/Audio_dataset/Gujarati/3667.mp3,4.981,-130.16,False,4.928,Gujarati,
/content/drive/MyDrive/Audio_dataset/Gujarati/29696.mp3,4.981,-87.43,False,3.264,Gujarati,
/content/drive/MyDrive/Audio_dataset/Gujarati/29308.mp3,4.977,-111.61,False,4.224,Gujarati,
/content/drive/MyDrive/Audio_dataset/Gujarati/29328.mp3,4.977,-114.62,False,4.704,Gujarati,
/content/drive/MyDrive/Audio_dataset/Gujarati/3029.mp3,4.977,-115.91,False,4.977,Gujarati,
/content/drive/MyDrive/Audio_dataset/Gujarati/4535.mp3,5.005,-117.88,False,4.192,Gujarati,
/content/drive/MyDrive/Audio_dataset/Gujarati/4321.mp3,4.981,-125.22,False,4.981,Gujarati,
/content/drive/MyDrive/Audio_dataset/Gujarati/29719.mp3,4.977,-105.48,False,4.977,Gujarati,
/content/drive/MyDrive/Audio_dataset/Gujarati/3525.mp3,5.004,-104.76,False,4.972,Gujarati,
/content/drive/MyDrive/Audio_dataset/Gujarati/3634.mp3,4.977,-117.24,False,4.081,Gujarati,
/content/drive/MyDrive/Audio_dataset/Gujarati/29651.mp3,5.004,-118.36,False,4.064,Gujarati,
/content/drive/MyDrive/Audio_dataset/Gujarati/4552.mp3,4.977,-103.26,False,4.945,Gujarati,
/content/drive/MyDrive/Audio_dataset/Gujarati/29254.mp3,5.004,-108.23,False,4.0,Gujarati,
/content/drive/MyDrive/Audio_dataset/Gujarati/4038.mp3,5.005,-85.52,False,4.269,Gujarati,
/content/drive/MyDrive/Audio_dataset/Gujarati/29131.mp3,4.977,-121.13,False,4.881,Gujarati,
/content/drive/MyDrive/Audio_dataset/Gujarati/4154.mp3,5.004,-118.16,False,2.24,Gujarati,
/content/drive/MyDrive/Audio_dataset/Gujarati/4065.mp3,5.004,-108.22,False,3.532,Gujarati,
/content/drive/MyDrive/Audio_dataset/Gujarati/29214.mp3,5.004,-108.72,False,4.844,Gujarati,
/content/drive/MyDrive/Audio_dataset/Gujarati/29374.mp3,4.977,-120.78,False,4.945,Gujarati,
/content/drive/MyDrive/Audio_dataset/Gujarati/29265.mp3,4.977,-142.62,False,4.753,Gujarati,
/content/drive/MyDrive/Audio_dataset/Gujarati/3726.mp3,5.004,-105.38,False,5.004,Gujarati,
/content/drive/MyDrive/Audio_dataset/Gujarati/3713.mp3,4.977,-137.65,False,4.977,Gujarati,
/content/drive/MyDrive/Audio_dataset/Gujarati/29300.mp3,4.977,-82.2,False,2.272,Gujarati,
/content/drive/MyDrive/Audio_dataset/Gujarati/2920.mp3,4.981,-120.12,False,4.256,Gujarati,
/content/drive/MyDrive/Audio_dataset/Gujarati/3521.mp3,5.004,-100.65,False,4.192,Gujarati,
/content/drive/MyDrive/Audio_dataset/Gujarati/3892.mp3,5.005,-119.89,False,3.328,Gujarati,
/content/drive/MyDrive/Audio_dataset/Gujarati/4008.mp3,5.004,-83.35,False,5.004,Gujarati,
/content/drive/MyDrive/Audio_dataset/Gujarati/3740.mp3,4.977,-120.23,False,4.977,Gujarati,
/content/drive/MyDrive/Audio_dataset/Gujarati/3947.mp3,4.977,-104.42,False,3.616,Gujarati,
/content/drive/MyDrive/Audio_dataset/Gujarati/29432.mp3,5.005,-116.53,False,4.237,Gujarati,
/content/drive/MyDrive/Audio_dataset/Gujarati/3827.mp3,4.981,-134.44,False,4.032,Gujarati,
/content/drive/MyDrive/Audio_dataset/Gujarati/4113.mp3,5.004,-54.97,False,4.544,Gujarati,
/content/drive/MyDrive/Audio_dataset/Gujarati/3228.mp3,5.004,-113.16,False,3.872,Gujarati,
/content/drive/MyDrive/Audio_dataset/Gujarati/29144.mp3,4.977,-114.8,False,4.977,Gujarati,
/content/drive/MyDrive/Audio_dataset/Gujarati/3598.mp3,5.005,-122.28,False,3.648,Gujarati,
/content/drive/MyDrive/Audio_dataset/Gujarati/29365.mp3,5.004,-112.66,False,5.004,Gujarati,
/content/drive/MyDrive/Audio_dataset/Gujarati/29390.mp3,4.977,-103.66,False,4.128,Gujarati,
/content/drive/MyDrive/Audio_dataset/Gujarati/29404.mp3,4.981,-116.14,False,4.128,Gujarati,
/content/drive/MyDrive/Audio_dataset/Gujarati/3960.mp3,5.004,-86.04,False,4.16,Gujarati,
/content/drive/MyDrive/Audio_dataset/Gujarati/29287.mp3,5.005,-118.8,False,4.845,Gujarati,
/content/drive/MyDrive/Audio_dataset/Gujarati/4594.mp3,4.977,-105.24,False,3.953,Gujarati,
/content/drive/MyDrive/Audio_dataset/Gujarati/29675.mp3,5.004,-105.11,False,4.972,Gujarati,
/content/drive/MyDrive/Audio_dataset/Gujarati/29444.mp3,4.977,-108.46,False,4.416,Gujarati,
/content/drive/MyDrive/Audio_dataset/Gujarati/29654.mp3,5.004,-73.38,False,5.004,Gujarati,
/content/drive/MyDrive/Audio_dataset/Gujarati/3606.mp3,5.004,-107.21,False,4.704,Gujarati,
/content/drive/MyDrive/Audio_dataset/Gujarati/29623.mp3,5.004,-109.93,False,5.004,Gujarati,
/content/drive/MyDrive/Audio_dataset/Gujarati/29185.mp3,5.005,-116.09,False,2.797,Gujarati,
/content/drive/MyDrive/Audio_dataset/Gujarati/29172.mp3,5.004,-107.28,False,3.776,Gujarati,
/content/drive/MyDrive/Audio_dataset/Gujarati/3784.mp3,5.004,-90.99,False,5.004,Gujarati,
/content/drive/MyDrive/Audio_dataset/Gujarati/3179.mp3,4.977,-105.13,False,4.736,Gujarati,
/content/drive/MyDrive/Audio_dataset/Gujarati/3979.mp3,4.981,-115.09,False,4.245,Gujarati,
/content/drive/MyDrive/Audio_dataset/Gujarati/4279.mp3,4.977,-78.78,False,3.569,Gujarati,
/content/drive/MyDrive/Audio_dataset/Gujarati/3614.mp3,4.981,-112.88,False,3.744,Gujarati,
/content/drive/MyDrive/Audio_dataset/Gujarati/4273.mp3,4.977,-118.97,False,4.241,Gujarati,
/content/drive/MyDrive/Audio_dataset/Gujarati/29650.mp3,5.004,-59.03,False,2.316,Gujarati,
/content/drive/MyDrive/Audio_dataset/Gujarati/4551.mp3,5.004,-105.66,False,4.928,Gujarati,
/content/drive/MyDrive/Audio_dataset/Gujarati/3904.mp3,5.005,-113.99,False,4.717,Gujarati,
/content/drive/MyDrive/Audio_dataset/Gujarati/29587.mp3,4.981,-119.69,False,4.949,Gujarati,
/content/drive/MyDrive/Audio_dataset/Gujarati/29189.mp3,4.981,-103.82,False,4.981,Gujarati,
/content/drive/MyDrive/Audio_dataset/Gujarati/3559.mp3,4.977,-101.38,False,3.712,Gujarati,
/content/drive/MyDrive/Audio_dataset/Gujarati/3996.mp3,5.004,-104.92,False,4.94,Gujarati,
/content/drive/MyDrive/Audio_dataset/Gujarati/3889.mp3,5.005,-97.71,False,4.256,Gujarati,
/content/drive/MyDrive/Audio_dataset/Gujarati/29453.mp3,5.004,-111.93,False,2.892,Gujarati,
/content/drive/MyDrive/Audio_dataset/Gujarati/4391.mp3,5.005,-116.5,False,4.992,Gujarati,
/content/drive/MyDrive/Audio_dataset/Gujarati/29275.mp3,4.981,-116.55,False,4.021,Gujarati,
/content/drive/MyDrive/Audio_dataset/Gujarati/3685.mp3,4.977,-105.93,False,4.736,Gujarati,
/content/drive/MyDrive/Audio_dataset/Gujarati/4553.mp3,4.977,-106.73,False,4.881,Gujarati,
/content/drive/MyDrive/Audio_dataset/Gujarati/29399.mp3,4.977,-127.85,False,4.96,Gujarati,
/content/drive/MyDrive/Audio_dataset/Gujarati/3511.mp3,4.977,-101.06,False,4.945,Gujarati,
/content/drive/MyDrive/Audio_dataset/Gujarati/4297.mp3,5.005,-100.09,False,5.005,Gujarati,
/content/drive/MyDrive/Audio_dataset/Gujarati/4076.mp3,4.977,-103.47,False,2.752,Gujarati,
/content/drive/MyDrive/Audio_dataset/Gujarati/4565.mp3,5.004,-110.23,False,3.104,Gujarati,
/content/drive/MyDrive/Audio_dataset/Gujarati/4587.mp3,4.977,-80.76,False,4.081,Gujarati,
/content/drive/MyDrive/Audio_dataset/Gujarati/29442.mp3,4.981,-102.64,False,4.789,Gujarati,
/content/drive/MyDrive/Audio_dataset/Gujarati/4542.mp3,5.004,-136.76,False,2.54,Gujarati,
/content/drive/MyDrive/Audio_dataset/Gujarati/3645.mp3,4.977,-102.02,False,4.977,Gujarati,
/content/drive/MyDrive/Audio_dataset/Gujarati/3282.mp3,5.004,-108.88,False,4.608,Gujarati,
/content/drive/MyDrive/Audio_dataset/Gujarati/3758.mp3,4.977,-101.55,False,2.208,Gujarati,
/content/drive/MyDrive/Audio_dataset/Gujarati/4104.mp3,4.977,-115.01,False,4.945,Gujarati,
/content/drive/MyDrive/Audio_dataset/Gujarati/3507.mp3,4.977,-84.43,False,3.985,Gujarati,
/content/drive/MyDrive/Audio_dataset/Gujarati/29309.mp3,5.005,-100.93,False,5.005,Gujarati,
/content/drive/MyDrive/Audio_dataset/Gujarati/5373.mp3,5.005,-100.43,False,4.877,Gujarati,
/content/drive/MyDrive/Audio_dataset/Gujarati/4944.mp3,4.977,-107.6,False,3.953,Gujarati,
/content/drive/MyDrive/Audio_dataset/Gujarati/6164.mp3,0.362,-134.37,False,0.32,Gujarati,
/content/drive/MyDrive/Audio_dataset/Gujarati/5221.mp3,4.981,-113.92,False,4.949,Gujarati,
/content/drive/MyDrive/Audio_dataset/Gujarati/4745.mp3,5.004,-107.5,False,4.352,Gujarati,
/content/drive/MyDrive/Audio_dataset/Gujarati/5053.mp3,5.004,-108.4,False,2.848,Gujarati,
/content/drive/MyDrive/Audio_dataset/Gujarati/5210.mp3,4.981,-105.88,False,4.981,Gujarati,
/content/drive/MyDrive/Audio_dataset/Gujarati/5841.mp3,4.977,-57.9,False,4.945,Gujarati,
/content/drive/MyDrive/Audio_dataset/Gujarati/5030.mp3,4.977,-108.6,False,4.48,Gujarati,
/content/drive/MyDrive/Audio_dataset/Gujarati/5082.mp3,5.004,-132.44,False,4.652,Gujarati,
/content/drive/MyDrive/Audio_dataset/Gujarati/6049.mp3,5.004,-115.53,False,5.004,Gujarati,
/content/drive/MyDrive/Audio_dataset/Gujarati/5554.mp3,4.977,-108.41,False,4.945,Gujarati,
/content/drive/MyDrive/Audio_dataset/Gujarati/5961.mp3,4.977,-112.93,False,4.817,Gujarati,
/content/drive/MyDrive/Audio_dataset/Gujarati/5302.mp3,4.977,-55.41,False,4.625,Gujarati,
/content/drive/MyDrive/Audio_dataset/Gujarati/5586.mp3,4.977,-121.55,False,4.401,Gujarati,
/content/drive/MyDrive/Audio_dataset/Gujarati/5145.mp3,5.005,-136.33,False,5.005,Gujarati,
/content/drive/MyDrive/Audio_dataset/Gujarati/5401.mp3,5.005,-125.02,False,4.768,Gujarati,
/content/drive/MyDrive/Audio_dataset/Gujarati/4652.mp3,4.977,-117.29,False,4.928,Gujarati,
/content/drive/MyDrive/Audio_dataset/Gujarati/5498.mp3,4.977,-85.72,False,4.96,Gujarati,
/content/drive/MyDrive/Audio_dataset/Gujarati/5463.mp3,5.004,-98.79,False,3.744,Gujarati,
/content/drive/MyDrive/Audio_dataset/Gujarati/6026.mp3,5.004,-105.27,False,5.004,Gujarati,
/content/drive/MyDrive/Audio_dataset/Gujarati/5255.mp3,5.004,-115.27,False,3.84,Gujarati,
/content/drive/MyDrive/Audio_dataset/Gujarati/5837.mp3,5.005,-125.81,False,5.005,Gujarati,
/content/drive/MyDrive/Audio_dataset/Gujarati/4864.mp3,4.981,-107.59,False,4.981,Gujarati,
/content/drive/MyDrive/Audio_dataset/Gujarati/5596.mp3,4.977,-148.65,False,4.704,Gujarati,
/content/drive/MyDrive/Audio_dataset/Gujarati/5000.mp3,4.977,-105.08,False,3.84,Gujarati,
/content/drive/MyDrive/Audio_dataset/Gujarati/6160.mp3,5.004,-112.03,False,5.004,Gujarati,
/content/drive/MyDrive/Audio_dataset/Gujarati/5136.mp3,5.005,-116.94,False,2.976,Gujarati,
/content/drive/MyDrive/Audio_dataset/Gujarati/5756.mp3,5.004,-61.78,False,4.896,Gujarati,
/content/drive/MyDrive/Audio_dataset/Gujarati/5793.mp3,4.981,-83.71,False,4.576,Gujarati,
/content/drive/MyDrive/Audio_dataset/Gujarati/4791.mp3,4.977,-126.39,False,4.977,Gujarati,
/content/drive/MyDrive/Audio_dataset/Gujarati/4692.mp3,5.005,-132.15,False,4.96,Gujarati,
/content/drive/MyDrive/Audio_dataset/Gujarati/5476.mp3,4.977,-109.97,False,4.864,Gujarati,
/content/drive/MyDrive/Audio_dataset/Gujarati/4995.mp3,5.004,-110.26,False,5.004,Gujarati,
/content/drive/MyDrive/Audio_dataset/Gujarati/5070.mp3,5.005,-135.44,False,4.16,Gujarati,
/content/drive/MyDrive/Audio_dataset/Gujarati/4920.mp3,5.005,-116.82,False,5.005,Gujarati,
/content/drive/MyDrive/Audio_dataset/Gujarati/5054.mp3,5.005,-108.04,False,4.077,Gujarati,
/content/drive/MyDrive/Audio_dataset/Gujarati/5856.mp3,4.977,-108.28,False,4.497,Gujarati,
/content/drive/MyDrive/Audio_dataset/Gujarati/4657.mp3,5.005,-114.05,False,3.456,Gujarati,
/content/drive/MyDrive/Audio_dataset/Gujarati/5641.mp3,4.977,-134.37,False,3.04,Gujarati,
/content/drive/MyDrive/Audio_dataset/Gujarati/5702.mp3,5.005,-122.45,False,4.736,Gujarati,
/content/drive/MyDrive/Audio_dataset/Gujarati/4890.mp3,4.977,-100.17,False,4.977,Gujarati,
/content/drive/MyDrive/Audio_dataset/Gujarati/4928.mp3,5.005,-105.73,False,4.973,Gujarati,
/content/drive/MyDrive/Audio_dataset/Gujarati/5588.mp3,4.977,-134.29,False,4.864,Gujarati,
/content/drive/MyDrive/Audio_dataset/Gujarati/4598.mp3,4.981,-147.44,False,4.864,Gujarati,
/content/drive/MyDrive/Audio_dataset/Gujarati/4828.mp3,4.977,-105.89,False,4.672,Gujarati,
/content/drive/MyDrive/Audio_dataset/Gujarati/4704.mp3,4.981,-129.05,False,2.24,Gujarati,
/content/drive/MyDrive/Audio_dataset/Gujarati/5128.mp3,4.977,-112.68,False,4.977,Gujarati,
/content/drive/MyDrive/Audio_dataset/Gujarati/5009.mp3,4.981,-120.46,False,4.224,Gujarati,
/content/drive/MyDrive/Audio_dataset/Gujarati/5283.mp3,5.004,-90.97,False,4.972,Gujarati,
/content/drive/MyDrive/Audio_dataset/Gujarati/4603.mp3,5.004,-110.61,False,3.724,Gujarati,
/content/drive/MyDrive/Audio_dataset/Gujarati/5102.mp3,5.005,-112.99,False,3.616,Gujarati,
/content/drive/MyDrive/Audio_dataset/Gujarati/4595.mp3,5.005,-117.96,False,5.005,Gujarati,
/content/drive/MyDrive/Audio_dataset/Gujarati/4716.mp3,4.977,-53.11,False,4.608,Gujarati,
/content/drive/MyDrive/Audio_dataset/Gujarati/5477.mp3,5.004,-111.53,False,5.004,Gujarati,
/content/drive/MyDrive/Audio_dataset/Gujarati/6174.mp3,5.005,-89.54,False,5.005,Gujarati,
/content/drive/MyDrive/Audio_dataset/Gujarati/5712.mp3,4.977,-116.96,False,4.977,Gujarati,
/content/drive/MyDrive/Audio_dataset/Gujarati/5043.mp3,4.981,-139.49,False,4.981,Gujarati,
/content/drive/MyDrive/Audio_dataset/Gujarati/5739.mp3,4.977,-87.86,False,4.817,Gujarati,
/content/drive/MyDrive/Audio_dataset/Gujarati/4918.mp3,5.004,-107.8,False,4.492,Gujarati,
/content/drive/MyDrive/Audio_dataset/Gujarati/5313.mp3,5.004,-100.31,False,4.94,Gujarati,
/content/drive/MyDrive/Audio_dataset/Gujarati/4946.mp3,5.004,-99.25,False,3.296,Gujarati,
/content/drive/MyDrive/Audio_dataset/Gujarati/5250.mp3,5.005,-132.45,False,4.704,Gujarati,
/content/drive/MyDrive/Audio_dataset/Gujarati/6172.mp3,4.981,-91.7,False,4.352,Gujarati,
/content/drive/MyDrive/Audio_dataset/Gujarati/6041.mp3,5.004,-62.05,False,4.256,Gujarati,
/content/drive/MyDrive/Audio_dataset/Gujarati/4678.mp3,4.977,-108.55,False,4.576,Gujarati,
/content/drive/MyDrive/Audio_dataset/Gujarati/4723.mp3,5.004,-103.64,False,4.192,Gujarati,
/content/drive/MyDrive/Audio_dataset/Gujarati/5348.mp3,5.004,-105.89,False,4.992,Gujarati,
/content/drive/MyDrive/Audio_dataset/Gujarati/5441.mp3,4.977,-115.22,False,4.128,Gujarati,
/content/drive/MyDrive/Audio_dataset/Gujarati/5517.mp3,4.977,-122.57,False,4.864,Gujarati,
/content/drive/MyDrive/Audio_dataset/Gujarati/4656.mp3,4.981,-122.37,False,3.232,Gujarati,
/content/drive/MyDrive/Audio_dataset/Gujarati/4858.mp3,4.977,-119.2,False,4.096,Gujarati,
/content/drive/MyDrive/Audio_dataset/Gujarati/4909.mp3,4.981,-120.69,False,4.981,Gujarati,
/content/drive/MyDrive/Audio_dataset/Gujarati/4712.mp3,5.004,-113.92,False,4.652,Gujarati,
/content/drive/MyDrive/Audio_dataset/Gujarati/8089.mp3,4.977,-103.4,False,4.064,Gujarati,
/content/drive/MyDrive/Audio_dataset/Gujarati/7458.mp3,4.981,-138.09,False,3.616,Gujarati,
/content/drive/MyDrive/Audio_dataset/Gujarati/6796.mp3,4.977,-110.62,False,4.864,Gujarati,
/content/drive/MyDrive/Audio_dataset/Gujarati/7056.mp3,4.977,-102.42,False,4.448,Gujarati,
/content/drive/MyDrive/Audio_dataset/Gujarati/7598.mp3,5.004,-106.53,False,4.96,Gujarati,
/content/drive/MyDrive/Audio_dataset/Gujarati/7820.mp3,4.981,-128.12,False,4.064,Gujarati,
/content/drive/MyDrive/Audio_dataset/Gujarati/6856.mp3,4.981,-130.98,False,4.16,Gujarati,
/content/drive/MyDrive/Audio_dataset/Gujarati/8004.mp3,5.004,-132.84,False,3.552,Gujarati,
/content/drive/MyDrive/Audio_dataset/Gujarati/6514.mp3,4.981,-121.51,False,4.0,Gujarati,
/content/drive/MyDrive/Audio_dataset/Gujarati/7558.mp3,5.005,-122.21,False,5.005,Gujarati,
/content/drive/MyDrive/Audio_dataset/Gujarati/7364.mp3,4.981,-103.51,False,4.981,Gujarati,
/content/drive/MyDrive/Audio_dataset/Gujarati/6593.mp3,4.977,-133.8,False,4.913,Gujarati,
/content/drive/MyDrive/Audio_dataset/Gujarati/6219.mp3,4.977,-109.18,False,3.68,Gujarati,
/content/drive/MyDrive/Audio_dataset/Gujarati/6196.mp3,5.004,-98.34,False,5.004,Gujarati,
/content/drive/MyDrive/Audio_dataset/Gujarati/7280.mp3,4.977,-92.98,False,4.224,Gujarati,
/content/drive/MyDrive/Audio_dataset/Gujarati/6350.mp3,4.977,-119.68,False,4.849,Gujarati,
/content/drive/MyDrive/Audio_dataset/Gujarati/8142.mp3,4.981,-97.36,False,4.981,Gujarati,
/content/drive/MyDrive/Audio_dataset/Gujarati/6684.mp3,5.004,-103.87,False,2.656,Gujarati,
/content/drive/MyDrive/Audio_dataset/Gujarati/8051.mp3,4.977,-105.36,False,4.977,Gujarati,
/content/drive/MyDrive/Audio_dataset/Gujarati/6652.mp3,5.005,-96.14,False,3.648,Gujarati,
/content/drive/MyDrive/Audio_dataset/Gujarati/8106.mp3,5.004,-56.72,False,4.224,Gujarati,
/content/drive/MyDrive/Audio_dataset/Gujarati/6432.mp3,4.977,-117.9,False,3.84,Gujarati,
/content/drive/MyDrive/Audio_dataset/Gujarati/6430.mp3,4.977,-118.03,False,4.977,Gujarati,
/content/drive/MyDrive/Audio_dataset/Gujarati/6353.mp3,5.005,-107.68,False,5.005,Gujarati,
/content/drive/MyDrive/Audio_dataset/Gujarati/6280.mp3,5.005,-95.07,False,4.973,Gujarati,
/content/drive/MyDrive/Audio_dataset/Gujarati/6491.mp3,4.977,-63.15,False,4.256,Gujarati,
/content/drive/MyDrive/Audio_dataset/Gujarati/6941.mp3,4.977,-57.88,False,4.977,Gujarati,
/content/drive/MyDrive/Audio_dataset/Gujarati/6956.mp3,4.981,-88.61,False,3.392,Gujarati,
/content/drive/MyDrive/Audio_dataset/Gujarati/8072.mp3,4.981,-113.91,False,4.064,Gujarati,
/content/drive/MyDrive/Audio_dataset/Gujarati/8002.mp3,4.977,-57.71,False,4.977,Gujarati,
/content/drive/MyDrive/Audio_dataset/Gujarati/6184.mp3,4.981,-114.86,False,3.104,Gujarati,
/content/drive/MyDrive/Audio_dataset/Gujarati/7072.mp3,4.981,-89.85,False,4.597,Gujarati,
/content/drive/MyDrive/Audio_dataset/Gujarati/6983.mp3,5.005,-91.85,False,4.973,Gujarati,
/content/drive/MyDrive/Audio_dataset/Gujarati/7783.mp3,5.005,-112.99,False,3.552,Gujarati,
/content/drive/MyDrive/Audio_dataset/Gujarati/6828.mp3,5.004,-100.98,False,4.876,Gujarati,
/content/drive/MyDrive/Audio_dataset/Gujarati/7979.mp3,4.981,-88.21,False,2.816,Gujarati,
/content/drive/MyDrive/Audio_dataset/Gujarati/7894.mp3,4.981,-106.57,False,4.981,Gujarati,
/content/drive/MyDrive/Audio_dataset/Gujarati/7048.mp3,5.005,-104.91,False,3.968,Gujarati,
/content/drive/MyDrive/Audio_dataset/Gujarati/6385.mp3,4.981,-107.1,False,4.725,Gujarati,
/content/drive/MyDrive/Audio_dataset/Gujarati/8119.mp3,5.005,-131.61,False,3.776,Gujarati,
/content/drive/MyDrive/Audio_dataset/Gujarati/6567.mp3,4.981,-141.96,False,4.245,Gujarati,
/content/drive/MyDrive/Audio_dataset/Gujarati/7779.mp3,4.981,-104.89,False,4.949,Gujarati,
/content/drive/MyDrive/Audio_dataset/Gujarati/7179.mp3,5.005,-101.59,False,3.853,Gujarati,
/content/drive/MyDrive/Audio_dataset/Gujarati/7816.mp3,4.977,-104.57,False,4.913,Gujarati,
/content/drive/MyDrive/Audio_dataset/Gujarati/7052.mp3,4.977,-120.56,False,4.977,Gujarati,
/content/drive/MyDrive/Audio_dataset/Gujarati/7934.mp3,5.004,-91.23,False,4.908,Gujarati,
/content/drive/MyDrive/Audio_dataset/Gujarati/7018.mp3,4.977,-102.09,False,4.881,Gujarati,
/content/drive/MyDrive/Audio_dataset/Gujarati/8032.mp3,5.005,-92.28,False,4.973,Gujarati,
/content/drive/MyDrive/Audio_dataset/Gujarati/7303.mp3,4.981,-97.92,False,4.981,Gujarati,
/content/drive/MyDrive/Audio_dataset/Gujarati/7267.mp3,4.977,-108.32,False,3.921,Gujarati,
/content/drive/MyDrive/Audio_dataset/Gujarati/6723.mp3,5.004,-101.39,False,4.94,Gujarati,
/content/drive/MyDrive/Audio_dataset/Gujarati/6502.mp3,5.004,-104.53,False,3.884,Gujarati,
/content/drive/MyDrive/Audio_dataset/Gujarati/7833.mp3,5.004,-126.7,False,5.004,Gujarati,
/content/drive/MyDrive/Audio_dataset/Gujarati/8022.mp3,4.977,-134.57,False,3.712,Gujarati,
/content/drive/MyDrive/Audio_dataset/Gujarati/6396.mp3,4.977,-114.05,False,4.608,Gujarati,
/content/drive/MyDrive/Audio_dataset/Gujarati/6386.mp3,4.977,-131.04,False,4.608,Gujarati,
/content/drive/MyDrive/Audio_dataset/Gujarati/6429.mp3,4.981,-103.6,False,4.341,Gujarati,
/content/drive/MyDrive/Audio_dataset/Gujarati/8118.mp3,4.981,-106.15,False,4.981,Gujarati,
/content/drive/MyDrive/Audio_dataset/Gujarati/6206.mp3,4.977,-103.46,False,4.017,Gujarati,
/content/drive/MyDrive/Audio_dataset/Gujarati/6923.mp3,5.004,-105.42,False,4.736,Gujarati,
/content/drive/MyDrive/Audio_dataset/Gujarati/6605.mp3,5.004,-57.99,False,4.832,Gujarati,
/content/drive/MyDrive/Audio_dataset/Gujarati/6623.mp3,4.981,-137.51,False,4.661,Gujarati,
/content/drive/MyDrive/Audio_dataset/Gujarati/7007.mp3,5.004,-114.0,False,4.416,Gujarati,
/content/drive/MyDrive/Audio_dataset/Gujarati/8077.mp3,4.99,-64.94,False,3.838,Gujarati,
/content/drive/MyDrive/Audio_dataset/Gujarati/7717.mp3,5.005,-95.18,False,4.672,Gujarati,
/content/drive/MyDrive/Audio_dataset/Gujarati/7618.mp3,4.977,-123.03,False,4.96,Gujarati,
/content/drive/MyDrive/Audio_dataset/Gujarati/8005.mp3,5.004,-119.43,False,3.82,Gujarati,
/content/drive/MyDrive/Audio_dataset/Gujarati/6721.mp3,5.004,-120.13,False,4.608,Gujarati,
/content/drive/MyDrive/Audio_dataset/Gujarati/6937.mp3,4.981,-119.92,False,4.405,Gujarati,
/content/drive/MyDrive/Audio_dataset/Gujarati/6984.mp3,4.977,-108.7,False,3.601,Gujarati,
/content/drive/MyDrive/Audio_dataset/Gujarati/6290.mp3,4.981,-117.75,False,3.872,Gujarati,
/content/drive/MyDrive/Audio_dataset/Gujarati/8047.mp3,5.005,-117.75,False,4.96,Gujarati,
/content/drive/MyDrive/Audio_dataset/Gujarati/9348.mp3,4.981,-114.34,False,4.672,Gujarati,
/content/drive/MyDrive/Audio_dataset/Gujarati/9559.mp3,4.977,-122.75,False,4.977,Gujarati,
/content/drive/MyDrive/Audio_dataset/Gujarati/8415.mp3,5.004,-119.59,False,4.032,Gujarati,
/content/drive/MyDrive/Audio_dataset/Gujarati/9362.mp3,4.977,-110.01,False,3.36,Gujarati,
/content/drive/MyDrive/Audio_dataset/Gujarati/9185.mp3,4.977,-113.38,False,4.657,Gujarati,
/content/drive/MyDrive/Audio_dataset/Gujarati/8282.mp3,4.977,-90.85,False,3.456,Gujarati,
/content/drive/MyDrive/Audio_dataset/Gujarati/9104.mp3,4.981,-123.53,False,4.896,Gujarati,
/content/drive/MyDrive/Audio_dataset/Gujarati/8220.mp3,4.981,-85.62,False,4.949,Gujarati,
/content/drive/MyDrive/Audio_dataset/Gujarati/8565.mp3,4.981,-111.57,False,4.981,Gujarati,
/content/drive/MyDrive/Audio_dataset/Gujarati/8885.mp3,4.977,-123.63,False,4.896,Gujarati,
/content/drive/MyDrive/Audio_dataset/Gujarati/9944.mp3,4.981,-106.0,False,4.981,Gujarati,
/content/drive/MyDrive/Audio_dataset/Gujarati/9732.mp3,5.004,-111.7,False,4.972,Gujarati,
/content/drive/MyDrive/Audio_dataset/Gujarati/9424.mp3,4.977,-85.89,False,4.849,Gujarati,
/content/drive/MyDrive/Audio_dataset/Gujarati/8229.mp3,5.005,-93.26,False,5.005,Gujarati,
/content/drive/MyDrive/Audio_dataset/Gujarati/9312.mp3,4.977,-117.31,False,4.704,Gujarati,
/content/drive/MyDrive/Audio_dataset/Gujarati/9995.mp3,5.005,-106.08,False,4.64,Gujarati,
/content/drive/MyDrive/Audio_dataset/Gujarati/8443.mp3,5.004,-68.93,False,4.384,Gujarati,
/content/drive/MyDrive/Audio_dataset/Gujarati/9996.mp3,4.977,-100.98,False,3.057,Gujarati,
/content/drive/MyDrive/Audio_dataset/Gujarati/8575.mp3,4.981,-134.08,False,4.981,Gujarati,
/content/drive/MyDrive/Audio_dataset/Gujarati/9601.mp3,4.977,-107.77,False,4.576,Gujarati,
/content/drive/MyDrive/Audio_dataset/Gujarati/9434.mp3,5.004,-107.03,False,3.456,Gujarati,
/content/drive/MyDrive/Audio_dataset/Gujarati/8335.mp3,4.977,-103.32,False,3.377,Gujarati,
/content/drive/MyDrive/Audio_dataset/Gujarati/8364.mp3,5.004,-116.79,False,3.968,Gujarati,
/content/drive/MyDrive/Audio_dataset/Gujarati/8232.mp3,4.981,-130.56,False,3.552,Gujarati,
/content/drive/MyDrive/Audio_dataset/Gujarati/8736.mp3,4.977,-109.4,False,4.977,Gujarati,
/content/drive/MyDrive/Audio_dataset/Gujarati/9224.mp3,4.981,-105.64,False,4.896,Gujarati,
/content/drive/MyDrive/Audio_dataset/Gujarati/8598.mp3,4.977,-98.83,False,4.241,Gujarati,
/content/drive/MyDrive/Audio_dataset/Gujarati/9011.mp3,4.977,-110.97,False,4.209,Gujarati,
/content/drive/MyDrive/Audio_dataset/Gujarati/9509.mp3,4.977,-103.47,False,4.864,Gujarati,
/content/drive/MyDrive/Audio_dataset/Gujarati/8731.mp3,5.004,-129.45,False,4.972,Gujarati,
/content/drive/MyDrive/Audio_dataset/Gujarati/9301.mp3,5.004,-94.84,False,5.004,Gujarati,
/content/drive/MyDrive/Audio_dataset/Gujarati/9917.mp3,4.977,-147.04,False,4.977,Gujarati,
/content/drive/MyDrive/Audio_dataset/Gujarati/8792.mp3,4.977,-117.87,False,4.881,Gujarati,
/content/drive/MyDrive/Audio_dataset/Gujarati/9459.mp3,4.981,-108.84,False,4.885,Gujarati,
/content/drive/MyDrive/Audio_dataset/Gujarati/9858.mp3,5.004,-128.6,False,5.004,Gujarati,
/content/drive/MyDrive/Audio_dataset/Gujarati/9263.mp3,4.981,-123.71,False,3.904,Gujarati,
/content/drive/MyDrive/Audio_dataset/Gujarati/8725.mp3,5.004,-127.72,False,4.972,Gujarati,
/content/drive/MyDrive/Audio_dataset/Gujarati/9246.mp3,4.977,-77.35,False,4.224,Gujarati,
/content/drive/MyDrive/Audio_dataset/Gujarati/8461.mp3,5.004,-104.11,False,5.004,Gujarati,
/content/drive/MyDrive/Audio_dataset/Gujarati/8432.mp3,4.977,-52.78,False,4.465,Gujarati,
/content/drive/MyDrive/Audio_dataset/Gujarati/8474.mp3,5.004,-123.11,False,4.364,Gujarati,
/content/drive/MyDrive/Audio_dataset/Gujarati/8645.mp3,5.004,-102.21,False,5.004,Gujarati,
/content/drive/MyDrive/Audio_dataset/Gujarati/8557.mp3,5.005,-93.81,False,4.96,Gujarati,
/content/drive/MyDrive/Audio_dataset/Gujarati/8337.mp3,5.005,-112.14,False,4.717,Gujarati,
/content/drive/MyDrive/Audio_dataset/Gujarati/8971.mp3,5.004,-111.43,False,3.552,Gujarati,
/content/drive/MyDrive/Audio_dataset/Gujarati/9889.mp3,4.981,-101.64,False,4.981,Gujarati,
/content/drive/MyDrive/Audio_dataset/Gujarati/8968.mp3,4.977,-120.35,False,4.977,Gujarati,
/content/drive/MyDrive/Audio_dataset/Gujarati/9315.mp3,5.004,-99.89,False,3.904,Gujarati,
/content/drive/MyDrive/Audio_dataset/Gujarati/8807.mp3,4.977,-104.38,False,4.817,Gujarati,
/content/drive/MyDrive/Audio_dataset/Gujarati/9840.mp3,4.977,-65.79,False,3.616,Gujarati,
/content/drive/MyDrive/Audio_dataset/Gujarati/9909.mp3,5.005,-146.87,False,5.005,Gujarati,
/content/drive/MyDrive/Audio_dataset/Gujarati/9677.mp3,4.977,-104.92,False,4.64,Gujarati,
/content/drive/MyDrive/Audio_dataset/Gujarati/9266.mp3,4.977,-108.68,False,4.512,Gujarati,
/content/drive/MyDrive/Audio_dataset/Gujarati/8664.mp3,4.977,-103.39,False,2.112,Gujarati,
/content/drive/MyDrive/Audio_dataset/Gujarati/8849.mp3,4.977,-129.17,False,4.977,Gujarati,
/content/drive/MyDrive/Audio_dataset/Gujarati/9715.mp3,5.004,-134.69,False,4.62,Gujarati,
/content/drive/MyDrive/Audio_dataset/Gujarati/8444.mp3,4.977,-85.99,False,3.552,Gujarati,
/content/drive/MyDrive/Audio_dataset/Gujarati/8585.mp3,4.977,-58.7,False,3.232,Gujarati,
/content/drive/MyDrive/Audio_dataset/Gujarati/8842.mp3,5.004,-110.28,False,2.336,Gujarati,
/content/drive/MyDrive/Audio_dataset/Gujarati/9411.mp3,4.977,-109.63,False,3.968,Gujarati,
/content/drive/MyDrive/Audio_dataset/Gujarati/9622.mp3,4.977,-80.08,False,3.441,Gujarati,
/content/drive/MyDrive/Audio_dataset/Gujarati/9031.mp3,4.977,-114.33,False,4.849,Gujarati,
/content/drive/MyDrive/Audio_dataset/Gujarati/9797.mp3,4.977,-106.34,False,3.424,Gujarati,
/content/drive/MyDrive/Audio_dataset/Gujarati/9271.mp3,4.981,-162.21,False,4.981,Gujarati,
/content/drive/MyDrive/Audio_dataset/Gujarati/8947.mp3,4.977,-114.34,False,4.977,Gujarati,
/content/drive/MyDrive/Audio_dataset/Gujarati/9740.mp3,5.004,-82.79,False,4.48,Gujarati,
/content/drive/MyDrive/Audio_dataset/Gujarati/8609.mp3,4.977,-106.6,False,3.424,Gujarati,
/content/drive/MyDrive/Audio_dataset/Gujarati/9436.mp3,4.981,-95.26,False,4.96,Gujarati,
/content/drive/MyDrive/Audio_dataset/Gujarati/8616.mp3,4.977,-103.09,False,2.257,Gujarati,
/content/drive/MyDrive/Audio_dataset/Gujarati/9351.mp3,4.977,-63.28,False,4.064,Gujarati,
/content/drive/MyDrive/Audio_dataset/Gujarati/8789.mp3,4.977,-108.03,False,4.337,Gujarati,
/content/drive/MyDrive/Audio_dataset/Gujarati/8990.mp3,4.99,-58.49,False,2.719,Gujarati,
/content/drive/MyDrive/Audio_dataset/Gujarati/9059.mp3,5.004,-113.54,False,4.32,Gujarati,
/content/drive/MyDrive/Audio_dataset/Kannada/10176.mp3,4.981,-127.31,False,4.917,Kannada,
/content/drive/MyDrive/Audio_dataset/Kannada/10304.mp3,5.005,-131.68,False,5.005,Kannada,
/content/drive/MyDrive/Audio_dataset/Kannada/11114.mp3,4.981,-116.33,False,4.981,Kannada,
/content/drive/MyDrive/Audio_dataset/Kannada/10850.mp3,4.981,-121.52,False,4.981,Kannada,
/content/drive/MyDrive/Audio_dataset/Kannada/10371.mp3,4.981,-134.18,False,4.672,Kannada,
/content/drive/MyDrive/Audio_dataset/Kannada/10291.mp3,4.981,,False,4.981,Kannada,"trim produced <100ms audio, kept untrimmed"
/content/drive/MyDrive/Audio_dataset/Kannada/10279.mp3,5.005,-139.27,False,5.005,Kannada,
/content/drive/MyDrive/Audio_dataset/Kannada/10539.mp3,5.004,-104.56,False,5.004,Kannada,
/content/drive/MyDrive/Audio_dataset/Kannada/10794.mp3,5.005,-122.11,False,3.821,Kannada,
/content/drive/MyDrive/Audio_dataset/Kannada/11161.mp3,5.005,-114.56,False,4.973,Kannada,
/content/drive/MyDrive/Audio_dataset/Kannada/10939.mp3,4.981,-118.76,False,4.917,Kannada,
/content/drive/MyDrive/Audio_dataset/Kannada/10229.mp3,4.981,-103.9,False,4.981,Kannada,
/content/drive/MyDrive/Audio_dataset/Kannada/10436.mp3,5.005,-113.91,False,4.781,Kannada,
/content/drive/MyDrive/Audio_dataset/Kannada/10852.mp3,4.981,-118.76,False,4.757,Kannada,
/content/drive/MyDrive/Audio_dataset/Kannada/10418.mp3,4.981,-115.21,False,4.981,Kannada,
/content/drive/MyDrive/Audio_dataset/Kannada/10901.mp3,4.981,-126.74,False,4.981,Kannada,
/content/drive/MyDrive/Audio_dataset/Kannada/10503.mp3,5.005,-128.82,False,4.992,Kannada,
/content/drive/MyDrive/Audio_dataset/Kannada/10348.mp3,4.981,-122.06,False,3.2,Kannada,
/content/drive/MyDrive/Audio_dataset/Kannada/10192.mp3,4.981,-125.62,False,4.32,Kannada,
/content/drive/MyDrive/Audio_dataset/Kannada/10301.mp3,4.981,-115.45,False,4.949,Kannada,
/content/drive/MyDrive/Audio_dataset/Kannada/10765.mp3,4.981,-131.17,False,4.864,Kannada,
/content/drive/MyDrive/Audio_dataset/Kannada/10351.mp3,5.004,-100.3,False,4.972,Kannada,
/content/drive/MyDrive/Audio_dataset/Kannada/10602.mp3,4.981,-126.14,False,4.981,Kannada,
/content/drive/MyDrive/Audio_dataset/Kannada/10167.mp3,5.005,-115.18,False,4.0,Kannada,
/content/drive/MyDrive/Audio_dataset/Kannada/10686.mp3,5.005,-137.76,False,4.429,Kannada,
/content/drive/MyDrive/Audio_dataset/Kannada/11188.mp3,4.981,-114.91,False,4.608,Kannada,
/content/drive/MyDrive/Audio_dataset/Kannada/11014.mp3,4.981,-126.27,False,3.317,Kannada,
/content/drive/MyDrive/Audio_dataset/Kannada/10556.mp3,4.981,-116.79,False,3.957,Kannada,
/content/drive/MyDrive/Audio_dataset/Kannada/10703.mp3,4.977,-94.38,False,4.977,Kannada,
/content/drive/MyDrive/Audio_dataset/Kannada/11044.mp3,4.981,-132.36,False,4.981,Kannada,
/content/drive/MyDrive/Audio_dataset/Kannada/10701.mp3,4.981,-127.46,False,4.981,Kannada,
/content/drive/MyDrive/Audio_dataset/Kannada/10087.mp3,4.981,-125.28,False,4.928,Kannada,
/content/drive/MyDrive/Audio_dataset/Kannada/11083.mp3,5.005,-126.64,False,4.896,Kannada,
/content/drive/MyDrive/Audio_dataset/Kannada/11140.mp3,5.005,-126.5,False,5.005,Kannada,
/content/drive/MyDrive/Audio_dataset/Kannada/10630.mp3,4.981,-126.08,False,4.928,Kannada,
/content/drive/MyDrive/Audio_dataset/Kannada/10330.mp3,4.981,-117.6,False,4.789,Kannada,
/content/drive/MyDrive/Audio_dataset/Kannada/10504.mp3,4.981,-114.88,False,4.128,Kannada,
/content/drive/MyDrive/Audio_dataset/Kannada/10807.mp3,5.005,-115.98,False,4.429,Kannada,
/content/drive/MyDrive/Audio_dataset/Kannada/10296.mp3,4.981,-113.55,False,4.981,Kannada,
/content/drive/MyDrive/Audio_dataset/Kannada/10013.mp3,4.981,-108.32,False,4.981,Kannada,
/content/drive/MyDrive/Audio_dataset/Kannada/10294.mp3,5.005,-135.18,False,4.896,Kannada,
/content/drive/MyDrive/Audio_dataset/Kannada/11071.mp3,5.005,-117.25,False,5.005,Kannada,
/content/drive/MyDrive/Audio_dataset/Kannada/10618.mp3,4.981,-122.04,False,4.981,Kannada,
/content/drive/MyDrive/Audio_dataset/Kannada/11028.mp3,4.981,-126.61,False,4.981,Kannada,
/content/drive/MyDrive/Audio_dataset/Kannada/12916.mp3,4.981,-128.64,False,4.053,Kannada,
/content/drive/MyDrive/Audio_dataset/Kannada/12710.mp3,4.981,-143.62,False,4.981,Kannada,
/content/drive/MyDrive/Audio_dataset/Kannada/12089.mp3,5.005,-107.39,False,4.973,Kannada,
/content/drive/MyDrive/Audio_dataset/Kannada/12928.mp3,4.981,-99.19,False,3.477,Kannada,
/content/drive/MyDrive/Audio_dataset/Kannada/11246.mp3,4.981,-128.32,False,4.96,Kannada,
/content/drive/MyDrive/Audio_dataset/Kannada/11579.mp3,5.005,-130.77,False,4.877,Kannada,
/content/drive/MyDrive/Audio_dataset/Kannada/12166.mp3,5.005,-126.02,False,4.32,Kannada,
/content/drive/MyDrive/Audio_dataset/Kannada/12637.mp3,5.005,-113.17,False,5.005,Kannada,
/content/drive/MyDrive/Audio_dataset/Kannada/11670.mp3,4.981,-116.2,False,4.981,Kannada,
/content/drive/MyDrive/Audio_dataset/Kannada/11681.mp3,4.981,-132.0,False,4.512,Kannada,
/content/drive/MyDrive/Audio_dataset/Kannada/11542.mp3,5.005,-122.81,False,4.269,Kannada,
/content/drive/MyDrive/Audio_dataset/Kannada/11507.mp3,5.005,-117.2,False,5.005,Kannada,
/content/drive/MyDrive/Audio_dataset/Kannada/11627.mp3,4.981,-121.55,False,4.981,Kannada,
/content/drive/MyDrive/Audio_dataset/Kannada/12558.mp3,4.981,-124.88,False,4.949,Kannada,
/content/drive/MyDrive/Audio_dataset/Kannada/11463.mp3,4.981,-117.18,False,4.928,Kannada,
/content/drive/MyDrive/Audio_dataset/Kannada/12390.mp3,4.981,-129.56,False,4.8,Kannada,
/content/drive/MyDrive/Audio_dataset/Kannada/11875.mp3,5.005,-120.72,False,4.941,Kannada,
/content/drive/MyDrive/Audio_dataset/Kannada/11474.mp3,5.005,-121.9,False,4.864,Kannada,
/content/drive/MyDrive/Audio_dataset/Kannada/11381.mp3,5.005,-141.15,False,5.005,Kannada,
/content/drive/MyDrive/Audio_dataset/Kannada/11406.mp3,4.981,-111.73,False,4.949,Kannada,
/content/drive/MyDrive/Audio_dataset/Kannada/12971.mp3,4.981,-137.25,False,4.224,Kannada,
/content/drive/MyDrive/Audio_dataset/Kannada/11602.mp3,5.005,-118.64,False,4.941,Kannada,
/content/drive/MyDrive/Audio_dataset/Kannada/11969.mp3,4.981,-124.34,False,3.893,Kannada,
/content/drive/MyDrive/Audio_dataset/Kannada/11387.mp3,4.981,-128.15,False,4.768,Kannada,
/content/drive/MyDrive/Audio_dataset/Kannada/11288.mp3,5.005,-114.86,False,4.973,Kannada,
/content/drive/MyDrive/Audio_dataset/Kannada/11930.mp3,4.977,-100.53,False,4.864,Kannada,
/content/drive/MyDrive/Audio_dataset/Kannada/12516.mp3,4.981,-125.66,False,4.981,Kannada,
/content/drive/MyDrive/Audio_dataset/Kannada/11368.mp3,5.005,-116.55,False,4.493,Kannada,
/content/drive/MyDrive/Audio_dataset/Kannada/11714.mp3,4.981,-123.07,False,4.832,Kannada,
/content/drive/MyDrive/Audio_dataset/Kannada/12799.mp3,4.981,-117.67,False,4.789,Kannada,
/content/drive/MyDrive/Audio_dataset/Kannada/11590.mp3,5.005,-141.77,False,5.005,Kannada,
/content/drive/MyDrive/Audio_dataset/Kannada/12330.mp3,4.981,-128.21,False,4.885,Kannada,
/content/drive/MyDrive/Audio_dataset/Kannada/12473.mp3,4.981,,False,4.981,Kannada,"trim produced <100ms audio, kept untrimmed"
/content/drive/MyDrive/Audio_dataset/Kannada/11203.mp3,4.981,-108.23,False,4.469,Kannada,
/content/drive/MyDrive/Audio_dataset/Kannada/11440.mp3,4.981,-110.68,False,4.832,Kannada,
/content/drive/MyDrive/Audio_dataset/Kannada/12040.mp3,4.981,-125.35,False,4.981,Kannada,
/content/drive/MyDrive/Audio_dataset/Kannada/11275.mp3,4.981,-127.17,False,4.309,Kannada,
/content/drive/MyDrive/Audio_dataset/Kannada/12726.mp3,4.981,-110.84,False,4.96,Kannada,
/content/drive/MyDrive/Audio_dataset/Kannada/12349.mp3,5.005,-120.22,False,5.005,Kannada,
/content/drive/MyDrive/Audio_dataset/Kannada/12536.mp3,4.981,-134.33,False,4.949,Kannada,
/content/drive/MyDrive/Audio_dataset/Kannada/11671.mp3,4.981,-117.16,False,4.981,Kannada,
/content/drive/MyDrive/Audio_dataset/Kannada/11960.mp3,4.981,-110.45,False,4.821,Kannada,
/content/drive/MyDrive/Audio_dataset/Kannada/12888.mp3,4.981,-123.94,False,4.597,Kannada,
/content/drive/MyDrive/Audio_dataset/Kannada/12603.mp3,4.981,-126.52,False,3.936,Kannada,
/content/drive/MyDrive/Audio_dataset/Kannada/11214.mp3,4.981,-118.18,False,4.981,Kannada,
/content/drive/MyDrive/Audio_dataset/Kannada/12656.mp3,4.981,-125.36,False,3.936,Kannada,
/content/drive/MyDrive/Audio_dataset/Kannada/12182.mp3,5.005,-112.76,False,4.928,Kannada,
/content/drive/MyDrive/Audio_dataset/Kannada/12924.mp3,4.981,-122.67,False,4.917,Kannada,
/content/drive/MyDrive/Audio_dataset/Kannada/11813.mp3,5.005,-126.43,False,5.005,Kannada,
/content/drive/MyDrive/Audio_dataset/Kannada/12398.mp3,4.981,-113.81,False,4.981,Kannada,
/content/drive/MyDrive/Audio_dataset/Kannada/11452.mp3,4.981,-116.23,False,4.885,Kannada,
/content/drive/MyDrive/Audio_dataset/Kannada/11430.mp3,5.005,-117.95,False,4.992,Kannada,
/content/drive/MyDrive/Audio_dataset/Kannada/12551.mp3,5.005,-119.62,False,5.005,Kannada,
/content/drive/MyDrive/Audio_dataset/Kannada/11519.mp3,4.981,-125.08,False,4.981,Kannada,
/content/drive/MyDrive/Audio_dataset/Kannada/12835.mp3,4.981,-148.9,False,4.64,Kannada,
/content/drive/MyDrive/Audio_dataset/Kannada/12959.mp3,4.981,-131.5,False,4.981,Kannada,
/content/drive/MyDrive/Audio_dataset/Kannada/12553.mp3,5.005,-110.63,False,3.021,Kannada,
/content/drive/MyDrive/Audio_dataset/Kannada/11804.mp3,4.981,-113.05,False,3.104,Kannada,
/content/drive/MyDrive/Audio_dataset/Kannada/11428.mp3,5.005,-116.29,False,4.941,Kannada,
/content/drive/MyDrive/Audio_dataset/Kannada/12482.mp3,4.981,-120.7,False,4.981,Kannada,
/content/drive/MyDrive/Audio_dataset/Kannada/11701.mp3,4.981,-143.14,False,4.981,Kannada,
/content/drive/MyDrive/Audio_dataset/Kannada/11928.mp3,4.981,-104.29,False,4.981,Kannada,
/content/drive/MyDrive/Audio_dataset/Kannada/11958.mp3,5.005,-121.41,False,4.589,Kannada,
/content/drive/MyDrive/Audio_dataset/Kannada/11473.mp3,4.981,-122.44,False,4.981,Kannada,
/content/drive/MyDrive/Audio_dataset/Kannada/11704.mp3,4.981,-114.02,False,4.949,Kannada,
/content/drive/MyDrive/Audio_dataset/Kannada/11907.mp3,4.981,-145.17,False,4.981,Kannada,
/content/drive/MyDrive/Audio_dataset/Kannada/12727.mp3,4.977,-99.44,False,4.977,Kannada,
/content/drive/MyDrive/Audio_dataset/Kannada/11324.mp3,5.005,-135.85,False,5.005,Kannada,
/content/drive/MyDrive/Audio_dataset/Kannada/11683.mp3,4.981,-125.95,False,4.981,Kannada,
/content/drive/MyDrive/Audio_dataset/Kannada/12941.mp3,5.005,-115.92,False,5.005,Kannada,
/content/drive/MyDrive/Audio_dataset/Kannada/12247.mp3,4.981,-127.34,False,4.576,Kannada,
/content/drive/MyDrive/Audio_dataset/Kannada/11779.mp3,5.005,-154.92,False,4.352,Kannada,
/content/drive/MyDrive/Audio_dataset/Kannada/12647.mp3,4.981,-113.03,False,4.981,Kannada,
/content/drive/MyDrive/Audio_dataset/Kannada/12470.mp3,5.005,-144.9,False,4.717,Kannada,
/content/drive/MyDrive/Audio_dataset/Kannada/12907.mp3,4.981,-117.75,False,4.181,Kannada,
/content/drive/MyDrive/Audio_dataset/Kannada/12715.mp3,5.005,-135.75,False,4.448,Kannada,
/content/drive/MyDrive/Audio_dataset/Kannada/12965.mp3,4.981,-130.29,False,4.053,Kannada,
/content/drive/MyDrive/Audio_dataset/Kannada/12938.mp3,4.981,-127.55,False,4.288,Kannada,
/content/drive/MyDrive/Audio_dataset/Kannada/11306.mp3,5.005,-126.99,False,4.48,Kannada,
/content/drive/MyDrive/Audio_dataset/Kannada/12771.mp3,4.981,-124.42,False,4.981,Kannada,
/content/drive/MyDrive/Audio_dataset/Kannada/12204.mp3,4.981,-128.77,False,2.592,Kannada,
/content/drive/MyDrive/Audio_dataset/Kannada/12098.mp3,4.981,-114.91,False,4.725,Kannada,
/content/drive/MyDrive/Audio_dataset/Kannada/12913.mp3,4.981,-112.03,False,4.896,Kannada,
/content/drive/MyDrive/Audio_dataset/Kannada/11769.mp3,4.981,-122.11,False,4.885,Kannada,
/content/drive/MyDrive/Audio_dataset/Kannada/12393.mp3,4.977,-94.63,False,4.0,Kannada,
/content/drive/MyDrive/Audio_dataset/Kannada/12492.mp3,5.005,-137.4,False,5.005,Kannada,
/content/drive/MyDrive/Audio_dataset/Kannada/11341.mp3,4.981,-135.57,False,4.981,Kannada,
/content/drive/MyDrive/Audio_dataset/Kannada/12769.mp3,5.005,-139.96,False,4.941,Kannada,
/content/drive/MyDrive/Audio_dataset/Kannada/11584.mp3,5.004,-98.72,False,5.004,Kannada,
/content/drive/MyDrive/Audio_dataset/Kannada/12436.mp3,5.005,-124.35,False,4.141,Kannada,
/content/drive/MyDrive/Audio_dataset/Kannada/13487.mp3,5.005,-117.89,False,5.005,Kannada,
/content/drive/MyDrive/Audio_dataset/Kannada/14049.mp3,4.981,-113.26,False,4.544,Kannada,
/content/drive/MyDrive/Audio_dataset/Kannada/13722.mp3,5.005,-123.84,False,4.909,Kannada,
/content/drive/MyDrive/Audio_dataset/Kannada/14703.mp3,5.005,-141.36,False,4.736,Kannada,
/content/drive/MyDrive/Audio_dataset/Kannada/14313.mp3,5.005,-129.41,False,4.909,Kannada,
/content/drive/MyDrive/Audio_dataset/Kannada/14821.mp3,4.977,-94.86,False,4.977,Kannada,
/content/drive/MyDrive/Audio_dataset/Kannada/14097.mp3,5.005,-125.75,False,4.992,Kannada,
/content/drive/MyDrive/Audio_dataset/Kannada/14552.mp3,4.981,-142.02,False,4.981,Kannada,
/content/drive/MyDrive/Audio_dataset/Kannada/14145.mp3,4.981,-119.35,False,4.885,Kannada,
/content/drive/MyDrive/Audio_dataset/Kannada/13409.mp3,5.005,-114.46,False,4.416,Kannada,
/content/drive/MyDrive/Audio_dataset/Kannada/13344.mp3,4.981,-101.84,False,4.928,Kannada,
/content/drive/MyDrive/Audio_dataset/Kannada/14630.mp3,5.005,-143.66,False,4.224,Kannada,
/content/drive/MyDrive/Audio_dataset/Kannada/14299.mp3,4.981,-120.65,False,4.277,Kannada,
/content/drive/MyDrive/Audio_dataset/Kannada/14984.mp3,4.981,-114.59,False,4.096,Kannada,
/content/drive/MyDrive/Audio_dataset/Kannada/14810.mp3,4.981,-114.58,False,4.864,Kannada,
/content/drive/MyDrive/Audio_dataset/Kannada/14635.mp3,4.981,-141.01,False,4.981,Kannada,
/content/drive/MyDrive/Audio_dataset/Kannada/14084.mp3,5.005,-114.7,False,4.877,Kannada,
/content/drive/MyDrive/Audio_dataset/Kannada/13783.mp3,5.005,-140.11,False,4.896,Kannada,
/content/drive/MyDrive/Audio_dataset/Kannada/14477.mp3,4.981,-108.56,False,4.8,Kannada,
/content/drive/MyDrive/Audio_dataset/Kannada/13463.mp3,4.981,-130.88,False,4.917,Kannada,
/content/drive/MyDrive/Audio_dataset/Kannada/13460.mp3,5.005,-112.39,False,4.736,Kannada,
/content/drive/MyDrive/Audio_dataset/Kannada/14285.mp3,4.981,-116.71,False,4.672,Kannada,
/content/drive/MyDrive/Audio_dataset/Kannada/14238.mp3,4.981,-112.95,False,4.288,Kannada,
/content/drive/MyDrive/Audio_dataset/Kannada/13726.mp3,4.981,-124.6,False,4.981,Kannada,
/content/drive/MyDrive/Audio_dataset/Kannada/14064.mp3,4.981,-132.98,False,4.885,Kannada,
/content/drive/MyDrive/Audio_dataset/Kannada/14160.mp3,5.005,-130.88,False,4.973,Kannada,
/content/drive/MyDrive/Audio_dataset/Kannada/12994.mp3,4.981,-122.75,False,4.981,Kannada,
/content/drive/MyDrive/Audio_dataset/Kannada/12977.mp3,4.981,-113.47,False,3.456,Kannada,
/content/drive/MyDrive/Audio_dataset/Kannada/14177.mp3,4.981,-121.78,False,4.949,Kannada,
/content/drive/MyDrive/Audio_dataset/Kannada/13587.mp3,4.981,-115.01,False,4.981,Kannada,
/content/drive/MyDrive/Audio_dataset/Kannada/13126.mp3,4.981,-115.54,False,4.501,Kannada,
/content/drive/MyDrive/Audio_dataset/Kannada/14534.mp3,4.981,-123.59,False,4.981,Kannada,
/content/drive/MyDrive/Audio_dataset/Kannada/14053.mp3,5.005,-119.6,False,3.904,Kannada,
/content/drive/MyDrive/Audio_dataset/Kannada/14390.mp3,4.981,-122.01,False,4.821,Kannada,
/content/drive/MyDrive/Audio_dataset/Kannada/13141.mp3,4.981,-130.95,False,4.789,Kannada,
/content/drive/MyDrive/Audio_dataset/Kannada/14063.mp3,4.981,-126.77,False,2.72,Kannada,
/content/drive/MyDrive/Audio_dataset/Kannada/13332.mp3,4.981,-127.43,False,4.981,Kannada,
/content/drive/MyDrive/Audio_dataset/Kannada/14903.mp3,5.005,-125.98,False,5.005,Kannada,
/content/drive/MyDrive/Audio_dataset/Kannada/14704.mp3,5.005,-160.84,False,4.973,Kannada,
/content/drive/MyDrive/Audio_dataset/Kannada/13615.mp3,4.981,-119.9,False,4.981,Kannada,
/content/drive/MyDrive/Audio_dataset/Kannada/13518.mp3,4.981,-123.26,False,4.512,Kannada,
/content/drive/MyDrive/Audio_dataset/Kannada/13675.mp3,4.981,-139.24,False,4.981,Kannada,
/content/drive/MyDrive/Audio_dataset/Kannada/13711.mp3,4.981,-119.8,False,4.64,Kannada,
/content/drive/MyDrive/Audio_dataset/Kannada/14448.mp3,5.005,-128.98,False,5.005,Kannada,
/content/drive/MyDrive/Audio_dataset/Kannada/13904.mp3,5.005,-115.06,False,3.008,Kannada,
/content/drive/MyDrive/Audio_dataset/Kannada/13361.mp3,5.005,-129.44,False,3.456,Kannada,
/content/drive/MyDrive/Audio_dataset/Kannada/13806.mp3,5.004,-99.21,False,5.004,Kannada,
/content/drive/MyDrive/Audio_dataset/Kannada/14030.mp3,5.005,-111.69,False,5.005,Kannada,
/content/drive/MyDrive/Audio_dataset/Kannada/13788.mp3,4.981,-128.2,False,3.989,Kannada,
/content/drive/MyDrive/Audio_dataset/Kannada/13906.mp3,5.005,-115.36,False,5.005,Kannada,
/content/drive/MyDrive/Audio_dataset/Kannada/13742.mp3,4.981,-120.65,False,4.064,Kannada,
/content/drive/MyDrive/Audio_dataset/Kannada/13440.mp3,4.981,-133.34,False,4.981,Kannada,
/content/drive/MyDrive/Audio_dataset/Kannada/14740.mp3,5.005,-127.97,False,4.608,Kannada,
/content/drive/MyDrive/Audio_dataset/Kannada/13163.mp3,5.005,-143.39,False,4.973,Kannada,
/content/drive/MyDrive/Audio_dataset/Kannada/14580.mp3,4.981,-116.01,False,4.981,Kannada,
/content/drive/MyDrive/Audio_dataset/Kannada/14650.mp3,5.005,-115.72,False,4.576,Kannada,
/content/drive/MyDrive/Audio_dataset/Kannada/14783.mp3,4.981,-128.12,False,4.981,Kannada,
/content/drive/MyDrive/Audio_dataset/Kannada/13584.mp3,5.005,-124.28,False,4.448,Kannada,
/content/drive/MyDrive/Audio_dataset/Kannada/13178.mp3,5.005,-121.86,False,5.005,Kannada,
/content/drive/MyDrive/Audio_dataset/Kannada/13310.mp3,4.981,-127.89,False,4.981,Kannada,
/content/drive/MyDrive/Audio_dataset/Kannada/13042.mp3,4.981,-121.28,False,4.853,Kannada,
/content/drive/MyDrive/Audio_dataset/Kannada/13703.mp3,4.981,-126.92,False,4.917,Kannada,
/content/drive/MyDrive/Audio_dataset/Kannada/14606.mp3,4.981,-117.54,False,4.928,Kannada,
/content/drive/MyDrive/Audio_dataset/Kannada/13934.mp3,5.005,-117.99,False,4.909,Kannada,
/content/drive/MyDrive/Audio_dataset/Kannada/13985.mp3,4.981,-125.29,False,4.629,Kannada,
/content/drive/MyDrive/Audio_dataset/Kannada/14773.mp3,4.981,-127.2,False,4.096,Kannada,
/content/drive/MyDrive/Audio_dataset/Kannada/14603.mp3,4.981,-115.84,False,4.48,Kannada,
/content/drive/MyDrive/Audio_dataset/Kannada/13642.mp3,5.005,-118.73,False,3.949,Kannada,
/content/drive/MyDrive/Audio_dataset/Kannada/14334.mp3,4.977,-105.98,False,2.272,Kannada,
/content/drive/MyDrive/Audio_dataset/Kannada/13984.mp3,4.981,-115.47,False,4.533,Kannada,
/content/drive/MyDrive/Audio_dataset/Kannada/14661.mp3,4.981,-139.59,False,4.949,Kannada,
/content/drive/MyDrive/Audio_dataset/Kannada/13802.mp3,4.981,-128.06,False,4.885,Kannada,
/content/drive/MyDrive/Audio_dataset/Kannada/13132.mp3,5.005,-127.48,False,5.005,Kannada,
/content/drive/MyDrive/Audio_dataset/Kannada/13738.mp3,4.981,-123.86,False,4.949,Kannada,
/content/drive/MyDrive/Audio_dataset/Kannada/14051.mp3,5.005,-125.79,False,4.077,Kannada,
/content/drive/MyDrive/Audio_dataset/Kannada/13107.mp3,4.981,-118.78,False,4.981,Kannada,
/content/drive/MyDrive/Audio_dataset/Kannada/13306.mp3,4.981,-122.78,False,4.981,Kannada,
/content/drive/MyDrive/Audio_dataset/Kannada/14332.mp3,4.981,-138.56,False,4.96,Kannada,
/content/drive/MyDrive/Audio_dataset/Kannada/13057.mp3,5.005,-126.06,False,4.96,Kannada,
/content/drive/MyDrive/Audio_dataset/Kannada/14944.mp3,4.981,-135.68,False,1.92,Kannada,
/content/drive/MyDrive/Audio_dataset/Kannada/13945.mp3,4.981,-128.05,False,4.853,Kannada,
/content/drive/MyDrive/Audio_dataset/Kannada/13787.mp3,5.005,-115.38,False,4.685,Kannada,
/content/drive/MyDrive/Audio_dataset/Kannada/13843.mp3,5.005,-112.72,False,4.032,Kannada,
/content/drive/MyDrive/Audio_dataset/Kannada/13539.mp3,4.981,-124.3,False,3.541,Kannada,
/content/drive/MyDrive/Audio_dataset/Kannada/14017.mp3,4.981,-122.8,False,4.192,Kannada,
/content/drive/MyDrive/Audio_dataset/Kannada/13082.mp3,4.981,-122.88,False,4.981,Kannada,
/content/drive/MyDrive/Audio_dataset/Kannada/14171.mp3,4.981,-137.05,False,4.981,Kannada,
/content/drive/MyDrive/Audio_dataset/Kannada/13543.mp3,4.981,-146.36,False,4.981,Kannada,
/content/drive/MyDrive/Audio_dataset/Kannada/16320.mp3,4.981,-124.71,False,4.981,Kannada,
/content/drive/MyDrive/Audio_dataset/Kannada/15337.mp3,5.005,-118.36,False,4.896,Kannada,
/content/drive/MyDrive/Audio_dataset/Kannada/15027.mp3,5.005,-124.04,False,5.005,Kannada,
/content/drive/MyDrive/Audio_dataset/Kannada/16097.mp3,5.005,-115.31,False,3.808,Kannada,
/content/drive/MyDrive/Audio_dataset/Kannada/15441.mp3,5.005,-116.54,False,5.005,Kannada,
/content/drive/MyDrive/Audio_dataset/Kannada/15653.mp3,4.981,-97.74,False,4.224,Kannada,
/content/drive/MyDrive/Audio_dataset/Kannada/16978.mp3,5.005,-102.46,False,3.565,Kannada,
/content/drive/MyDrive/Audio_dataset/Kannada/16486.mp3,4.981,-119.43,False,4.832,Kannada,
/content/drive/MyDrive/Audio_dataset/Kannada/16290.mp3,5.005,-115.57,False,3.661,Kannada,
/content/drive/MyDrive/Audio_dataset/Kannada/15934.mp3,5.005,-128.35,False,4.973,Kannada,
/content/drive/MyDrive/Audio_dataset/Kannada/16543.mp3,5.005,-125.07,False,5.005,Kannada,
/content/drive/MyDrive/Audio_dataset/Kannada/16463.mp3,4.981,-130.96,False,4.821,Kannada,
/content/drive/MyDrive/Audio_dataset/Kannada/16081.mp3,4.981,-116.39,False,3.968,Kannada,
/content/drive/MyDrive/Audio_dataset/Kannada/15854.mp3,4.981,-110.27,False,4.885,Kannada,
/content/drive/MyDrive/Audio_dataset/Kannada/15587.mp3,4.981,-116.23,False,4.821,Kannada,
/content/drive/MyDrive/Audio_dataset/Kannada/15742.mp3,4.981,-106.64,False,4.661,Kannada,
/content/drive/MyDrive/Audio_dataset/Kannada/16092.mp3,4.981,-119.17,False,4.864,Kannada,
/content/drive/MyDrive/Audio_dataset/Kannada/16564.mp3,4.981,-96.96,False,3.712,Kannada,
/content/drive/MyDrive/Audio_dataset/Kannada/15516.mp3,4.981,-112.35,False,4.896,Kannada,
/content/drive/MyDrive/Audio_dataset/Kannada/16254.mp3,5.005,-117.45,False,4.928,Kannada,
/content/drive/MyDrive/Audio_dataset/Kannada/15771.mp3,5.005,-123.81,False,4.941,Kannada,
/content/drive/MyDrive/Audio_dataset/Kannada/16975.mp3,5.005,-128.14,False,4.928,Kannada,
/content/drive/MyDrive/Audio_dataset/Kannada/15963.mp3,5.005,-123.82,False,4.397,Kannada,
/content/drive/MyDrive/Audio_dataset/Kannada/16308.mp3,4.981,-126.44,False,2.741,Kannada,
/content/drive/MyDrive/Audio_dataset/Kannada/15639.mp3,5.005,-120.12,False,3.968,Kannada,
/content/drive/MyDrive/Audio_dataset/Kannada/16609.mp3,5.005,-110.08,False,4.525,Kannada,
/content/drive/MyDrive/Audio_dataset/Kannada/15378.mp3,5.005,-123.33,False,4.224,Kannada,
/content/drive/MyDrive/Audio_dataset/Kannada/15183.mp3,4.981,-114.59,False,4.917,Kannada,
/content/drive/MyDrive/Audio_dataset/Kannada/16010.mp3,5.005,-128.23,False,4.749,Kannada,
/content/drive/MyDrive/Audio_dataset/Kannada/16467.mp3,4.981,-112.46,False,4.981,Kannada,
/content/drive/MyDrive/Audio_dataset/Kannada/16819.mp3,5.005,-120.1,False,5.005,Kannada,
/content/drive/MyDrive/Audio_dataset/Kannada/16936.mp3,5.005,-123.23,False,3.277,Kannada,
/content/drive/MyDrive/Audio_dataset/Kannada/16238.mp3,4.981,-130.52,False,4.896,Kannada,
/content/drive/MyDrive/Audio_dataset/Kannada/15737.mp3,4.981,-124.24,False,4.885,Kannada,
/content/drive/MyDrive/Audio_dataset/Kannada/15592.mp3,4.981,-144.38,False,4.981,Kannada,
/content/drive/MyDrive/Audio_dataset/Kannada/15804.mp3,4.981,-126.04,False,4.949,Kannada,
/content/drive/MyDrive/Audio_dataset/Kannada/15158.mp3,5.005,-103.52,False,4.045,Kannada,
/content/drive/MyDrive/Audio_dataset/Kannada/15317.mp3,4.981,-114.6,False,4.981,Kannada,
/content/drive/MyDrive/Audio_dataset/Kannada/15385.mp3,4.981,-121.66,False,4.949,Kannada,
/content/drive/MyDrive/Audio_dataset/Kannada/15411.mp3,4.981,-147.35,False,4.757,Kannada,
/content/drive/MyDrive/Audio_dataset/Kannada/16160.mp3,5.005,-117.09,False,5.005,Kannada,
/content/drive/MyDrive/Audio_dataset/Kannada/15997.mp3,5.005,-119.17,False,5.005,Kannada,
/content/drive/MyDrive/Audio_dataset/Kannada/16742.mp3,4.981,-113.28,False,4.917,Kannada,
/content/drive/MyDrive/Audio_dataset/Kannada/15345.mp3,5.005,-110.4,False,4.109,Kannada,
/content/drive/MyDrive/Audio_dataset/Kannada/15712.mp3,5.005,-131.18,False,4.109,Kannada,
/content/drive/MyDrive/Audio_dataset/Kannada/15420.mp3,4.981,-119.34,False,4.981,Kannada,
/content/drive/MyDrive/Audio_dataset/Kannada/16336.mp3,4.977,-111.5,False,4.977,Kannada,
/content/drive/MyDrive/Audio_dataset/Kannada/15212.mp3,4.981,-122.43,False,4.693,Kannada,
/content/drive/MyDrive/Audio_dataset/Kannada/15452.mp3,4.981,-126.49,False,4.053,Kannada,
/content/drive/MyDrive/Audio_dataset/Kannada/16167.mp3,4.981,-125.64,False,4.981,Kannada,
/content/drive/MyDrive/Audio_dataset/Kannada/16957.mp3,4.981,-130.96,False,4.96,Kannada,
/content/drive/MyDrive/Audio_dataset/Kannada/16256.mp3,4.981,-117.07,False,4.981,Kannada,
/content/drive/MyDrive/Audio_dataset/Kannada/16027.mp3,5.005,-110.53,False,3.917,Kannada,
/content/drive/MyDrive/Audio_dataset/Kannada/16131.mp3,4.981,-125.01,False,4.981,Kannada,
/content/drive/MyDrive/Audio_dataset/Kannada/15555.mp3,4.981,-120.84,False,4.512,Kannada,
/content/drive/MyDrive/Audio_dataset/Kannada/15589.mp3,4.981,-119.37,False,4.928,Kannada,
/content/drive/MyDrive/Audio_dataset/Kannada/16104.mp3,4.981,-106.42,False,4.981,Kannada,
/content/drive/MyDrive/Audio_dataset/Kannada/16812.mp3,5.005,-123.93,False,2.989,Kannada,
/content/drive/MyDrive/Audio_dataset/Kannada/16805.mp3,4.981,-112.34,False,4.981,Kannada,
/content/drive/MyDrive/Audio_dataset/Kannada/16944.mp3,4.981,-123.1,False,4.629,Kannada,
/content/drive/MyDrive/Audio_dataset/Kannada/15726.mp3,5.005,-113.79,False,4.992,Kannada,
/content/drive/MyDrive/Audio_dataset/Kannada/16532.mp3,4.981,-108.45,False,3.648,Kannada,
/content/drive/MyDrive/Audio_dataset/Kannada/16246.mp3,4.981,-122.21,False,4.981,Kannada,
/content/drive/MyDrive/Audio_dataset/Kannada/15481.mp3,4.981,-131.07,False,4.917,Kannada,
/content/drive/MyDrive/Audio_dataset/Kannada/15462.mp3,4.981,-128.62,False,4.981,Kannada,
/content/drive/MyDrive/Audio_dataset/Kannada/16571.mp3,4.981,-112.89,False,4.416,Kannada,
/content/drive/MyDrive/Audio_dataset/Kannada/14999.mp3,4.981,-116.55,False,4.501,Kannada,
/content/drive/MyDrive/Audio_dataset/Kannada/16148.mp3,4.981,-118.62,False,4.981,Kannada,
/content/drive/MyDrive/Audio_dataset/Kannada/16765.mp3,4.981,-117.29,False,4.448,Kannada,
/content/drive/MyDrive/Audio_dataset/Kannada/15299.mp3,4.981,-119.75,False,4.384,Kannada,
/content/drive/MyDrive/Audio_dataset/Kannada/15720.mp3,5.005,-143.78,False,4.672,Kannada,
/content/drive/MyDrive/Audio_dataset/Kannada/15904.mp3,5.005,-103.75,False,3.949,Kannada,
/content/drive/MyDrive/Audio_dataset/Kannada/15681.mp3,5.005,-162.98,False,4.8,Kannada,
/content/drive/MyDrive/Audio_dataset/Kannada/15511.mp3,4.981,-119.35,False,4.981,Kannada,
/content/drive/MyDrive/Audio_dataset/Kannada/16913.mp3,4.981,-124.23,False,4.981,Kannada,
/content/drive/MyDrive/Audio_dataset/Kannada/16432.mp3,4.981,-116.01,False,4.405,Kannada,
/content/drive/MyDrive/Audio_dataset/Kannada/15209.mp3,4.981,-122.38,False,4.96,Kannada,
/content/drive/MyDrive/Audio_dataset/Kannada/15009.mp3,5.005,-119.25,False,4.877,Kannada,
/content/drive/MyDrive/Audio_dataset/Kannada/16329.mp3,4.981,-101.62,False,4.64,Kannada,
/content/drive/MyDrive/Audio_dataset/Kannada/15428.mp3,5.005,-110.98,False,5.005,Kannada,
/content/drive/MyDrive/Audio_dataset/Kannada/15981.mp3,5.005,-124.72,False,3.648,Kannada,
/content/drive/MyDrive/Audio_dataset/Kannada/15642.mp3,4.981,-118.44,False,4.736,Kannada,
/content/drive/MyDrive/Audio_dataset/Kannada/15001.mp3,4.981,-113.09,False,4.725,Kannada,
/content/drive/MyDrive/Audio_dataset/Kannada/15249.mp3,4.981,-133.67,False,4.704,Kannada,
/content/drive/MyDrive/Audio_dataset/Kannada/15469.mp3,4.981,-120.83,False,4.917,Kannada,
/content/drive/MyDrive/Audio_dataset/Kannada/15714.mp3,5.005,-124.86,False,4.256,Kannada,
/content/drive/MyDrive/Audio_dataset/Kannada/16864.mp3,4.981,-112.66,False,4.277,Kannada,
/content/drive/MyDrive/Audio_dataset/Kannada/16065.mp3,4.981,-135.28,False,4.672,Kannada,
/content/drive/MyDrive/Audio_dataset/Kannada/15915.mp3,4.981,-119.71,False,4.981,Kannada,
/content/drive/MyDrive/Audio_dataset/Kannada/15899.mp3,5.005,-128.47,False,4.64,Kannada,
/content/drive/MyDrive/Audio_dataset/Kannada/15817.mp3,4.981,-115.56,False,4.981,Kannada,
/content/drive/MyDrive/Audio_dataset/Kannada/15828.mp3,5.005,-136.07,False,5.005,Kannada,
/content/drive/MyDrive/Audio_dataset/Kannada/17474.mp3,4.981,-142.38,False,4.629,Kannada,
/content/drive/MyDrive/Audio_dataset/Kannada/17814.mp3,5.005,-114.6,False,4.672,Kannada,
/content/drive/MyDrive/Audio_dataset/Kannada/18515.mp3,5.005,-118.74,False,4.48,Kannada,
/content/drive/MyDrive/Audio_dataset/Kannada/17146.mp3,4.981,-128.01,False,4.885,Kannada,
/content/drive/MyDrive/Audio_dataset/Kannada/18747.mp3,4.981,-129.84,False,4.981,Kannada,
/content/drive/MyDrive/Audio_dataset/Kannada/17800.mp3,5.005,-115.41,False,5.005,Kannada,
/content/drive/MyDrive/Audio_dataset/Kannada/17484.mp3,4.981,,False,4.981,Kannada,"trim produced <100ms audio, kept untrimmed"
/content/drive/MyDrive/Audio_dataset/Kannada/16990.mp3,4.981,-119.39,False,4.949,Kannada,
/content/drive/MyDrive/Audio_dataset/Kannada/18222.mp3,4.981,-142.93,False,4.832,Kannada,
/content/drive/MyDrive/Audio_dataset/Kannada/17207.mp3,5.005,-114.9,False,5.005,Kannada,
/content/drive/MyDrive/Audio_dataset/Kannada/17705.mp3,4.981,-116.46,False,4.981,Kannada,
/content/drive/MyDrive/Audio_dataset/Kannada/17119.mp3,5.005,-149.46,False,4.973,Kannada,
/content/drive/MyDrive/Audio_dataset/Kannada/17735.mp3,4.981,-111.24,False,4.928,Kannada,
/content/drive/MyDrive/Audio_dataset/Kannada/19082.mp3,4.981,-119.24,False,4.437,Kannada,
/content/drive/MyDrive/Audio_dataset/Kannada/17873.mp3,4.981,-135.02,False,4.949,Kannada,
/content/drive/MyDrive/Audio_dataset/Kannada/19046.mp3,5.005,-109.63,False,5.005,Kannada,
/content/drive/MyDrive/Audio_dataset/Kannada/18326.mp3,4.981,-121.58,False,4.704,Kannada,
/content/drive/MyDrive/Audio_dataset/Kannada/18653.mp3,4.977,-112.45,False,4.704,Kannada,
/content/drive/MyDrive/Audio_dataset/Kannada/19177.mp3,5.005,-123.08,False,2.336,Kannada,
/content/drive/MyDrive/Audio_dataset/Kannada/18584.mp3,5.005,-116.19,False,4.973,Kannada,
/content/drive/MyDrive/Audio_dataset/Kannada/18638.mp3,5.005,-117.07,False,4.941,Kannada,
/content/drive/MyDrive/Audio_dataset/Kannada/17862.mp3,5.005,-107.91,False,3.84,Kannada,
/content/drive/MyDrive/Audio_dataset/Kannada/18549.mp3,5.005,-139.68,False,4.224,Kannada,
/content/drive/MyDrive/Audio_dataset/Kannada/17403.mp3,5.005,-120.61,False,3.533,Kannada,
/content/drive/MyDrive/Audio_dataset/Kannada/17477.mp3,5.005,-154.15,False,4.717,Kannada,
/content/drive/MyDrive/Audio_dataset/Kannada/17540.mp3,5.005,-106.74,False,5.005,Kannada,
/content/drive/MyDrive/Audio_dataset/Kannada/17728.mp3,4.981,-126.64,False,2.304,Kannada,
/content/drive/MyDrive/Audio_dataset/Kannada/17621.mp3,4.981,-118.57,False,4.949,Kannada,
/content/drive/MyDrive/Audio_dataset/Kannada/17443.mp3,5.005,-125.88,False,4.608,Kannada,
/content/drive/MyDrive/Audio_dataset/Kannada/18312.mp3,4.981,-133.08,False,4.501,Kannada,
/content/drive/MyDrive/Audio_dataset/Kannada/18519.mp3,4.981,-130.25,False,4.949,Kannada,
/content/drive/MyDrive/Audio_dataset/Kannada/17078.mp3,4.981,-124.23,False,4.917,Kannada,
/content/drive/MyDrive/Audio_dataset/Kannada/18208.mp3,5.005,-120.4,False,4.768,Kannada,
/content/drive/MyDrive/Audio_dataset/Kannada/18737.mp3,5.005,,False,5.005,Kannada,"trim produced <100ms audio, kept untrimmed"
/content/drive/MyDrive/Audio_dataset/Kannada/18304.mp3,4.981,-122.19,False,4.768,Kannada,
/content/drive/MyDrive/Audio_dataset/Kannada/18895.mp3,4.981,,False,4.981,Kannada,"trim produced <100ms audio, kept untrimmed"
/content/drive/MyDrive/Audio_dataset/Kannada/18863.mp3,4.981,-129.44,False,4.693,Kannada,
/content/drive/MyDrive/Audio_dataset/Kannada/19206.mp3,5.005,-117.81,False,5.005,Kannada,
/content/drive/MyDrive/Audio_dataset/Kannada/18750.mp3,5.005,-117.83,False,5.005,Kannada,
/content/drive/MyDrive/Audio_dataset/Kannada/17333.mp3,4.981,-119.0,False,4.981,Kannada,
/content/drive/MyDrive/Audio_dataset/Kannada/17722.mp3,5.005,-112.39,False,3.744,Kannada,
/content/drive/MyDrive/Audio_dataset/Kannada/18458.mp3,5.005,-87.49,False,4.96,Kannada,
/content/drive/MyDrive/Audio_dataset/Kannada/17853.mp3,4.981,-104.97,False,4.64,Kannada,
/content/drive/MyDrive/Audio_dataset/Kannada/18471.mp3,4.981,-122.34,False,4.981,Kannada,
/content/drive/MyDrive/Audio_dataset/Kannada/16999.mp3,4.981,-120.35,False,4.949,Kannada,
/content/drive/MyDrive/Audio_dataset/Kannada/17233.mp3,5.005,-99.29,False,4.992,Kannada,
/content/drive/MyDrive/Audio_dataset/Kannada/18933.mp3,5.005,-130.88,False,5.005,Kannada,
/content/drive/MyDrive/Audio_dataset/Kannada/18991.mp3,5.005,-126.47,False,4.781,Kannada,
/content/drive/MyDrive/Audio_dataset/Kannada/18683.mp3,5.005,-126.37,False,3.949,Kannada,
/content/drive/MyDrive/Audio_dataset/Kannada/17498.mp3,4.981,-125.57,False,4.373,Kannada,
/content/drive/MyDrive/Audio_dataset/Kannada/18947.mp3,4.981,-122.57,False,4.448,Kannada,
/content/drive/MyDrive/Audio_dataset/Kannada/17120.mp3,4.981,-117.05,False,4.949,Kannada,
/content/drive/MyDrive/Audio_dataset/Kannada/18073.mp3,4.981,-127.81,False,4.917,Kannada,
/content/drive/MyDrive/Audio_dataset/Kannada/17746.mp3,5.005,-119.68,False,4.736,Kannada,
/content/drive/MyDrive/Audio_dataset/Kannada/17577.mp3,5.005,-132.37,False,2.88,Kannada,
/content/drive/MyDrive/Audio_dataset/Kannada/18281.mp3,4.981,-110.27,False,4.288,Kannada,
/content/drive/MyDrive/Audio_dataset/Kannada/17022.mp3,5.005,-112.68,False,5.005,Kannada,
/content/drive/MyDrive/Audio_dataset/Kannada/17198.mp3,5.005,-118.32,False,5.005,Kannada,
/content/drive/MyDrive/Audio_dataset/Kannada/19070.mp3,4.981,-123.83,False,4.981,Kannada,
/content/drive/MyDrive/Audio_dataset/Kannada/17308.mp3,5.005,-94.74,False,5.005,Kannada,
/content/drive/MyDrive/Audio_dataset/Kannada/17932.mp3,5.005,-124.19,False,4.909,Kannada,
/content/drive/MyDrive/Audio_dataset/Kannada/18686.mp3,4.981,-122.8,False,4.949,Kannada,
/content/drive/MyDrive/Audio_dataset/Kannada/17675.mp3,5.005,-127.03,False,4.992,Kannada,
/content/drive/MyDrive/Audio_dataset/Kannada/19128.mp3,4.981,-123.89,False,4.981,Kannada,
/content/drive/MyDrive/Audio_dataset/Kannada/17607.mp3,5.005,-115.55,False,4.045,Kannada,
/content/drive/MyDrive/Audio_dataset/Kannada/17446.mp3,4.977,-100.26,False,4.977,Kannada,
/content/drive/MyDrive/Audio_dataset/Kannada/17033.mp3,5.005,-118.14,False,4.589,Kannada,
/content/drive/MyDrive/Audio_dataset/Kannada/17849.mp3,4.981,-126.99,False,4.949,Kannada,
/content/drive/MyDrive/Audio_dataset/Kannada/18881.mp3,4.981,-103.49,False,4.416,Kannada,
/content/drive/MyDrive/Audio_dataset/Kannada/18388.mp3,5.005,-122.38,False,5.005,Kannada,
/content/drive/MyDrive/Audio_dataset/Kannada/19009.mp3,4.981,-113.57,False,4.981,Kannada,
/content/drive/MyDrive/Audio_dataset/Kannada/18962.mp3,5.005,-114.16,False,4.768,Kannada,
/content/drive/MyDrive/Audio_dataset/Kannada/17583.mp3,4.981,-115.93,False,4.981,Kannada,
/content/drive/MyDrive/Audio_dataset/Kannada/18068.mp3,5.005,-122.5,False,3.629,Kannada,
/content/drive/MyDrive/Audio_dataset/Kannada/18290.mp3,4.981,-131.08,False,4.981,Kannada,
/content/drive/MyDrive/Audio_dataset/Kannada/17114.mp3,4.981,-120.1,False,4.832,Kannada,
/content/drive/MyDrive/Audio_dataset/Kannada/19051.mp3,4.981,-104.41,False,4.981,Kannada,
/content/drive/MyDrive/Audio_dataset/Kannada/19156.mp3,4.981,-101.64,False,3.765,Kannada,
/content/drive/MyDrive/Audio_dataset/Kannada/18635.mp3,4.981,-114.78,False,4.672,Kannada,
/content/drive/MyDrive/Audio_dataset/Kannada/17118.mp3,4.981,-92.1,False,4.224,Kannada,
/content/drive/MyDrive/Audio_dataset/Kannada/18223.mp3,4.981,-129.25,False,4.981,Kannada,
/content/drive/MyDrive/Audio_dataset/Kannada/17211.mp3,5.005,-123.72,False,3.52,Kannada,
/content/drive/MyDrive/Audio_dataset/Kannada/18849.mp3,5.005,-119.52,False,4.909,Kannada,
/content/drive/MyDrive/Audio_dataset/Kannada/17655.mp3,4.981,-119.21,False,4.373,Kannada,
/content/drive/MyDrive/Audio_dataset/Kannada/18558.mp3,5.005,-113.44,False,3.456,Kannada,
/content/drive/MyDrive/Audio_dataset/Kannada/17893.mp3,5.005,-116.22,False,2.208,Kannada,
/content/drive/MyDrive/Audio_dataset/Kannada/17543.mp3,4.981,-124.25,False,4.736,Kannada,
/content/drive/MyDrive/Audio_dataset/Kannada/18823.mp3,4.981,-125.2,False,4.48,Kannada,
/content/drive/MyDrive/Audio_dataset/Kannada/19099.mp3,4.981,-117.27,False,4.821,Kannada,
/content/drive/MyDrive/Audio_dataset/Kannada/17144.mp3,4.981,-113.67,False,4.981,Kannada,
/content/drive/MyDrive/Audio_dataset/Kannada/17572.mp3,4.981,-127.24,False,4.981,Kannada,
/content/drive/MyDrive/Audio_dataset/Kannada/17011.mp3,4.981,-122.25,False,4.981,Kannada,
/content/drive/MyDrive/Audio_dataset/Kannada/21305.mp3,4.981,-112.34,False,4.981,Kannada,
/content/drive/MyDrive/Audio_dataset/Kannada/20231.mp3,4.981,-121.04,False,4.981,Kannada,
/content/drive/MyDrive/Audio_dataset/Kannada/20799.mp3,4.981,-119.26,False,4.341,Kannada,
/content/drive/MyDrive/Audio_dataset/Kannada/19599.mp3,4.981,-139.46,False,4.96,Kannada,
/content/drive/MyDrive/Audio_dataset/Kannada/20331.mp3,4.981,-122.96,False,4.949,Kannada,
/content/drive/MyDrive/Audio_dataset/Kannada/19720.mp3,4.981,-125.55,False,4.48,Kannada,
/content/drive/MyDrive/Audio_dataset/Kannada/20490.mp3,4.981,-134.03,False,4.48,Kannada,
/content/drive/MyDrive/Audio_dataset/Kannada/21027.mp3,4.981,-113.21,False,4.032,Kannada,
/content/drive/MyDrive/Audio_dataset/Kannada/19496.mp3,4.981,-117.91,False,4.949,Kannada,
/content/drive/MyDrive/Audio_dataset/Kannada/20998.mp3,5.005,-126.89,False,3.392,Kannada,
/content/drive/MyDrive/Audio_dataset/Kannada/20375.mp3,5.005,-119.95,False,5.005,Kannada,
/content/drive/MyDrive/Audio_dataset/Kannada/20772.mp3,4.981,-136.83,False,2.709,Kannada,
/content/drive/MyDrive/Audio_dataset/Kannada/20560.mp3,5.005,-123.14,False,5.005,Kannada,
/content/drive/MyDrive/Audio_dataset/Kannada/21336.mp3,4.981,-124.05,False,4.896,Kannada,
/content/drive/MyDrive/Audio_dataset/Kannada/20430.mp3,4.981,-127.77,False,4.885,Kannada,
/content/drive/MyDrive/Audio_dataset/Kannada/20427.mp3,4.981,-104.45,False,4.981,Kannada,
/content/drive/MyDrive/Audio_dataset/Kannada/20830.mp3,5.005,-123.95,False,5.005,Kannada,
/content/drive/MyDrive/Audio_dataset/Kannada/21115.mp3,4.981,-145.53,False,4.949,Kannada,
/content/drive/MyDrive/Audio_dataset/Kannada/20806.mp3,4.981,-109.93,False,3.616,Kannada,
/content/drive/MyDrive/Audio_dataset/Kannada/20020.mp3,5.005,-118.48,False,5.005,Kannada,
/content/drive/MyDrive/Audio_dataset/Kannada/20826.mp3,4.981,-110.23,False,4.981,Kannada,
/content/drive/MyDrive/Audio_dataset/Kannada/21266.mp3,5.005,-123.8,False,5.005,Kannada,
/content/drive/MyDrive/Audio_dataset/Kannada/19240.mp3,4.981,-118.62,False,4.981,Kannada,
/content/drive/MyDrive/Audio_dataset/Kannada/21121.mp3,4.981,-133.99,False,4.981,Kannada,
/content/drive/MyDrive/Audio_dataset/Kannada/20219.mp3,4.981,-137.25,False,4.981,Kannada,
/content/drive/MyDrive/Audio_dataset/Kannada/20032.mp3,4.981,-129.23,False,3.328,Kannada,
/content/drive/MyDrive/Audio_dataset/Kannada/20737.mp3,4.981,-117.07,False,4.576,Kannada,
/content/drive/MyDrive/Audio_dataset/Kannada/20004.mp3,4.981,-121.97,False,4.917,Kannada,
/content/drive/MyDrive/Audio_dataset/Kannada/21377.mp3,5.005,-118.37,False,4.96,Kannada,
/content/drive/MyDrive/Audio_dataset/Kannada/20413.mp3,5.005,-108.73,False,4.141,Kannada,
/content/drive/MyDrive/Audio_dataset/Kannada/21113.mp3,4.981,-117.19,False,3.861,Kannada,
/content/drive/MyDrive/Audio_dataset/Kannada/20773.mp3,4.981,-122.2,False,2.848,Kannada,
/content/drive/MyDrive/Audio_dataset/Kannada/20607.mp3,4.981,-135.09,False,4.981,Kannada,
/content/drive/MyDrive/Audio_dataset/Kannada/21225.mp3,4.981,-112.59,False,4.981,Kannada,
/content/drive/MyDrive/Audio_dataset/Kannada/19690.mp3,4.981,-128.06,False,4.981,Kannada,
/content/drive/MyDrive/Audio_dataset/Kannada/20251.mp3,4.981,-135.0,False,3.733,Kannada,
/content/drive/MyDrive/Audio_dataset/Kannada/21203.mp3,4.981,-151.18,False,3.968,Kannada,
/content/drive/MyDrive/Audio_dataset/Kannada/20068.mp3,4.981,-124.42,False,4.757,Kannada,
/content/drive/MyDrive/Audio_dataset/Kannada/20100.mp3,4.981,-119.75,False,4.981,Kannada,
/content/drive/MyDrive/Audio_dataset/Kannada/20918.mp3,4.981,-129.31,False,4.544,Kannada,
/content/drive/MyDrive/Audio_dataset/Kannada/19282.mp3,4.981,-119.52,False,4.256,Kannada,
/content/drive/MyDrive/Audio_dataset/Kannada/20690.mp3,5.005,-140.04,False,5.005,Kannada,
/content/drive/MyDrive/Audio_dataset/Kannada/21052.mp3,4.977,-114.97,False,4.689,Kannada,
/content/drive/MyDrive/Audio_dataset/Kannada/21360.mp3,5.005,-123.5,False,4.384,Kannada,
/content/drive/MyDrive/Audio_dataset/Kannada/19796.mp3,4.981,-121.99,False,4.981,Kannada,
/content/drive/MyDrive/Audio_dataset/Kannada/19779.mp3,4.981,-133.11,False,4.981,Kannada,
/content/drive/MyDrive/Audio_dataset/Kannada/21017.mp3,5.005,-119.0,False,4.173,Kannada,
/content/drive/MyDrive/Audio_dataset/Kannada/19795.mp3,4.981,-121.92,False,4.96,Kannada,
/content/drive/MyDrive/Audio_dataset/Kannada/20041.mp3,5.005,-119.46,False,3.981,Kannada,
/content/drive/MyDrive/Audio_dataset/Kannada/19558.mp3,4.981,-118.09,False,4.981,Kannada,
/content/drive/MyDrive/Audio_dataset/Kannada/20215.mp3,4.981,-133.49,False,4.981,Kannada,
/content/drive/MyDrive/Audio_dataset/Kannada/20302.mp3,4.981,-118.32,False,4.949,Kannada,
/content/drive/MyDrive/Audio_dataset/Kannada/20661.mp3,5.005,-120.75,False,5.005,Kannada,
/content/drive/MyDrive/Audio_dataset/Kannada/19957.mp3,4.981,-127.01,False,4.981,Kannada,
/content/drive/MyDrive/Audio_dataset/Kannada/20221.mp3,5.005,-129.69,False,4.128,Kannada,
/content/drive/MyDrive/Audio_dataset/Kannada/19808.mp3,4.981,-121.97,False,4.949,Kannada,
/content/drive/MyDrive/Audio_dataset/Kannada/20857.mp3,5.005,-123.27,False,5.005,Kannada,
/content/drive/MyDrive/Audio_dataset/Kannada/19453.mp3,4.981,-124.24,False,4.309,Kannada,
/content/drive/MyDrive/Audio_dataset/Kannada/20181.mp3,5.005,-111.42,False,5.005,Kannada,
/content/drive/MyDrive/Audio_dataset/Kannada/20481.mp3,4.981,-117.25,False,4.981,Kannada,
/content/drive/MyDrive/Audio_dataset/Kannada/21055.mp3,5.005,-125.64,False,5.005,Kannada,
/content/drive/MyDrive/Audio_dataset/Kannada/19894.mp3,4.981,-133.38,False,4.981,Kannada,
/content/drive/MyDrive/Audio_dataset/Kannada/19798.mp3,4.981,-117.9,False,4.917,Kannada,
/content/drive/MyDrive/Audio_dataset/Kannada/21274.mp3,4.981,-121.69,False,4.917,Kannada,
/content/drive/MyDrive/Audio_dataset/Kannada/19887.mp3,5.005,-115.92,False,5.005,Kannada,
/content/drive/MyDrive/Audio_dataset/Kannada/21134.mp3,4.981,-119.39,False,4.864,Kannada,
/content/drive/MyDrive/Audio_dataset/Kannada/19407.mp3,5.005,-118.17,False,4.973,Kannada,
/content/drive/MyDrive/Audio_dataset/Kannada/19210.mp3,5.005,-107.57,False,3.821,Kannada,
/content/drive/MyDrive/Audio_dataset/Kannada/20609.mp3,4.981,-134.48,False,4.981,Kannada,
/content/drive/MyDrive/Audio_dataset/Kannada/20526.mp3,4.981,-110.52,False,4.64,Kannada,
/content/drive/MyDrive/Audio_dataset/Kannada/20452.mp3,4.981,-150.0,False,4.981,Kannada,
/content/drive/MyDrive/Audio_dataset/Kannada/19207.mp3,4.981,-128.47,False,4.981,Kannada,
/content/drive/MyDrive/Audio_dataset/Kannada/19917.mp3,4.981,-129.64,False,4.981,Kannada,
/content/drive/MyDrive/Audio_dataset/Kannada/19612.mp3,4.981,-115.95,False,4.917,Kannada,
/content/drive/MyDrive/Audio_dataset/Kannada/20519.mp3,4.981,-119.3,False,4.949,Kannada,
/content/drive/MyDrive/Audio_dataset/Kannada/20105.mp3,4.981,-119.46,False,4.981,Kannada,
/content/drive/MyDrive/Audio_dataset/Kannada/20348.mp3,5.005,-115.5,False,5.005,Kannada,
/content/drive/MyDrive/Audio_dataset/Kannada/20594.mp3,5.005,-109.66,False,4.589,Kannada,
/content/drive/MyDrive/Audio_dataset/Kannada/19213.mp3,4.981,-125.41,False,3.488,Kannada,
/content/drive/MyDrive/Audio_dataset/Kannada/19509.mp3,4.977,-100.88,False,4.977,Kannada,
/content/drive/MyDrive/Audio_dataset/Kannada/19619.mp3,4.981,-124.44,False,4.981,Kannada,
/content/drive/MyDrive/Audio_dataset/Kannada/20904.mp3,4.981,-181.02,False,4.704,Kannada,
/content/drive/MyDrive/Audio_dataset/Kannada/19318.mp3,5.005,-131.76,False,4.525,Kannada,
/content/drive/MyDrive/Audio_dataset/Kannada/19324.mp3,5.005,-116.92,False,4.992,Kannada,
/content/drive/MyDrive/Audio_dataset/Kannada/20804.mp3,4.981,-114.53,False,4.981,Kannada,
/content/drive/MyDrive/Audio_dataset/Kannada/19936.mp3,5.005,-120.74,False,5.005,Kannada,
/content/drive/MyDrive/Audio_dataset/Kannada/20665.mp3,4.981,-111.88,False,4.981,Kannada,
/content/drive/MyDrive/Audio_dataset/Kannada/21026.mp3,5.005,-135.94,False,5.005,Kannada,
/content/drive/MyDrive/Audio_dataset/Kannada/19705.mp3,4.981,-112.12,False,4.981,Kannada,
/content/drive/MyDrive/Audio_dataset/Kannada/21351.mp3,4.981,-90.95,False,4.949,Kannada,
/content/drive/MyDrive/Audio_dataset/Kannada/19627.mp3,5.005,-128.75,False,4.96,Kannada,
/content/drive/MyDrive/Audio_dataset/Kannada/22640.mp3,5.005,-124.98,False,4.621,Kannada,
/content/drive/MyDrive/Audio_dataset/Kannada/22579.mp3,4.977,-96.13,False,4.977,Kannada,
/content/drive/MyDrive/Audio_dataset/Kannada/22933.mp3,5.005,-104.44,False,3.744,Kannada,
/content/drive/MyDrive/Audio_dataset/Kannada/21587.mp3,4.981,-113.17,False,4.981,Kannada,
/content/drive/MyDrive/Audio_dataset/Kannada/23333.mp3,4.981,-124.8,False,4.437,Kannada,
/content/drive/MyDrive/Audio_dataset/Kannada/22492.mp3,4.981,-119.47,False,4.789,Kannada,
/content/drive/MyDrive/Audio_dataset/Kannada/22523.mp3,5.005,-108.06,False,4.141,Kannada,
/content/drive/MyDrive/Audio_dataset/Kannada/22883.mp3,5.005,-121.31,False,5.005,Kannada,
/content/drive/MyDrive/Audio_dataset/Kannada/21472.mp3,5.005,-103.27,False,3.584,Kannada,
/content/drive/MyDrive/Audio_dataset/Kannada/21747.mp3,4.981,-113.1,False,4.608,Kannada,
/content/drive/MyDrive/Audio_dataset/Kannada/22851.mp3,5.005,-134.36,False,5.005,Kannada,
/content/drive/MyDrive/Audio_dataset/Kannada/23005.mp3,4.981,-122.27,False,4.949,Kannada,
/content/drive/MyDrive/Audio_dataset/Kannada/21607.mp3,5.005,-119.75,False,4.525,Kannada,
/content/drive/MyDrive/Audio_dataset/Kannada/23408.mp3,4.981,-142.93,False,4.917,Kannada,
/content/drive/MyDrive/Audio_dataset/Kannada/23388.mp3,5.005,-114.97,False,4.749,Kannada,
/content/drive/MyDrive/Audio_dataset/Kannada/23069.mp3,4.981,-123.67,False,4.949,Kannada,
/content/drive/MyDrive/Audio_dataset/Kannada/22706.mp3,5.005,-114.2,False,2.336,Kannada,
/content/drive/MyDrive/Audio_dataset/Kannada/21831.mp3,5.005,-127.17,False,4.992,Kannada,
/content/drive/MyDrive/Audio_dataset/Kannada/21867.mp3,5.005,-135.59,False,4.973,Kannada,
/content/drive/MyDrive/Audio_dataset/Kannada/22501.mp3,4.981,-118.3,False,4.768,Kannada,
/content/drive/MyDrive/Audio_dataset/Kannada/22524.mp3,4.981,-127.01,False,4.981,Kannada,
/content/drive/MyDrive/Audio_dataset/Kannada/22927.mp3,5.005,-124.68,False,5.005,Kannada,
/content/drive/MyDrive/Audio_dataset/Kannada/21627.mp3,0.887,,False,0.887,Kannada,"trim produced <100ms audio, kept untrimmed"
/content/drive/MyDrive/Audio_dataset/Kannada/21767.mp3,5.005,-115.06,False,5.005,Kannada,
/content/drive/MyDrive/Audio_dataset/Kannada/21497.mp3,5.005,-127.68,False,4.768,Kannada,
/content/drive/MyDrive/Audio_dataset/Kannada/22484.mp3,5.005,-145.97,False,5.005,Kannada,
/content/drive/MyDrive/Audio_dataset/Kannada/22336.mp3,4.981,-120.89,False,3.424,Kannada,
/content/drive/MyDrive/Audio_dataset/Kannada/23054.mp3,4.981,-105.03,False,3.36,Kannada,
/content/drive/MyDrive/Audio_dataset/Kannada/22957.mp3,5.005,-113.83,False,5.005,Kannada,
/content/drive/MyDrive/Audio_dataset/Kannada/23315.mp3,5.005,-120.37,False,3.712,Kannada,
/content/drive/MyDrive/Audio_dataset/Kannada/23222.mp3,4.981,-121.86,False,3.712,Kannada,
/content/drive/MyDrive/Audio_dataset/Kannada/22612.mp3,4.981,-114.13,False,4.981,Kannada,
/content/drive/MyDrive/Audio_dataset/Kannada/22611.mp3,4.981,-120.54,False,4.896,Kannada,
/content/drive/MyDrive/Audio_dataset/Kannada/23324.mp3,5.005,-143.89,False,5.005,Kannada,
/content/drive/MyDrive/Audio_dataset/Kannada/23039.mp3,4.981,-115.19,False,4.917,Kannada,
/content/drive/MyDrive/Audio_dataset/Kannada/21722.mp3,4.981,-122.37,False,4.448,Kannada,
/content/drive/MyDrive/Audio_dataset/Kannada/23461.mp3,5.005,-136.71,False,5.005,Kannada,
/content/drive/MyDrive/Audio_dataset/Kannada/21516.mp3,4.981,-132.07,False,4.949,Kannada,
/content/drive/MyDrive/Audio_dataset/Kannada/23081.mp3,4.981,-136.39,False,4.949,Kannada,
/content/drive/MyDrive/Audio_dataset/Kannada/23304.mp3,4.981,-122.29,False,4.757,Kannada,
/content/drive/MyDrive/Audio_dataset/Kannada/23214.mp3,4.981,-118.02,False,4.928,Kannada,
/content/drive/MyDrive/Audio_dataset/Kannada/21796.mp3,5.005,-131.24,False,5.005,Kannada,
/content/drive/MyDrive/Audio_dataset/Kannada/23443.mp3,4.981,-132.5,False,4.981,Kannada,
/content/drive/MyDrive/Audio_dataset/Kannada/22746.mp3,4.981,-110.13,False,4.949,Kannada,
/content/drive/MyDrive/Audio_dataset/Kannada/22757.mp3,4.981,-118.18,False,4.981,Kannada,
/content/drive/MyDrive/Audio_dataset/Kannada/22287.mp3,5.005,-112.59,False,4.928,Kannada,
/content/drive/MyDrive/Audio_dataset/Kannada/22218.mp3,4.981,-121.72,False,3.872,Kannada,
/content/drive/MyDrive/Audio_dataset/Kannada/21592.mp3,4.977,-95.32,False,4.977,Kannada,
/content/drive/MyDrive/Audio_dataset/Kannada/21922.mp3,4.981,-121.2,False,4.96,Kannada,
/content/drive/MyDrive/Audio_dataset/Kannada/23253.mp3,5.005,-121.94,False,4.717,Kannada,
/content/drive/MyDrive/Audio_dataset/Kannada/21427.mp3,5.005,-118.86,False,5.005,Kannada,
/content/drive/MyDrive/Audio_dataset/Kannada/22220.mp3,4.981,-145.41,False,4.981,Kannada,
/content/drive/MyDrive/Audio_dataset/Kannada/23142.mp3,5.005,-125.46,False,5.005,Kannada,
/content/drive/MyDrive/Audio_dataset/Kannada/21411.mp3,4.981,-128.18,False,4.672,Kannada,
/content/drive/MyDrive/Audio_dataset/Kannada/23285.mp3,4.981,-122.1,False,4.416,Kannada,
/content/drive/MyDrive/Audio_dataset/Kannada/23124.mp3,4.981,-129.65,False,4.981,Kannada,
/content/drive/MyDrive/Audio_dataset/Kannada/23272.mp3,5.005,-131.15,False,4.813,Kannada,
/content/drive/MyDrive/Audio_dataset/Kannada/22261.mp3,5.005,-124.2,False,5.005,Kannada,
/content/drive/MyDrive/Audio_dataset/Kannada/21495.mp3,4.977,-95.8,False,4.977,Kannada,
/content/drive/MyDrive/Audio_dataset/Kannada/22285.mp3,4.981,-119.09,False,4.981,Kannada,
/content/drive/MyDrive/Audio_dataset/Kannada/21724.mp3,4.981,-110.94,False,4.981,Kannada,
/content/drive/MyDrive/Audio_dataset/Kannada/22196.mp3,4.981,-136.38,False,4.981,Kannada,
/content/drive/MyDrive/Audio_dataset/Kannada/23058.mp3,4.981,-122.74,False,4.672,Kannada,
/content/drive/MyDrive/Audio_dataset/Kannada/21766.mp3,5.005,-135.02,False,5.005,Kannada,
/content/drive/MyDrive/Audio_dataset/Kannada/23307.mp3,4.981,-116.64,False,4.853,Kannada,
/content/drive/MyDrive/Audio_dataset/Kannada/22215.mp3,4.981,-121.83,False,4.885,Kannada,
/content/drive/MyDrive/Audio_dataset/Kannada/22820.mp3,4.981,-115.98,False,4.917,Kannada,
/content/drive/MyDrive/Audio_dataset/Kannada/21847.mp3,5.005,-114.0,False,4.173,Kannada,
/content/drive/MyDrive/Audio_dataset/Kannada/22429.mp3,4.981,-125.06,False,4.949,Kannada,
/content/drive/MyDrive/Audio_dataset/Kannada/21567.mp3,4.981,-128.72,False,4.981,Kannada,
/content/drive/MyDrive/Audio_dataset/Kannada/23019.mp3,4.981,-119.99,False,4.949,Kannada,
/content/drive/MyDrive/Audio_dataset/Kannada/22118.mp3,4.981,-124.91,False,4.981,Kannada,
/content/drive/MyDrive/Audio_dataset/Kannada/23340.mp3,4.981,-126.94,False,4.981,Kannada,
/content/drive/MyDrive/Audio_dataset/Kannada/22791.mp3,4.981,-128.28,False,4.736,Kannada,
/content/drive/MyDrive/Audio_dataset/Kannada/21894.mp3,4.981,-117.8,False,4.981,Kannada,
/content/drive/MyDrive/Audio_dataset/Kannada/21473.mp3,5.005,-104.91,False,2.893,Kannada,
/content/drive/MyDrive/Audio_dataset/Kannada/22260.mp3,4.981,-118.55,False,4.501,Kannada,
/content/drive/MyDrive/Audio_dataset/Kannada/21844.mp3,5.005,-127.2,False,4.941,Kannada,
/content/drive/MyDrive/Audio_dataset/Kannada/22772.mp3,4.981,-118.34,False,4.512,Kannada,
/content/drive/MyDrive/Audio_dataset/Kannada/22961.mp3,4.981,-142.91,False,4.768,Kannada,
/content/drive/MyDrive/Audio_dataset/Kannada/21385.mp3,4.981,-116.07,False,4.949,Kannada,
/content/drive/MyDrive/Audio_dataset/Kannada/22314.mp3,4.977,-102.64,False,1.937,Kannada,
/content/drive/MyDrive/Audio_dataset/Kannada/22887.mp3,4.981,-116.21,False,4.896,Kannada,
/content/drive/MyDrive/Audio_dataset/Kannada/22060.mp3,5.005,-155.12,False,4.0,Kannada,
/content/drive/MyDrive/Audio_dataset/Kannada/23085.mp3,5.005,-113.53,False,3.904,Kannada,
/content/drive/MyDrive/Audio_dataset/Kannada/22963.mp3,4.981,-122.15,False,4.917,Kannada,
/content/drive/MyDrive/Audio_dataset/Kannada/23557.mp3,4.981,-118.49,False,2.08,Kannada,
/content/drive/MyDrive/Audio_dataset/Kannada/23246.mp3,4.981,-111.85,False,4.949,Kannada,
/content/drive/MyDrive/Audio_dataset/Kannada/22589.mp3,4.981,-140.07,False,4.885,Kannada,
/content/drive/MyDrive/Audio_dataset/Kannada/24951.mp3,5.005,-134.22,False,4.973,Kannada,
/content/drive/MyDrive/Audio_dataset/Kannada/24467.mp3,5.005,-115.33,False,4.16,Kannada,
/content/drive/MyDrive/Audio_dataset/Kannada/24848.mp3,4.981,-121.86,False,4.885,Kannada,
/content/drive/MyDrive/Audio_dataset/Kannada/23732.mp3,4.981,-139.22,False,4.48,Kannada,
/content/drive/MyDrive/Audio_dataset/Kannada/24166.mp3,5.005,-115.86,False,5.005,Kannada,
/content/drive/MyDrive/Audio_dataset/Kannada/24145.mp3,4.981,-114.17,False,4.224,Kannada,
/content/drive/MyDrive/Audio_dataset/Kannada/23562.mp3,4.981,-107.04,False,4.981,Kannada,
/content/drive/MyDrive/Audio_dataset/Kannada/24887.mp3,4.981,-115.18,False,4.757,Kannada,
/content/drive/MyDrive/Audio_dataset/Kannada/25173.mp3,4.981,-136.65,False,4.32,Kannada,
/content/drive/MyDrive/Audio_dataset/Kannada/24116.mp3,5.005,-121.7,False,5.005,Kannada,
/content/drive/MyDrive/Audio_dataset/Kannada/23705.mp3,5.005,-128.82,False,4.973,Kannada,
/content/drive/MyDrive/Audio_dataset/Kannada/23610.mp3,4.981,-118.7,False,4.981,Kannada,
/content/drive/MyDrive/Audio_dataset/Kannada/24756.mp3,5.005,-123.24,False,2.88,Kannada,
/content/drive/MyDrive/Audio_dataset/Kannada/24674.mp3,4.977,-96.58,False,4.977,Kannada,
/content/drive/MyDrive/Audio_dataset/Kannada/24453.mp3,5.005,-117.99,False,5.005,Kannada,
/content/drive/MyDrive/Audio_dataset/Kannada/24621.mp3,4.981,-120.49,False,3.989,Kannada,
/content/drive/MyDrive/Audio_dataset/Kannada/24936.mp3,4.981,-119.56,False,4.064,Kannada,
/content/drive/MyDrive/Audio_dataset/Kannada/25264.mp3,4.981,-114.09,False,4.981,Kannada,
/content/drive/MyDrive/Audio_dataset/Kannada/23680.mp3,4.981,-120.46,False,4.821,Kannada,
/content/drive/MyDrive/Audio_dataset/Kannada/24254.mp3,4.981,,False,4.981,Kannada,"trim produced <100ms audio, kept untrimmed"
/content/drive/MyDrive/Audio_dataset/Kannada/23915.mp3,5.005,-121.25,False,3.904,Kannada,
/content/drive/MyDrive/Audio_dataset/Kannada/25308.mp3,4.981,-111.88,False,4.704,Kannada,
/content/drive/MyDrive/Audio_dataset/Kannada/25477.mp3,4.981,-119.98,False,4.949,Kannada,
/content/drive/MyDrive/Audio_dataset/Kannada/24272.mp3,4.981,-120.54,False,4.672,Kannada,
/content/drive/MyDrive/Audio_dataset/Kannada/24234.mp3,4.981,-129.97,False,4.981,Kannada,
/content/drive/MyDrive/Audio_dataset/Kannada/23653.mp3,4.981,-118.82,False,4.608,Kannada,
/content/drive/MyDrive/Audio_dataset/Kannada/24500.mp3,4.981,,False,4.981,Kannada,"trim produced <100ms audio, kept untrimmed"
/content/drive/MyDrive/Audio_dataset/Kannada/23670.mp3,4.981,-111.81,False,4.032,Kannada,
/content/drive/MyDrive/Audio_dataset/Kannada/24407.mp3,5.005,-130.77,False,5.005,Kannada,
/content/drive/MyDrive/Audio_dataset/Kannada/23677.mp3,5.005,-121.04,False,4.832,Kannada,
/content/drive/MyDrive/Audio_dataset/Kannada/24240.mp3,4.981,-124.59,False,4.885,Kannada,
/content/drive/MyDrive/Audio_dataset/Kannada/24220.mp3,5.005,-108.34,False,4.557,Kannada,
/content/drive/MyDrive/Audio_dataset/Kannada/23585.mp3,4.981,-148.58,False,4.32,Kannada,
/content/drive/MyDrive/Audio_dataset/Kannada/25029.mp3,4.981,-126.45,False,4.981,Kannada,
/content/drive/MyDrive/Audio_dataset/Kannada/24806.mp3,5.005,-142.14,False,3.821,Kannada,
/content/drive/MyDrive/Audio_dataset/Kannada/24257.mp3,4.981,-100.96,False,4.16,Kannada,
/content/drive/MyDrive/Audio_dataset/Kannada/23663.mp3,5.005,-113.11,False,3.872,Kannada,
/content/drive/MyDrive/Audio_dataset/Kannada/25089.mp3,5.005,-123.31,False,5.005,Kannada,
/content/drive/MyDrive/Audio_dataset/Kannada/24747.mp3,4.981,-120.49,False,3.68,Kannada,
/content/drive/MyDrive/Audio_dataset/Kannada/23656.mp3,5.005,-128.42,False,2.669,Kannada,
/content/drive/MyDrive/Audio_dataset/Kannada/24060.mp3,4.981,-112.63,False,4.853,Kannada,
/content/drive/MyDrive/Audio_dataset/Kannada/25167.mp3,5.005,-116.2,False,4.749,Kannada,
/content/drive/MyDrive/Audio_dataset/Kannada/24142.mp3,4.981,-114.62,False,4.608,Kannada,
/content/drive/MyDrive/Audio_dataset/Kannada/25365.mp3,4.981,-139.9,False,4.981,Kannada,
/content/drive/MyDrive/Audio_dataset/Kannada/24770.mp3,4.977,-94.41,False,4.913,Kannada,
/content/drive/MyDrive/Audio_dataset/Kannada/24121.mp3,4.981,-128.21,False,4.981,Kannada,
/content/drive/MyDrive/Audio_dataset/Kannada/25482.mp3,5.005,-131.35,False,4.352,Kannada,
/content/drive/MyDrive/Audio_dataset/Kannada/24633.mp3,4.981,-112.3,False,4.981,Kannada,
/content/drive/MyDrive/Audio_dataset/Kannada/23936.mp3,5.005,-114.32,False,3.789,Kannada,
/content/drive/MyDrive/Audio_dataset/Kannada/25258.mp3,4.981,-122.11,False,4.981,Kannada,
/content/drive/MyDrive/Audio_dataset/Kannada/24390.mp3,4.981,-113.44,False,4.981,Kannada,
/content/drive/MyDrive/Audio_dataset/Kannada/23895.mp3,5.005,-123.94,False,4.973,Kannada,
/content/drive/MyDrive/Audio_dataset/Kannada/24357.mp3,5.005,-119.82,False,4.96,Kannada,
/content/drive/MyDrive/Audio_dataset/Kannada/25174.mp3,4.981,-127.61,False,4.949,Kannada,
/content/drive/MyDrive/Audio_dataset/Kannada/24379.mp3,4.981,-118.48,False,4.981,Kannada,
/content/drive/MyDrive/Audio_dataset/Kannada/23758.mp3,5.005,-127.13,False,4.672,Kannada,
/content/drive/MyDrive/Audio_dataset/Kannada/23784.mp3,4.981,-118.9,False,4.949,Kannada,
/content/drive/MyDrive/Audio_dataset/Kannada/24510.mp3,4.981,-138.52,False,4.949,Kannada,
/content/drive/MyDrive/Audio_dataset/Kannada/24265.mp3,4.981,-119.95,False,4.981,Kannada,
/content/drive/MyDrive/Audio_dataset/Kannada/24983.mp3,4.981,-150.89,False,4.981,Kannada,
/content/drive/MyDrive/Audio_dataset/Kannada/24724.mp3,4.981,-119.94,False,4.96,Kannada,
/content/drive/MyDrive/Audio_dataset/Kannada/24873.mp3,5.005,-115.83,False,4.877,Kannada,
/content/drive/MyDrive/Audio_dataset/Kannada/25325.mp3,4.981,-121.32,False,4.981,Kannada,
/content/drive/MyDrive/Audio_dataset/Kannada/24705.mp3,4.981,-113.41,False,4.917,Kannada,
/content/drive/MyDrive/Audio_dataset/Kannada/24505.mp3,5.005,-116.34,False,4.064,Kannada,
/content/drive/MyDrive/Audio_dataset/Kannada/25295.mp3,5.005,-150.71,False,4.512,Kannada,
/content/drive/MyDrive/Audio_dataset/Kannada/24803.mp3,4.981,-119.39,False,4.949,Kannada,
/content/drive/MyDrive/Audio_dataset/Kannada/23694.mp3,4.981,-82.22,False,4.608,Kannada,
/content/drive/MyDrive/Audio_dataset/Kannada/24695.mp3,5.005,-134.88,False,4.832,Kannada,
/content/drive/MyDrive/Audio_dataset/Kannada/24469.mp3,5.005,-131.32,False,3.501,Kannada,
/content/drive/MyDrive/Audio_dataset/Kannada/24110.mp3,4.981,-126.62,False,4.544,Kannada,
/content/drive/MyDrive/Audio_dataset/Kannada/24033.mp3,4.981,-130.26,False,4.565,Kannada,
/content/drive/MyDrive/Audio_dataset/Kannada/24778.mp3,5.005,-123.29,False,5.005,Kannada,
/content/drive/MyDrive/Audio_dataset/Kannada/25474.mp3,4.981,-119.17,False,4.224,Kannada,
/content/drive/MyDrive/Audio_dataset/Kannada/24539.mp3,4.981,-125.65,False,4.981,Kannada,
/content/drive/MyDrive/Audio_dataset/Kannada/24884.mp3,5.005,-138.93,False,5.005,Kannada,
/content/drive/MyDrive/Audio_dataset/Kannada/23815.mp3,5.005,-114.23,False,5.005,Kannada,
/content/drive/MyDrive/Audio_dataset/Kannada/24867.mp3,4.981,-126.66,False,4.981,Kannada,
/content/drive/MyDrive/Audio_dataset/Kannada/23810.mp3,5.005,-115.22,False,4.941,Kannada,
/content/drive/MyDrive/Audio_dataset/Kannada/24416.mp3,4.981,-122.18,False,4.885,Kannada,
/content/drive/MyDrive/Audio_dataset/Kannada/24015.mp3,4.981,-123.0,False,4.96,Kannada,
/content/drive/MyDrive/Audio_dataset/Kannada/24640.mp3,5.005,-111.81,False,4.992,Kannada,
/content/drive/MyDrive/Audio_dataset/Kannada/25124.mp3,4.981,-121.36,False,4.704,Kannada,
/content/drive/MyDrive/Audio_dataset/Kannada/24994.mp3,4.981,-117.99,False,4.757,Kannada,
/content/drive/MyDrive/Audio_dataset/Kannada/25034.mp3,5.005,-126.51,False,5.005,Kannada,
/content/drive/MyDrive/Audio_dataset/Kannada/24336.mp3,4.977,-93.62,False,4.977,Kannada,
/content/drive/MyDrive/Audio_dataset/Kannada/23695.mp3,4.981,-120.02,False,4.928,Kannada,
/content/drive/MyDrive/Audio_dataset/Kannada/24711.mp3,5.005,-123.07,False,5.005,Kannada,
/content/drive/MyDrive/Audio_dataset/Kannada/23911.mp3,5.005,-118.2,False,4.973,Kannada,
/content/drive/MyDrive/Audio_dataset/Kannada/25113.mp3,5.005,-143.26,False,4.96,Kannada,
/content/drive/MyDrive/Audio_dataset/Kannada/24229.mp3,4.981,-112.47,False,4.981,Kannada,
/content/drive/MyDrive/Audio_dataset/Kannada/3179.mp3,5.005,-115.4,False,4.365,Kannada,
/content/drive/MyDrive/Audio_dataset/Kannada/4154.mp3,4.981,-113.69,False,4.981,Kannada,
/content/drive/MyDrive/Audio_dataset/Kannada/4652.mp3,5.005,-107.41,False,4.032,Kannada,
/content/drive/MyDrive/Audio_dataset/Kannada/2616.mp3,4.981,-115.25,False,3.744,Kannada,
/content/drive/MyDrive/Audio_dataset/Kannada/4113.mp3,4.981,-111.57,False,3.744,Kannada,
/content/drive/MyDrive/Audio_dataset/Kannada/25724.mp3,4.981,-123.51,False,4.981,Kannada,
/content/drive/MyDrive/Audio_dataset/Kannada/25722.mp3,4.981,-137.7,False,4.565,Kannada,
/content/drive/MyDrive/Audio_dataset/Kannada/4565.mp3,4.981,-116.11,False,4.693,Kannada,
/content/drive/MyDrive/Audio_dataset/Kannada/25667.mp3,4.981,-121.2,False,4.981,Kannada,
/content/drive/MyDrive/Audio_dataset/Kannada/4657.mp3,4.981,-126.35,False,4.981,Kannada,
/content/drive/MyDrive/Audio_dataset/Kannada/4594.mp3,4.981,-133.56,False,4.949,Kannada,
/content/drive/MyDrive/Audio_dataset/Kannada/5043.mp3,4.981,-121.63,False,4.981,Kannada,
/content/drive/MyDrive/Audio_dataset/Kannada/2920.mp3,5.005,-134.19,False,3.52,Kannada,
/content/drive/MyDrive/Audio_dataset/Kannada/4012.mp3,4.981,-126.88,False,4.384,Kannada,
/content/drive/MyDrive/Audio_dataset/Kannada/4617.mp3,5.005,-119.89,False,3.501,Kannada,
/content/drive/MyDrive/Audio_dataset/Kannada/25503.mp3,4.981,-111.41,False,4.981,Kannada,
/content/drive/MyDrive/Audio_dataset/Kannada/25631.mp3,4.981,-140.5,False,2.784,Kannada,
/content/drive/MyDrive/Audio_dataset/Kannada/4909.mp3,5.005,-121.45,False,5.005,Kannada,
/content/drive/MyDrive/Audio_dataset/Kannada/25698.mp3,5.005,-118.08,False,3.917,Kannada,
/content/drive/MyDrive/Audio_dataset/Kannada/25640.mp3,4.981,-107.56,False,4.576,Kannada,
/content/drive/MyDrive/Audio_dataset/Kannada/4391.mp3,4.981,-108.24,False,4.832,Kannada,
/content/drive/MyDrive/Audio_dataset/Kannada/4805.mp3,4.981,-119.25,False,4.981,Kannada,
/content/drive/MyDrive/Audio_dataset/Kannada/4723.mp3,5.005,-111.09,False,5.005,Kannada,
/content/drive/MyDrive/Audio_dataset/Kannada/3029.mp3,4.981,-119.15,False,4.981,Kannada,
/content/drive/MyDrive/Audio_dataset/Kannada/4791.mp3,4.981,-114.44,False,4.896,Kannada,
/content/drive/MyDrive/Audio_dataset/Kannada/4946.mp3,5.005,-133.24,False,4.992,Kannada,
/content/drive/MyDrive/Audio_dataset/Kannada/4350.mp3,5.005,-116.05,False,4.013,Kannada,
/content/drive/MyDrive/Audio_dataset/Kannada/4412.mp3,4.981,-118.8,False,4.981,Kannada,
/content/drive/MyDrive/Audio_dataset/Kannada/4928.mp3,5.005,-126.75,False,4.973,Kannada,
/content/drive/MyDrive/Audio_dataset/Kannada/4065.mp3,4.981,-128.14,False,4.981,Kannada,
/content/drive/MyDrive/Audio_dataset/Kannada/4745.mp3,5.005,-119.37,False,4.909,Kannada,
/content/drive/MyDrive/Audio_dataset/Kannada/25761.mp3,4.981,-121.14,False,4.757,Kannada,
/content/drive/MyDrive/Audio_dataset/Kannada/4712.mp3,4.981,-121.11,False,4.768,Kannada,
/content/drive/MyDrive/Audio_dataset/Kannada/4183.mp3,4.981,-121.59,False,4.949,Kannada,
/content/drive/MyDrive/Audio_dataset/Kannada/4430.mp3,4.981,-121.47,False,4.533,Kannada,
/content/drive/MyDrive/Audio_dataset/Kannada/25664.mp3,4.981,-117.62,False,4.981,Kannada,
/content/drive/MyDrive/Audio_dataset/Kannada/3365.mp3,5.005,-119.74,False,4.384,Kannada,
/content/drive/MyDrive/Audio_dataset/Kannada/4603.mp3,4.981,-119.21,False,4.32,Kannada,
/content/drive/MyDrive/Audio_dataset/Kannada/3892.mp3,4.981,-129.61,False,3.2,Kannada,
/content/drive/MyDrive/Audio_dataset/Kannada/4864.mp3,4.981,-130.77,False,4.949,Kannada,
/content/drive/MyDrive/Audio_dataset/Kannada/4551.mp3,4.981,-127.79,False,4.704,Kannada,
/content/drive/MyDrive/Audio_dataset/Kannada/4285.mp3,4.981,-115.9,False,4.8,Kannada,
/content/drive/MyDrive/Audio_dataset/Kannada/4810.mp3,4.977,-109.02,False,4.529,Kannada,
/content/drive/MyDrive/Audio_dataset/Kannada/3282.mp3,4.981,-121.55,False,4.917,Kannada,
/content/drive/MyDrive/Audio_dataset/Kannada/4595.mp3,4.981,-118.8,False,4.981,Kannada,
/content/drive/MyDrive/Audio_dataset/Kannada/4920.mp3,4.981,-117.62,False,4.917,Kannada,
/content/drive/MyDrive/Audio_dataset/Kannada/3947.mp3,5.005,-120.87,False,5.005,Kannada,
/content/drive/MyDrive/Audio_dataset/Kannada/4656.mp3,4.981,-115.69,False,4.8,Kannada,
/content/drive/MyDrive/Audio_dataset/Kannada/4858.mp3,5.005,-113.11,False,4.768,Kannada,
/content/drive/MyDrive/Audio_dataset/Kannada/4678.mp3,5.005,-123.05,False,5.005,Kannada,
/content/drive/MyDrive/Audio_dataset/Kannada/5000.mp3,4.981,-118.02,False,4.896,Kannada,
/content/drive/MyDrive/Audio_dataset/Kannada/4038.mp3,4.981,-120.21,False,4.672,Kannada,
/content/drive/MyDrive/Audio_dataset/Kannada/4542.mp3,4.981,-102.42,False,4.917,Kannada,
/content/drive/MyDrive/Audio_dataset/Kannada/4716.mp3,4.981,-128.85,False,4.864,Kannada,
/content/drive/MyDrive/Audio_dataset/Kannada/3979.mp3,4.981,-127.19,False,4.981,Kannada,
/content/drive/MyDrive/Audio_dataset/Kannada/4587.mp3,5.005,-114.71,False,3.341,Kannada,
/content/drive/MyDrive/Audio_dataset/Kannada/3996.mp3,4.981,-114.05,False,4.917,Kannada,
/content/drive/MyDrive/Audio_dataset/Kannada/4535.mp3,4.981,-117.2,False,4.48,Kannada,
/content/drive/MyDrive/Audio_dataset/Kannada/3889.mp3,4.981,-134.01,False,4.512,Kannada,
/content/drive/MyDrive/Audio_dataset/Kannada/4321.mp3,5.005,-108.28,False,3.232,Kannada,
/content/drive/MyDrive/Audio_dataset/Kannada/3993.mp3,4.981,-117.22,False,3.317,Kannada,
/content/drive/MyDrive/Audio_dataset/Kannada/4692.mp3,4.981,-125.65,False,4.981,Kannada,
/content/drive/MyDrive/Audio_dataset/Kannada/4273.mp3,5.005,-140.14,False,5.005,Kannada,
/content/drive/MyDrive/Audio_dataset/Kannada/4944.mp3,5.005,-115.22,False,4.352,Kannada,
/content/drive/MyDrive/Audio_dataset/Kannada/4828.mp3,5.005,-120.24,False,4.896,Kannada,
/content/drive/MyDrive/Audio_dataset/Kannada/3960.mp3,4.977,-95.89,False,4.337,Kannada,
/content/drive/MyDrive/Audio_dataset/Kannada/4488.mp3,5.005,-127.34,False,2.752,Kannada,
/content/drive/MyDrive/Audio_dataset/Kannada/4918.mp3,5.005,-122.69,False,4.909,Kannada,
/content/drive/MyDrive/Audio_dataset/Kannada/4552.mp3,5.005,-123.66,False,5.005,Kannada,
/content/drive/MyDrive/Audio_dataset/Kannada/3904.mp3,5.005,-125.38,False,3.936,Kannada,
/content/drive/MyDrive/Audio_dataset/Kannada/4704.mp3,4.981,-83.63,False,4.981,Kannada,
/content/drive/MyDrive/Audio_dataset/Kannada/4008.mp3,5.005,-167.79,False,4.928,Kannada,
/content/drive/MyDrive/Audio_dataset/Kannada/4297.mp3,4.981,-120.59,False,4.917,Kannada,
/content/drive/MyDrive/Audio_dataset/Kannada/25743.mp3,4.981,-124.6,False,4.981,Kannada,
/content/drive/MyDrive/Audio_dataset/Kannada/25598.mp3,4.981,-124.13,False,4.608,Kannada,
/content/drive/MyDrive/Audio_dataset/Kannada/4598.mp3,5.005,-118.03,False,5.005,Kannada,
/content/drive/MyDrive/Audio_dataset/Kannada/25622.mp3,4.981,-121.5,False,4.192,Kannada,
/content/drive/MyDrive/Audio_dataset/Kannada/4279.mp3,4.981,-114.3,False,4.885,Kannada,
/content/drive/MyDrive/Audio_dataset/Kannada/2677.mp3,4.981,-120.47,False,4.917,Kannada,
/content/drive/MyDrive/Audio_dataset/Kannada/25532.mp3,4.981,-130.72,False,4.96,Kannada,
/content/drive/MyDrive/Audio_dataset/Kannada/4076.mp3,4.981,-122.95,False,3.509,Kannada,
/content/drive/MyDrive/Audio_dataset/Kannada/5030.mp3,5.005,-124.37,False,5.005,Kannada,
/content/drive/MyDrive/Audio_dataset/Kannada/3228.mp3,4.981,-124.74,False,4.981,Kannada,
/content/drive/MyDrive/Audio_dataset/Kannada/4553.mp3,4.981,-118.86,False,4.96,Kannada,
/content/drive/MyDrive/Audio_dataset/Kannada/25674.mp3,4.981,,False,4.981,Kannada,"trim produced <100ms audio, kept untrimmed"
/content/drive/MyDrive/Audio_dataset/Kannada/4890.mp3,5.005,-120.31,False,4.653,Kannada,
/content/drive/MyDrive/Audio_dataset/Kannada/4104.mp3,4.981,-123.53,False,3.712,Kannada,
/content/drive/MyDrive/Audio_dataset/Kannada/5009.mp3,4.981,-114.94,False,4.981,Kannada,
/content/drive/MyDrive/Audio_dataset/Kannada/4995.mp3,5.005,-115.29,False,4.365,Kannada,
/content/drive/MyDrive/Audio_dataset/Kannada/5172.mp3,4.981,,False,4.981,Kannada,"trim produced <100ms audio, kept untrimmed"
/content/drive/MyDrive/Audio_dataset/Kannada/5312.mp3,4.981,-119.43,False,4.949,Kannada,
/content/drive/MyDrive/Audio_dataset/Kannada/6396.mp3,5.005,-121.41,False,3.264,Kannada,
/content/drive/MyDrive/Audio_dataset/Kannada/6206.mp3,4.977,-98.18,False,4.064,Kannada,
/content/drive/MyDrive/Audio_dataset/Kannada/5739.mp3,4.981,-142.93,False,4.832,Kannada,
/content/drive/MyDrive/Audio_dataset/Kannada/6426.mp3,4.981,-123.46,False,4.885,Kannada,
/content/drive/MyDrive/Audio_dataset/Kannada/6721.mp3,5.005,-111.57,False,4.077,Kannada,
/content/drive/MyDrive/Audio_dataset/Kannada/6796.mp3,5.005,-109.8,False,5.005,Kannada,
/content/drive/MyDrive/Audio_dataset/Kannada/6385.mp3,5.005,-113.22,False,4.128,Kannada,
/content/drive/MyDrive/Audio_dataset/Kannada/6605.mp3,4.981,-115.96,False,4.768,Kannada,
/content/drive/MyDrive/Audio_dataset/Kannada/6049.mp3,5.005,-126.89,False,5.005,Kannada,
/content/drive/MyDrive/Audio_dataset/Kannada/5476.mp3,4.981,-120.83,False,4.384,Kannada,
/content/drive/MyDrive/Audio_dataset/Kannada/6172.mp3,5.005,-118.93,False,3.437,Kannada,
/content/drive/MyDrive/Audio_dataset/Kannada/6684.mp3,4.981,-129.95,False,4.885,Kannada,
/content/drive/MyDrive/Audio_dataset/Kannada/6280.mp3,4.981,-118.24,False,4.384,Kannada,
/content/drive/MyDrive/Audio_dataset/Kannada/5373.mp3,4.981,-116.46,False,4.597,Kannada,
/content/drive/MyDrive/Audio_dataset/Kannada/6723.mp3,4.981,-116.75,False,3.893,Kannada,
/content/drive/MyDrive/Audio_dataset/Kannada/5586.mp3,4.981,-121.69,False,4.192,Kannada,
/content/drive/MyDrive/Audio_dataset/Kannada/6514.mp3,4.981,-112.98,False,4.0,Kannada,
/content/drive/MyDrive/Audio_dataset/Kannada/6777.mp3,5.005,-123.12,False,4.832,Kannada,
/content/drive/MyDrive/Audio_dataset/Kannada/5070.mp3,4.981,-139.03,False,4.885,Kannada,
/content/drive/MyDrive/Audio_dataset/Kannada/5210.mp3,4.981,-112.46,False,4.821,Kannada,
/content/drive/MyDrive/Audio_dataset/Kannada/5221.mp3,5.005,-126.88,False,5.005,Kannada,
/content/drive/MyDrive/Audio_dataset/Kannada/5678.mp3,4.981,-118.18,False,4.128,Kannada,
/content/drive/MyDrive/Audio_dataset/Kannada/5588.mp3,4.981,-155.43,False,4.981,Kannada,
/content/drive/MyDrive/Audio_dataset/Kannada/5136.mp3,4.981,-125.72,False,4.341,Kannada,
/content/drive/MyDrive/Audio_dataset/Kannada/5053.mp3,4.981,-126.09,False,4.981,Kannada,
/content/drive/MyDrive/Audio_dataset/Kannada/5463.mp3,5.005,-127.07,False,5.005,Kannada,
/content/drive/MyDrive/Audio_dataset/Kannada/6196.mp3,4.981,-120.96,False,4.885,Kannada,
/content/drive/MyDrive/Audio_dataset/Kannada/5399.mp3,4.981,-112.61,False,4.981,Kannada,
/content/drive/MyDrive/Audio_dataset/Kannada/6623.mp3,4.981,-123.42,False,4.373,Kannada,
/content/drive/MyDrive/Audio_dataset/Kannada/6350.mp3,4.981,-123.53,False,4.864,Kannada,
/content/drive/MyDrive/Audio_dataset/Kannada/5641.mp3,5.005,-119.53,False,4.032,Kannada,
/content/drive/MyDrive/Audio_dataset/Kannada/6567.mp3,4.981,-112.76,False,4.981,Kannada,
/content/drive/MyDrive/Audio_dataset/Kannada/5313.mp3,4.981,-116.56,False,4.864,Kannada,
/content/drive/MyDrive/Audio_dataset/Kannada/5102.mp3,5.005,-129.41,False,4.512,Kannada,
/content/drive/MyDrive/Audio_dataset/Kannada/6164.mp3,4.981,-123.15,False,4.949,Kannada,
/content/drive/MyDrive/Audio_dataset/Kannada/6795.mp3,4.981,-119.06,False,2.176,Kannada,
/content/drive/MyDrive/Audio_dataset/Kannada/5054.mp3,5.005,-123.3,False,4.941,Kannada,
/content/drive/MyDrive/Audio_dataset/Kannada/6353.mp3,5.005,-125.01,False,4.941,Kannada,
/content/drive/MyDrive/Audio_dataset/Kannada/5145.mp3,5.005,-137.02,False,5.005,Kannada,
/content/drive/MyDrive/Audio_dataset/Kannada/5837.mp3,4.981,-123.34,False,4.981,Kannada,
/content/drive/MyDrive/Audio_dataset/Kannada/5498.mp3,4.981,-121.87,False,4.704,Kannada,
/content/drive/MyDrive/Audio_dataset/Kannada/5477.mp3,5.005,-131.83,False,5.005,Kannada,
/content/drive/MyDrive/Audio_dataset/Kannada/5082.mp3,4.981,-120.15,False,4.981,Kannada,
/content/drive/MyDrive/Audio_dataset/Kannada/5401.mp3,4.981,-124.73,False,4.981,Kannada,
/content/drive/MyDrive/Audio_dataset/Kannada/5304.mp3,4.981,-127.15,False,4.608,Kannada,
/content/drive/MyDrive/Audio_dataset/Kannada/6225.mp3,4.981,-123.18,False,4.64,Kannada,
/content/drive/MyDrive/Audio_dataset/Kannada/6430.mp3,5.005,-124.0,False,4.896,Kannada,
/content/drive/MyDrive/Audio_dataset/Kannada/5517.mp3,4.981,-132.4,False,4.981,Kannada,
/content/drive/MyDrive/Audio_dataset/Kannada/5441.mp3,5.005,-126.39,False,5.005,Kannada,
/content/drive/MyDrive/Audio_dataset/Kannada/5554.mp3,5.005,-132.3,False,3.552,Kannada,
/content/drive/MyDrive/Audio_dataset/Kannada/6144.mp3,4.981,-117.2,False,4.981,Kannada,
/content/drive/MyDrive/Audio_dataset/Kannada/6219.mp3,4.981,-112.32,False,4.981,Kannada,
/content/drive/MyDrive/Audio_dataset/Kannada/5702.mp3,4.981,-114.99,False,4.981,Kannada,
/content/drive/MyDrive/Audio_dataset/Kannada/6386.mp3,4.981,-126.91,False,4.768,Kannada,
/content/drive/MyDrive/Audio_dataset/Kannada/6267.mp3,4.981,-123.46,False,4.864,Kannada,
/content/drive/MyDrive/Audio_dataset/Kannada/6320.mp3,4.981,-92.54,False,4.117,Kannada,
/content/drive/MyDrive/Audio_dataset/Kannada/5961.mp3,5.005,-106.37,False,4.96,Kannada,
/content/drive/MyDrive/Audio_dataset/Kannada/6026.mp3,5.005,-134.09,False,4.973,Kannada,
/content/drive/MyDrive/Audio_dataset/Kannada/5283.mp3,5.005,-123.55,False,1.152,Kannada,
/content/drive/MyDrive/Audio_dataset/Kannada/6290.mp3,5.005,-129.11,False,5.005,Kannada,
/content/drive/MyDrive/Audio_dataset/Kannada/6051.mp3,5.005,-122.03,False,4.461,Kannada,
/content/drive/MyDrive/Audio_dataset/Kannada/6174.mp3,4.981,-120.65,False,4.853,Kannada,
/content/drive/MyDrive/Audio_dataset/Kannada/6016.mp3,4.981,-114.82,False,4.981,Kannada,
/content/drive/MyDrive/Audio_dataset/Kannada/6502.mp3,4.981,-120.09,False,4.981,Kannada,
/content/drive/MyDrive/Audio_dataset/Kannada/5856.mp3,4.981,-113.74,False,4.981,Kannada,
/content/drive/MyDrive/Audio_dataset/Kannada/6209.mp3,4.981,-156.27,False,3.808,Kannada,
/content/drive/MyDrive/Audio_dataset/Kannada/5348.mp3,5.005,-104.25,False,4.352,Kannada,
/content/drive/MyDrive/Audio_dataset/Kannada/6429.mp3,4.981,-152.51,False,4.725,Kannada,
/content/drive/MyDrive/Audio_dataset/Kannada/6432.mp3,5.005,-113.44,False,2.24,Kannada,
/content/drive/MyDrive/Audio_dataset/Kannada/6160.mp3,4.981,-123.19,False,4.981,Kannada,
/content/drive/MyDrive/Audio_dataset/Kannada/5302.mp3,4.981,-124.05,False,4.917,Kannada,
/content/drive/MyDrive/Audio_dataset/Kannada/6652.mp3,4.981,-102.07,False,3.808,Kannada,
/content/drive/MyDrive/Audio_dataset/Kannada/5596.mp3,4.981,-129.98,False,4.48,Kannada,
/content/drive/MyDrive/Audio_dataset/Kannada/5793.mp3,4.981,-111.02,False,4.981,Kannada,
/content/drive/MyDrive/Audio_dataset/Kannada/5255.mp3,4.981,-122.15,False,4.981,Kannada,
/content/drive/MyDrive/Audio_dataset/Kannada/5250.mp3,4.981,-126.35,False,4.981,Kannada,
/content/drive/MyDrive/Audio_dataset/Kannada/5266.mp3,5.005,-114.68,False,4.397,Kannada,
/content/drive/MyDrive/Audio_dataset/Kannada/6116.mp3,4.981,-111.62,False,4.885,Kannada,
/content/drive/MyDrive/Audio_dataset/Kannada/5712.mp3,4.981,-123.83,False,4.832,Kannada,
/content/drive/MyDrive/Audio_dataset/Kannada/6102.mp3,5.005,-115.92,False,5.005,Kannada,
/content/drive/MyDrive/Audio_dataset/Kannada/6041.mp3,5.005,-132.69,False,4.064,Kannada,
/content/drive/MyDrive/Audio_dataset/Kannada/5128.mp3,4.981,-131.58,False,4.981,Kannada,
/content/drive/MyDrive/Audio_dataset/Kannada/5756.mp3,4.981,-124.31,False,4.949,Kannada,
/content/drive/MyDrive/Audio_dataset/Kannada/6184.mp3,5.005,-115.72,False,3.885,Kannada,
/content/drive/MyDrive/Audio_dataset/Kannada/6593.mp3,4.981,-147.8,False,4.885,Kannada,
/content/drive/MyDrive/Audio_dataset/Kannada/5841.mp3,4.981,-119.42,False,4.928,Kannada,
/content/drive/MyDrive/Audio_dataset/Kannada/6491.mp3,4.981,-118.15,False,4.949,Kannada,
/content/drive/MyDrive/Audio_dataset/Kannada/8072.mp3,4.981,-132.23,False,4.981,Kannada,
/content/drive/MyDrive/Audio_dataset/Kannada/7894.mp3,4.981,-114.02,False,4.416,Kannada,
/content/drive/MyDrive/Audio_dataset/Kannada/8565.mp3,4.981,-116.93,False,4.981,Kannada,
/content/drive/MyDrive/Audio_dataset/Kannada/8051.mp3,4.981,-115.06,False,4.917,Kannada,
/content/drive/MyDrive/Audio_dataset/Kannada/7048.mp3,5.005,-116.57,False,4.64,Kannada,
/content/drive/MyDrive/Audio_dataset/Kannada/8352.mp3,5.005,-136.69,False,3.84,Kannada,
/content/drive/MyDrive/Audio_dataset/Kannada/6856.mp3,5.005,-120.56,False,3.885,Kannada,
/content/drive/MyDrive/Audio_dataset/Kannada/6923.mp3,4.981,-124.73,False,4.981,Kannada,
/content/drive/MyDrive/Audio_dataset/Kannada/6941.mp3,5.005,-118.3,False,4.941,Kannada,
/content/drive/MyDrive/Audio_dataset/Kannada/8585.mp3,5.005,-115.47,False,4.237,Kannada,
/content/drive/MyDrive/Audio_dataset/Kannada/8809.mp3,4.981,-116.09,False,4.981,Kannada,
/content/drive/MyDrive/Audio_dataset/Kannada/8118.mp3,4.981,-108.43,False,4.981,Kannada,
/content/drive/MyDrive/Audio_dataset/Kannada/7833.mp3,5.005,-119.85,False,4.269,Kannada,
/content/drive/MyDrive/Audio_dataset/Kannada/7558.mp3,5.005,-135.44,False,4.365,Kannada,
/content/drive/MyDrive/Audio_dataset/Kannada/8089.mp3,5.005,-119.01,False,5.005,Kannada,
/content/drive/MyDrive/Audio_dataset/Kannada/8731.mp3,5.005,-122.32,False,3.296,Kannada,
/content/drive/MyDrive/Audio_dataset/Kannada/8842.mp3,4.981,-115.35,False,4.629,Kannada,
/content/drive/MyDrive/Audio_dataset/Kannada/6983.mp3,4.981,-111.43,False,4.885,Kannada,
/content/drive/MyDrive/Audio_dataset/Kannada/7364.mp3,4.981,-117.67,False,4.288,Kannada,
/content/drive/MyDrive/Audio_dataset/Kannada/8807.mp3,5.005,-133.85,False,4.96,Kannada,
/content/drive/MyDrive/Audio_dataset/Kannada/8022.mp3,4.977,-97.08,False,4.913,Kannada,
/content/drive/MyDrive/Audio_dataset/Kannada/8002.mp3,4.981,-123.06,False,4.981,Kannada,
/content/drive/MyDrive/Audio_dataset/Kannada/8598.mp3,4.981,-114.52,False,4.981,Kannada,
/content/drive/MyDrive/Audio_dataset/Kannada/8364.mp3,5.005,-116.27,False,4.877,Kannada,
/content/drive/MyDrive/Audio_dataset/Kannada/6956.mp3,5.005,-113.11,False,4.077,Kannada,
/content/drive/MyDrive/Audio_dataset/Kannada/7250.mp3,5.005,-119.86,False,5.005,Kannada,
/content/drive/MyDrive/Audio_dataset/Kannada/8005.mp3,4.981,-118.38,False,4.224,Kannada,
/content/drive/MyDrive/Audio_dataset/Kannada/8645.mp3,4.981,-123.36,False,4.981,Kannada,
/content/drive/MyDrive/Audio_dataset/Kannada/8474.mp3,4.981,-122.59,False,4.981,Kannada,
/content/drive/MyDrive/Audio_dataset/Kannada/8664.mp3,5.005,-120.66,False,4.941,Kannada,
/content/drive/MyDrive/Audio_dataset/Kannada/7779.mp3,5.005,-123.46,False,4.717,Kannada,
/content/drive/MyDrive/Audio_dataset/Kannada/8220.mp3,4.981,-117.93,False,3.989,Kannada,
/content/drive/MyDrive/Audio_dataset/Kannada/8119.mp3,4.981,-109.93,False,4.8,Kannada,
/content/drive/MyDrive/Audio_dataset/Kannada/6828.mp3,4.981,-115.87,False,4.64,Kannada,
/content/drive/MyDrive/Audio_dataset/Kannada/8415.mp3,4.981,-143.38,False,4.981,Kannada,
/content/drive/MyDrive/Audio_dataset/Kannada/7280.mp3,5.004,-97.32,False,5.004,Kannada,
/content/drive/MyDrive/Audio_dataset/Kannada/8282.mp3,4.981,-129.79,False,3.584,Kannada,
/content/drive/MyDrive/Audio_dataset/Kannada/8762.mp3,4.981,-105.01,False,4.981,Kannada,
/content/drive/MyDrive/Audio_dataset/Kannada/8106.mp3,4.981,-113.76,False,4.885,Kannada,
/content/drive/MyDrive/Audio_dataset/Kannada/7052.mp3,5.005,-123.1,False,4.992,Kannada,
/content/drive/MyDrive/Audio_dataset/Kannada/8849.mp3,5.005,-133.47,False,5.005,Kannada,
/content/drive/MyDrive/Audio_dataset/Kannada/8432.mp3,4.981,-133.13,False,4.48,Kannada,
/content/drive/MyDrive/Audio_dataset/Kannada/8335.mp3,4.981,-115.33,False,4.981,Kannada,
/content/drive/MyDrive/Audio_dataset/Kannada/844.mp3,4.981,-157.83,False,2.144,Kannada,
/content/drive/MyDrive/Audio_dataset/Kannada/8557.mp3,4.981,-126.67,False,4.981,Kannada,
/content/drive/MyDrive/Audio_dataset/Kannada/8444.mp3,4.981,-132.1,False,4.533,Kannada,
/content/drive/MyDrive/Audio_dataset/Kannada/8461.mp3,4.981,-117.03,False,4.736,Kannada,
/content/drive/MyDrive/Audio_dataset/Kannada/7820.mp3,4.981,-117.77,False,4.565,Kannada,
/content/drive/MyDrive/Audio_dataset/Kannada/7072.mp3,4.981,-138.75,False,4.981,Kannada,
/content/drive/MyDrive/Audio_dataset/Kannada/8232.mp3,4.981,-127.56,False,4.981,Kannada,
/content/drive/MyDrive/Audio_dataset/Kannada/7934.mp3,4.981,-124.78,False,4.981,Kannada,
/content/drive/MyDrive/Audio_dataset/Kannada/8736.mp3,5.005,-125.45,False,5.005,Kannada,
/content/drive/MyDrive/Audio_dataset/Kannada/7267.mp3,4.981,-143.51,False,4.661,Kannada,
/content/drive/MyDrive/Audio_dataset/Kannada/7056.mp3,5.005,-122.66,False,4.48,Kannada,
/content/drive/MyDrive/Audio_dataset/Kannada/8592.mp3,4.981,-125.56,False,4.853,Kannada,
/content/drive/MyDrive/Audio_dataset/Kannada/7458.mp3,5.005,-136.17,False,5.005,Kannada,
/content/drive/MyDrive/Audio_dataset/Kannada/8229.mp3,4.981,-129.48,False,4.917,Kannada,
/content/drive/MyDrive/Audio_dataset/Kannada/8792.mp3,5.005,-122.55,False,4.256,Kannada,
/content/drive/MyDrive/Audio_dataset/Kannada/8047.mp3,4.981,-116.35,False,4.949,Kannada,
/content/drive/MyDrive/Audio_dataset/Kannada/7979.mp3,5.005,-115.93,False,3.437,Kannada,
/content/drive/MyDrive/Audio_dataset/Kannada/6937.mp3,5.005,-100.75,False,5.005,Kannada,
/content/drive/MyDrive/Audio_dataset/Kannada/7868.mp3,4.981,-112.56,False,4.981,Kannada,
/content/drive/MyDrive/Audio_dataset/Kannada/8142.mp3,4.981,-117.01,False,3.925,Kannada,
/content/drive/MyDrive/Audio_dataset/Kannada/8443.mp3,4.981,-130.02,False,4.096,Kannada,
/content/drive/MyDrive/Audio_dataset/Kannada/7618.mp3,4.977,-104.37,False,4.945,Kannada,
/content/drive/MyDrive/Audio_dataset/Kannada/8789.mp3,5.005,-113.67,False,3.565,Kannada,
/content/drive/MyDrive/Audio_dataset/Kannada/8609.mp3,4.981,-149.3,False,4.981,Kannada,
/content/drive/MyDrive/Audio_dataset/Kannada/8077.mp3,5.005,-111.61,False,4.045,Kannada,
/content/drive/MyDrive/Audio_dataset/Kannada/8255.mp3,4.981,-115.31,False,4.96,Kannada,
/content/drive/MyDrive/Audio_dataset/Kannada/8575.mp3,4.981,-124.34,False,4.949,Kannada,
/content/drive/MyDrive/Audio_dataset/Kannada/8032.mp3,5.005,-109.63,False,4.941,Kannada,
/content/drive/MyDrive/Audio_dataset/Kannada/7179.mp3,4.981,-134.59,False,4.629,Kannada,
/content/drive/MyDrive/Audio_dataset/Kannada/8279.mp3,4.981,-123.2,False,4.224,Kannada,
/content/drive/MyDrive/Audio_dataset/Kannada/7598.mp3,4.981,-133.24,False,4.853,Kannada,
/content/drive/MyDrive/Audio_dataset/Kannada/8004.mp3,5.005,-116.59,False,2.509,Kannada,
/content/drive/MyDrive/Audio_dataset/Kannada/7652.mp3,5.005,-113.64,False,5.005,Kannada,
/content/drive/MyDrive/Audio_dataset/Kannada/7717.mp3,4.981,-134.48,False,4.981,Kannada,
/content/drive/MyDrive/Audio_dataset/Kannada/8275.mp3,4.981,-127.62,False,3.584,Kannada,
/content/drive/MyDrive/Audio_dataset/Kannada/6984.mp3,4.981,-124.13,False,4.928,Kannada,
/content/drive/MyDrive/Audio_dataset/Kannada/7018.mp3,5.005,-108.52,False,4.173,Kannada,
/content/drive/MyDrive/Audio_dataset/Kannada/7303.mp3,4.981,-133.82,False,4.949,Kannada,
/content/drive/MyDrive/Audio_dataset/Kannada/7783.mp3,4.981,-115.13,False,4.949,Kannada,
/content/drive/MyDrive/Audio_dataset/Kannada/8353.mp3,5.005,-128.92,False,5.005,Kannada,
/content/drive/MyDrive/Audio_dataset/Kannada/8337.mp3,4.981,-122.78,False,4.981,Kannada,
/content/drive/MyDrive/Audio_dataset/Kannada/7816.mp3,4.981,-111.98,False,4.736,Kannada,
/content/drive/MyDrive/Audio_dataset/Kannada/8725.mp3,5.005,-109.04,False,4.973,Kannada,
/content/drive/MyDrive/Audio_dataset/Kannada/7007.mp3,5.005,-116.58,False,4.704,Kannada,
/content/drive/MyDrive/Audio_dataset/Kannada/7445.mp3,4.981,-132.88,False,4.981,Kannada,
/content/drive/MyDrive/Audio_dataset/Kannada/7774.mp3,4.977,-101.87,False,4.977,Kannada,
/content/drive/MyDrive/Audio_dataset/Kannada/8616.mp3,5.005,-122.62,False,5.005,Kannada,
/content/drive/MyDrive/Audio_dataset/Kannada/8885.mp3,4.981,-112.6,False,4.981,Kannada,
/content/drive/MyDrive/Audio_dataset/Kannada/9715.mp3,4.981,-121.75,False,2.56,Kannada,
/content/drive/MyDrive/Audio_dataset/Kannada/9740.mp3,4.981,-121.93,False,4.725,Kannada,
/content/drive/MyDrive/Audio_dataset/Kannada/9362.mp3,4.981,-122.94,False,4.064,Kannada,
/content/drive/MyDrive/Audio_dataset/Kannada/9509.mp3,5.005,-112.34,False,5.005,Kannada,
/content/drive/MyDrive/Audio_dataset/Kannada/9351.mp3,4.981,-104.4,False,4.672,Kannada,
/content/drive/MyDrive/Audio_dataset/Kannada/9424.mp3,4.981,-119.94,False,4.949,Kannada,
/content/drive/MyDrive/Audio_dataset/Kannada/9917.mp3,4.981,-122.64,False,4.96,Kannada,
/content/drive/MyDrive/Audio_dataset/Kannada/9995.mp3,5.005,-111.1,False,4.173,Kannada,
/content/drive/MyDrive/Audio_dataset/Kannada/9797.mp3,5.005,-118.91,False,3.629,Kannada,
/content/drive/MyDrive/Audio_dataset/Kannada/9059.mp3,5.005,-144.86,False,5.005,Kannada,
/content/drive/MyDrive/Audio_dataset/Kannada/9026.mp3,4.981,-119.61,False,4.864,Kannada,
/content/drive/MyDrive/Audio_dataset/Kannada/9040.mp3,4.981,-111.77,False,4.981,Kannada,
/content/drive/MyDrive/Audio_dataset/Kannada/9263.mp3,5.005,-115.27,False,4.941,Kannada,
/content/drive/MyDrive/Audio_dataset/Kannada/9185.mp3,4.981,,False,4.981,Kannada,"trim produced <100ms audio, kept untrimmed"
/content/drive/MyDrive/Audio_dataset/Kannada/9271.mp3,4.981,-125.31,False,4.949,Kannada,
/content/drive/MyDrive/Audio_dataset/Kannada/9601.mp3,4.981,-130.96,False,4.981,Kannada,
/content/drive/MyDrive/Audio_dataset/Kannada/9154.mp3,4.981,-120.13,False,4.981,Kannada,
/content/drive/MyDrive/Audio_dataset/Kannada/9494.mp3,4.981,-119.95,False,1.621,Kannada,
/content/drive/MyDrive/Audio_dataset/Kannada/9434.mp3,5.005,-130.77,False,4.672,Kannada,
/content/drive/MyDrive/Audio_dataset/Kannada/9622.mp3,4.981,-123.32,False,4.981,Kannada,
/content/drive/MyDrive/Audio_dataset/Kannada/8971.mp3,4.981,-115.71,False,4.864,Kannada,
/content/drive/MyDrive/Audio_dataset/Kannada/9900.mp3,4.981,-122.31,False,4.917,Kannada,
/content/drive/MyDrive/Audio_dataset/Kannada/9996.mp3,4.981,-129.92,False,4.981,Kannada,
/content/drive/MyDrive/Audio_dataset/Kannada/9732.mp3,4.981,-118.16,False,4.32,Kannada,
/content/drive/MyDrive/Audio_dataset/Kannada/8891.mp3,5.005,-124.48,False,5.005,Kannada,
/content/drive/MyDrive/Audio_dataset/Kannada/9312.mp3,4.981,-121.79,False,1.664,Kannada,
/content/drive/MyDrive/Audio_dataset/Kannada/9840.mp3,4.981,-150.81,False,4.949,Kannada,
/content/drive/MyDrive/Audio_dataset/Kannada/9425.mp3,4.981,-124.55,False,4.981,Kannada,
/content/drive/MyDrive/Audio_dataset/Kannada/9436.mp3,5.005,-121.71,False,4.864,Kannada,
/content/drive/MyDrive/Audio_dataset/Kannada/9677.mp3,4.981,-123.84,False,4.981,Kannada,
/content/drive/MyDrive/Audio_dataset/Kannada/9559.mp3,4.981,-127.29,False,4.768,Kannada,
/content/drive/MyDrive/Audio_dataset/Kannada/9958.mp3,5.005,-128.02,False,4.064,Kannada,
/content/drive/MyDrive/Audio_dataset/Kannada/9301.mp3,4.981,-116.47,False,4.981,Kannada,
/content/drive/MyDrive/Audio_dataset/Kannada/9411.mp3,5.005,-116.3,False,2.336,Kannada,
/content/drive/MyDrive/Audio_dataset/Kannada/9628.mp3,4.981,-122.32,False,4.661,Kannada,
/content/drive/MyDrive/Audio_dataset/Kannada/9266.mp3,5.005,-132.42,False,4.896,Kannada,
/content/drive/MyDrive/Audio_dataset/Kannada/9459.mp3,4.981,-126.42,False,4.949,Kannada,
/content/drive/MyDrive/Audio_dataset/Kannada/9944.mp3,4.981,-114.46,False,4.949,Kannada,
/content/drive/MyDrive/Audio_dataset/Kannada/9011.mp3,5.005,-143.24,False,4.525,Kannada,
/content/drive/MyDrive/Audio_dataset/Kannada/8944.mp3,5.005,-133.9,False,3.565,Kannada,
/content/drive/MyDrive/Audio_dataset/Kannada/9246.mp3,4.981,-117.69,False,4.981,Kannada,
/content/drive/MyDrive/Audio_dataset/Kannada/9889.mp3,5.005,-124.43,False,4.909,Kannada,
/content/drive/MyDrive/Audio_dataset/Kannada/9031.mp3,5.005,-131.0,False,4.781,Kannada,
/content/drive/MyDrive/Audio_dataset/Kannada/9224.mp3,4.981,-133.86,False,4.853,Kannada,
/content/drive/MyDrive/Audio_dataset/Kannada/9104.mp3,4.981,-124.23,False,4.704,Kannada,
/content/drive/MyDrive/Audio_dataset/Kannada/8968.mp3,5.005,-134.9,False,4.832,Kannada,
/content/drive/MyDrive/Audio_dataset/Kannada/8990.mp3,4.981,-130.03,False,4.981,Kannada,
/content/drive/MyDrive/Audio_dataset/Kannada/9858.mp3,4.981,-118.26,False,4.693,Kannada,
/content/drive/MyDrive/Audio_dataset/Kannada/9083.mp3,4.981,-119.11,False,4.757,Kannada,
/content/drive/MyDrive/Audio_dataset/Kannada/8947.mp3,4.981,-114.51,False,3.84,Kannada,
/content/drive/MyDrive/Audio_dataset/Kannada/9348.mp3,4.981,-127.71,False,4.981,Kannada,
/content/drive/MyDrive/Audio_dataset/Kannada/9315.mp3,4.981,-125.69,False,4.981,Kannada,
/content/drive/MyDrive/Audio_dataset/Kannada/9909.mp3,4.981,-133.51,False,4.981,Kannada,
/content/drive/MyDrive/Audio_dataset/Kannada/8887.mp3,4.981,-102.51,False,4.981,Kannada,
/content/drive/MyDrive/Audio_dataset/Malayalam/10176.mp3,4.981,-127.47,False,4.32,Malayalam,
/content/drive/MyDrive/Audio_dataset/Malayalam/10807.mp3,4.981,-108.33,False,4.128,Malayalam,
/content/drive/MyDrive/Audio_dataset/Malayalam/10852.mp3,5.005,-98.95,False,5.005,Malayalam,
/content/drive/MyDrive/Audio_dataset/Malayalam/10294.mp3,4.981,-118.03,False,4.96,Malayalam,
/content/drive/MyDrive/Audio_dataset/Malayalam/10618.mp3,5.005,-123.03,False,4.448,Malayalam,
/content/drive/MyDrive/Audio_dataset/Malayalam/10901.mp3,5.004,-103.54,False,4.844,Malayalam,
/content/drive/MyDrive/Audio_dataset/Malayalam/10351.mp3,4.981,-75.79,False,4.896,Malayalam,
/content/drive/MyDrive/Audio_dataset/Malayalam/10436.mp3,4.981,-104.71,False,4.757,Malayalam,
/content/drive/MyDrive/Audio_dataset/Malayalam/10701.mp3,4.981,-114.57,False,4.981,Malayalam,
/content/drive/MyDrive/Audio_dataset/Malayalam/10630.mp3,4.977,-118.03,False,4.977,Malayalam,
/content/drive/MyDrive/Audio_dataset/Malayalam/10013.mp3,5.005,-111.15,False,3.968,Malayalam,
/content/drive/MyDrive/Audio_dataset/Malayalam/10850.mp3,4.981,-112.29,False,4.192,Malayalam,
/content/drive/MyDrive/Audio_dataset/Malayalam/10503.mp3,5.005,-101.32,False,4.205,Malayalam,
/content/drive/MyDrive/Audio_dataset/Malayalam/10418.mp3,5.005,-123.57,False,5.005,Malayalam,
/content/drive/MyDrive/Audio_dataset/Malayalam/10296.mp3,4.981,-116.29,False,4.341,Malayalam,
/content/drive/MyDrive/Audio_dataset/Malayalam/10291.mp3,4.981,-108.45,False,4.064,Malayalam,
/content/drive/MyDrive/Audio_dataset/Malayalam/10087.mp3,5.004,-105.88,False,4.896,Malayalam,
/content/drive/MyDrive/Audio_dataset/Malayalam/10229.mp3,4.981,-97.59,False,4.981,Malayalam,
/content/drive/MyDrive/Audio_dataset/Malayalam/10304.mp3,4.981,-123.4,False,4.981,Malayalam,
/content/drive/MyDrive/Audio_dataset/Malayalam/10371.mp3,4.981,-100.98,False,4.192,Malayalam,
/content/drive/MyDrive/Audio_dataset/Malayalam/10602.mp3,4.981,-128.06,False,4.192,Malayalam,
/content/drive/MyDrive/Audio_dataset/Malayalam/10301.mp3,4.981,-115.58,False,4.917,Malayalam,
/content/drive/MyDrive/Audio_dataset/Malayalam/11028.mp3,4.981,-153.72,False,4.949,Malayalam,
/content/drive/MyDrive/Audio_dataset/Malayalam/10765.mp3,5.005,-108.1,False,3.661,Malayalam,
/content/drive/MyDrive/Audio_dataset/Malayalam/11014.mp3,4.981,-135.28,False,4.96,Malayalam,
/content/drive/MyDrive/Audio_dataset/Malayalam/10504.mp3,4.981,-125.3,False,4.704,Malayalam,
/content/drive/MyDrive/Audio_dataset/Malayalam/10686.mp3,4.977,-111.88,False,4.945,Malayalam,
/content/drive/MyDrive/Audio_dataset/Malayalam/10348.mp3,4.981,-111.92,False,4.544,Malayalam,
/content/drive/MyDrive/Audio_dataset/Malayalam/10556.mp3,5.004,-113.68,False,5.004,Malayalam,
/content/drive/MyDrive/Audio_dataset/Malayalam/10167.mp3,5.005,-116.18,False,5.005,Malayalam,
/content/drive/MyDrive/Audio_dataset/Malayalam/10703.mp3,4.981,-146.28,False,4.576,Malayalam,
/content/drive/MyDrive/Audio_dataset/Malayalam/10279.mp3,4.977,-91.42,False,4.977,Malayalam,
/content/drive/MyDrive/Audio_dataset/Malayalam/10192.mp3,4.981,-110.4,False,4.224,Malayalam,
/content/drive/MyDrive/Audio_dataset/Malayalam/11875.mp3,5.005,-109.32,False,5.005,Malayalam,
/content/drive/MyDrive/Audio_dataset/Malayalam/11670.mp3,4.981,-121.1,False,4.981,Malayalam,
/content/drive/MyDrive/Audio_dataset/Malayalam/11246.mp3,4.981,-109.4,False,4.789,Malayalam,
/content/drive/MyDrive/Audio_dataset/Malayalam/11958.mp3,5.005,-109.9,False,5.005,Malayalam,
/content/drive/MyDrive/Audio_dataset/Malayalam/11701.mp3,4.981,-107.16,False,4.896,Malayalam,
/content/drive/MyDrive/Audio_dataset/Malayalam/12913.mp3,4.981,-103.47,False,4.981,Malayalam,
/content/drive/MyDrive/Audio_dataset/Malayalam/12726.mp3,4.977,-124.14,False,4.689,Malayalam,
/content/drive/MyDrive/Audio_dataset/Malayalam/11769.mp3,4.981,-112.57,False,4.533,Malayalam,
/content/drive/MyDrive/Audio_dataset/Malayalam/11440.mp3,5.004,-105.56,False,5.004,Malayalam,
/content/drive/MyDrive/Audio_dataset/Malayalam/11275.mp3,4.981,-101.46,False,4.789,Malayalam,
/content/drive/MyDrive/Audio_dataset/Malayalam/11507.mp3,4.977,-104.61,False,4.512,Malayalam,
/content/drive/MyDrive/Audio_dataset/Malayalam/11542.mp3,5.005,-108.37,False,3.744,Malayalam,
/content/drive/MyDrive/Audio_dataset/Malayalam/11430.mp3,4.981,-107.36,False,4.725,Malayalam,
/content/drive/MyDrive/Audio_dataset/Malayalam/11683.mp3,5.004,-106.81,False,5.004,Malayalam,
/content/drive/MyDrive/Audio_dataset/Malayalam/11584.mp3,5.005,-119.0,False,4.736,Malayalam,
/content/drive/MyDrive/Audio_dataset/Malayalam/12888.mp3,5.005,-122.86,False,4.845,Malayalam,
/content/drive/MyDrive/Audio_dataset/Malayalam/11602.mp3,4.981,-123.91,False,4.693,Malayalam,
/content/drive/MyDrive/Audio_dataset/Malayalam/12089.mp3,4.977,-105.47,False,4.896,Malayalam,
/content/drive/MyDrive/Audio_dataset/Malayalam/11813.mp3,4.981,-111.24,False,4.96,Malayalam,
/content/drive/MyDrive/Audio_dataset/Malayalam/11114.mp3,5.005,-130.16,False,4.384,Malayalam,
/content/drive/MyDrive/Audio_dataset/Malayalam/11306.mp3,4.981,-106.41,False,4.917,Malayalam,
/content/drive/MyDrive/Audio_dataset/Malayalam/12553.mp3,4.981,-124.97,False,4.032,Malayalam,
/content/drive/MyDrive/Audio_dataset/Malayalam/11519.mp3,4.977,-107.71,False,3.921,Malayalam,
/content/drive/MyDrive/Audio_dataset/Malayalam/12769.mp3,5.005,-108.33,False,4.064,Malayalam,
/content/drive/MyDrive/Audio_dataset/Malayalam/11590.mp3,5.005,-97.81,False,4.845,Malayalam,
/content/drive/MyDrive/Audio_dataset/Malayalam/12330.mp3,4.981,-110.93,False,4.661,Malayalam,
/content/drive/MyDrive/Audio_dataset/Malayalam/12771.mp3,4.981,-99.3,False,4.981,Malayalam,
/content/drive/MyDrive/Audio_dataset/Malayalam/12603.mp3,5.005,-116.75,False,4.608,Malayalam,
/content/drive/MyDrive/Audio_dataset/Malayalam/12398.mp3,5.005,-108.64,False,5.005,Malayalam,
/content/drive/MyDrive/Audio_dataset/Malayalam/11406.mp3,5.005,-119.69,False,4.992,Malayalam,
/content/drive/MyDrive/Audio_dataset/Malayalam/11140.mp3,4.977,-103.09,False,4.977,Malayalam,
/content/drive/MyDrive/Audio_dataset/Malayalam/11368.mp3,4.981,-122.71,False,4.981,Malayalam,
/content/drive/MyDrive/Audio_dataset/Malayalam/11324.mp3,4.977,-138.83,False,4.465,Malayalam,
/content/drive/MyDrive/Audio_dataset/Malayalam/12835.mp3,4.981,-126.94,False,4.352,Malayalam,
/content/drive/MyDrive/Audio_dataset/Malayalam/12473.mp3,4.977,-107.08,False,4.977,Malayalam,
/content/drive/MyDrive/Audio_dataset/Malayalam/11671.mp3,4.981,-117.71,False,4.032,Malayalam,
/content/drive/MyDrive/Audio_dataset/Malayalam/12715.mp3,4.981,-105.24,False,4.981,Malayalam,
/content/drive/MyDrive/Audio_dataset/Malayalam/12516.mp3,4.977,-106.83,False,4.736,Malayalam,
/content/drive/MyDrive/Audio_dataset/Malayalam/11704.mp3,4.977,-115.54,False,4.832,Malayalam,
/content/drive/MyDrive/Audio_dataset/Malayalam/12182.mp3,4.977,-112.09,False,4.96,Malayalam,
/content/drive/MyDrive/Audio_dataset/Malayalam/11188.mp3,5.005,-106.39,False,4.576,Malayalam,
/content/drive/MyDrive/Audio_dataset/Malayalam/11341.mp3,5.005,-110.28,False,4.704,Malayalam,
/content/drive/MyDrive/Audio_dataset/Malayalam/11714.mp3,4.977,-108.67,False,4.209,Malayalam,
/content/drive/MyDrive/Audio_dataset/Malayalam/12916.mp3,5.005,-143.92,False,4.781,Malayalam,
/content/drive/MyDrive/Audio_dataset/Malayalam/11960.mp3,4.981,-107.88,False,4.981,Malayalam,
/content/drive/MyDrive/Audio_dataset/Malayalam/12098.mp3,4.977,-117.02,False,4.977,Malayalam,
/content/drive/MyDrive/Audio_dataset/Malayalam/12924.mp3,4.981,-115.74,False,4.949,Malayalam,
/content/drive/MyDrive/Audio_dataset/Malayalam/11473.mp3,5.005,-116.07,False,4.832,Malayalam,
/content/drive/MyDrive/Audio_dataset/Malayalam/11681.mp3,4.981,-145.9,False,4.981,Malayalam,
/content/drive/MyDrive/Audio_dataset/Malayalam/12247.mp3,5.005,-121.65,False,4.128,Malayalam,
/content/drive/MyDrive/Audio_dataset/Malayalam/11463.mp3,4.981,-119.21,False,4.704,Malayalam,
/content/drive/MyDrive/Audio_dataset/Malayalam/11907.mp3,4.981,-135.14,False,4.981,Malayalam,
/content/drive/MyDrive/Audio_dataset/Malayalam/11044.mp3,5.005,-109.68,False,3.84,Malayalam,
/content/drive/MyDrive/Audio_dataset/Malayalam/11452.mp3,4.981,-105.82,False,4.512,Malayalam,
/content/drive/MyDrive/Audio_dataset/Malayalam/12436.mp3,5.005,-113.74,False,5.005,Malayalam,
/content/drive/MyDrive/Audio_dataset/Malayalam/11161.mp3,4.981,-102.56,False,4.917,Malayalam,
/content/drive/MyDrive/Audio_dataset/Malayalam/11083.mp3,5.005,-123.71,False,5.005,Malayalam,
/content/drive/MyDrive/Audio_dataset/Malayalam/11969.mp3,4.981,-115.46,False,4.981,Malayalam,
/content/drive/MyDrive/Audio_dataset/Malayalam/12727.mp3,5.005,-127.23,False,4.269,Malayalam,
/content/drive/MyDrive/Audio_dataset/Malayalam/11288.mp3,4.981,-106.49,False,4.981,Malayalam,
/content/drive/MyDrive/Audio_dataset/Malayalam/11804.mp3,5.005,-111.18,False,4.0,Malayalam,
/content/drive/MyDrive/Audio_dataset/Malayalam/11627.mp3,5.005,-109.94,False,3.885,Malayalam,
/content/drive/MyDrive/Audio_dataset/Malayalam/12799.mp3,5.004,-123.42,False,4.876,Malayalam,
/content/drive/MyDrive/Audio_dataset/Malayalam/12166.mp3,5.004,-128.35,False,4.544,Malayalam,
/content/drive/MyDrive/Audio_dataset/Malayalam/12928.mp3,5.004,-70.0,False,4.972,Malayalam,
/content/drive/MyDrive/Audio_dataset/Malayalam/12536.mp3,4.981,-114.62,False,4.789,Malayalam,
/content/drive/MyDrive/Audio_dataset/Malayalam/11930.mp3,4.981,-107.35,False,4.512,Malayalam,
/content/drive/MyDrive/Audio_dataset/Malayalam/12349.mp3,4.981,-152.34,False,4.981,Malayalam,
/content/drive/MyDrive/Audio_dataset/Malayalam/12390.mp3,4.977,-120.93,False,4.928,Malayalam,
/content/drive/MyDrive/Audio_dataset/Malayalam/11071.mp3,4.981,-106.39,False,4.981,Malayalam,
/content/drive/MyDrive/Audio_dataset/Malayalam/12492.mp3,5.004,-133.69,False,4.94,Malayalam,
/content/drive/MyDrive/Audio_dataset/Malayalam/12558.mp3,5.005,-114.21,False,4.992,Malayalam,
/content/drive/MyDrive/Audio_dataset/Malayalam/11779.mp3,4.981,-116.75,False,4.96,Malayalam,
/content/drive/MyDrive/Audio_dataset/Malayalam/12551.mp3,4.981,-106.54,False,4.885,Malayalam,
/content/drive/MyDrive/Audio_dataset/Malayalam/11381.mp3,5.005,-110.93,False,4.973,Malayalam,
/content/drive/MyDrive/Audio_dataset/Malayalam/12647.mp3,5.005,-105.76,False,5.005,Malayalam,
/content/drive/MyDrive/Audio_dataset/Malayalam/12907.mp3,4.981,-96.37,False,4.693,Malayalam,
/content/drive/MyDrive/Audio_dataset/Malayalam/12040.mp3,5.005,-106.5,False,5.005,Malayalam,
/content/drive/MyDrive/Audio_dataset/Malayalam/12710.mp3,5.005,-106.68,False,4.877,Malayalam,
/content/drive/MyDrive/Audio_dataset/Malayalam/12470.mp3,5.005,-101.06,False,4.736,Malayalam,
/content/drive/MyDrive/Audio_dataset/Malayalam/12637.mp3,4.981,-107.8,False,3.797,Malayalam,
/content/drive/MyDrive/Audio_dataset/Malayalam/12393.mp3,4.977,-115.9,False,4.913,Malayalam,
/content/drive/MyDrive/Audio_dataset/Malayalam/11203.mp3,5.005,-150.21,False,4.493,Malayalam,
/content/drive/MyDrive/Audio_dataset/Malayalam/11579.mp3,5.004,-108.76,False,4.8,Malayalam,
/content/drive/MyDrive/Audio_dataset/Malayalam/11428.mp3,5.005,-114.72,False,5.005,Malayalam,
/content/drive/MyDrive/Audio_dataset/Malayalam/11474.mp3,5.004,-112.59,False,4.876,Malayalam,
/content/drive/MyDrive/Audio_dataset/Malayalam/12656.mp3,5.004,-133.94,False,5.004,Malayalam,
/content/drive/MyDrive/Audio_dataset/Malayalam/12204.mp3,4.981,-125.17,False,4.981,Malayalam,
/content/drive/MyDrive/Audio_dataset/Malayalam/12482.mp3,5.005,-112.93,False,3.392,Malayalam,
/content/drive/MyDrive/Audio_dataset/Malayalam/13945.mp3,4.981,-115.13,False,4.821,Malayalam,
/content/drive/MyDrive/Audio_dataset/Malayalam/13843.mp3,4.981,-110.61,False,4.672,Malayalam,
/content/drive/MyDrive/Audio_dataset/Malayalam/13440.mp3,5.005,-135.53,False,4.269,Malayalam,
/content/drive/MyDrive/Audio_dataset/Malayalam/14740.mp3,4.981,-109.88,False,4.981,Malayalam,
/content/drive/MyDrive/Audio_dataset/Malayalam/15009.mp3,5.005,-110.97,False,4.077,Malayalam,
/content/drive/MyDrive/Audio_dataset/Malayalam/13806.mp3,4.977,-123.55,False,4.48,Malayalam,
/content/drive/MyDrive/Audio_dataset/Malayalam/14084.mp3,4.981,-103.6,False,4.981,Malayalam,
/content/drive/MyDrive/Audio_dataset/Malayalam/14063.mp3,5.005,-114.66,False,4.928,Malayalam,
/content/drive/MyDrive/Audio_dataset/Malayalam/14635.mp3,4.981,-133.34,False,4.981,Malayalam,
/content/drive/MyDrive/Audio_dataset/Malayalam/15299.mp3,5.004,-115.93,False,4.736,Malayalam,
/content/drive/MyDrive/Audio_dataset/Malayalam/13539.mp3,5.005,-125.15,False,4.864,Malayalam,
/content/drive/MyDrive/Audio_dataset/Malayalam/14145.mp3,4.981,-108.19,False,3.936,Malayalam,
/content/drive/MyDrive/Audio_dataset/Malayalam/14313.mp3,5.005,-123.99,False,4.928,Malayalam,
/content/drive/MyDrive/Audio_dataset/Malayalam/13344.mp3,5.005,-122.11,False,4.448,Malayalam,
/content/drive/MyDrive/Audio_dataset/Malayalam/13642.mp3,4.981,-120.36,False,3.232,Malayalam,
/content/drive/MyDrive/Audio_dataset/Malayalam/14534.mp3,4.981,-104.46,False,4.949,Malayalam,
/content/drive/MyDrive/Audio_dataset/Malayalam/14299.mp3,5.005,-120.48,False,4.781,Malayalam,
/content/drive/MyDrive/Audio_dataset/Malayalam/14999.mp3,4.981,-108.65,False,4.981,Malayalam,
/content/drive/MyDrive/Audio_dataset/Malayalam/14552.mp3,4.981,-115.16,False,4.981,Malayalam,
/content/drive/MyDrive/Audio_dataset/Malayalam/14448.mp3,4.981,-115.6,False,4.885,Malayalam,
/content/drive/MyDrive/Audio_dataset/Malayalam/14285.mp3,4.977,-129.8,False,4.608,Malayalam,
/content/drive/MyDrive/Audio_dataset/Malayalam/13463.mp3,5.005,-148.33,False,4.928,Malayalam,
/content/drive/MyDrive/Audio_dataset/Malayalam/15212.mp3,5.005,-110.44,False,5.005,Malayalam,
/content/drive/MyDrive/Audio_dataset/Malayalam/14944.mp3,4.977,-119.69,False,4.913,Malayalam,
/content/drive/MyDrive/Audio_dataset/Malayalam/14821.mp3,5.004,-118.53,False,4.704,Malayalam,
/content/drive/MyDrive/Audio_dataset/Malayalam/13126.mp3,4.981,-127.65,False,4.608,Malayalam,
/content/drive/MyDrive/Audio_dataset/Malayalam/14704.mp3,4.981,-110.03,False,4.981,Malayalam,
/content/drive/MyDrive/Audio_dataset/Malayalam/13141.mp3,5.005,-120.16,False,3.776,Malayalam,
/content/drive/MyDrive/Audio_dataset/Malayalam/14064.mp3,4.981,-117.66,False,4.981,Malayalam,
/content/drive/MyDrive/Audio_dataset/Malayalam/14049.mp3,4.981,-118.92,False,4.981,Malayalam,
/content/drive/MyDrive/Audio_dataset/Malayalam/14160.mp3,5.005,-117.18,False,4.512,Malayalam,
/content/drive/MyDrive/Audio_dataset/Malayalam/13615.mp3,4.981,-112.09,False,3.712,Malayalam,
/content/drive/MyDrive/Audio_dataset/Malayalam/14603.mp3,5.005,-103.32,False,4.877,Malayalam,
/content/drive/MyDrive/Audio_dataset/Malayalam/13587.mp3,4.981,-113.72,False,4.981,Malayalam,
/content/drive/MyDrive/Audio_dataset/Malayalam/14783.mp3,4.981,-110.98,False,4.16,Malayalam,
/content/drive/MyDrive/Audio_dataset/Malayalam/14332.mp3,4.981,-103.47,False,4.757,Malayalam,
/content/drive/MyDrive/Audio_dataset/Malayalam/13788.mp3,5.005,-114.54,False,4.48,Malayalam,
/content/drive/MyDrive/Audio_dataset/Malayalam/14017.mp3,5.005,-111.86,False,4.557,Malayalam,
/content/drive/MyDrive/Audio_dataset/Malayalam/14030.mp3,4.981,-123.48,False,3.488,Malayalam,
/content/drive/MyDrive/Audio_dataset/Malayalam/12959.mp3,5.005,-101.66,False,3.744,Malayalam,
/content/drive/MyDrive/Audio_dataset/Malayalam/14773.mp3,4.981,-97.52,False,4.277,Malayalam,
/content/drive/MyDrive/Audio_dataset/Malayalam/13703.mp3,4.981,-117.09,False,4.981,Malayalam,
/content/drive/MyDrive/Audio_dataset/Malayalam/13107.mp3,4.981,-114.53,False,4.757,Malayalam,
/content/drive/MyDrive/Audio_dataset/Malayalam/13738.mp3,5.005,-114.8,False,5.005,Malayalam,
/content/drive/MyDrive/Audio_dataset/Malayalam/13132.mp3,4.981,-114.16,False,3.648,Malayalam,
/content/drive/MyDrive/Audio_dataset/Malayalam/13802.mp3,4.981,-110.55,False,4.864,Malayalam,
/content/drive/MyDrive/Audio_dataset/Malayalam/15249.mp3,4.981,-105.15,False,4.981,Malayalam,
/content/drive/MyDrive/Audio_dataset/Malayalam/13310.mp3,5.004,-111.47,False,4.384,Malayalam,
/content/drive/MyDrive/Audio_dataset/Malayalam/13082.mp3,3.881,-127.95,False,3.648,Malayalam,
/content/drive/MyDrive/Audio_dataset/Malayalam/14650.mp3,4.981,-126.46,False,4.672,Malayalam,
/content/drive/MyDrive/Audio_dataset/Malayalam/14984.mp3,4.981,-113.19,False,4.789,Malayalam,
/content/drive/MyDrive/Audio_dataset/Malayalam/13711.mp3,4.981,-107.0,False,4.949,Malayalam,
/content/drive/MyDrive/Audio_dataset/Malayalam/12941.mp3,4.981,-150.81,False,4.384,Malayalam,
/content/drive/MyDrive/Audio_dataset/Malayalam/13460.mp3,4.981,-132.42,False,4.768,Malayalam,
/content/drive/MyDrive/Audio_dataset/Malayalam/14630.mp3,5.005,-110.46,False,4.685,Malayalam,
/content/drive/MyDrive/Audio_dataset/Malayalam/14171.mp3,4.981,-114.2,False,4.981,Malayalam,
/content/drive/MyDrive/Audio_dataset/Malayalam/14606.mp3,4.981,-117.79,False,4.981,Malayalam,
/content/drive/MyDrive/Audio_dataset/Malayalam/14810.mp3,5.004,-100.23,False,4.972,Malayalam,
/content/drive/MyDrive/Audio_dataset/Malayalam/14661.mp3,5.004,-94.81,False,5.004,Malayalam,
/content/drive/MyDrive/Audio_dataset/Malayalam/14334.mp3,4.981,-104.94,False,4.981,Malayalam,
/content/drive/MyDrive/Audio_dataset/Malayalam/13409.mp3,4.977,-142.27,False,4.384,Malayalam,
/content/drive/MyDrive/Audio_dataset/Malayalam/13906.mp3,4.981,-119.89,False,4.149,Malayalam,
/content/drive/MyDrive/Audio_dataset/Malayalam/13985.mp3,4.981,-110.82,False,4.8,Malayalam,
/content/drive/MyDrive/Audio_dataset/Malayalam/12971.mp3,5.005,-105.89,False,4.064,Malayalam,
/content/drive/MyDrive/Audio_dataset/Malayalam/14703.mp3,5.005,-107.29,False,5.005,Malayalam,
/content/drive/MyDrive/Audio_dataset/Malayalam/13783.mp3,4.977,-123.87,False,4.945,Malayalam,
/content/drive/MyDrive/Audio_dataset/Malayalam/14051.mp3,4.981,-114.37,False,4.416,Malayalam,
/content/drive/MyDrive/Audio_dataset/Malayalam/12994.mp3,5.005,-117.32,False,4.96,Malayalam,
/content/drive/MyDrive/Audio_dataset/Malayalam/13543.mp3,5.004,-114.48,False,4.908,Malayalam,
/content/drive/MyDrive/Audio_dataset/Malayalam/13487.mp3,4.981,-105.78,False,4.949,Malayalam,
/content/drive/MyDrive/Audio_dataset/Malayalam/13057.mp3,4.981,-104.41,False,4.981,Malayalam,
/content/drive/MyDrive/Audio_dataset/Malayalam/12938.mp3,5.005,-125.79,False,4.653,Malayalam,
/content/drive/MyDrive/Audio_dataset/Malayalam/12977.mp3,4.981,-106.32,False,4.021,Malayalam,
/content/drive/MyDrive/Audio_dataset/Malayalam/12965.mp3,4.981,-112.55,False,4.096,Malayalam,
/content/drive/MyDrive/Audio_dataset/Malayalam/13163.mp3,4.981,-101.1,False,4.981,Malayalam,
/content/drive/MyDrive/Audio_dataset/Malayalam/15158.mp3,4.981,-76.92,False,4.981,Malayalam,
/content/drive/MyDrive/Audio_dataset/Malayalam/15027.mp3,5.004,-121.01,False,5.004,Malayalam,
/content/drive/MyDrive/Audio_dataset/Malayalam/13178.mp3,4.981,-110.28,False,4.704,Malayalam,
/content/drive/MyDrive/Audio_dataset/Malayalam/14903.mp3,4.977,-103.02,False,4.977,Malayalam,
/content/drive/MyDrive/Audio_dataset/Malayalam/14580.mp3,4.977,-112.17,False,4.384,Malayalam,
/content/drive/MyDrive/Audio_dataset/Malayalam/14477.mp3,5.004,-128.65,False,4.62,Malayalam,
/content/drive/MyDrive/Audio_dataset/Malayalam/13361.mp3,4.977,-111.57,False,4.945,Malayalam,
/content/drive/MyDrive/Audio_dataset/Malayalam/13934.mp3,5.005,-138.21,False,4.832,Malayalam,
/content/drive/MyDrive/Audio_dataset/Malayalam/14390.mp3,4.981,-120.91,False,4.981,Malayalam,
/content/drive/MyDrive/Audio_dataset/Malayalam/15183.mp3,4.981,-134.36,False,4.981,Malayalam,
/content/drive/MyDrive/Audio_dataset/Malayalam/15209.mp3,5.005,-122.6,False,3.968,Malayalam,
/content/drive/MyDrive/Audio_dataset/Malayalam/15001.mp3,5.005,-109.44,False,3.648,Malayalam,
/content/drive/MyDrive/Audio_dataset/Malayalam/13675.mp3,5.004,-107.55,False,4.864,Malayalam,
/content/drive/MyDrive/Audio_dataset/Malayalam/14177.mp3,5.005,-117.27,False,4.832,Malayalam,
/content/drive/MyDrive/Audio_dataset/Malayalam/13306.mp3,4.981,-116.03,False,4.981,Malayalam,
/content/drive/MyDrive/Audio_dataset/Malayalam/13726.mp3,4.981,-116.74,False,4.917,Malayalam,
/content/drive/MyDrive/Audio_dataset/Malayalam/13787.mp3,5.005,-110.32,False,4.512,Malayalam,
/content/drive/MyDrive/Audio_dataset/Malayalam/13742.mp3,4.981,-98.73,False,4.981,Malayalam,
/content/drive/MyDrive/Audio_dataset/Malayalam/14053.mp3,5.005,-107.43,False,4.973,Malayalam,
/content/drive/MyDrive/Audio_dataset/Malayalam/15915.mp3,4.981,-126.19,False,4.864,Malayalam,
/content/drive/MyDrive/Audio_dataset/Malayalam/16609.mp3,4.981,-123.99,False,4.949,Malayalam,
/content/drive/MyDrive/Audio_dataset/Malayalam/15720.mp3,5.005,-109.22,False,4.397,Malayalam,
/content/drive/MyDrive/Audio_dataset/Malayalam/15963.mp3,4.981,-123.45,False,4.981,Malayalam,
/content/drive/MyDrive/Audio_dataset/Malayalam/16010.mp3,4.981,-117.13,False,4.821,Malayalam,
/content/drive/MyDrive/Audio_dataset/Malayalam/16936.mp3,4.981,-123.07,False,4.704,Malayalam,
/content/drive/MyDrive/Audio_dataset/Malayalam/17144.mp3,5.005,-112.18,False,4.749,Malayalam,
/content/drive/MyDrive/Audio_dataset/Malayalam/15589.mp3,5.005,-108.81,False,4.173,Malayalam,
/content/drive/MyDrive/Audio_dataset/Malayalam/16999.mp3,5.005,-97.69,False,5.005,Malayalam,
/content/drive/MyDrive/Audio_dataset/Malayalam/16065.mp3,4.981,-107.18,False,4.725,Malayalam,
/content/drive/MyDrive/Audio_dataset/Malayalam/16543.mp3,4.981,-126.26,False,4.821,Malayalam,
/content/drive/MyDrive/Audio_dataset/Malayalam/15428.mp3,4.981,-155.5,False,4.288,Malayalam,
/content/drive/MyDrive/Audio_dataset/Malayalam/15981.mp3,4.981,-114.58,False,4.608,Malayalam,
/content/drive/MyDrive/Audio_dataset/Malayalam/17011.mp3,4.981,-88.38,False,4.917,Malayalam,
/content/drive/MyDrive/Audio_dataset/Malayalam/16081.mp3,5.004,-106.23,False,4.928,Malayalam,
/content/drive/MyDrive/Audio_dataset/Malayalam/17033.mp3,4.977,-100.46,False,4.849,Malayalam,
/content/drive/MyDrive/Audio_dataset/Malayalam/15481.mp3,5.005,-111.23,False,4.525,Malayalam,
/content/drive/MyDrive/Audio_dataset/Malayalam/15742.mp3,4.981,-109.1,False,4.981,Malayalam,
/content/drive/MyDrive/Audio_dataset/Malayalam/16532.mp3,4.981,-107.69,False,4.576,Malayalam,
/content/drive/MyDrive/Audio_dataset/Malayalam/15653.mp3,4.981,-109.62,False,4.981,Malayalam,
/content/drive/MyDrive/Audio_dataset/Malayalam/15639.mp3,4.977,-121.59,False,4.8,Malayalam,
/content/drive/MyDrive/Audio_dataset/Malayalam/16467.mp3,4.981,-112.43,False,4.981,Malayalam,
/content/drive/MyDrive/Audio_dataset/Malayalam/16765.mp3,4.977,-104.86,False,4.369,Malayalam,
/content/drive/MyDrive/Audio_dataset/Malayalam/15317.mp3,5.005,-137.91,False,4.141,Malayalam,
/content/drive/MyDrive/Audio_dataset/Malayalam/16571.mp3,4.977,-98.11,False,4.913,Malayalam,
/content/drive/MyDrive/Audio_dataset/Malayalam/17146.mp3,4.981,-116.78,False,4.341,Malayalam,
/content/drive/MyDrive/Audio_dataset/Malayalam/16131.mp3,5.005,-110.04,False,4.672,Malayalam,
/content/drive/MyDrive/Audio_dataset/Malayalam/15771.mp3,4.981,-100.92,False,3.381,Malayalam,
/content/drive/MyDrive/Audio_dataset/Malayalam/17118.mp3,5.005,-100.58,False,5.005,Malayalam,
/content/drive/MyDrive/Audio_dataset/Malayalam/16308.mp3,4.981,-115.21,False,4.981,Malayalam,
/content/drive/MyDrive/Audio_dataset/Malayalam/16097.mp3,4.981,-83.61,False,4.949,Malayalam,
/content/drive/MyDrive/Audio_dataset/Malayalam/15804.mp3,4.981,-101.99,False,4.864,Malayalam,
/content/drive/MyDrive/Audio_dataset/Malayalam/16336.mp3,5.005,-100.34,False,5.005,Malayalam,
/content/drive/MyDrive/Audio_dataset/Malayalam/16819.mp3,4.981,-112.33,False,4.597,Malayalam,
/content/drive/MyDrive/Audio_dataset/Malayalam/15337.mp3,4.977,-103.53,False,4.977,Malayalam,
/content/drive/MyDrive/Audio_dataset/Malayalam/16104.mp3,4.981,-130.02,False,4.981,Malayalam,
/content/drive/MyDrive/Audio_dataset/Malayalam/15345.mp3,4.981,-104.96,False,4.981,Malayalam,
/content/drive/MyDrive/Audio_dataset/Malayalam/16975.mp3,5.005,-95.45,False,5.005,Malayalam,
/content/drive/MyDrive/Audio_dataset/Malayalam/16805.mp3,4.981,-101.45,False,4.981,Malayalam,
/content/drive/MyDrive/Audio_dataset/Malayalam/15469.mp3,4.981,-110.15,False,4.693,Malayalam,
/content/drive/MyDrive/Audio_dataset/Malayalam/15411.mp3,4.981,-138.17,False,4.096,Malayalam,
/content/drive/MyDrive/Audio_dataset/Malayalam/17207.mp3,4.981,-118.74,False,2.784,Malayalam,
/content/drive/MyDrive/Audio_dataset/Malayalam/16432.mp3,4.981,-114.26,False,4.981,Malayalam,
/content/drive/MyDrive/Audio_dataset/Malayalam/16957.mp3,4.977,-109.91,False,4.64,Malayalam,
/content/drive/MyDrive/Audio_dataset/Malayalam/15899.mp3,4.981,-152.68,False,3.808,Malayalam,
/content/drive/MyDrive/Audio_dataset/Malayalam/17114.mp3,5.005,-102.72,False,4.832,Malayalam,
/content/drive/MyDrive/Audio_dataset/Malayalam/16564.mp3,4.981,-111.44,False,4.544,Malayalam,
/content/drive/MyDrive/Audio_dataset/Malayalam/15828.mp3,4.981,-105.66,False,4.917,Malayalam,
/content/drive/MyDrive/Audio_dataset/Malayalam/15904.mp3,4.981,-115.61,False,4.8,Malayalam,
/content/drive/MyDrive/Audio_dataset/Malayalam/16092.mp3,4.981,-100.33,False,4.949,Malayalam,
/content/drive/MyDrive/Audio_dataset/Malayalam/17120.mp3,5.005,-99.69,False,5.005,Malayalam,
/content/drive/MyDrive/Audio_dataset/Malayalam/15420.mp3,4.977,-66.79,False,4.977,Malayalam,
/content/drive/MyDrive/Audio_dataset/Malayalam/15587.mp3,5.005,-117.3,False,4.653,Malayalam,
/content/drive/MyDrive/Audio_dataset/Malayalam/16742.mp3,5.005,-105.44,False,4.992,Malayalam,
/content/drive/MyDrive/Audio_dataset/Malayalam/17022.mp3,5.005,-112.53,False,4.896,Malayalam,
/content/drive/MyDrive/Audio_dataset/Malayalam/15642.mp3,4.981,-109.23,False,4.917,Malayalam,
/content/drive/MyDrive/Audio_dataset/Malayalam/17078.mp3,4.981,-105.7,False,4.981,Malayalam,
/content/drive/MyDrive/Audio_dataset/Malayalam/16238.mp3,5.005,-80.26,False,4.973,Malayalam,
/content/drive/MyDrive/Audio_dataset/Malayalam/16254.mp3,4.981,-126.87,False,4.981,Malayalam,
/content/drive/MyDrive/Audio_dataset/Malayalam/16812.mp3,4.977,-105.88,False,4.977,Malayalam,
/content/drive/MyDrive/Audio_dataset/Malayalam/16160.mp3,4.981,-111.09,False,4.576,Malayalam,
/content/drive/MyDrive/Audio_dataset/Malayalam/16864.mp3,4.981,-109.43,False,4.981,Malayalam,
/content/drive/MyDrive/Audio_dataset/Malayalam/16246.mp3,5.004,-121.65,False,5.004,Malayalam,
/content/drive/MyDrive/Audio_dataset/Malayalam/17211.mp3,4.981,-96.19,False,4.981,Malayalam,
/content/drive/MyDrive/Audio_dataset/Malayalam/16978.mp3,5.005,-118.43,False,4.544,Malayalam,
/content/drive/MyDrive/Audio_dataset/Malayalam/16256.mp3,4.981,-103.66,False,4.981,Malayalam,
/content/drive/MyDrive/Audio_dataset/Malayalam/15726.mp3,4.981,-119.14,False,4.981,Malayalam,
/content/drive/MyDrive/Audio_dataset/Malayalam/16290.mp3,4.981,-127.18,False,3.968,Malayalam,
/content/drive/MyDrive/Audio_dataset/Malayalam/17119.mp3,4.981,-119.68,False,4.085,Malayalam,
/content/drive/MyDrive/Audio_dataset/Malayalam/15854.mp3,4.977,-127.67,False,4.817,Malayalam,
/content/drive/MyDrive/Audio_dataset/Malayalam/15737.mp3,4.981,-130.44,False,4.0,Malayalam,
/content/drive/MyDrive/Audio_dataset/Malayalam/15378.mp3,4.981,-116.8,False,3.52,Malayalam,
/content/drive/MyDrive/Audio_dataset/Malayalam/15712.mp3,5.005,-110.02,False,4.192,Malayalam,
/content/drive/MyDrive/Audio_dataset/Malayalam/16329.mp3,4.981,-122.47,False,3.328,Malayalam,
/content/drive/MyDrive/Audio_dataset/Malayalam/15555.mp3,4.981,-111.24,False,4.981,Malayalam,
/content/drive/MyDrive/Audio_dataset/Malayalam/16944.mp3,5.005,-110.65,False,5.005,Malayalam,
/content/drive/MyDrive/Audio_dataset/Malayalam/16990.mp3,4.981,-127.49,False,4.576,Malayalam,
/content/drive/MyDrive/Audio_dataset/Malayalam/15934.mp3,5.005,-110.62,False,4.96,Malayalam,
/content/drive/MyDrive/Audio_dataset/Malayalam/15714.mp3,4.981,-110.15,False,3.904,Malayalam,
/content/drive/MyDrive/Audio_dataset/Malayalam/15817.mp3,4.981,-103.53,False,4.917,Malayalam,
/content/drive/MyDrive/Audio_dataset/Malayalam/15997.mp3,5.005,-97.75,False,5.005,Malayalam,
/content/drive/MyDrive/Audio_dataset/Malayalam/15441.mp3,4.981,-106.33,False,4.981,Malayalam,
/content/drive/MyDrive/Audio_dataset/Malayalam/15516.mp3,4.981,-110.33,False,4.981,Malayalam,
/content/drive/MyDrive/Audio_dataset/Malayalam/16167.mp3,4.981,-108.95,False,4.672,Malayalam,
/content/drive/MyDrive/Audio_dataset/Malayalam/15681.mp3,4.977,-114.83,False,4.529,Malayalam,
/content/drive/MyDrive/Audio_dataset/Malayalam/15592.mp3,4.981,-115.81,False,4.757,Malayalam,
/content/drive/MyDrive/Audio_dataset/Malayalam/16320.mp3,4.981,-106.68,False,4.053,Malayalam,
/content/drive/MyDrive/Audio_dataset/Malayalam/16913.mp3,5.005,-117.74,False,5.005,Malayalam,
/content/drive/MyDrive/Audio_dataset/Malayalam/15385.mp3,5.004,-114.64,False,5.004,Malayalam,
/content/drive/MyDrive/Audio_dataset/Malayalam/16027.mp3,4.981,-114.83,False,3.936,Malayalam,
/content/drive/MyDrive/Audio_dataset/Malayalam/17198.mp3,4.977,-113.31,False,4.977,Malayalam,
/content/drive/MyDrive/Audio_dataset/Malayalam/17403.mp3,4.977,-107.16,False,4.625,Malayalam,
/content/drive/MyDrive/Audio_dataset/Malayalam/18471.mp3,4.981,-121.41,False,4.981,Malayalam,
/content/drive/MyDrive/Audio_dataset/Malayalam/1859.mp3,4.977,-107.84,False,4.977,Malayalam,
/content/drive/MyDrive/Audio_dataset/Malayalam/19240.mp3,4.981,-129.35,False,4.981,Malayalam,
/content/drive/MyDrive/Audio_dataset/Malayalam/18281.mp3,4.981,-113.1,False,4.981,Malayalam,
/content/drive/MyDrive/Audio_dataset/Malayalam/18222.mp3,5.004,-107.67,False,4.928,Malayalam,
/content/drive/MyDrive/Audio_dataset/Malayalam/18519.mp3,4.977,-119.85,False,4.945,Malayalam,
/content/drive/MyDrive/Audio_dataset/Malayalam/18933.mp3,4.977,-151.47,False,4.96,Malayalam,
/content/drive/MyDrive/Audio_dataset/Malayalam/19009.mp3,4.981,-113.34,False,4.981,Malayalam,
/content/drive/MyDrive/Audio_dataset/Malayalam/17577.mp3,4.981,-117.63,False,4.981,Malayalam,
/content/drive/MyDrive/Audio_dataset/Malayalam/17333.mp3,4.981,-106.17,False,3.616,Malayalam,
/content/drive/MyDrive/Audio_dataset/Malayalam/1796.mp3,5.005,-112.15,False,4.877,Malayalam,
/content/drive/MyDrive/Audio_dataset/Malayalam/19210.mp3,4.981,-120.98,False,3.488,Malayalam,
/content/drive/MyDrive/Audio_dataset/Malayalam/18991.mp3,5.005,-112.4,False,4.96,Malayalam,
/content/drive/MyDrive/Audio_dataset/Malayalam/18737.mp3,5.005,-111.97,False,4.96,Malayalam,
/content/drive/MyDrive/Audio_dataset/Malayalam/1825.mp3,5.005,-116.97,False,4.512,Malayalam,
/content/drive/MyDrive/Audio_dataset/Malayalam/1749.mp3,4.977,-103.28,False,4.977,Malayalam,
/content/drive/MyDrive/Audio_dataset/Malayalam/18558.mp3,5.005,-100.69,False,4.269,Malayalam,
/content/drive/MyDrive/Audio_dataset/Malayalam/17873.mp3,4.977,-117.13,False,4.977,Malayalam,
/content/drive/MyDrive/Audio_dataset/Malayalam/17308.mp3,4.981,-81.2,False,4.608,Malayalam,
/content/drive/MyDrive/Audio_dataset/Malayalam/18863.mp3,5.005,-109.57,False,4.256,Malayalam,
/content/drive/MyDrive/Audio_dataset/Malayalam/17705.mp3,4.977,-107.76,False,4.369,Malayalam,
/content/drive/MyDrive/Audio_dataset/Malayalam/17675.mp3,4.981,-121.97,False,4.8,Malayalam,
/content/drive/MyDrive/Audio_dataset/Malayalam/1948.mp3,4.981,-109.99,False,4.981,Malayalam,
/content/drive/MyDrive/Audio_dataset/Malayalam/1751.mp3,4.981,-109.5,False,4.288,Malayalam,
/content/drive/MyDrive/Audio_dataset/Malayalam/17893.mp3,5.005,-114.89,False,4.704,Malayalam,
/content/drive/MyDrive/Audio_dataset/Malayalam/17540.mp3,4.981,-107.08,False,4.576,Malayalam,
/content/drive/MyDrive/Audio_dataset/Malayalam/17607.mp3,4.981,-117.73,False,3.957,Malayalam,
/content/drive/MyDrive/Audio_dataset/Malayalam/19082.mp3,4.981,-113.25,False,4.917,Malayalam,
/content/drive/MyDrive/Audio_dataset/Malayalam/19051.mp3,5.004,-105.8,False,5.004,Malayalam,
/content/drive/MyDrive/Audio_dataset/Malayalam/18208.mp3,4.981,-110.93,False,4.565,Malayalam,
/content/drive/MyDrive/Audio_dataset/Malayalam/17849.mp3,5.005,-114.9,False,4.973,Malayalam,
/content/drive/MyDrive/Audio_dataset/Malayalam/18326.mp3,5.004,-114.35,False,4.588,Malayalam,
/content/drive/MyDrive/Audio_dataset/Malayalam/18073.mp3,4.977,-110.37,False,4.945,Malayalam,
/content/drive/MyDrive/Audio_dataset/Malayalam/19213.mp3,5.005,-118.37,False,3.968,Malayalam,
/content/drive/MyDrive/Audio_dataset/Malayalam/18458.mp3,5.005,-113.34,False,5.005,Malayalam,
/content/drive/MyDrive/Audio_dataset/Malayalam/17655.mp3,5.005,-116.71,False,4.013,Malayalam,
/content/drive/MyDrive/Audio_dataset/Malayalam/18304.mp3,5.005,-140.14,False,5.005,Malayalam,
/content/drive/MyDrive/Audio_dataset/Malayalam/18747.mp3,5.005,-106.34,False,5.005,Malayalam,
/content/drive/MyDrive/Audio_dataset/Malayalam/18388.mp3,5.005,-128.9,False,3.904,Malayalam,
/content/drive/MyDrive/Audio_dataset/Malayalam/18312.mp3,4.981,-122.72,False,4.576,Malayalam,
/content/drive/MyDrive/Audio_dataset/Malayalam/18947.mp3,5.005,-111.77,False,4.96,Malayalam,
/content/drive/MyDrive/Audio_dataset/Malayalam/18895.mp3,5.005,-101.08,False,4.928,Malayalam,
/content/drive/MyDrive/Audio_dataset/Malayalam/18068.mp3,4.981,-120.98,False,4.981,Malayalam,
/content/drive/MyDrive/Audio_dataset/Malayalam/17862.mp3,5.005,-117.72,False,5.005,Malayalam,
/content/drive/MyDrive/Audio_dataset/Malayalam/19453.mp3,4.981,-109.52,False,4.917,Malayalam,
/content/drive/MyDrive/Audio_dataset/Malayalam/1880.mp3,5.005,-108.71,False,4.141,Malayalam,
/content/drive/MyDrive/Audio_dataset/Malayalam/18750.mp3,4.981,-128.27,False,4.981,Malayalam,
/content/drive/MyDrive/Audio_dataset/Malayalam/18290.mp3,5.005,-119.56,False,4.877,Malayalam,
/content/drive/MyDrive/Audio_dataset/Malayalam/17484.mp3,4.981,-119.39,False,4.16,Malayalam,
/content/drive/MyDrive/Audio_dataset/Malayalam/19177.mp3,5.004,-104.39,False,4.876,Malayalam,
/content/drive/MyDrive/Audio_dataset/Malayalam/17477.mp3,4.977,-102.72,False,4.96,Malayalam,
/content/drive/MyDrive/Audio_dataset/Malayalam/18686.mp3,4.981,-116.75,False,4.981,Malayalam,
/content/drive/MyDrive/Audio_dataset/Malayalam/19282.mp3,5.005,-110.38,False,4.928,Malayalam,
/content/drive/MyDrive/Audio_dataset/Malayalam/17728.mp3,4.977,-103.21,False,4.753,Malayalam,
/content/drive/MyDrive/Audio_dataset/Malayalam/17932.mp3,5.005,-102.22,False,5.005,Malayalam,
/content/drive/MyDrive/Audio_dataset/Malayalam/19324.mp3,4.981,-108.54,False,4.672,Malayalam,
/content/drive/MyDrive/Audio_dataset/Malayalam/17443.mp3,4.981,-112.65,False,4.981,Malayalam,
/content/drive/MyDrive/Audio_dataset/Malayalam/17474.mp3,5.005,-113.28,False,4.768,Malayalam,
/content/drive/MyDrive/Audio_dataset/Malayalam/18584.mp3,4.981,-105.94,False,4.448,Malayalam,
/content/drive/MyDrive/Audio_dataset/Malayalam/18223.mp3,4.981,-124.2,False,4.864,Malayalam,
/content/drive/MyDrive/Audio_dataset/Malayalam/18515.mp3,4.981,-111.37,False,4.725,Malayalam,
/content/drive/MyDrive/Audio_dataset/Malayalam/19318.mp3,4.981,-116.5,False,4.949,Malayalam,
/content/drive/MyDrive/Audio_dataset/Malayalam/18638.mp3,4.977,-103.0,False,4.977,Malayalam,
/content/drive/MyDrive/Audio_dataset/Malayalam/17800.mp3,5.005,-105.42,False,4.109,Malayalam,
/content/drive/MyDrive/Audio_dataset/Malayalam/17446.mp3,4.981,-108.26,False,4.981,Malayalam,
/content/drive/MyDrive/Audio_dataset/Malayalam/18635.mp3,5.004,-99.5,False,4.972,Malayalam,
/content/drive/MyDrive/Audio_dataset/Malayalam/18653.mp3,5.005,-115.96,False,4.128,Malayalam,
/content/drive/MyDrive/Audio_dataset/Malayalam/17572.mp3,4.981,-110.21,False,4.373,Malayalam,
/content/drive/MyDrive/Audio_dataset/Malayalam/19407.mp3,4.977,-109.76,False,4.384,Malayalam,
/content/drive/MyDrive/Audio_dataset/Malayalam/1882.mp3,4.981,-101.58,False,4.533,Malayalam,
/content/drive/MyDrive/Audio_dataset/Malayalam/18881.mp3,4.981,-111.77,False,4.469,Malayalam,
/content/drive/MyDrive/Audio_dataset/Malayalam/1934.mp3,4.977,-97.02,False,4.977,Malayalam,
/content/drive/MyDrive/Audio_dataset/Malayalam/17814.mp3,4.981,-90.55,False,3.84,Malayalam,
/content/drive/MyDrive/Audio_dataset/Malayalam/17233.mp3,5.005,-119.78,False,4.717,Malayalam,
/content/drive/MyDrive/Audio_dataset/Malayalam/18549.mp3,5.005,-111.53,False,4.064,Malayalam,
/content/drive/MyDrive/Audio_dataset/Malayalam/17543.mp3,4.981,-126.7,False,4.768,Malayalam,
/content/drive/MyDrive/Audio_dataset/Malayalam/17735.mp3,5.004,-108.1,False,1.068,Malayalam,
/content/drive/MyDrive/Audio_dataset/Malayalam/19206.mp3,4.981,-105.67,False,3.744,Malayalam,
/content/drive/MyDrive/Audio_dataset/Malayalam/19207.mp3,4.981,-114.82,False,4.885,Malayalam,
/content/drive/MyDrive/Audio_dataset/Malayalam/1889.mp3,4.981,-117.95,False,4.981,Malayalam,
/content/drive/MyDrive/Audio_dataset/Malayalam/17853.mp3,5.005,-114.52,False,4.256,Malayalam,
/content/drive/MyDrive/Audio_dataset/Malayalam/19099.mp3,5.005,-106.84,False,4.781,Malayalam,
/content/drive/MyDrive/Audio_dataset/Malayalam/17746.mp3,4.981,-112.11,False,4.981,Malayalam,
/content/drive/MyDrive/Audio_dataset/Malayalam/18849.mp3,5.004,-109.77,False,4.972,Malayalam,
/content/drive/MyDrive/Audio_dataset/Malayalam/19128.mp3,4.981,-117.74,False,4.981,Malayalam,
/content/drive/MyDrive/Audio_dataset/Malayalam/17498.mp3,5.005,-84.03,False,4.909,Malayalam,
/content/drive/MyDrive/Audio_dataset/Malayalam/17621.mp3,4.981,-101.99,False,4.981,Malayalam,
/content/drive/MyDrive/Audio_dataset/Malayalam/18962.mp3,4.981,-107.16,False,4.981,Malayalam,
/content/drive/MyDrive/Audio_dataset/Malayalam/21472.mp3,5.005,-117.81,False,5.005,Malayalam,
/content/drive/MyDrive/Audio_dataset/Malayalam/21336.mp3,4.981,-126.18,False,4.224,Malayalam,
/content/drive/MyDrive/Audio_dataset/Malayalam/20219.mp3,4.977,-131.94,False,4.977,Malayalam,
/content/drive/MyDrive/Audio_dataset/Malayalam/19619.mp3,4.981,-109.52,False,4.8,Malayalam,
/content/drive/MyDrive/Audio_dataset/Malayalam/19795.mp3,4.981,-128.26,False,4.917,Malayalam,
/content/drive/MyDrive/Audio_dataset/Malayalam/20020.mp3,4.981,-99.66,False,4.981,Malayalam,
/content/drive/MyDrive/Audio_dataset/Malayalam/20481.mp3,4.981,-102.88,False,4.853,Malayalam,
/content/drive/MyDrive/Audio_dataset/Malayalam/20348.mp3,5.005,-116.12,False,5.005,Malayalam,
/content/drive/MyDrive/Audio_dataset/Malayalam/20032.mp3,4.981,-117.65,False,3.861,Malayalam,
/content/drive/MyDrive/Audio_dataset/Malayalam/21115.mp3,5.005,-115.34,False,4.48,Malayalam,
/content/drive/MyDrive/Audio_dataset/Malayalam/20918.mp3,5.005,-104.84,False,5.005,Malayalam,
/content/drive/MyDrive/Audio_dataset/Malayalam/19887.mp3,4.977,-128.54,False,4.864,Malayalam,
/content/drive/MyDrive/Audio_dataset/Malayalam/20004.mp3,4.981,-108.52,False,4.981,Malayalam,
/content/drive/MyDrive/Audio_dataset/Malayalam/21377.mp3,5.005,-130.26,False,4.928,Malayalam,
/content/drive/MyDrive/Audio_dataset/Malayalam/21473.mp3,5.004,-97.42,False,4.588,Malayalam,
/content/drive/MyDrive/Audio_dataset/Malayalam/21274.mp3,4.981,-103.83,False,4.608,Malayalam,
/content/drive/MyDrive/Audio_dataset/Malayalam/20452.mp3,4.981,-110.4,False,4.149,Malayalam,
/content/drive/MyDrive/Audio_dataset/Malayalam/19612.mp3,4.977,-103.37,False,4.913,Malayalam,
/content/drive/MyDrive/Audio_dataset/Malayalam/20105.mp3,4.981,-122.75,False,4.309,Malayalam,
/content/drive/MyDrive/Audio_dataset/Malayalam/20830.mp3,4.977,-115.05,False,4.704,Malayalam,
/content/drive/MyDrive/Audio_dataset/Malayalam/20799.mp3,5.005,-107.96,False,3.616,Malayalam,
/content/drive/MyDrive/Audio_dataset/Malayalam/21495.mp3,5.005,-116.72,False,4.512,Malayalam,
/content/drive/MyDrive/Audio_dataset/Malayalam/20998.mp3,5.005,-114.79,False,5.005,Malayalam,
/content/drive/MyDrive/Audio_dataset/Malayalam/19496.mp3,4.981,-100.07,False,4.821,Malayalam,
/content/drive/MyDrive/Audio_dataset/Malayalam/20560.mp3,5.005,-98.34,False,5.005,Malayalam,
/content/drive/MyDrive/Audio_dataset/Malayalam/20607.mp3,4.981,-78.12,False,4.917,Malayalam,
/content/drive/MyDrive/Audio_dataset/Malayalam/19798.mp3,4.981,-111.07,False,4.725,Malayalam,
/content/drive/MyDrive/Audio_dataset/Malayalam/21055.mp3,4.981,-114.55,False,4.629,Malayalam,
/content/drive/MyDrive/Audio_dataset/Malayalam/20331.mp3,4.981,-100.49,False,4.917,Malayalam,
/content/drive/MyDrive/Audio_dataset/Malayalam/21121.mp3,4.981,-117.43,False,3.296,Malayalam,
/content/drive/MyDrive/Audio_dataset/Malayalam/21360.mp3,4.981,-115.71,False,4.384,Malayalam,
/content/drive/MyDrive/Audio_dataset/Malayalam/1955.mp3,4.981,-111.14,False,4.981,Malayalam,
/content/drive/MyDrive/Audio_dataset/Malayalam/20773.mp3,4.981,-106.84,False,4.981,Malayalam,
/content/drive/MyDrive/Audio_dataset/Malayalam/20806.mp3,4.977,-102.29,False,4.864,Malayalam,
/content/drive/MyDrive/Audio_dataset/Malayalam/1957.mp3,4.981,-112.31,False,4.789,Malayalam,
/content/drive/MyDrive/Audio_dataset/Malayalam/20690.mp3,4.981,-113.56,False,4.981,Malayalam,
/content/drive/MyDrive/Audio_dataset/Malayalam/21266.mp3,5.005,-114.22,False,5.005,Malayalam,
/content/drive/MyDrive/Audio_dataset/Malayalam/21411.mp3,5.005,-123.76,False,4.544,Malayalam,
/content/drive/MyDrive/Audio_dataset/Malayalam/19936.mp3,4.99,-107.99,False,4.255,Malayalam,
/content/drive/MyDrive/Audio_dataset/Malayalam/21052.mp3,4.981,-103.93,False,4.981,Malayalam,
/content/drive/MyDrive/Audio_dataset/Malayalam/19627.mp3,4.981,-107.18,False,4.96,Malayalam,
/content/drive/MyDrive/Audio_dataset/Malayalam/2141.mp3,4.981,-121.08,False,4.629,Malayalam,
/content/drive/MyDrive/Audio_dataset/Malayalam/20594.mp3,5.005,-95.92,False,5.005,Malayalam,
/content/drive/MyDrive/Audio_dataset/Malayalam/20772.mp3,4.981,-107.29,False,4.224,Malayalam,
/content/drive/MyDrive/Audio_dataset/Malayalam/21385.mp3,4.977,-109.25,False,4.977,Malayalam,
/content/drive/MyDrive/Audio_dataset/Malayalam/21567.mp3,4.981,-116.05,False,4.949,Malayalam,
/content/drive/MyDrive/Audio_dataset/Malayalam/19808.mp3,4.977,-114.12,False,4.945,Malayalam,
/content/drive/MyDrive/Audio_dataset/Malayalam/20215.mp3,4.981,-136.24,False,4.768,Malayalam,
/content/drive/MyDrive/Audio_dataset/Malayalam/20251.mp3,4.977,-113.75,False,4.465,Malayalam,
/content/drive/MyDrive/Audio_dataset/Malayalam/20737.mp3,5.005,-108.1,False,5.005,Malayalam,
/content/drive/MyDrive/Audio_dataset/Malayalam/19558.mp3,5.005,-118.55,False,4.096,Malayalam,
/content/drive/MyDrive/Audio_dataset/Malayalam/2108.mp3,4.977,-102.64,False,4.977,Malayalam,
/content/drive/MyDrive/Audio_dataset/Malayalam/20665.mp3,4.981,-108.24,False,4.949,Malayalam,
/content/drive/MyDrive/Audio_dataset/Malayalam/19796.mp3,4.981,-139.23,False,4.544,Malayalam,
/content/drive/MyDrive/Audio_dataset/Malayalam/2002.mp3,4.981,-115.63,False,4.277,Malayalam,
/content/drive/MyDrive/Audio_dataset/Malayalam/20904.mp3,4.981,-103.23,False,4.725,Malayalam,
/content/drive/MyDrive/Audio_dataset/Malayalam/20068.mp3,5.005,-121.75,False,5.005,Malayalam,
/content/drive/MyDrive/Audio_dataset/Malayalam/20490.mp3,5.004,-109.25,False,5.004,Malayalam,
/content/drive/MyDrive/Audio_dataset/Malayalam/2058.mp3,4.981,-116.34,False,4.224,Malayalam,
/content/drive/MyDrive/Audio_dataset/Malayalam/19509.mp3,4.981,-116.64,False,4.821,Malayalam,
/content/drive/MyDrive/Audio_dataset/Malayalam/20609.mp3,4.981,-112.28,False,4.981,Malayalam,
/content/drive/MyDrive/Audio_dataset/Malayalam/20804.mp3,5.005,-107.14,False,3.584,Malayalam,
/content/drive/MyDrive/Audio_dataset/Malayalam/2123.mp3,4.981,-122.36,False,4.064,Malayalam,
/content/drive/MyDrive/Audio_dataset/Malayalam/20526.mp3,4.981,-108.07,False,4.949,Malayalam,
/content/drive/MyDrive/Audio_dataset/Malayalam/21017.mp3,5.004,-109.54,False,5.004,Malayalam,
/content/drive/MyDrive/Audio_dataset/Malayalam/21026.mp3,5.005,-109.11,False,4.672,Malayalam,
/content/drive/MyDrive/Audio_dataset/Malayalam/21427.mp3,4.981,-108.12,False,4.981,Malayalam,
/content/drive/MyDrive/Audio_dataset/Malayalam/2128.mp3,4.981,-107.97,False,4.981,Malayalam,
/content/drive/MyDrive/Audio_dataset/Malayalam/21351.mp3,4.981,-140.77,False,4.213,Malayalam,
/content/drive/MyDrive/Audio_dataset/Malayalam/21225.mp3,4.981,-96.54,False,4.981,Malayalam,
/content/drive/MyDrive/Audio_dataset/Malayalam/20826.mp3,4.981,-114.03,False,4.448,Malayalam,
/content/drive/MyDrive/Audio_dataset/Malayalam/21113.mp3,4.981,-109.99,False,4.981,Malayalam,
/content/drive/MyDrive/Audio_dataset/Malayalam/2013.mp3,4.981,-114.16,False,4.064,Malayalam,
/content/drive/MyDrive/Audio_dataset/Malayalam/19779.mp3,4.977,-123.29,False,4.576,Malayalam,
/content/drive/MyDrive/Audio_dataset/Malayalam/19894.mp3,4.981,-109.24,False,4.885,Malayalam,
/content/drive/MyDrive/Audio_dataset/Malayalam/20430.mp3,4.981,-119.82,False,4.885,Malayalam,
/content/drive/MyDrive/Audio_dataset/Malayalam/19917.mp3,5.005,-116.88,False,3.968,Malayalam,
/content/drive/MyDrive/Audio_dataset/Malayalam/19705.mp3,4.981,-101.35,False,4.981,Malayalam,
/content/drive/MyDrive/Audio_dataset/Malayalam/20041.mp3,5.005,-101.89,False,5.005,Malayalam,
/content/drive/MyDrive/Audio_dataset/Malayalam/2010.mp3,5.005,-106.06,False,4.928,Malayalam,
/content/drive/MyDrive/Audio_dataset/Malayalam/20231.mp3,5.005,-113.96,False,4.768,Malayalam,
/content/drive/MyDrive/Audio_dataset/Malayalam/20427.mp3,5.004,-148.7,False,4.96,Malayalam,
/content/drive/MyDrive/Audio_dataset/Malayalam/21134.mp3,4.981,-115.71,False,4.704,Malayalam,
/content/drive/MyDrive/Audio_dataset/Malayalam/20375.mp3,4.981,-116.76,False,4.352,Malayalam,
/content/drive/MyDrive/Audio_dataset/Malayalam/19957.mp3,5.005,-105.91,False,4.864,Malayalam,
/content/drive/MyDrive/Audio_dataset/Malayalam/21203.mp3,4.981,-110.76,False,4.981,Malayalam,
/content/drive/MyDrive/Audio_dataset/Malayalam/20100.mp3,4.977,-125.11,False,4.945,Malayalam,
/content/drive/MyDrive/Audio_dataset/Malayalam/19690.mp3,5.005,-120.76,False,4.256,Malayalam,
/content/drive/MyDrive/Audio_dataset/Malayalam/20413.mp3,4.981,-126.34,False,4.64,Malayalam,
/content/drive/MyDrive/Audio_dataset/Malayalam/19599.mp3,5.005,-134.33,False,4.608,Malayalam,
/content/drive/MyDrive/Audio_dataset/Malayalam/19720.mp3,5.005,-105.99,False,3.968,Malayalam,
/content/drive/MyDrive/Audio_dataset/Malayalam/23246.mp3,4.981,-109.51,False,4.149,Malayalam,
/content/drive/MyDrive/Audio_dataset/Malayalam/21831.mp3,5.005,-111.9,False,5.005,Malayalam,
/content/drive/MyDrive/Audio_dataset/Malayalam/23285.mp3,4.981,-109.64,False,4.149,Malayalam,
/content/drive/MyDrive/Audio_dataset/Malayalam/22196.mp3,5.005,-113.17,False,4.845,Malayalam,
/content/drive/MyDrive/Audio_dataset/Malayalam/23142.mp3,5.004,-113.9,False,4.96,Malayalam,
/content/drive/MyDrive/Audio_dataset/Malayalam/23081.mp3,4.977,-103.8,False,4.273,Malayalam,
/content/drive/MyDrive/Audio_dataset/Malayalam/23085.mp3,4.981,-115.36,False,4.885,Malayalam,
/content/drive/MyDrive/Audio_dataset/Malayalam/23307.mp3,5.005,-117.81,False,5.005,Malayalam,
/content/drive/MyDrive/Audio_dataset/Malayalam/22851.mp3,4.981,-120.28,False,4.864,Malayalam,
/content/drive/MyDrive/Audio_dataset/Malayalam/23272.mp3,4.981,-107.76,False,4.757,Malayalam,
/content/drive/MyDrive/Audio_dataset/Malayalam/2245.mp3,5.005,-119.87,False,3.808,Malayalam,
/content/drive/MyDrive/Audio_dataset/Malayalam/23058.mp3,4.981,-112.08,False,4.373,Malayalam,
/content/drive/MyDrive/Audio_dataset/Malayalam/23443.mp3,4.981,-110.19,False,4.981,Malayalam,
/content/drive/MyDrive/Audio_dataset/Malayalam/22589.mp3,4.977,-106.08,False,4.977,Malayalam,
/content/drive/MyDrive/Audio_dataset/Malayalam/21627.mp3,4.981,-106.95,False,4.693,Malayalam,
/content/drive/MyDrive/Audio_dataset/Malayalam/23557.mp3,4.981,-90.85,False,4.981,Malayalam,
/content/drive/MyDrive/Audio_dataset/Malayalam/22611.mp3,4.981,-126.24,False,4.725,Malayalam,
/content/drive/MyDrive/Audio_dataset/Malayalam/2202.mp3,5.005,-100.01,False,4.109,Malayalam,
/content/drive/MyDrive/Audio_dataset/Malayalam/22961.mp3,4.981,-103.82,False,4.352,Malayalam,
/content/drive/MyDrive/Audio_dataset/Malayalam/22746.mp3,5.004,-129.98,False,4.224,Malayalam,
/content/drive/MyDrive/Audio_dataset/Malayalam/2350.mp3,4.981,-122.37,False,4.949,Malayalam,
/content/drive/MyDrive/Audio_dataset/Malayalam/2222.mp3,4.981,-107.39,False,4.981,Malayalam,
/content/drive/MyDrive/Audio_dataset/Malayalam/22772.mp3,4.981,-109.53,False,4.981,Malayalam,
/content/drive/MyDrive/Audio_dataset/Malayalam/23562.mp3,5.005,-127.69,False,5.005,Malayalam,
/content/drive/MyDrive/Audio_dataset/Malayalam/22492.mp3,5.005,-96.04,False,5.005,Malayalam,
/content/drive/MyDrive/Audio_dataset/Malayalam/22612.mp3,4.981,-113.26,False,4.597,Malayalam,
/content/drive/MyDrive/Audio_dataset/Malayalam/2223.mp3,5.005,-117.91,False,4.128,Malayalam,
/content/drive/MyDrive/Audio_dataset/Malayalam/23388.mp3,4.977,-115.71,False,4.928,Malayalam,
/content/drive/MyDrive/Audio_dataset/Malayalam/22933.mp3,4.977,-101.84,False,4.977,Malayalam,
/content/drive/MyDrive/Audio_dataset/Malayalam/22215.mp3,5.005,-101.5,False,4.973,Malayalam,
/content/drive/MyDrive/Audio_dataset/Malayalam/23039.mp3,4.981,-114.09,False,4.896,Malayalam,
/content/drive/MyDrive/Audio_dataset/Malayalam/21894.mp3,4.977,-105.16,False,4.721,Malayalam,
/content/drive/MyDrive/Audio_dataset/Malayalam/2259.mp3,4.981,-122.75,False,4.789,Malayalam,
/content/drive/MyDrive/Audio_dataset/Malayalam/23214.mp3,4.981,-110.08,False,4.608,Malayalam,
/content/drive/MyDrive/Audio_dataset/Malayalam/23054.mp3,5.005,-127.6,False,4.672,Malayalam,
/content/drive/MyDrive/Audio_dataset/Malayalam/21844.mp3,4.981,-106.48,False,4.981,Malayalam,
/content/drive/MyDrive/Audio_dataset/Malayalam/23019.mp3,4.981,-112.63,False,4.64,Malayalam,
/content/drive/MyDrive/Audio_dataset/Malayalam/21587.mp3,5.005,-108.01,False,4.128,Malayalam,
/content/drive/MyDrive/Audio_dataset/Malayalam/23461.mp3,4.981,-119.61,False,4.384,Malayalam,
/content/drive/MyDrive/Audio_dataset/Malayalam/22820.mp3,4.981,-117.32,False,4.981,Malayalam,
/content/drive/MyDrive/Audio_dataset/Malayalam/22887.mp3,4.981,-110.39,False,4.256,Malayalam,
/content/drive/MyDrive/Audio_dataset/Malayalam/23222.mp3,5.005,-118.63,False,4.928,Malayalam,
/content/drive/MyDrive/Audio_dataset/Malayalam/22791.mp3,4.981,-111.1,False,4.981,Malayalam,
/content/drive/MyDrive/Audio_dataset/Malayalam/22524.mp3,5.005,-95.83,False,4.973,Malayalam,
/content/drive/MyDrive/Audio_dataset/Malayalam/21592.mp3,4.981,-110.37,False,4.864,Malayalam,
/content/drive/MyDrive/Audio_dataset/Malayalam/21867.mp3,5.004,-118.0,False,4.492,Malayalam,
/content/drive/MyDrive/Audio_dataset/Malayalam/23610.mp3,5.005,-113.7,False,4.397,Malayalam,
/content/drive/MyDrive/Audio_dataset/Malayalam/22640.mp3,4.981,-108.07,False,4.501,Malayalam,
/content/drive/MyDrive/Audio_dataset/Malayalam/22060.mp3,5.005,-113.04,False,3.968,Malayalam,
/content/drive/MyDrive/Audio_dataset/Malayalam/23656.mp3,4.981,-115.65,False,4.213,Malayalam,
/content/drive/MyDrive/Audio_dataset/Malayalam/2193.mp3,4.981,-119.25,False,4.053,Malayalam,
/content/drive/MyDrive/Audio_dataset/Malayalam/22336.mp3,4.981,-83.31,False,4.981,Malayalam,
/content/drive/MyDrive/Audio_dataset/Malayalam/22261.mp3,5.005,-109.15,False,4.973,Malayalam,
/content/drive/MyDrive/Audio_dataset/Malayalam/22484.mp3,4.977,-128.72,False,4.945,Malayalam,
/content/drive/MyDrive/Audio_dataset/Malayalam/22523.mp3,4.981,-118.56,False,4.885,Malayalam,
/content/drive/MyDrive/Audio_dataset/Malayalam/21922.mp3,4.981,-126.59,False,4.32,Malayalam,
/content/drive/MyDrive/Audio_dataset/Malayalam/22927.mp3,4.981,-136.29,False,4.981,Malayalam,
/content/drive/MyDrive/Audio_dataset/Malayalam/23653.mp3,5.005,-113.22,False,4.973,Malayalam,
/content/drive/MyDrive/Audio_dataset/Malayalam/23324.mp3,4.981,-103.64,False,4.661,Malayalam,
/content/drive/MyDrive/Audio_dataset/Malayalam/2348.mp3,4.981,-92.09,False,4.981,Malayalam,
/content/drive/MyDrive/Audio_dataset/Malayalam/23585.mp3,4.981,-116.55,False,4.704,Malayalam,
/content/drive/MyDrive/Audio_dataset/Malayalam/22883.mp3,4.981,-98.26,False,4.981,Malayalam,
/content/drive/MyDrive/Audio_dataset/Malayalam/22757.mp3,4.981,-120.92,False,4.416,Malayalam,
/content/drive/MyDrive/Audio_dataset/Malayalam/21607.mp3,4.981,-126.51,False,2.496,Malayalam,
/content/drive/MyDrive/Audio_dataset/Malayalam/22314.mp3,4.981,-103.8,False,4.981,Malayalam,
/content/drive/MyDrive/Audio_dataset/Malayalam/22963.mp3,4.981,-103.87,False,4.757,Malayalam,
/content/drive/MyDrive/Audio_dataset/Malayalam/23124.mp3,4.981,-110.62,False,4.501,Malayalam,
/content/drive/MyDrive/Audio_dataset/Malayalam/22957.mp3,4.981,-113.3,False,4.981,Malayalam,
/content/drive/MyDrive/Audio_dataset/Malayalam/21724.mp3,4.981,-125.48,False,4.981,Malayalam,
/content/drive/MyDrive/Audio_dataset/Malayalam/22706.mp3,5.005,-107.86,False,4.928,Malayalam,
/content/drive/MyDrive/Audio_dataset/Malayalam/21766.mp3,4.981,-118.37,False,4.416,Malayalam,
/content/drive/MyDrive/Audio_dataset/Malayalam/21796.mp3,5.005,-136.54,False,5.005,Malayalam,
/content/drive/MyDrive/Audio_dataset/Malayalam/22287.mp3,4.981,-110.07,False,4.981,Malayalam,
/content/drive/MyDrive/Audio_dataset/Malayalam/21722.mp3,4.981,-118.58,False,4.981,Malayalam,
/content/drive/MyDrive/Audio_dataset/Malayalam/2239.mp3,5.004,-104.01,False,5.004,Malayalam,
/content/drive/MyDrive/Audio_dataset/Malayalam/21767.mp3,4.981,-109.0,False,4.341,Malayalam,
/content/drive/MyDrive/Audio_dataset/Malayalam/23408.mp3,5.004,-113.88,False,4.672,Malayalam,
/content/drive/MyDrive/Audio_dataset/Malayalam/2177.mp3,4.977,-103.08,False,4.977,Malayalam,
/content/drive/MyDrive/Audio_dataset/Malayalam/22579.mp3,4.981,-108.99,False,4.896,Malayalam,
/content/drive/MyDrive/Audio_dataset/Malayalam/23304.mp3,5.005,-107.52,False,4.909,Malayalam,
/content/drive/MyDrive/Audio_dataset/Malayalam/23253.mp3,4.981,-108.6,False,4.917,Malayalam,
/content/drive/MyDrive/Audio_dataset/Malayalam/22118.mp3,4.977,-115.88,False,4.465,Malayalam,
/content/drive/MyDrive/Audio_dataset/Malayalam/23005.mp3,4.981,-118.61,False,4.96,Malayalam,
/content/drive/MyDrive/Audio_dataset/Malayalam/21847.mp3,4.981,-120.71,False,4.725,Malayalam,
/content/drive/MyDrive/Audio_dataset/Malayalam/23340.mp3,4.981,-99.97,False,4.981,Malayalam,
/content/drive/MyDrive/Audio_dataset/Malayalam/23315.mp3,4.981,-117.29,False,4.981,Malayalam,
/content/drive/MyDrive/Audio_dataset/Malayalam/22218.mp3,4.977,-106.73,False,4.977,Malayalam,
/content/drive/MyDrive/Audio_dataset/Malayalam/22220.mp3,4.981,-118.54,False,4.32,Malayalam,
/content/drive/MyDrive/Audio_dataset/Malayalam/2483.mp3,5.005,-108.05,False,5.005,Malayalam,
/content/drive/MyDrive/Audio_dataset/Malayalam/23911.mp3,4.981,-108.91,False,4.981,Malayalam,
/content/drive/MyDrive/Audio_dataset/Malayalam/24724.mp3,5.004,-105.04,False,4.812,Malayalam,
/content/drive/MyDrive/Audio_dataset/Malayalam/24711.mp3,4.981,-110.45,False,4.981,Malayalam,
/content/drive/MyDrive/Audio_dataset/Malayalam/24336.mp3,4.981,-114.98,False,4.949,Malayalam,
/content/drive/MyDrive/Audio_dataset/Malayalam/25308.mp3,5.005,-113.9,False,5.005,Malayalam,
/content/drive/MyDrive/Audio_dataset/Malayalam/25598.mp3,4.981,-119.15,False,4.981,Malayalam,
/content/drive/MyDrive/Audio_dataset/Malayalam/24756.mp3,4.981,-123.99,False,4.352,Malayalam,
/content/drive/MyDrive/Audio_dataset/Malayalam/24867.mp3,4.981,-145.88,False,4.981,Malayalam,
/content/drive/MyDrive/Audio_dataset/Malayalam/24983.mp3,4.977,-111.05,False,4.977,Malayalam,
/content/drive/MyDrive/Audio_dataset/Malayalam/24357.mp3,4.981,-110.08,False,4.949,Malayalam,
/content/drive/MyDrive/Audio_dataset/Malayalam/2528.mp3,4.981,-113.97,False,4.949,Malayalam,
/content/drive/MyDrive/Audio_dataset/Malayalam/24695.mp3,5.005,-118.99,False,4.576,Malayalam,
/content/drive/MyDrive/Audio_dataset/Malayalam/25474.mp3,5.004,-92.67,False,5.004,Malayalam,
/content/drive/MyDrive/Audio_dataset/Malayalam/25667.mp3,4.981,-118.01,False,4.832,Malayalam,
/content/drive/MyDrive/Audio_dataset/Malayalam/25674.mp3,5.005,-102.2,False,5.005,Malayalam,
/content/drive/MyDrive/Audio_dataset/Malayalam/24407.mp3,5.005,-106.12,False,4.96,Malayalam,
/content/drive/MyDrive/Audio_dataset/Malayalam/23694.mp3,4.981,-110.06,False,4.352,Malayalam,
/content/drive/MyDrive/Audio_dataset/Malayalam/25622.mp3,4.981,-111.26,False,4.64,Malayalam,
/content/drive/MyDrive/Audio_dataset/Malayalam/25089.mp3,5.005,-108.39,False,5.005,Malayalam,
/content/drive/MyDrive/Audio_dataset/Malayalam/24469.mp3,4.981,-109.87,False,4.128,Malayalam,
/content/drive/MyDrive/Audio_dataset/Malayalam/24142.mp3,4.981,-108.79,False,4.981,Malayalam,
/content/drive/MyDrive/Audio_dataset/Malayalam/25477.mp3,4.977,-106.82,False,4.96,Malayalam,
/content/drive/MyDrive/Audio_dataset/Malayalam/24887.mp3,4.981,-111.29,False,4.981,Malayalam,
/content/drive/MyDrive/Audio_dataset/Malayalam/24747.mp3,5.005,-110.3,False,3.789,Malayalam,
/content/drive/MyDrive/Audio_dataset/Malayalam/25029.mp3,4.981,-110.98,False,4.885,Malayalam,
/content/drive/MyDrive/Audio_dataset/Malayalam/24453.mp3,4.981,-104.88,False,4.96,Malayalam,
/content/drive/MyDrive/Audio_dataset/Malayalam/24674.mp3,5.005,-113.5,False,3.456,Malayalam,
/content/drive/MyDrive/Audio_dataset/Malayalam/25167.mp3,4.981,-109.85,False,4.981,Malayalam,
/content/drive/MyDrive/Audio_dataset/Malayalam/24060.mp3,4.981,-102.8,False,4.981,Malayalam,
/content/drive/MyDrive/Audio_dataset/Malayalam/24121.mp3,4.981,-150.28,False,4.981,Malayalam,
/content/drive/MyDrive/Audio_dataset/Malayalam/24936.mp3,4.981,-131.11,False,3.893,Malayalam,
/content/drive/MyDrive/Audio_dataset/Malayalam/2458.mp3,4.981,-103.9,False,4.917,Malayalam,
/content/drive/MyDrive/Audio_dataset/Malayalam/23936.mp3,5.005,-113.87,False,4.941,Malayalam,
/content/drive/MyDrive/Audio_dataset/Malayalam/24379.mp3,5.005,-98.5,False,4.992,Malayalam,
/content/drive/MyDrive/Audio_dataset/Malayalam/24416.mp3,5.005,-105.61,False,4.32,Malayalam,
/content/drive/MyDrive/Audio_dataset/Malayalam/23815.mp3,4.981,-104.91,False,4.821,Malayalam,
/content/drive/MyDrive/Audio_dataset/Malayalam/24806.mp3,4.981,-115.91,False,2.944,Malayalam,
/content/drive/MyDrive/Audio_dataset/Malayalam/25173.mp3,4.981,-98.58,False,4.981,Malayalam,
/content/drive/MyDrive/Audio_dataset/Malayalam/25482.mp3,4.981,-103.41,False,4.981,Malayalam,
/content/drive/MyDrive/Audio_dataset/Malayalam/24621.mp3,4.977,-115.18,False,4.576,Malayalam,
/content/drive/MyDrive/Audio_dataset/Malayalam/24254.mp3,4.977,-120.51,False,4.977,Malayalam,
/content/drive/MyDrive/Audio_dataset/Malayalam/25664.mp3,4.981,-110.48,False,4.981,Malayalam,
/content/drive/MyDrive/Audio_dataset/Malayalam/2396.mp3,5.005,-114.79,False,3.936,Malayalam,
/content/drive/MyDrive/Audio_dataset/Malayalam/24770.mp3,4.977,-101.01,False,4.881,Malayalam,
/content/drive/MyDrive/Audio_dataset/Malayalam/24229.mp3,4.981,-110.2,False,4.672,Malayalam,
/content/drive/MyDrive/Audio_dataset/Malayalam/23677.mp3,5.005,-119.92,False,4.576,Malayalam,
/content/drive/MyDrive/Audio_dataset/Malayalam/24951.mp3,5.005,-128.84,False,4.845,Malayalam,
/content/drive/MyDrive/Audio_dataset/Malayalam/24390.mp3,4.981,-159.5,False,4.64,Malayalam,
/content/drive/MyDrive/Audio_dataset/Malayalam/23695.mp3,5.005,-119.2,False,5.005,Malayalam,
/content/drive/MyDrive/Audio_dataset/Malayalam/23663.mp3,4.981,-100.19,False,4.981,Malayalam,
/content/drive/MyDrive/Audio_dataset/Malayalam/24220.mp3,5.005,-110.02,False,4.109,Malayalam,
/content/drive/MyDrive/Audio_dataset/Malayalam/24873.mp3,4.981,-122.63,False,4.981,Malayalam,
/content/drive/MyDrive/Audio_dataset/Malayalam/23732.mp3,4.981,-104.22,False,4.437,Malayalam,
/content/drive/MyDrive/Audio_dataset/Malayalam/24510.mp3,4.981,-112.74,False,4.981,Malayalam,
/content/drive/MyDrive/Audio_dataset/Malayalam/24848.mp3,5.004,-116.35,False,4.864,Malayalam,
/content/drive/MyDrive/Audio_dataset/Malayalam/24500.mp3,4.981,-119.73,False,4.981,Malayalam,
/content/drive/MyDrive/Audio_dataset/Malayalam/25034.mp3,4.981,-101.07,False,3.52,Malayalam,
/content/drive/MyDrive/Audio_dataset/Malayalam/25124.mp3,4.981,-101.32,False,4.661,Malayalam,
/content/drive/MyDrive/Audio_dataset/Malayalam/24272.mp3,4.981,-109.21,False,4.096,Malayalam,
/content/drive/MyDrive/Audio_dataset/Malayalam/25113.mp3,4.981,-117.95,False,4.341,Malayalam,
/content/drive/MyDrive/Audio_dataset/Malayalam/24539.mp3,4.981,-113.08,False,4.725,Malayalam,
/content/drive/MyDrive/Audio_dataset/Malayalam/23784.mp3,5.004,-143.24,False,4.268,Malayalam,
/content/drive/MyDrive/Audio_dataset/Malayalam/25532.mp3,5.005,-104.87,False,4.781,Malayalam,
/content/drive/MyDrive/Audio_dataset/Malayalam/25295.mp3,4.981,-106.69,False,4.725,Malayalam,
/content/drive/MyDrive/Audio_dataset/Malayalam/24257.mp3,5.005,-117.71,False,4.992,Malayalam,
/content/drive/MyDrive/Audio_dataset/Malayalam/24265.mp3,4.977,-109.69,False,4.608,Malayalam,
/content/drive/MyDrive/Audio_dataset/Malayalam/25698.mp3,4.981,-110.95,False,4.544,Malayalam,
/content/drive/MyDrive/Audio_dataset/Malayalam/24884.mp3,4.981,-101.48,False,4.832,Malayalam,
/content/drive/MyDrive/Audio_dataset/Malayalam/25258.mp3,5.004,-120.88,False,5.004,Malayalam,
/content/drive/MyDrive/Audio_dataset/Malayalam/25503.mp3,4.981,-98.25,False,4.725,Malayalam,
/content/drive/MyDrive/Audio_dataset/Malayalam/24705.mp3,5.005,-113.21,False,3.936,Malayalam,
/content/drive/MyDrive/Audio_dataset/Malayalam/2591.mp3,5.005,-131.86,False,4.416,Malayalam,
/content/drive/MyDrive/Audio_dataset/Malayalam/23680.mp3,5.005,-105.34,False,5.005,Malayalam,
/content/drive/MyDrive/Audio_dataset/Malayalam/24166.mp3,4.981,-106.35,False,4.885,Malayalam,
/content/drive/MyDrive/Audio_dataset/Malayalam/23895.mp3,4.981,-110.9,False,4.032,Malayalam,
/content/drive/MyDrive/Audio_dataset/Malayalam/24234.mp3,5.005,-105.05,False,5.005,Malayalam,
/content/drive/MyDrive/Audio_dataset/Malayalam/24505.mp3,4.981,-124.77,False,4.053,Malayalam,
/content/drive/MyDrive/Audio_dataset/Malayalam/23670.mp3,4.981,-117.93,False,3.904,Malayalam,
/content/drive/MyDrive/Audio_dataset/Malayalam/24240.mp3,5.005,-121.93,False,4.48,Malayalam,
/content/drive/MyDrive/Audio_dataset/Malayalam/24015.mp3,4.977,-103.54,False,4.96,Malayalam,
/content/drive/MyDrive/Audio_dataset/Malayalam/25365.mp3,4.981,-110.67,False,4.821,Malayalam,
/content/drive/MyDrive/Audio_dataset/Malayalam/24803.mp3,5.005,-107.36,False,4.992,Malayalam,
/content/drive/MyDrive/Audio_dataset/Malayalam/23758.mp3,4.981,-110.59,False,4.981,Malayalam,
/content/drive/MyDrive/Audio_dataset/Malayalam/23915.mp3,4.981,-128.42,False,4.949,Malayalam,
/content/drive/MyDrive/Audio_dataset/Malayalam/25264.mp3,4.981,-107.37,False,4.853,Malayalam,
/content/drive/MyDrive/Audio_dataset/Malayalam/25325.mp3,4.981,-106.68,False,4.704,Malayalam,
/content/drive/MyDrive/Audio_dataset/Malayalam/24116.mp3,4.977,-99.82,False,4.977,Malayalam,
/content/drive/MyDrive/Audio_dataset/Malayalam/23705.mp3,4.981,-114.17,False,3.776,Malayalam,
/content/drive/MyDrive/Audio_dataset/Malayalam/24633.mp3,4.981,-103.23,False,4.32,Malayalam,
/content/drive/MyDrive/Audio_dataset/Malayalam/2397.mp3,5.005,-104.36,False,5.005,Malayalam,
/content/drive/MyDrive/Audio_dataset/Malayalam/24467.mp3,5.005,-128.91,False,4.544,Malayalam,
/content/drive/MyDrive/Audio_dataset/Malayalam/3525.mp3,5.005,-116.99,False,4.416,Malayalam,
/content/drive/MyDrive/Audio_dataset/Malayalam/3361.mp3,4.981,-99.84,False,4.789,Malayalam,
/content/drive/MyDrive/Audio_dataset/Malayalam/3758.mp3,4.981,-110.19,False,4.96,Malayalam,
/content/drive/MyDrive/Audio_dataset/Malayalam/3282.mp3,4.981,-104.02,False,4.981,Malayalam,
/content/drive/MyDrive/Audio_dataset/Malayalam/3228.mp3,4.981,-114.52,False,4.981,Malayalam,
/content/drive/MyDrive/Audio_dataset/Malayalam/3784.mp3,5.005,-109.97,False,4.525,Malayalam,
/content/drive/MyDrive/Audio_dataset/Malayalam/2677.mp3,4.981,-122.72,False,4.917,Malayalam,
/content/drive/MyDrive/Audio_dataset/Malayalam/3299.mp3,4.981,-120.92,False,4.981,Malayalam,
/content/drive/MyDrive/Audio_dataset/Malayalam/2776.mp3,5.005,-135.21,False,3.904,Malayalam,
/content/drive/MyDrive/Audio_dataset/Malayalam/2807.mp3,4.981,-146.43,False,4.981,Malayalam,
/content/drive/MyDrive/Audio_dataset/Malayalam/3614.mp3,4.981,-106.63,False,4.768,Malayalam,
/content/drive/MyDrive/Audio_dataset/Malayalam/3179.mp3,5.005,-116.54,False,5.005,Malayalam,
/content/drive/MyDrive/Audio_dataset/Malayalam/2934.mp3,4.981,-112.9,False,4.949,Malayalam,
/content/drive/MyDrive/Audio_dataset/Malayalam/3365.mp3,4.981,-124.03,False,4.48,Malayalam,
/content/drive/MyDrive/Audio_dataset/Malayalam/3904.mp3,5.005,-114.64,False,5.005,Malayalam,
/content/drive/MyDrive/Audio_dataset/Malayalam/3111.mp3,4.981,-129.18,False,4.981,Malayalam,
/content/drive/MyDrive/Audio_dataset/Malayalam/3293.mp3,4.981,-98.91,False,4.981,Malayalam,
/content/drive/MyDrive/Audio_dataset/Malayalam/3507.mp3,4.981,-126.45,False,4.32,Malayalam,
/content/drive/MyDrive/Audio_dataset/Malayalam/2770.mp3,4.981,-117.3,False,4.928,Malayalam,
/content/drive/MyDrive/Audio_dataset/Malayalam/2851.mp3,4.981,-116.52,False,4.981,Malayalam,
/content/drive/MyDrive/Audio_dataset/Malayalam/4038.mp3,5.005,-98.79,False,5.005,Malayalam,
/content/drive/MyDrive/Audio_dataset/Malayalam/4008.mp3,4.981,-113.4,False,4.512,Malayalam,
/content/drive/MyDrive/Audio_dataset/Malayalam/2915.mp3,5.004,-139.04,False,5.004,Malayalam,
/content/drive/MyDrive/Audio_dataset/Malayalam/2616.mp3,4.981,-113.99,False,4.608,Malayalam,
/content/drive/MyDrive/Audio_dataset/Malayalam/3002.mp3,5.004,-107.64,False,4.716,Malayalam,
/content/drive/MyDrive/Audio_dataset/Malayalam/2775.mp3,5.005,-130.97,False,5.005,Malayalam,
/content/drive/MyDrive/Audio_dataset/Malayalam/2920.mp3,4.981,-102.67,False,4.981,Malayalam,
/content/drive/MyDrive/Audio_dataset/Malayalam/3598.mp3,5.005,-119.84,False,4.909,Malayalam,
/content/drive/MyDrive/Audio_dataset/Malayalam/3094.mp3,4.981,-126.88,False,4.736,Malayalam,
/content/drive/MyDrive/Audio_dataset/Malayalam/3979.mp3,5.004,-109.27,False,5.004,Malayalam,
/content/drive/MyDrive/Audio_dataset/Malayalam/4273.mp3,4.981,-117.67,False,4.192,Malayalam,
/content/drive/MyDrive/Audio_dataset/Malayalam/4412.mp3,5.005,-115.61,False,4.973,Malayalam,
/content/drive/MyDrive/Audio_dataset/Malayalam/2900.mp3,4.981,-109.57,False,4.48,Malayalam,
/content/drive/MyDrive/Audio_dataset/Malayalam/4285.mp3,4.977,-110.19,False,4.32,Malayalam,
/content/drive/MyDrive/Audio_dataset/Malayalam/3996.mp3,4.981,-162.82,False,4.661,Malayalam,
/content/drive/MyDrive/Audio_dataset/Malayalam/4076.mp3,4.981,-100.16,False,4.949,Malayalam,
/content/drive/MyDrive/Audio_dataset/Malayalam/2642.mp3,5.005,-111.69,False,5.005,Malayalam,
/content/drive/MyDrive/Audio_dataset/Malayalam/3685.mp3,4.981,-97.25,False,4.949,Malayalam,
/content/drive/MyDrive/Audio_dataset/Malayalam/4065.mp3,4.981,-118.57,False,4.981,Malayalam,
/content/drive/MyDrive/Audio_dataset/Malayalam/3726.mp3,4.981,-104.15,False,4.8,Malayalam,
/content/drive/MyDrive/Audio_dataset/Malayalam/3892.mp3,5.005,-119.91,False,4.845,Malayalam,
/content/drive/MyDrive/Audio_dataset/Malayalam/4430.mp3,5.005,-108.25,False,4.685,Malayalam,
/content/drive/MyDrive/Audio_dataset/Malayalam/3645.mp3,4.977,-104.99,False,4.977,Malayalam,
/content/drive/MyDrive/Audio_dataset/Malayalam/3606.mp3,4.981,-126.07,False,4.725,Malayalam,
/content/drive/MyDrive/Audio_dataset/Malayalam/4565.mp3,5.005,-105.97,False,4.557,Malayalam,
/content/drive/MyDrive/Audio_dataset/Malayalam/3107.mp3,4.977,-101.67,False,4.977,Malayalam,
/content/drive/MyDrive/Audio_dataset/Malayalam/3345.mp3,5.005,-109.1,False,3.808,Malayalam,
/content/drive/MyDrive/Audio_dataset/Malayalam/3827.mp3,4.981,-98.55,False,4.789,Malayalam,
/content/drive/MyDrive/Audio_dataset/Malayalam/3336.mp3,4.977,-130.13,False,4.049,Malayalam,
/content/drive/MyDrive/Audio_dataset/Malayalam/3128.mp3,4.981,-103.83,False,4.757,Malayalam,
/content/drive/MyDrive/Audio_dataset/Malayalam/3468.mp3,4.981,-112.61,False,4.981,Malayalam,
/content/drive/MyDrive/Audio_dataset/Malayalam/4656.mp3,5.005,-113.38,False,4.544,Malayalam,
/content/drive/MyDrive/Audio_dataset/Malayalam/3559.mp3,4.981,-107.6,False,4.917,Malayalam,
/content/drive/MyDrive/Audio_dataset/Malayalam/3521.mp3,4.981,-125.33,False,4.768,Malayalam,
/content/drive/MyDrive/Audio_dataset/Malayalam/3889.mp3,5.004,-108.45,False,5.004,Malayalam,
/content/drive/MyDrive/Audio_dataset/Malayalam/4488.mp3,5.005,-98.63,False,4.845,Malayalam,
/content/drive/MyDrive/Audio_dataset/Malayalam/4595.mp3,4.981,-117.02,False,4.768,Malayalam,
/content/drive/MyDrive/Audio_dataset/Malayalam/3634.mp3,4.977,-117.32,False,4.64,Malayalam,
/content/drive/MyDrive/Audio_dataset/Malayalam/4587.mp3,5.005,-108.8,False,4.877,Malayalam,
/content/drive/MyDrive/Audio_dataset/Malayalam/3993.mp3,4.981,-110.5,False,4.32,Malayalam,
/content/drive/MyDrive/Audio_dataset/Malayalam/3947.mp3,5.005,-114.77,False,4.749,Malayalam,
/content/drive/MyDrive/Audio_dataset/Malayalam/2612.mp3,4.981,-106.44,False,3.904,Malayalam,
/content/drive/MyDrive/Audio_dataset/Malayalam/4535.mp3,4.993,-101.77,False,4.48,Malayalam,
/content/drive/MyDrive/Audio_dataset/Malayalam/3667.mp3,5.005,-110.21,False,5.005,Malayalam,
/content/drive/MyDrive/Audio_dataset/Malayalam/4113.mp3,4.981,-99.75,False,4.949,Malayalam,
/content/drive/MyDrive/Audio_dataset/Malayalam/4551.mp3,4.981,-102.7,False,4.896,Malayalam,
/content/drive/MyDrive/Audio_dataset/Malayalam/3389.mp3,5.004,-112.49,False,4.576,Malayalam,
/content/drive/MyDrive/Audio_dataset/Malayalam/4391.mp3,4.977,-135.43,False,4.977,Malayalam,
/content/drive/MyDrive/Audio_dataset/Malayalam/3740.mp3,4.981,-107.8,False,4.981,Malayalam,
/content/drive/MyDrive/Audio_dataset/Malayalam/4104.mp3,5.005,-114.71,False,4.192,Malayalam,
/content/drive/MyDrive/Audio_dataset/Malayalam/2882.mp3,4.977,-113.5,False,4.945,Malayalam,
/content/drive/MyDrive/Audio_dataset/Malayalam/3511.mp3,5.005,-116.52,False,4.909,Malayalam,
/content/drive/MyDrive/Audio_dataset/Malayalam/4183.mp3,4.981,-128.38,False,3.68,Malayalam,
/content/drive/MyDrive/Audio_dataset/Malayalam/4321.mp3,4.981,-117.05,False,4.544,Malayalam,
/content/drive/MyDrive/Audio_dataset/Malayalam/2833.mp3,5.005,-121.47,False,5.005,Malayalam,
/content/drive/MyDrive/Audio_dataset/Malayalam/2992.mp3,4.981,-102.0,False,4.96,Malayalam,
/content/drive/MyDrive/Audio_dataset/Malayalam/4552.mp3,4.981,-109.18,False,4.885,Malayalam,
/content/drive/MyDrive/Audio_dataset/Malayalam/4297.mp3,4.981,-142.85,False,4.821,Malayalam,
/content/drive/MyDrive/Audio_dataset/Malayalam/4279.mp3,5.005,-118.37,False,3.936,Malayalam,
/content/drive/MyDrive/Audio_dataset/Malayalam/4553.mp3,5.005,-96.59,False,4.525,Malayalam,
/content/drive/MyDrive/Audio_dataset/Malayalam/2660.mp3,5.005,-123.71,False,5.005,Malayalam,
/content/drive/MyDrive/Audio_dataset/Malayalam/4594.mp3,5.005,-103.29,False,5.005,Malayalam,
/content/drive/MyDrive/Audio_dataset/Malayalam/3106.mp3,5.005,-117.02,False,4.461,Malayalam,
/content/drive/MyDrive/Audio_dataset/Malayalam/3346.mp3,5.004,-106.54,False,3.712,Malayalam,
/content/drive/MyDrive/Audio_dataset/Malayalam/4617.mp3,4.981,-109.2,False,3.584,Malayalam,
/content/drive/MyDrive/Audio_dataset/Malayalam/3960.mp3,5.005,-112.75,False,4.288,Malayalam,
/content/drive/MyDrive/Audio_dataset/Malayalam/4652.mp3,4.981,-139.73,False,4.981,Malayalam,
/content/drive/MyDrive/Audio_dataset/Malayalam/4598.mp3,4.981,-131.28,False,4.928,Malayalam,
/content/drive/MyDrive/Audio_dataset/Malayalam/4154.mp3,4.981,-114.25,False,4.853,Malayalam,
/content/drive/MyDrive/Audio_dataset/Malayalam/4603.mp3,4.981,-107.12,False,4.8,Malayalam,
/content/drive/MyDrive/Audio_dataset/Malayalam/4542.mp3,4.977,-108.45,False,4.529,Malayalam,
/content/drive/MyDrive/Audio_dataset/Malayalam/3029.mp3,4.981,-103.12,False,4.608,Malayalam,
/content/drive/MyDrive/Audio_dataset/Malayalam/3713.mp3,5.005,-115.29,False,4.416,Malayalam,
/content/drive/MyDrive/Audio_dataset/Malayalam/6267.mp3,4.981,-158.01,False,4.981,Malayalam,
/content/drive/MyDrive/Audio_dataset/Malayalam/5302.mp3,4.981,-115.61,False,4.981,Malayalam,
/content/drive/MyDrive/Audio_dataset/Malayalam/5554.mp3,4.981,-108.23,False,4.981,Malayalam,
/content/drive/MyDrive/Audio_dataset/Malayalam/4692.mp3,4.981,-110.73,False,4.597,Malayalam,
/content/drive/MyDrive/Audio_dataset/Malayalam/6353.mp3,5.005,-115.56,False,5.005,Malayalam,
/content/drive/MyDrive/Audio_dataset/Malayalam/5070.mp3,4.981,-125.53,False,4.981,Malayalam,
/content/drive/MyDrive/Audio_dataset/Malayalam/5145.mp3,4.981,-116.43,False,4.832,Malayalam,
/content/drive/MyDrive/Audio_dataset/Malayalam/5856.mp3,4.981,-109.14,False,4.981,Malayalam,
/content/drive/MyDrive/Audio_dataset/Malayalam/4995.mp3,5.005,-140.44,False,4.352,Malayalam,
/content/drive/MyDrive/Audio_dataset/Malayalam/5210.mp3,4.977,-135.15,False,4.832,Malayalam,
/content/drive/MyDrive/Audio_dataset/Malayalam/4946.mp3,5.004,-109.72,False,5.004,Malayalam,
/content/drive/MyDrive/Audio_dataset/Malayalam/4704.mp3,4.981,-115.77,False,4.917,Malayalam,
/content/drive/MyDrive/Audio_dataset/Malayalam/5128.mp3,5.005,-111.35,False,3.853,Malayalam,
/content/drive/MyDrive/Audio_dataset/Malayalam/6051.mp3,4.981,-103.46,False,4.789,Malayalam,
/content/drive/MyDrive/Audio_dataset/Malayalam/5463.mp3,4.981,-108.34,False,4.917,Malayalam,
/content/drive/MyDrive/Audio_dataset/Malayalam/4745.mp3,5.005,-114.77,False,4.32,Malayalam,
/content/drive/MyDrive/Audio_dataset/Malayalam/5441.mp3,4.981,-149.5,False,4.981,Malayalam,
/content/drive/MyDrive/Audio_dataset/Malayalam/5373.mp3,4.977,-113.07,False,4.817,Malayalam,
/content/drive/MyDrive/Audio_dataset/Malayalam/4810.mp3,4.981,-102.74,False,4.981,Malayalam,
/content/drive/MyDrive/Audio_dataset/Malayalam/4858.mp3,5.005,-101.74,False,5.005,Malayalam,
/content/drive/MyDrive/Audio_dataset/Malayalam/5043.mp3,4.981,-114.88,False,4.736,Malayalam,
/content/drive/MyDrive/Audio_dataset/Malayalam/6350.mp3,4.981,-101.23,False,4.981,Malayalam,
/content/drive/MyDrive/Audio_dataset/Malayalam/6219.mp3,4.981,-116.53,False,4.981,Malayalam,
/content/drive/MyDrive/Audio_dataset/Malayalam/4828.mp3,4.977,-113.29,False,4.977,Malayalam,
/content/drive/MyDrive/Audio_dataset/Malayalam/5054.mp3,5.004,-102.95,False,5.004,Malayalam,
/content/drive/MyDrive/Audio_dataset/Malayalam/5250.mp3,5.005,-112.25,False,4.032,Malayalam,
/content/drive/MyDrive/Audio_dataset/Malayalam/4944.mp3,5.005,-109.93,False,5.005,Malayalam,
/content/drive/MyDrive/Audio_dataset/Malayalam/6206.mp3,4.981,-107.69,False,4.565,Malayalam,
/content/drive/MyDrive/Audio_dataset/Malayalam/6386.mp3,5.005,-107.3,False,5.005,Malayalam,
/content/drive/MyDrive/Audio_dataset/Malayalam/6184.mp3,5.005,-105.1,False,4.576,Malayalam,
/content/drive/MyDrive/Audio_dataset/Malayalam/5678.mp3,4.981,-123.47,False,4.704,Malayalam,
/content/drive/MyDrive/Audio_dataset/Malayalam/5793.mp3,4.981,-109.34,False,4.981,Malayalam,
/content/drive/MyDrive/Audio_dataset/Malayalam/4918.mp3,4.981,-108.65,False,3.744,Malayalam,
/content/drive/MyDrive/Audio_dataset/Malayalam/5477.mp3,5.005,-107.44,False,3.808,Malayalam,
/content/drive/MyDrive/Audio_dataset/Malayalam/6196.mp3,5.005,-102.05,False,4.864,Malayalam,
/content/drive/MyDrive/Audio_dataset/Malayalam/5596.mp3,5.005,-162.71,False,4.461,Malayalam,
/content/drive/MyDrive/Audio_dataset/Malayalam/5030.mp3,5.005,-113.94,False,3.2,Malayalam,
/content/drive/MyDrive/Audio_dataset/Malayalam/5000.mp3,4.981,-119.68,False,4.736,Malayalam,
/content/drive/MyDrive/Audio_dataset/Malayalam/5756.mp3,5.005,-107.04,False,4.16,Malayalam,
/content/drive/MyDrive/Audio_dataset/Malayalam/4890.mp3,5.005,-115.22,False,4.845,Malayalam,
/content/drive/MyDrive/Audio_dataset/Malayalam/6116.mp3,4.981,-97.37,False,4.981,Malayalam,
/content/drive/MyDrive/Audio_dataset/Malayalam/5588.mp3,4.981,-119.2,False,4.981,Malayalam,
/content/drive/MyDrive/Audio_dataset/Malayalam/6172.mp3,5.004,-126.45,False,4.396,Malayalam,
/content/drive/MyDrive/Audio_dataset/Malayalam/6385.mp3,4.977,-110.3,False,4.864,Malayalam,
/content/drive/MyDrive/Audio_dataset/Malayalam/5586.mp3,4.981,-124.04,False,4.981,Malayalam,
/content/drive/MyDrive/Audio_dataset/Malayalam/6174.mp3,4.981,-126.33,False,4.416,Malayalam,
/content/drive/MyDrive/Audio_dataset/Malayalam/5102.mp3,5.005,-119.46,False,4.224,Malayalam,
/content/drive/MyDrive/Audio_dataset/Malayalam/6396.mp3,5.005,-112.71,False,4.64,Malayalam,
/content/drive/MyDrive/Audio_dataset/Malayalam/5266.mp3,4.977,-120.19,False,4.881,Malayalam,
/content/drive/MyDrive/Audio_dataset/Malayalam/6016.mp3,4.981,-110.27,False,4.053,Malayalam,
/content/drive/MyDrive/Audio_dataset/Malayalam/4909.mp3,4.977,-113.5,False,4.512,Malayalam,
/content/drive/MyDrive/Audio_dataset/Malayalam/6144.mp3,4.981,-118.61,False,4.832,Malayalam,
/content/drive/MyDrive/Audio_dataset/Malayalam/5255.mp3,4.981,-112.3,False,4.0,Malayalam,
/content/drive/MyDrive/Audio_dataset/Malayalam/5641.mp3,5.005,-127.51,False,4.672,Malayalam,
/content/drive/MyDrive/Audio_dataset/Malayalam/6280.mp3,5.005,-114.31,False,4.877,Malayalam,
/content/drive/MyDrive/Audio_dataset/Malayalam/5517.mp3,4.981,-133.43,False,3.669,Malayalam,
/content/drive/MyDrive/Audio_dataset/Malayalam/4716.mp3,4.977,-120.24,False,4.64,Malayalam,
/content/drive/MyDrive/Audio_dataset/Malayalam/5712.mp3,4.981,-111.65,False,3.904,Malayalam,
/content/drive/MyDrive/Audio_dataset/Malayalam/5739.mp3,5.005,-112.77,False,4.461,Malayalam,
/content/drive/MyDrive/Audio_dataset/Malayalam/6164.mp3,5.005,-120.2,False,5.005,Malayalam,
/content/drive/MyDrive/Audio_dataset/Malayalam/5009.mp3,4.981,-112.62,False,4.128,Malayalam,
/content/drive/MyDrive/Audio_dataset/Malayalam/4928.mp3,5.004,-110.0,False,5.004,Malayalam,
/content/drive/MyDrive/Audio_dataset/Malayalam/4678.mp3,4.981,-124.83,False,4.949,Malayalam,
/content/drive/MyDrive/Audio_dataset/Malayalam/5082.mp3,5.005,-128.36,False,5.005,Malayalam,
/content/drive/MyDrive/Audio_dataset/Malayalam/5313.mp3,5.005,-99.97,False,5.005,Malayalam,
/content/drive/MyDrive/Audio_dataset/Malayalam/6225.mp3,4.977,-127.43,False,4.096,Malayalam,
/content/drive/MyDrive/Audio_dataset/Malayalam/4920.mp3,4.981,-120.13,False,4.576,Malayalam,
/content/drive/MyDrive/Audio_dataset/Malayalam/5401.mp3,5.005,-139.79,False,3.424,Malayalam,
/content/drive/MyDrive/Audio_dataset/Malayalam/5283.mp3,5.005,-128.33,False,3.437,Malayalam,
/content/drive/MyDrive/Audio_dataset/Malayalam/5837.mp3,4.981,-106.71,False,4.224,Malayalam,
/content/drive/MyDrive/Audio_dataset/Malayalam/5221.mp3,5.005,-107.77,False,5.005,Malayalam,
/content/drive/MyDrive/Audio_dataset/Malayalam/4805.mp3,4.981,-124.21,False,4.981,Malayalam,
/content/drive/MyDrive/Audio_dataset/Malayalam/5498.mp3,4.981,-118.64,False,4.981,Malayalam,
/content/drive/MyDrive/Audio_dataset/Malayalam/6026.mp3,4.981,-108.29,False,4.053,Malayalam,
/content/drive/MyDrive/Audio_dataset/Malayalam/4864.mp3,5.005,-140.58,False,4.397,Malayalam,
/content/drive/MyDrive/Audio_dataset/Malayalam/4657.mp3,4.981,-130.96,False,4.949,Malayalam,
/content/drive/MyDrive/Audio_dataset/Malayalam/6041.mp3,4.981,-104.56,False,4.981,Malayalam,
/content/drive/MyDrive/Audio_dataset/Malayalam/5348.mp3,4.977,-110.66,False,4.704,Malayalam,
/content/drive/MyDrive/Audio_dataset/Malayalam/6049.mp3,5.005,-135.49,False,4.397,Malayalam,
/content/drive/MyDrive/Audio_dataset/Malayalam/5172.mp3,4.981,-109.27,False,4.981,Malayalam,
/content/drive/MyDrive/Audio_dataset/Malayalam/5136.mp3,4.981,-118.72,False,4.864,Malayalam,
/content/drive/MyDrive/Audio_dataset/Malayalam/5961.mp3,5.005,-114.27,False,4.608,Malayalam,
/content/drive/MyDrive/Audio_dataset/Malayalam/5841.mp3,4.981,-107.8,False,4.885,Malayalam,
/content/drive/MyDrive/Audio_dataset/Malayalam/4712.mp3,5.004,-122.27,False,5.004,Malayalam,
/content/drive/MyDrive/Audio_dataset/Malayalam/5053.mp3,4.981,-101.97,False,4.981,Malayalam,
/content/drive/MyDrive/Audio_dataset/Malayalam/5702.mp3,5.005,-126.84,False,3.904,Malayalam,
/content/drive/MyDrive/Audio_dataset/Malayalam/4723.mp3,4.981,-110.93,False,4.928,Malayalam,
/content/drive/MyDrive/Audio_dataset/Malayalam/6160.mp3,5.005,-103.28,False,5.005,Malayalam,
/content/drive/MyDrive/Audio_dataset/Malayalam/6290.mp3,5.005,-124.92,False,5.005,Malayalam,
/content/drive/MyDrive/Audio_dataset/Malayalam/5476.mp3,4.981,-107.86,False,4.981,Malayalam,
/content/drive/MyDrive/Audio_dataset/Malayalam/4791.mp3,5.005,-125.83,False,4.781,Malayalam,
/content/drive/MyDrive/Audio_dataset/Malayalam/7979.mp3,4.981,-118.39,False,4.693,Malayalam,
/content/drive/MyDrive/Audio_dataset/Malayalam/6502.mp3,4.981,-112.7,False,3.584,Malayalam,
/content/drive/MyDrive/Audio_dataset/Malayalam/8106.mp3,4.981,-93.84,False,4.981,Malayalam,
/content/drive/MyDrive/Audio_dataset/Malayalam/7458.mp3,4.981,-111.39,False,3.872,Malayalam,
/content/drive/MyDrive/Audio_dataset/Malayalam/8565.mp3,5.005,-130.29,False,4.608,Malayalam,
/content/drive/MyDrive/Audio_dataset/Malayalam/7072.mp3,5.005,-112.72,False,5.005,Malayalam,
/content/drive/MyDrive/Audio_dataset/Malayalam/8051.mp3,4.977,-92.88,False,4.945,Malayalam,
/content/drive/MyDrive/Audio_dataset/Malayalam/6941.mp3,4.981,-110.7,False,4.48,Malayalam,
/content/drive/MyDrive/Audio_dataset/Malayalam/7618.mp3,5.005,-138.72,False,4.768,Malayalam,
/content/drive/MyDrive/Audio_dataset/Malayalam/8352.mp3,4.981,-104.25,False,4.981,Malayalam,
/content/drive/MyDrive/Audio_dataset/Malayalam/8364.mp3,4.981,-102.97,False,4.981,Malayalam,
/content/drive/MyDrive/Audio_dataset/Malayalam/8232.mp3,4.981,-121.52,False,4.981,Malayalam,
/content/drive/MyDrive/Audio_dataset/Malayalam/6984.mp3,4.981,-108.62,False,4.981,Malayalam,
/content/drive/MyDrive/Audio_dataset/Malayalam/8004.mp3,4.981,-111.15,False,4.981,Malayalam,
/content/drive/MyDrive/Audio_dataset/Malayalam/7364.mp3,4.981,-111.68,False,4.981,Malayalam,
/content/drive/MyDrive/Audio_dataset/Malayalam/8415.mp3,4.981,-105.11,False,4.981,Malayalam,
/content/drive/MyDrive/Audio_dataset/Malayalam/8337.mp3,4.981,-110.47,False,4.949,Malayalam,
/content/drive/MyDrive/Audio_dataset/Malayalam/7934.mp3,4.981,-109.2,False,3.712,Malayalam,
/content/drive/MyDrive/Audio_dataset/Malayalam/6593.mp3,4.981,-97.34,False,4.544,Malayalam,
/content/drive/MyDrive/Audio_dataset/Malayalam/6623.mp3,4.981,-112.02,False,4.821,Malayalam,
/content/drive/MyDrive/Audio_dataset/Malayalam/7052.mp3,5.005,-124.47,False,4.429,Malayalam,
/content/drive/MyDrive/Audio_dataset/Malayalam/6796.mp3,4.977,-112.68,False,4.945,Malayalam,
/content/drive/MyDrive/Audio_dataset/Malayalam/6983.mp3,4.981,-112.78,False,4.981,Malayalam,
/content/drive/MyDrive/Audio_dataset/Malayalam/7267.mp3,4.981,-115.96,False,4.661,Malayalam,
/content/drive/MyDrive/Audio_dataset/Malayalam/7783.mp3,5.005,-128.27,False,4.384,Malayalam,
/content/drive/MyDrive/Audio_dataset/Malayalam/7598.mp3,4.981,-139.2,False,4.512,Malayalam,
/content/drive/MyDrive/Audio_dataset/Malayalam/8072.mp3,4.981,-107.56,False,4.8,Malayalam,
/content/drive/MyDrive/Audio_dataset/Malayalam/6795.mp3,4.981,-103.05,False,4.693,Malayalam,
/content/drive/MyDrive/Audio_dataset/Malayalam/7048.mp3,4.981,-112.01,False,4.405,Malayalam,
/content/drive/MyDrive/Audio_dataset/Malayalam/7894.mp3,5.005,-123.15,False,4.928,Malayalam,
/content/drive/MyDrive/Audio_dataset/Malayalam/8255.mp3,4.981,-107.3,False,4.981,Malayalam,
/content/drive/MyDrive/Audio_dataset/Malayalam/7816.mp3,4.981,-99.83,False,4.213,Malayalam,
/content/drive/MyDrive/Audio_dataset/Malayalam/6426.mp3,4.981,-125.63,False,4.736,Malayalam,
/content/drive/MyDrive/Audio_dataset/Malayalam/8282.mp3,4.981,-120.16,False,3.296,Malayalam,
/content/drive/MyDrive/Audio_dataset/Malayalam/8432.mp3,5.005,-126.57,False,4.397,Malayalam,
/content/drive/MyDrive/Audio_dataset/Malayalam/8047.mp3,4.981,-116.69,False,4.512,Malayalam,
/content/drive/MyDrive/Audio_dataset/Malayalam/8229.mp3,4.981,-117.84,False,4.608,Malayalam,
/content/drive/MyDrive/Audio_dataset/Malayalam/7007.mp3,4.977,-122.27,False,4.288,Malayalam,
/content/drive/MyDrive/Audio_dataset/Malayalam/6605.mp3,4.981,-107.54,False,3.936,Malayalam,
/content/drive/MyDrive/Audio_dataset/Malayalam/8142.mp3,4.981,-126.09,False,4.864,Malayalam,
/content/drive/MyDrive/Audio_dataset/Malayalam/7833.mp3,4.981,-113.2,False,4.597,Malayalam,
/content/drive/MyDrive/Audio_dataset/Malayalam/8119.mp3,4.981,-111.35,False,4.789,Malayalam,
/content/drive/MyDrive/Audio_dataset/Malayalam/6828.mp3,5.005,-121.66,False,4.8,Malayalam,
/content/drive/MyDrive/Audio_dataset/Malayalam/6432.mp3,4.977,-102.93,False,4.945,Malayalam,
/content/drive/MyDrive/Audio_dataset/Malayalam/7445.mp3,4.981,-106.18,False,4.352,Malayalam,
/content/drive/MyDrive/Audio_dataset/Malayalam/6723.mp3,5.005,-111.87,False,3.757,Malayalam,
/content/drive/MyDrive/Audio_dataset/Malayalam/8444.mp3,4.981,-112.46,False,4.064,Malayalam,
/content/drive/MyDrive/Audio_dataset/Malayalam/6491.mp3,5.005,-108.11,False,5.005,Malayalam,
/content/drive/MyDrive/Audio_dataset/Malayalam/6514.mp3,4.981,-102.63,False,3.776,Malayalam,
/content/drive/MyDrive/Audio_dataset/Malayalam/8077.mp3,5.005,-109.24,False,4.525,Malayalam,
/content/drive/MyDrive/Audio_dataset/Malayalam/6956.mp3,5.004,-111.66,False,4.908,Malayalam,
/content/drive/MyDrive/Audio_dataset/Malayalam/8118.mp3,4.981,-106.48,False,3.936,Malayalam,
/content/drive/MyDrive/Audio_dataset/Malayalam/8002.mp3,4.981,-105.92,False,3.84,Malayalam,
/content/drive/MyDrive/Audio_dataset/Malayalam/6429.mp3,5.005,-115.03,False,4.608,Malayalam,
/content/drive/MyDrive/Audio_dataset/Malayalam/6721.mp3,4.993,-108.71,False,4.8,Malayalam,
/content/drive/MyDrive/Audio_dataset/Malayalam/8022.mp3,5.005,-106.08,False,4.973,Malayalam,
/content/drive/MyDrive/Audio_dataset/Malayalam/8032.mp3,5.005,-113.36,False,4.973,Malayalam,
/content/drive/MyDrive/Audio_dataset/Malayalam/8353.mp3,4.981,-118.08,False,4.704,Malayalam,
/content/drive/MyDrive/Audio_dataset/Malayalam/7018.mp3,5.005,-128.68,False,4.672,Malayalam,
/content/drive/MyDrive/Audio_dataset/Malayalam/6567.mp3,4.977,-101.34,False,4.864,Malayalam,
/content/drive/MyDrive/Audio_dataset/Malayalam/7303.mp3,5.005,-112.44,False,5.005,Malayalam,
/content/drive/MyDrive/Audio_dataset/Malayalam/7717.mp3,4.981,-137.72,False,4.672,Malayalam,
/content/drive/MyDrive/Audio_dataset/Malayalam/6684.mp3,4.981,-111.69,False,4.981,Malayalam,
/content/drive/MyDrive/Audio_dataset/Malayalam/7558.mp3,5.005,-108.04,False,4.192,Malayalam,
/content/drive/MyDrive/Audio_dataset/Malayalam/7779.mp3,4.981,-104.85,False,4.96,Malayalam,
/content/drive/MyDrive/Audio_dataset/Malayalam/8220.mp3,4.981,-112.31,False,4.864,Malayalam,
/content/drive/MyDrive/Audio_dataset/Malayalam/7280.mp3,4.981,-121.99,False,4.981,Malayalam,
/content/drive/MyDrive/Audio_dataset/Malayalam/6652.mp3,5.005,-109.58,False,4.973,Malayalam,
/content/drive/MyDrive/Audio_dataset/Malayalam/7652.mp3,4.981,-99.98,False,4.981,Malayalam,
/content/drive/MyDrive/Audio_dataset/Malayalam/8474.mp3,4.981,-123.83,False,4.981,Malayalam,
/content/drive/MyDrive/Audio_dataset/Malayalam/844.mp3,5.005,-130.4,False,4.256,Malayalam,
/content/drive/MyDrive/Audio_dataset/Malayalam/8005.mp3,4.981,-108.33,False,4.309,Malayalam,
/content/drive/MyDrive/Audio_dataset/Malayalam/7179.mp3,4.977,-101.4,False,4.977,Malayalam,
/content/drive/MyDrive/Audio_dataset/Malayalam/8089.mp3,4.981,-111.0,False,4.725,Malayalam,
/content/drive/MyDrive/Audio_dataset/Malayalam/6923.mp3,5.005,-130.43,False,3.744,Malayalam,
/content/drive/MyDrive/Audio_dataset/Malayalam/7056.mp3,4.981,-115.69,False,4.48,Malayalam,
/content/drive/MyDrive/Audio_dataset/Malayalam/6856.mp3,5.005,-111.93,False,5.005,Malayalam,
/content/drive/MyDrive/Audio_dataset/Malayalam/6430.mp3,4.981,-100.43,False,4.896,Malayalam,
/content/drive/MyDrive/Audio_dataset/Malayalam/7820.mp3,4.981,-107.99,False,4.981,Malayalam,
/content/drive/MyDrive/Audio_dataset/Malayalam/8557.mp3,5.005,-110.35,False,4.992,Malayalam,
/content/drive/MyDrive/Audio_dataset/Malayalam/8443.mp3,5.004,-107.03,False,4.384,Malayalam,
/content/drive/MyDrive/Audio_dataset/Malayalam/8335.mp3,5.004,-118.5,False,4.492,Malayalam,
/content/drive/MyDrive/Audio_dataset/Malayalam/8461.mp3,5.005,-113.36,False,4.864,Malayalam,
/content/drive/MyDrive/Audio_dataset/Malayalam/6937.mp3,4.981,-116.23,False,4.981,Malayalam,
/content/drive/MyDrive/Audio_dataset/Malayalam/8645.mp3,5.005,-106.79,False,4.237,Malayalam,
/content/drive/MyDrive/Audio_dataset/Malayalam/8809.mp3,5.005,-125.66,False,5.005,Malayalam,
/content/drive/MyDrive/Audio_dataset/Malayalam/9301.mp3,4.981,-114.65,False,4.885,Malayalam,
/content/drive/MyDrive/Audio_dataset/Malayalam/9909.mp3,4.981,-105.14,False,4.533,Malayalam,
/content/drive/MyDrive/Audio_dataset/Malayalam/9622.mp3,5.005,-118.37,False,4.96,Malayalam,
/content/drive/MyDrive/Audio_dataset/Malayalam/9362.mp3,4.981,-102.62,False,4.981,Malayalam,
/content/drive/MyDrive/Audio_dataset/Malayalam/8664.mp3,4.981,-119.45,False,4.981,Malayalam,
/content/drive/MyDrive/Audio_dataset/Malayalam/8736.mp3,5.005,-121.92,False,4.512,Malayalam,
/content/drive/MyDrive/Audio_dataset/Malayalam/9917.mp3,5.005,-110.3,False,5.005,Malayalam,
/content/drive/MyDrive/Audio_dataset/Malayalam/8616.mp3,4.981,-104.44,False,4.981,Malayalam,
/content/drive/MyDrive/Audio_dataset/Malayalam/9154.mp3,5.004,-123.9,False,4.076,Malayalam,
/content/drive/MyDrive/Audio_dataset/Malayalam/9858.mp3,5.005,-124.88,False,5.005,Malayalam,
/content/drive/MyDrive/Audio_dataset/Malayalam/8971.mp3,5.004,-111.63,False,4.416,Malayalam,
/content/drive/MyDrive/Audio_dataset/Malayalam/9436.mp3,5.004,-111.38,False,5.004,Malayalam,
/content/drive/MyDrive/Audio_dataset/Malayalam/9677.mp3,4.977,-112.13,False,4.977,Malayalam,
/content/drive/MyDrive/Audio_dataset/Malayalam/9104.mp3,4.981,-108.51,False,3.584,Malayalam,
/content/drive/MyDrive/Audio_dataset/Malayalam/9995.mp3,5.005,-108.9,False,4.973,Malayalam,
/content/drive/MyDrive/Audio_dataset/Malayalam/8731.mp3,5.005,-127.83,False,4.973,Malayalam,
/content/drive/MyDrive/Audio_dataset/Malayalam/9797.mp3,4.981,-113.01,False,3.232,Malayalam,
/content/drive/MyDrive/Audio_dataset/Malayalam/9040.mp3,4.981,-110.62,False,4.768,Malayalam,
/content/drive/MyDrive/Audio_dataset/Malayalam/9083.mp3,4.981,-125.22,False,4.672,Malayalam,
/content/drive/MyDrive/Audio_dataset/Malayalam/8947.mp3,4.981,-126.97,False,4.981,Malayalam,
/content/drive/MyDrive/Audio_dataset/Malayalam/8792.mp3,4.981,-119.71,False,3.168,Malayalam,
/content/drive/MyDrive/Audio_dataset/Malayalam/9059.mp3,4.981,-105.71,False,4.533,Malayalam,
/content/drive/MyDrive/Audio_dataset/Malayalam/9263.mp3,4.981,-126.19,False,4.693,Malayalam,
/content/drive/MyDrive/Audio_dataset/Malayalam/8575.mp3,4.981,-128.37,False,4.704,Malayalam,
/content/drive/MyDrive/Audio_dataset/Malayalam/9031.mp3,5.005,-108.48,False,4.429,Malayalam,
/content/drive/MyDrive/Audio_dataset/Malayalam/8968.mp3,4.981,-105.49,False,4.981,Malayalam,
/content/drive/MyDrive/Audio_dataset/Malayalam/9185.mp3,4.981,-106.44,False,4.981,Malayalam,
/content/drive/MyDrive/Audio_dataset/Malayalam/9732.mp3,4.981,-103.81,False,4.832,Malayalam,
/content/drive/MyDrive/Audio_dataset/Malayalam/8609.mp3,4.981,-124.89,False,4.128,Malayalam,
/content/drive/MyDrive/Audio_dataset/Malayalam/9351.mp3,4.981,-87.05,False,4.949,Malayalam,
/content/drive/MyDrive/Audio_dataset/Malayalam/8842.mp3,5.005,-115.75,False,5.005,Malayalam,
/content/drive/MyDrive/Audio_dataset/Malayalam/9266.mp3,4.981,-117.54,False,4.64,Malayalam,
/content/drive/MyDrive/Audio_dataset/Malayalam/8592.mp3,4.981,-138.86,False,4.981,Malayalam,
/content/drive/MyDrive/Audio_dataset/Malayalam/8789.mp3,4.981,-115.56,False,4.64,Malayalam,
/content/drive/MyDrive/Audio_dataset/Malayalam/9944.mp3,4.981,-109.07,False,4.981,Malayalam,
/content/drive/MyDrive/Audio_dataset/Malayalam/9996.mp3,4.977,-111.47,False,4.817,Malayalam,
/content/drive/MyDrive/Audio_dataset/Malayalam/9424.mp3,4.981,-119.76,False,4.981,Malayalam,
/content/drive/MyDrive/Audio_dataset/Malayalam/8990.mp3,4.981,-112.81,False,4.981,Malayalam,
/content/drive/MyDrive/Audio_dataset/Malayalam/9224.mp3,4.981,-118.75,False,4.981,Malayalam,
/content/drive/MyDrive/Audio_dataset/Malayalam/9559.mp3,4.981,-108.34,False,4.981,Malayalam,
/content/drive/MyDrive/Audio_dataset/Malayalam/9425.mp3,4.977,-103.01,False,4.593,Malayalam,
/content/drive/MyDrive/Audio_dataset/Malayalam/8807.mp3,5.004,-114.81,False,4.62,Malayalam,
/content/drive/MyDrive/Audio_dataset/Malayalam/9715.mp3,4.981,-121.98,False,4.981,Malayalam,
/content/drive/MyDrive/Audio_dataset/Malayalam/9509.mp3,5.005,-152.05,False,4.909,Malayalam,
/content/drive/MyDrive/Audio_dataset/Malayalam/8725.mp3,5.005,-105.36,False,4.032,Malayalam,
/content/drive/MyDrive/Audio_dataset/Malayalam/9011.mp3,4.981,-108.11,False,3.392,Malayalam,
/content/drive/MyDrive/Audio_dataset/Malayalam/9271.mp3,4.981,-117.89,False,4.64,Malayalam,
/content/drive/MyDrive/Audio_dataset/Malayalam/9246.mp3,5.005,-117.36,False,4.973,Malayalam,
/content/drive/MyDrive/Audio_dataset/Malayalam/9601.mp3,5.005,-113.95,False,4.288,Malayalam,
/content/drive/MyDrive/Audio_dataset/Malayalam/9348.mp3,5.005,-115.81,False,5.005,Malayalam,
/content/drive/MyDrive/Audio_dataset/Malayalam/8891.mp3,4.981,-109.36,False,4.981,Malayalam,
/content/drive/MyDrive/Audio_dataset/Malayalam/9312.mp3,5.004,-116.92,False,4.608,Malayalam,
/content/drive/MyDrive/Audio_dataset/Malayalam/8585.mp3,4.981,-106.14,False,4.576,Malayalam,
/content/drive/MyDrive/Audio_dataset/Malayalam/9411.mp3,5.005,-112.9,False,3.936,Malayalam,
/content/drive/MyDrive/Audio_dataset/Malayalam/8849.mp3,4.981,-116.32,False,4.704,Malayalam,
/content/drive/MyDrive/Audio_dataset/Malayalam/8598.mp3,4.981,-112.15,False,4.981,Malayalam,
/content/drive/MyDrive/Audio_dataset/Malayalam/9740.mp3,4.981,-120.95,False,4.64,Malayalam,
/content/drive/MyDrive/Audio_dataset/Malayalam/9459.mp3,5.004,-90.11,False,5.004,Malayalam,
/content/drive/MyDrive/Audio_dataset/Malayalam/9434.mp3,4.981,-122.96,False,3.744,Malayalam,
/content/drive/MyDrive/Audio_dataset/Malayalam/9315.mp3,4.981,-118.96,False,3.584,Malayalam,
/content/drive/MyDrive/Audio_dataset/Malayalam/9840.mp3,4.981,-103.12,False,4.949,Malayalam,
/content/drive/MyDrive/Audio_dataset/Malayalam/8885.mp3,4.981,-124.42,False,3.392,Malayalam,
/content/drive/MyDrive/Audio_dataset/Malayalam/9889.mp3,5.005,-115.97,False,4.672,Malayalam,
/content/drive/MyDrive/Audio_dataset/Marathi/10167.mp3,4.977,-103.77,False,4.977,Marathi,
/content/drive/MyDrive/Audio_dataset/Marathi/10418.mp3,4.981,-110.0,False,4.192,Marathi,
/content/drive/MyDrive/Audio_dataset/Marathi/10703.mp3,5.005,-80.11,False,5.005,Marathi,
/content/drive/MyDrive/Audio_dataset/Marathi/10304.mp3,4.981,-101.83,False,3.904,Marathi,
/content/drive/MyDrive/Audio_dataset/Marathi/10503.mp3,5.005,-91.63,False,4.525,Marathi,
/content/drive/MyDrive/Audio_dataset/Marathi/11246.mp3,4.977,-118.85,False,4.721,Marathi,
/content/drive/MyDrive/Audio_dataset/Marathi/11140.mp3,4.981,-116.23,False,4.885,Marathi,
/content/drive/MyDrive/Audio_dataset/Marathi/10618.mp3,4.977,-109.09,False,4.913,Marathi,
/content/drive/MyDrive/Audio_dataset/Marathi/10294.mp3,5.004,-107.37,False,5.004,Marathi,
/content/drive/MyDrive/Audio_dataset/Marathi/11161.mp3,5.004,-107.23,False,4.864,Marathi,
/content/drive/MyDrive/Audio_dataset/Marathi/1027.mp3,5.004,-119.22,False,5.004,Marathi,
/content/drive/MyDrive/Audio_dataset/Marathi/10852.mp3,4.981,-118.64,False,4.341,Marathi,
/content/drive/MyDrive/Audio_dataset/Marathi/10504.mp3,4.981,-142.63,False,3.989,Marathi,
/content/drive/MyDrive/Audio_dataset/Marathi/10351.mp3,4.977,-106.88,False,4.896,Marathi,
/content/drive/MyDrive/Audio_dataset/Marathi/1053.mp3,4.977,-120.8,False,4.977,Marathi,
/content/drive/MyDrive/Audio_dataset/Marathi/10087.mp3,4.981,-128.59,False,4.661,Marathi,
/content/drive/MyDrive/Audio_dataset/Marathi/1013.mp3,4.981,-128.31,False,4.949,Marathi,
/content/drive/MyDrive/Audio_dataset/Marathi/1024.mp3,4.981,-120.77,False,4.149,Marathi,
/content/drive/MyDrive/Audio_dataset/Marathi/10901.mp3,4.981,-119.38,False,4.981,Marathi,
/content/drive/MyDrive/Audio_dataset/Marathi/10686.mp3,4.977,-103.84,False,4.977,Marathi,
/content/drive/MyDrive/Audio_dataset/Marathi/11044.mp3,5.004,-73.76,False,4.768,Marathi,
/content/drive/MyDrive/Audio_dataset/Marathi/11203.mp3,5.004,-100.44,False,4.236,Marathi,
/content/drive/MyDrive/Audio_dataset/Marathi/10630.mp3,4.981,-155.46,False,4.608,Marathi,
/content/drive/MyDrive/Audio_dataset/Marathi/11083.mp3,5.005,-139.58,False,4.512,Marathi,
/content/drive/MyDrive/Audio_dataset/Marathi/11188.mp3,4.981,-87.58,False,4.981,Marathi,
/content/drive/MyDrive/Audio_dataset/Marathi/11071.mp3,4.977,-111.14,False,4.704,Marathi,
/content/drive/MyDrive/Audio_dataset/Marathi/10602.mp3,4.977,-76.87,False,4.945,Marathi,
/content/drive/MyDrive/Audio_dataset/Marathi/11028.mp3,4.977,-87.95,False,4.832,Marathi,
/content/drive/MyDrive/Audio_dataset/Marathi/10296.mp3,5.005,-114.52,False,5.005,Marathi,
/content/drive/MyDrive/Audio_dataset/Marathi/11114.mp3,4.977,-94.51,False,4.977,Marathi,
/content/drive/MyDrive/Audio_dataset/Marathi/10176.mp3,4.981,-129.35,False,4.8,Marathi,
/content/drive/MyDrive/Audio_dataset/Marathi/10301.mp3,5.004,-124.11,False,4.192,Marathi,
/content/drive/MyDrive/Audio_dataset/Marathi/11014.mp3,5.005,-118.16,False,4.973,Marathi,
/content/drive/MyDrive/Audio_dataset/Marathi/1002.mp3,5.005,-119.85,False,4.941,Marathi,
/content/drive/MyDrive/Audio_dataset/Marathi/1070.mp3,4.977,-111.4,False,3.136,Marathi,
/content/drive/MyDrive/Audio_dataset/Marathi/10013.mp3,4.981,-94.48,False,4.544,Marathi,
/content/drive/MyDrive/Audio_dataset/Marathi/10371.mp3,5.004,-74.2,False,4.864,Marathi,
/content/drive/MyDrive/Audio_dataset/Marathi/10348.mp3,4.977,-96.43,False,4.977,Marathi,
/content/drive/MyDrive/Audio_dataset/Marathi/1074.mp3,4.977,-113.63,False,4.704,Marathi,
/content/drive/MyDrive/Audio_dataset/Marathi/12536.mp3,4.981,-134.88,False,4.981,Marathi,
/content/drive/MyDrive/Audio_dataset/Marathi/12436.mp3,5.004,-104.36,False,5.004,Marathi,
/content/drive/MyDrive/Audio_dataset/Marathi/11579.mp3,5.004,-107.02,False,4.972,Marathi,
/content/drive/MyDrive/Audio_dataset/Marathi/12771.mp3,4.981,-99.39,False,4.8,Marathi,
/content/drive/MyDrive/Audio_dataset/Marathi/1204.mp3,4.977,-127.1,False,4.497,Marathi,
/content/drive/MyDrive/Audio_dataset/Marathi/12470.mp3,4.981,-109.09,False,4.981,Marathi,
/content/drive/MyDrive/Audio_dataset/Marathi/11813.mp3,4.981,-102.72,False,4.661,Marathi,
/content/drive/MyDrive/Audio_dataset/Marathi/12715.mp3,4.981,-122.92,False,4.981,Marathi,
/content/drive/MyDrive/Audio_dataset/Marathi/12492.mp3,5.004,-129.01,False,4.608,Marathi,
/content/drive/MyDrive/Audio_dataset/Marathi/12204.mp3,5.005,-127.39,False,4.192,Marathi,
/content/drive/MyDrive/Audio_dataset/Marathi/1222.mp3,4.977,-118.51,False,4.913,Marathi,
/content/drive/MyDrive/Audio_dataset/Marathi/11275.mp3,4.977,-105.04,False,1.152,Marathi,
/content/drive/MyDrive/Audio_dataset/Marathi/12349.mp3,4.977,-103.92,False,4.913,Marathi,
/content/drive/MyDrive/Audio_dataset/Marathi/12647.mp3,5.005,-102.78,False,5.005,Marathi,
/content/drive/MyDrive/Audio_dataset/Marathi/11452.mp3,4.981,-119.52,False,4.725,Marathi,
/content/drive/MyDrive/Audio_dataset/Marathi/11430.mp3,4.977,-83.86,False,4.608,Marathi,
/content/drive/MyDrive/Audio_dataset/Marathi/12553.mp3,5.005,-96.15,False,5.005,Marathi,
/content/drive/MyDrive/Audio_dataset/Marathi/11681.mp3,4.977,-107.68,False,4.768,Marathi,
/content/drive/MyDrive/Audio_dataset/Marathi/1213.mp3,4.977,-104.4,False,4.128,Marathi,
/content/drive/MyDrive/Audio_dataset/Marathi/12603.mp3,4.981,-114.87,False,4.981,Marathi,
/content/drive/MyDrive/Audio_dataset/Marathi/11683.mp3,4.977,-84.32,False,4.977,Marathi,
/content/drive/MyDrive/Audio_dataset/Marathi/11288.mp3,5.004,-75.32,False,4.78,Marathi,
/content/drive/MyDrive/Audio_dataset/Marathi/12637.mp3,4.981,-121.56,False,4.981,Marathi,
/content/drive/MyDrive/Audio_dataset/Marathi/12656.mp3,5.005,-91.36,False,4.973,Marathi,
/content/drive/MyDrive/Audio_dataset/Marathi/12907.mp3,5.005,-139.22,False,3.904,Marathi,
/content/drive/MyDrive/Audio_dataset/Marathi/11704.mp3,4.981,-120.99,False,4.981,Marathi,
/content/drive/MyDrive/Audio_dataset/Marathi/11519.mp3,4.981,-125.47,False,4.288,Marathi,
/content/drive/MyDrive/Audio_dataset/Marathi/12393.mp3,5.005,-128.44,False,4.896,Marathi,
/content/drive/MyDrive/Audio_dataset/Marathi/12516.mp3,4.977,-122.25,False,4.977,Marathi,
/content/drive/MyDrive/Audio_dataset/Marathi/12726.mp3,5.005,-114.92,False,4.877,Marathi,
/content/drive/MyDrive/Audio_dataset/Marathi/11584.mp3,4.977,-64.42,False,4.945,Marathi,
/content/drive/MyDrive/Audio_dataset/Marathi/11769.mp3,5.004,-121.13,False,4.704,Marathi,
/content/drive/MyDrive/Audio_dataset/Marathi/11368.mp3,4.981,-109.75,False,3.296,Marathi,
/content/drive/MyDrive/Audio_dataset/Marathi/11507.mp3,5.005,-122.89,False,4.525,Marathi,
/content/drive/MyDrive/Audio_dataset/Marathi/11306.mp3,4.981,-94.2,False,4.981,Marathi,
/content/drive/MyDrive/Audio_dataset/Marathi/11406.mp3,5.005,-113.77,False,5.005,Marathi,
/content/drive/MyDrive/Audio_dataset/Marathi/11969.mp3,4.977,-94.5,False,4.785,Marathi,
/content/drive/MyDrive/Audio_dataset/Marathi/11474.mp3,4.977,-131.12,False,4.945,Marathi,
/content/drive/MyDrive/Audio_dataset/Marathi/11804.mp3,5.004,-91.77,False,5.004,Marathi,
/content/drive/MyDrive/Audio_dataset/Marathi/12799.mp3,5.004,-87.17,False,4.972,Marathi,
/content/drive/MyDrive/Audio_dataset/Marathi/12888.mp3,4.981,-131.15,False,4.704,Marathi,
/content/drive/MyDrive/Audio_dataset/Marathi/11779.mp3,5.004,-107.77,False,4.64,Marathi,
/content/drive/MyDrive/Audio_dataset/Marathi/11324.mp3,4.977,-109.46,False,4.273,Marathi,
/content/drive/MyDrive/Audio_dataset/Marathi/12769.mp3,5.004,-101.97,False,3.904,Marathi,
/content/drive/MyDrive/Audio_dataset/Marathi/12398.mp3,5.004,-126.5,False,4.096,Marathi,
/content/drive/MyDrive/Audio_dataset/Marathi/12473.mp3,5.004,-108.66,False,4.96,Marathi,
/content/drive/MyDrive/Audio_dataset/Marathi/12835.mp3,5.004,-101.17,False,3.392,Marathi,
/content/drive/MyDrive/Audio_dataset/Marathi/11670.mp3,5.004,-107.94,False,4.844,Marathi,
/content/drive/MyDrive/Audio_dataset/Marathi/11701.mp3,5.004,-121.23,False,4.96,Marathi,
/content/drive/MyDrive/Audio_dataset/Marathi/11960.mp3,4.977,-104.33,False,4.768,Marathi,
/content/drive/MyDrive/Audio_dataset/Marathi/11590.mp3,4.977,-142.37,False,4.433,Marathi,
/content/drive/MyDrive/Audio_dataset/Marathi/12040.mp3,4.977,-102.54,False,4.817,Marathi,
/content/drive/MyDrive/Audio_dataset/Marathi/11341.mp3,5.005,-100.56,False,5.005,Marathi,
/content/drive/MyDrive/Audio_dataset/Marathi/12166.mp3,4.99,-112.88,False,3.39,Marathi,
/content/drive/MyDrive/Audio_dataset/Marathi/12182.mp3,4.977,-79.88,False,4.945,Marathi,
/content/drive/MyDrive/Audio_dataset/Marathi/11671.mp3,4.977,-110.0,False,3.744,Marathi,
/content/drive/MyDrive/Audio_dataset/Marathi/12330.mp3,5.005,-88.88,False,5.005,Marathi,
/content/drive/MyDrive/Audio_dataset/Marathi/12089.mp3,5.005,-102.4,False,4.288,Marathi,
/content/drive/MyDrive/Audio_dataset/Marathi/11473.mp3,4.977,-81.28,False,4.849,Marathi,
/content/drive/MyDrive/Audio_dataset/Marathi/11440.mp3,4.981,-103.76,False,4.213,Marathi,
/content/drive/MyDrive/Audio_dataset/Marathi/1132.mp3,4.977,-70.68,False,4.977,Marathi,
/content/drive/MyDrive/Audio_dataset/Marathi/12482.mp3,4.981,-129.45,False,4.16,Marathi,
/content/drive/MyDrive/Audio_dataset/Marathi/11542.mp3,4.981,-122.46,False,4.885,Marathi,
/content/drive/MyDrive/Audio_dataset/Marathi/11958.mp3,4.981,-125.5,False,4.853,Marathi,
/content/drive/MyDrive/Audio_dataset/Marathi/11381.mp3,4.977,-92.81,False,4.977,Marathi,
/content/drive/MyDrive/Audio_dataset/Marathi/12710.mp3,5.005,-130.9,False,4.864,Marathi,
/content/drive/MyDrive/Audio_dataset/Marathi/11714.mp3,5.005,-105.9,False,5.005,Marathi,
/content/drive/MyDrive/Audio_dataset/Marathi/11602.mp3,4.981,-75.74,False,4.981,Marathi,
/content/drive/MyDrive/Audio_dataset/Marathi/12390.mp3,4.977,-109.21,False,4.945,Marathi,
/content/drive/MyDrive/Audio_dataset/Marathi/11930.mp3,5.004,-109.74,False,4.0,Marathi,
/content/drive/MyDrive/Audio_dataset/Marathi/1192.mp3,5.004,-107.26,False,4.544,Marathi,
/content/drive/MyDrive/Audio_dataset/Marathi/12727.mp3,5.005,-136.82,False,4.448,Marathi,
/content/drive/MyDrive/Audio_dataset/Marathi/12551.mp3,4.981,-133.08,False,4.981,Marathi,
/content/drive/MyDrive/Audio_dataset/Marathi/11428.mp3,4.977,-100.83,False,3.36,Marathi,
/content/drive/MyDrive/Audio_dataset/Marathi/11907.mp3,4.977,-115.29,False,4.497,Marathi,
/content/drive/MyDrive/Audio_dataset/Marathi/11627.mp3,4.977,-111.51,False,4.544,Marathi,
/content/drive/MyDrive/Audio_dataset/Marathi/12247.mp3,5.005,-116.82,False,4.288,Marathi,
/content/drive/MyDrive/Audio_dataset/Marathi/11463.mp3,4.977,-118.45,False,2.417,Marathi,
/content/drive/MyDrive/Audio_dataset/Marathi/13788.mp3,4.981,-98.24,False,4.981,Marathi,
/content/drive/MyDrive/Audio_dataset/Marathi/1470 (1).mp3,4.981,-115.6,False,4.512,Marathi,
/content/drive/MyDrive/Audio_dataset/Marathi/13361.mp3,5.004,-75.46,False,4.684,Marathi,
/content/drive/MyDrive/Audio_dataset/Marathi/14063.mp3,5.004,-114.84,False,4.416,Marathi,
/content/drive/MyDrive/Audio_dataset/Marathi/14740.mp3,5.004,-93.22,False,5.004,Marathi,
/content/drive/MyDrive/Audio_dataset/Marathi/13141.mp3,4.981,-104.77,False,3.573,Marathi,
/content/drive/MyDrive/Audio_dataset/Marathi/14603.mp3,5.005,-111.6,False,5.005,Marathi,
/content/drive/MyDrive/Audio_dataset/Marathi/13726.mp3,4.977,-71.92,False,4.817,Marathi,
/content/drive/MyDrive/Audio_dataset/Marathi/13463.mp3,5.004,-122.55,False,4.032,Marathi,
/content/drive/MyDrive/Audio_dataset/Marathi/13057.mp3,4.981,-100.64,False,4.981,Marathi,
/content/drive/MyDrive/Audio_dataset/Marathi/12938.mp3,4.977,-89.89,False,4.433,Marathi,
/content/drive/MyDrive/Audio_dataset/Marathi/12941.mp3,5.004,-74.05,False,4.972,Marathi,
/content/drive/MyDrive/Audio_dataset/Marathi/14145.mp3,4.977,-108.98,False,4.977,Marathi,
/content/drive/MyDrive/Audio_dataset/Marathi/14661.mp3,5.004,-79.11,False,5.004,Marathi,
/content/drive/MyDrive/Audio_dataset/Marathi/14630.mp3,5.005,-114.94,False,5.005,Marathi,
/content/drive/MyDrive/Audio_dataset/Marathi/14332.mp3,5.004,-71.78,False,4.94,Marathi,
/content/drive/MyDrive/Audio_dataset/Marathi/14053.mp3,4.977,-105.81,False,4.753,Marathi,
/content/drive/MyDrive/Audio_dataset/Marathi/14313.mp3,4.981,-117.11,False,2.08,Marathi,
/content/drive/MyDrive/Audio_dataset/Marathi/13642.mp3,4.977,-75.02,False,4.672,Marathi,
/content/drive/MyDrive/Audio_dataset/Marathi/13806.mp3,4.977,-75.93,False,4.689,Marathi,
/content/drive/MyDrive/Audio_dataset/Marathi/14171.mp3,4.981,-110.74,False,4.981,Marathi,
/content/drive/MyDrive/Audio_dataset/Marathi/14477.mp3,4.981,-87.17,False,4.981,Marathi,
/content/drive/MyDrive/Audio_dataset/Marathi/14334.mp3,4.977,-83.36,False,4.977,Marathi,
/content/drive/MyDrive/Audio_dataset/Marathi/13163.mp3,5.005,-107.18,False,5.005,Marathi,
/content/drive/MyDrive/Audio_dataset/Marathi/13675.mp3,4.977,-85.7,False,4.977,Marathi,
/content/drive/MyDrive/Audio_dataset/Marathi/13460.mp3,4.981,-108.35,False,4.96,Marathi,
/content/drive/MyDrive/Audio_dataset/Marathi/14285.mp3,4.981,-134.01,False,4.981,Marathi,
/content/drive/MyDrive/Audio_dataset/Marathi/13126.mp3,4.981,-126.72,False,4.981,Marathi,
/content/drive/MyDrive/Audio_dataset/Marathi/14606.mp3,4.981,-120.56,False,4.245,Marathi,
/content/drive/MyDrive/Audio_dataset/Marathi/13344.mp3,5.004,-93.76,False,5.004,Marathi,
/content/drive/MyDrive/Audio_dataset/Marathi/13787.mp3,4.981,-92.2,False,4.917,Marathi,
/content/drive/MyDrive/Audio_dataset/Marathi/14390.mp3,4.977,-84.37,False,4.785,Marathi,
/content/drive/MyDrive/Audio_dataset/Marathi/1441.mp3,5.005,-133.44,False,5.005,Marathi,
/content/drive/MyDrive/Audio_dataset/Marathi/13539.mp3,4.981,-101.85,False,3.424,Marathi,
/content/drive/MyDrive/Audio_dataset/Marathi/1470.mp3,4.981,-115.6,False,4.512,Marathi,
/content/drive/MyDrive/Audio_dataset/Marathi/14783 (1).mp3,5.004,-114.23,False,3.072,Marathi,
/content/drive/MyDrive/Audio_dataset/Marathi/13178.mp3,5.005,-107.5,False,4.96,Marathi,
/content/drive/MyDrive/Audio_dataset/Marathi/14160.mp3,5.004,-91.54,False,5.004,Marathi,
/content/drive/MyDrive/Audio_dataset/Marathi/14084.mp3,4.977,-85.9,False,4.768,Marathi,
/content/drive/MyDrive/Audio_dataset/Marathi/14773.mp3,5.004,-111.54,False,4.672,Marathi,
/content/drive/MyDrive/Audio_dataset/Marathi/12913.mp3,4.981,-105.8,False,4.981,Marathi,
/content/drive/MyDrive/Audio_dataset/Marathi/13310.mp3,4.977,-125.47,False,4.64,Marathi,
/content/drive/MyDrive/Audio_dataset/Marathi/14064.mp3,5.004,-77.24,False,5.004,Marathi,
/content/drive/MyDrive/Audio_dataset/Marathi/13802.mp3,4.977,-102.68,False,4.945,Marathi,
/content/drive/MyDrive/Audio_dataset/Marathi/14552.mp3,4.981,-111.94,False,4.885,Marathi,
/content/drive/MyDrive/Audio_dataset/Marathi/13906.mp3,5.005,-125.04,False,4.992,Marathi,
/content/drive/MyDrive/Audio_dataset/Marathi/13440.mp3,4.977,-117.06,False,4.977,Marathi,
/content/drive/MyDrive/Audio_dataset/Marathi/12916.mp3,4.981,-118.47,False,4.981,Marathi,
/content/drive/MyDrive/Audio_dataset/Marathi/12994.mp3,4.977,-109.72,False,4.945,Marathi,
/content/drive/MyDrive/Audio_dataset/Marathi/13985.mp3,4.981,-86.07,False,4.48,Marathi,
/content/drive/MyDrive/Audio_dataset/Marathi/13487.mp3,5.004,-117.01,False,4.48,Marathi,
/content/drive/MyDrive/Audio_dataset/Marathi/13738.mp3,4.977,-92.41,False,4.753,Marathi,
/content/drive/MyDrive/Audio_dataset/Marathi/14635.mp3,4.981,-93.33,False,4.501,Marathi,
/content/drive/MyDrive/Audio_dataset/Marathi/14448.mp3,4.981,-121.47,False,4.885,Marathi,
/content/drive/MyDrive/Audio_dataset/Marathi/12971.mp3,4.981,-89.57,False,4.64,Marathi,
/content/drive/MyDrive/Audio_dataset/Marathi/1448.mp3,4.981,-121.81,False,4.981,Marathi,
/content/drive/MyDrive/Audio_dataset/Marathi/13615.mp3,4.977,-110.17,False,4.896,Marathi,
/content/drive/MyDrive/Audio_dataset/Marathi/14703 (1).mp3,5.004,-82.83,False,5.004,Marathi,
/content/drive/MyDrive/Audio_dataset/Marathi/13132.mp3,5.005,-152.03,False,4.512,Marathi,
/content/drive/MyDrive/Audio_dataset/Marathi/13711.mp3,4.977,-91.32,False,4.977,Marathi,
/content/drive/MyDrive/Audio_dataset/Marathi/12959.mp3,4.981,-122.4,False,4.928,Marathi,
/content/drive/MyDrive/Audio_dataset/Marathi/13082.mp3,5.004,-112.2,False,5.004,Marathi,
/content/drive/MyDrive/Audio_dataset/Marathi/14299.mp3,4.977,-111.06,False,4.544,Marathi,
/content/drive/MyDrive/Audio_dataset/Marathi/14580.mp3,5.004,-76.91,False,5.004,Marathi,
/content/drive/MyDrive/Audio_dataset/Marathi/13107.mp3,4.981,-114.51,False,4.981,Marathi,
/content/drive/MyDrive/Audio_dataset/Marathi/13409.mp3,4.981,-83.2,False,4.981,Marathi,
/content/drive/MyDrive/Audio_dataset/Marathi/14030.mp3,4.977,-92.42,False,4.977,Marathi,
/content/drive/MyDrive/Audio_dataset/Marathi/14177.mp3,5.005,-137.65,False,4.909,Marathi,
/content/drive/MyDrive/Audio_dataset/Marathi/13934.mp3,5.004,-112.56,False,5.004,Marathi,
/content/drive/MyDrive/Audio_dataset/Marathi/1320.mp3,4.981,-122.54,False,4.981,Marathi,
/content/drive/MyDrive/Audio_dataset/Marathi/13783.mp3,4.981,-120.76,False,4.853,Marathi,
/content/drive/MyDrive/Audio_dataset/Marathi/13843.mp3,4.977,-112.19,False,4.977,Marathi,
/content/drive/MyDrive/Audio_dataset/Marathi/14017.mp3,4.981,-104.64,False,4.64,Marathi,
/content/drive/MyDrive/Audio_dataset/Marathi/14534.mp3,4.977,-70.77,False,4.945,Marathi,
/content/drive/MyDrive/Audio_dataset/Marathi/13945.mp3,4.977,-91.19,False,4.977,Marathi,
/content/drive/MyDrive/Audio_dataset/Marathi/14051.mp3,5.005,-102.46,False,4.973,Marathi,
/content/drive/MyDrive/Audio_dataset/Marathi/14704.mp3,4.981,-88.36,False,4.053,Marathi,
/content/drive/MyDrive/Audio_dataset/Marathi/14650.mp3,4.977,-81.88,False,4.977,Marathi,
/content/drive/MyDrive/Audio_dataset/Marathi/12924.mp3,5.004,-99.63,False,4.288,Marathi,
/content/drive/MyDrive/Audio_dataset/Marathi/12928.mp3,5.005,-102.62,False,4.608,Marathi,
/content/drive/MyDrive/Audio_dataset/Marathi/14049.mp3,4.977,-88.26,False,4.977,Marathi,
/content/drive/MyDrive/Audio_dataset/Marathi/14703.mp3,5.004,-82.83,False,5.004,Marathi,
/content/drive/MyDrive/Audio_dataset/Marathi/14783.mp3,5.004,-114.23,False,3.072,Marathi,
/content/drive/MyDrive/Audio_dataset/Marathi/13587.mp3,4.977,-100.32,False,4.32,Marathi,
/content/drive/MyDrive/Audio_dataset/Marathi/12965.mp3,5.005,-128.33,False,5.005,Marathi,
/content/drive/MyDrive/Audio_dataset/Marathi/15027.mp3,4.977,-111.89,False,4.913,Marathi,
/content/drive/MyDrive/Audio_dataset/Marathi/15963.mp3,4.981,-119.02,False,4.341,Marathi,
/content/drive/MyDrive/Audio_dataset/Marathi/16092.mp3,5.005,-82.06,False,4.845,Marathi,
/content/drive/MyDrive/Audio_dataset/Marathi/15441.mp3,4.977,-83.37,False,3.264,Marathi,
/content/drive/MyDrive/Audio_dataset/Marathi/16238.mp3,4.977,-114.4,False,4.817,Marathi,
/content/drive/MyDrive/Audio_dataset/Marathi/15345.mp3,4.981,-100.67,False,4.981,Marathi,
/content/drive/MyDrive/Audio_dataset/Marathi/149 (1).mp3,4.977,-133.58,False,4.977,Marathi,
/content/drive/MyDrive/Audio_dataset/Marathi/15828.mp3,4.981,-107.91,False,4.32,Marathi,
/content/drive/MyDrive/Audio_dataset/Marathi/15592.mp3,4.981,-150.65,False,4.981,Marathi,
/content/drive/MyDrive/Audio_dataset/Marathi/1596.mp3,5.004,-116.43,False,4.972,Marathi,
/content/drive/MyDrive/Audio_dataset/Marathi/15555.mp3,5.004,-86.35,False,4.972,Marathi,
/content/drive/MyDrive/Audio_dataset/Marathi/15481.mp3,5.004,-100.66,False,5.004,Marathi,
/content/drive/MyDrive/Audio_dataset/Marathi/15469.mp3,5.005,-102.1,False,5.005,Marathi,
/content/drive/MyDrive/Audio_dataset/Marathi/15904.mp3,4.977,-67.21,False,4.977,Marathi,
/content/drive/MyDrive/Audio_dataset/Marathi/15653.mp3,4.977,-109.27,False,4.945,Marathi,
/content/drive/MyDrive/Audio_dataset/Marathi/15158.mp3,4.981,-98.58,False,4.981,Marathi,
/content/drive/MyDrive/Audio_dataset/Marathi/15317.mp3,5.005,-92.32,False,4.877,Marathi,
/content/drive/MyDrive/Audio_dataset/Marathi/15981.mp3,4.977,-111.68,False,4.465,Marathi,
/content/drive/MyDrive/Audio_dataset/Marathi/16104.mp3,4.981,-94.52,False,4.981,Marathi,
/content/drive/MyDrive/Audio_dataset/Marathi/16167.mp3,5.004,-113.85,False,4.608,Marathi,
/content/drive/MyDrive/Audio_dataset/Marathi/15385.mp3,5.004,-111.21,False,5.004,Marathi,
/content/drive/MyDrive/Audio_dataset/Marathi/16467.mp3,4.981,-107.94,False,4.949,Marathi,
/content/drive/MyDrive/Audio_dataset/Marathi/15854.mp3,4.981,-124.25,False,4.725,Marathi,
/content/drive/MyDrive/Audio_dataset/Marathi/15817.mp3,4.981,-82.04,False,4.928,Marathi,
/content/drive/MyDrive/Audio_dataset/Marathi/14944 (1).mp3,4.981,-120.36,False,4.544,Marathi,
/content/drive/MyDrive/Audio_dataset/Marathi/15001.mp3,4.981,-131.77,False,3.584,Marathi,
/content/drive/MyDrive/Audio_dataset/Marathi/1642.mp3,4.977,-88.96,False,4.8,Marathi,
/content/drive/MyDrive/Audio_dataset/Marathi/15712.mp3,5.004,-115.29,False,4.064,Marathi,
/content/drive/MyDrive/Audio_dataset/Marathi/16097.mp3,4.981,-154.11,False,4.192,Marathi,
/content/drive/MyDrive/Audio_dataset/Marathi/15639.mp3,4.981,-108.65,False,4.981,Marathi,
/content/drive/MyDrive/Audio_dataset/Marathi/16160.mp3,4.981,-89.87,False,4.981,Marathi,
/content/drive/MyDrive/Audio_dataset/Marathi/15337.mp3,4.981,-123.17,False,4.352,Marathi,
/content/drive/MyDrive/Audio_dataset/Marathi/15249.mp3,5.004,-106.92,False,4.748,Marathi,
/content/drive/MyDrive/Audio_dataset/Marathi/16320.mp3,4.981,-113.91,False,4.949,Marathi,
/content/drive/MyDrive/Audio_dataset/Marathi/15737.mp3,4.981,-124.11,False,4.661,Marathi,
/content/drive/MyDrive/Audio_dataset/Marathi/15428.mp3,5.005,-119.52,False,4.608,Marathi,
/content/drive/MyDrive/Audio_dataset/Marathi/15771.mp3,5.005,-103.59,False,4.672,Marathi,
/content/drive/MyDrive/Audio_dataset/Marathi/15 (1).mp3,5.004,-105.4,False,4.96,Marathi,
/content/drive/MyDrive/Audio_dataset/Marathi/15681.mp3,4.977,-98.97,False,4.209,Marathi,
/content/drive/MyDrive/Audio_dataset/Marathi/16246.mp3,4.977,-112.21,False,4.64,Marathi,
/content/drive/MyDrive/Audio_dataset/Marathi/15411.mp3,5.005,-122.6,False,5.005,Marathi,
/content/drive/MyDrive/Audio_dataset/Marathi/16131.mp3,5.005,-86.68,False,4.301,Marathi,
/content/drive/MyDrive/Audio_dataset/Marathi/1531.mp3,5.004,-110.9,False,4.972,Marathi,
/content/drive/MyDrive/Audio_dataset/Marathi/1606.mp3,5.004,-73.79,False,4.96,Marathi,
/content/drive/MyDrive/Audio_dataset/Marathi/1600.mp3,4.981,-94.92,False,4.981,Marathi,
/content/drive/MyDrive/Audio_dataset/Marathi/15420.mp3,4.981,-106.78,False,4.981,Marathi,
/content/drive/MyDrive/Audio_dataset/Marathi/149.mp3,4.977,-133.58,False,4.977,Marathi,
/content/drive/MyDrive/Audio_dataset/Marathi/15720.mp3,4.977,-109.88,False,4.465,Marathi,
/content/drive/MyDrive/Audio_dataset/Marathi/15516.mp3,5.004,-83.53,False,4.96,Marathi,
/content/drive/MyDrive/Audio_dataset/Marathi/14984.mp3,5.005,-129.28,False,4.845,Marathi,
/content/drive/MyDrive/Audio_dataset/Marathi/14944.mp3,4.981,-120.36,False,4.544,Marathi,
/content/drive/MyDrive/Audio_dataset/Marathi/15642.mp3,4.977,-115.57,False,4.977,Marathi,
/content/drive/MyDrive/Audio_dataset/Marathi/15742.mp3,5.005,-146.63,False,5.005,Marathi,
/content/drive/MyDrive/Audio_dataset/Marathi/15378.mp3,5.004,-122.22,False,4.972,Marathi,
/content/drive/MyDrive/Audio_dataset/Marathi/16432.mp3,4.977,-107.53,False,4.465,Marathi,
/content/drive/MyDrive/Audio_dataset/Marathi/16010.mp3,5.004,-80.22,False,4.62,Marathi,
/content/drive/MyDrive/Audio_dataset/Marathi/16532.mp3,5.005,-120.26,False,5.005,Marathi,
/content/drive/MyDrive/Audio_dataset/Marathi/15726.mp3,4.977,-76.94,False,4.977,Marathi,
/content/drive/MyDrive/Audio_dataset/Marathi/15.mp3,5.004,-105.4,False,4.96,Marathi,
/content/drive/MyDrive/Audio_dataset/Marathi/16256.mp3,5.005,-95.52,False,2.272,Marathi,
/content/drive/MyDrive/Audio_dataset/Marathi/14821 (1).mp3,4.981,-123.2,False,4.917,Marathi,
/content/drive/MyDrive/Audio_dataset/Marathi/15899.mp3,5.005,-116.66,False,5.005,Marathi,
/content/drive/MyDrive/Audio_dataset/Marathi/14810.mp3,4.977,-125.11,False,4.529,Marathi,
/content/drive/MyDrive/Audio_dataset/Marathi/16065.mp3,4.977,-106.18,False,4.977,Marathi,
/content/drive/MyDrive/Audio_dataset/Marathi/15183.mp3,4.977,-110.34,False,4.0,Marathi,
/content/drive/MyDrive/Audio_dataset/Marathi/15997.mp3,4.977,-123.94,False,4.864,Marathi,
/content/drive/MyDrive/Audio_dataset/Marathi/15209.mp3,5.004,-124.44,False,5.004,Marathi,
/content/drive/MyDrive/Audio_dataset/Marathi/15299.mp3,4.977,-109.79,False,4.8,Marathi,
/content/drive/MyDrive/Audio_dataset/Marathi/15587.mp3,4.977,-105.2,False,4.48,Marathi,
/content/drive/MyDrive/Audio_dataset/Marathi/1622.mp3,4.981,-87.01,False,3.797,Marathi,
/content/drive/MyDrive/Audio_dataset/Marathi/16254.mp3,5.005,-100.22,False,5.005,Marathi,
/content/drive/MyDrive/Audio_dataset/Marathi/14999 (1).mp3,4.977,-111.3,False,4.896,Marathi,
/content/drive/MyDrive/Audio_dataset/Marathi/16290.mp3,4.981,-86.05,False,4.981,Marathi,
/content/drive/MyDrive/Audio_dataset/Marathi/15589.mp3,5.004,-86.99,False,4.896,Marathi,
/content/drive/MyDrive/Audio_dataset/Marathi/16081.mp3,4.977,-84.43,False,4.977,Marathi,
/content/drive/MyDrive/Audio_dataset/Marathi/16336.mp3,5.005,-135.06,False,5.005,Marathi,
/content/drive/MyDrive/Audio_dataset/Marathi/15714.mp3,4.981,-114.3,False,4.917,Marathi,
/content/drive/MyDrive/Audio_dataset/Marathi/15915.mp3,4.981,-101.32,False,4.981,Marathi,
/content/drive/MyDrive/Audio_dataset/Marathi/15009 (1).mp3,5.005,-102.89,False,2.349,Marathi,
/content/drive/MyDrive/Audio_dataset/Marathi/14821.mp3,4.981,-123.2,False,4.917,Marathi,
/content/drive/MyDrive/Audio_dataset/Marathi/15934.mp3,5.004,-96.48,False,4.94,Marathi,
/content/drive/MyDrive/Audio_dataset/Marathi/15212.mp3,5.004,-102.69,False,4.876,Marathi,
/content/drive/MyDrive/Audio_dataset/Marathi/16027.mp3,5.005,-117.5,False,4.653,Marathi,
/content/drive/MyDrive/Audio_dataset/Marathi/15009.mp3,5.005,-102.89,False,2.349,Marathi,
/content/drive/MyDrive/Audio_dataset/Marathi/16329.mp3,4.977,-114.64,False,4.977,Marathi,
/content/drive/MyDrive/Audio_dataset/Marathi/14999.mp3,4.977,-111.3,False,4.896,Marathi,
/content/drive/MyDrive/Audio_dataset/Marathi/17446.mp3,5.004,-112.91,False,4.576,Marathi,
/content/drive/MyDrive/Audio_dataset/Marathi/17862.mp3,5.005,-115.76,False,5.005,Marathi,
/content/drive/MyDrive/Audio_dataset/Marathi/1709.mp3,4.981,-107.13,False,4.981,Marathi,
/content/drive/MyDrive/Audio_dataset/Marathi/16936.mp3,4.981,-128.55,False,4.725,Marathi,
/content/drive/MyDrive/Audio_dataset/Marathi/17198.mp3,4.981,-101.18,False,4.981,Marathi,
/content/drive/MyDrive/Audio_dataset/Marathi/16864.mp3,5.004,-86.7,False,4.48,Marathi,
/content/drive/MyDrive/Audio_dataset/Marathi/17233.mp3,4.977,-91.44,False,4.977,Marathi,
/content/drive/MyDrive/Audio_dataset/Marathi/16957.mp3,4.977,-111.29,False,4.977,Marathi,
/content/drive/MyDrive/Audio_dataset/Marathi/16975.mp3,5.004,-116.14,False,4.972,Marathi,
/content/drive/MyDrive/Audio_dataset/Marathi/16571.mp3,4.981,-124.22,False,4.981,Marathi,
/content/drive/MyDrive/Audio_dataset/Marathi/17655.mp3,4.981,-124.54,False,4.885,Marathi,
/content/drive/MyDrive/Audio_dataset/Marathi/18281.mp3,5.004,-110.37,False,5.004,Marathi,
/content/drive/MyDrive/Audio_dataset/Marathi/181.mp3,5.004,-84.21,False,5.004,Marathi,
/content/drive/MyDrive/Audio_dataset/Marathi/17114.mp3,5.004,-101.86,False,4.94,Marathi,
/content/drive/MyDrive/Audio_dataset/Marathi/18073.mp3,4.977,-118.99,False,4.977,Marathi,
/content/drive/MyDrive/Audio_dataset/Marathi/1679.mp3,4.977,-74.37,False,4.977,Marathi,
/content/drive/MyDrive/Audio_dataset/Marathi/18290.mp3,5.005,-125.99,False,4.768,Marathi,
/content/drive/MyDrive/Audio_dataset/Marathi/17746.mp3,4.981,-110.21,False,1.344,Marathi,
/content/drive/MyDrive/Audio_dataset/Marathi/17705.mp3,4.977,-76.68,False,4.977,Marathi,
/content/drive/MyDrive/Audio_dataset/Marathi/17033.mp3,4.977,-102.17,False,4.768,Marathi,
/content/drive/MyDrive/Audio_dataset/Marathi/17800.mp3,5.004,-90.6,False,5.004,Marathi,
/content/drive/MyDrive/Audio_dataset/Marathi/17572.mp3,5.005,-139.57,False,4.973,Marathi,
/content/drive/MyDrive/Audio_dataset/Marathi/16805.mp3,5.005,-122.61,False,4.973,Marathi,
/content/drive/MyDrive/Audio_dataset/Marathi/17207.mp3,4.977,-108.42,False,4.977,Marathi,
/content/drive/MyDrive/Audio_dataset/Marathi/17728.mp3,4.981,-114.66,False,4.416,Marathi,
/content/drive/MyDrive/Audio_dataset/Marathi/17814.mp3,4.981,-122.09,False,4.224,Marathi,
/content/drive/MyDrive/Audio_dataset/Marathi/16978.mp3,5.004,-107.8,False,4.512,Marathi,
/content/drive/MyDrive/Audio_dataset/Marathi/17211.mp3,4.981,-119.6,False,4.917,Marathi,
/content/drive/MyDrive/Audio_dataset/Marathi/17873.mp3,4.977,-89.57,False,4.945,Marathi,
/content/drive/MyDrive/Audio_dataset/Marathi/17443.mp3,5.004,-114.97,False,4.384,Marathi,
/content/drive/MyDrive/Audio_dataset/Marathi/17932.mp3,4.977,-102.32,False,4.945,Marathi,
/content/drive/MyDrive/Audio_dataset/Marathi/1751.mp3,4.981,-106.18,False,4.981,Marathi,
/content/drive/MyDrive/Audio_dataset/Marathi/18312.mp3,4.977,-110.62,False,4.977,Marathi,
/content/drive/MyDrive/Audio_dataset/Marathi/17011.mp3,4.981,-139.01,False,4.981,Marathi,
/content/drive/MyDrive/Audio_dataset/Marathi/1825.mp3,5.004,-109.17,False,4.768,Marathi,
/content/drive/MyDrive/Audio_dataset/Marathi/182.mp3,4.977,-91.11,False,4.817,Marathi,
/content/drive/MyDrive/Audio_dataset/Marathi/17333.mp3,4.977,-121.42,False,4.977,Marathi,
/content/drive/MyDrive/Audio_dataset/Marathi/17607.mp3,5.004,-112.22,False,5.004,Marathi,
/content/drive/MyDrive/Audio_dataset/Marathi/16609.mp3,5.004,-88.5,False,4.16,Marathi,
/content/drive/MyDrive/Audio_dataset/Marathi/16944.mp3,4.981,-122.98,False,4.981,Marathi,
/content/drive/MyDrive/Audio_dataset/Marathi/17144.mp3,4.977,-89.58,False,4.849,Marathi,
/content/drive/MyDrive/Audio_dataset/Marathi/18326.mp3,4.981,-110.23,False,4.469,Marathi,
/content/drive/MyDrive/Audio_dataset/Marathi/17022.mp3,4.981,-137.07,False,4.864,Marathi,
/content/drive/MyDrive/Audio_dataset/Marathi/18388.mp3,4.981,-120.51,False,4.917,Marathi,
/content/drive/MyDrive/Audio_dataset/Marathi/17484.mp3,4.981,-114.73,False,4.981,Marathi,
/content/drive/MyDrive/Audio_dataset/Marathi/18222.mp3,5.005,-115.04,False,4.301,Marathi,
/content/drive/MyDrive/Audio_dataset/Marathi/17078.mp3,5.004,-86.28,False,5.004,Marathi,
/content/drive/MyDrive/Audio_dataset/Marathi/18458.mp3,4.981,-140.44,False,4.981,Marathi,
/content/drive/MyDrive/Audio_dataset/Marathi/1749.mp3,4.977,-83.04,False,4.945,Marathi,
/content/drive/MyDrive/Audio_dataset/Marathi/17119.mp3,4.981,-125.2,False,4.565,Marathi,
/content/drive/MyDrive/Audio_dataset/Marathi/17577.mp3,5.004,-112.66,False,4.908,Marathi,
/content/drive/MyDrive/Audio_dataset/Marathi/16742.mp3,4.977,-100.9,False,4.145,Marathi,
/content/drive/MyDrive/Audio_dataset/Marathi/17735.mp3,5.005,-123.13,False,4.8,Marathi,
/content/drive/MyDrive/Audio_dataset/Marathi/17543.mp3,4.977,-111.29,False,3.968,Marathi,
/content/drive/MyDrive/Audio_dataset/Marathi/17403.mp3,5.005,-113.14,False,4.365,Marathi,
/content/drive/MyDrive/Audio_dataset/Marathi/17540.mp3,4.981,-104.41,False,4.981,Marathi,
/content/drive/MyDrive/Audio_dataset/Marathi/17146.mp3,4.981,-126.79,False,4.917,Marathi,
/content/drive/MyDrive/Audio_dataset/Marathi/18068.mp3,4.981,-116.76,False,4.981,Marathi,
/content/drive/MyDrive/Audio_dataset/Marathi/16765.mp3,4.977,-87.49,False,4.96,Marathi,
/content/drive/MyDrive/Audio_dataset/Marathi/16812.mp3,5.005,-106.9,False,5.005,Marathi,
/content/drive/MyDrive/Audio_dataset/Marathi/17498.mp3,5.004,-110.42,False,4.896,Marathi,
/content/drive/MyDrive/Audio_dataset/Marathi/16913.mp3,5.004,-118.98,False,5.004,Marathi,
/content/drive/MyDrive/Audio_dataset/Marathi/17474.mp3,5.004,-112.47,False,4.46,Marathi,
/content/drive/MyDrive/Audio_dataset/Marathi/17621.mp3,5.005,-112.05,False,5.005,Marathi,
/content/drive/MyDrive/Audio_dataset/Marathi/18304.mp3,5.004,-109.09,False,5.004,Marathi,
/content/drive/MyDrive/Audio_dataset/Marathi/1663.mp3,5.005,-130.49,False,4.429,Marathi,
/content/drive/MyDrive/Audio_dataset/Marathi/16999.mp3,4.977,-83.64,False,4.913,Marathi,
/content/drive/MyDrive/Audio_dataset/Marathi/17308.mp3,5.004,-100.67,False,4.908,Marathi,
/content/drive/MyDrive/Audio_dataset/Marathi/17849.mp3,4.977,-85.27,False,4.977,Marathi,
/content/drive/MyDrive/Audio_dataset/Marathi/17477.mp3,4.977,-115.03,False,4.352,Marathi,
/content/drive/MyDrive/Audio_dataset/Marathi/16819.mp3,4.981,-132.24,False,4.917,Marathi,
/content/drive/MyDrive/Audio_dataset/Marathi/16543.mp3,4.981,-130.89,False,4.96,Marathi,
/content/drive/MyDrive/Audio_dataset/Marathi/16990.mp3,4.977,-75.74,False,4.337,Marathi,
/content/drive/MyDrive/Audio_dataset/Marathi/16564.mp3,5.004,-85.62,False,3.84,Marathi,
/content/drive/MyDrive/Audio_dataset/Marathi/17893.mp3,4.977,-104.94,False,4.913,Marathi,
/content/drive/MyDrive/Audio_dataset/Marathi/18223.mp3,5.005,-130.34,False,4.749,Marathi,
/content/drive/MyDrive/Audio_dataset/Marathi/17120.mp3,4.981,-131.95,False,4.917,Marathi,
/content/drive/MyDrive/Audio_dataset/Marathi/1796.mp3,4.981,-96.1,False,4.885,Marathi,
/content/drive/MyDrive/Audio_dataset/Marathi/19210.mp3,5.004,-112.7,False,4.588,Marathi,
/content/drive/MyDrive/Audio_dataset/Marathi/20219.mp3,4.977,-75.05,False,4.849,Marathi,
/content/drive/MyDrive/Audio_dataset/Marathi/19720.mp3,5.004,-113.87,False,4.972,Marathi,
/content/drive/MyDrive/Audio_dataset/Marathi/19779.mp3,5.005,-136.43,False,4.685,Marathi,
/content/drive/MyDrive/Audio_dataset/Marathi/18863.mp3,4.977,-107.32,False,4.977,Marathi,
/content/drive/MyDrive/Audio_dataset/Marathi/1880.mp3,4.981,-107.27,False,4.981,Marathi,
/content/drive/MyDrive/Audio_dataset/Marathi/20004.mp3,4.977,-99.67,False,4.849,Marathi,
/content/drive/MyDrive/Audio_dataset/Marathi/19509.mp3,5.004,-82.12,False,4.992,Marathi,
/content/drive/MyDrive/Audio_dataset/Marathi/18881.mp3,5.005,-147.34,False,5.005,Marathi,
/content/drive/MyDrive/Audio_dataset/Marathi/18519.mp3,4.977,-123.09,False,4.896,Marathi,
/content/drive/MyDrive/Audio_dataset/Marathi/20041.mp3,5.005,-97.97,False,4.589,Marathi,
/content/drive/MyDrive/Audio_dataset/Marathi/18947.mp3,4.977,-117.23,False,4.881,Marathi,
/content/drive/MyDrive/Audio_dataset/Marathi/20100.mp3,4.977,-108.36,False,4.0,Marathi,
/content/drive/MyDrive/Audio_dataset/Marathi/19207.mp3,5.005,-115.66,False,5.005,Marathi,
/content/drive/MyDrive/Audio_dataset/Marathi/1934.mp3,4.981,-120.17,False,4.981,Marathi,
/content/drive/MyDrive/Audio_dataset/Marathi/19796.mp3,4.977,-80.81,False,4.881,Marathi,
/content/drive/MyDrive/Audio_dataset/Marathi/19612.mp3,4.981,-111.31,False,4.96,Marathi,
/content/drive/MyDrive/Audio_dataset/Marathi/18737.mp3,4.981,-114.47,False,3.765,Marathi,
/content/drive/MyDrive/Audio_dataset/Marathi/19887.mp3,4.977,-98.89,False,4.977,Marathi,
/content/drive/MyDrive/Audio_dataset/Marathi/18653.mp3,5.004,-110.26,False,4.256,Marathi,
/content/drive/MyDrive/Audio_dataset/Marathi/19324.mp3,5.005,-92.0,False,4.736,Marathi,
/content/drive/MyDrive/Audio_dataset/Marathi/19240.mp3,4.977,-116.19,False,4.512,Marathi,
/content/drive/MyDrive/Audio_dataset/Marathi/18933.mp3,5.005,-109.9,False,4.941,Marathi,
/content/drive/MyDrive/Audio_dataset/Marathi/19795.mp3,4.981,-130.59,False,4.512,Marathi,
/content/drive/MyDrive/Audio_dataset/Marathi/19917.mp3,4.977,-119.3,False,4.977,Marathi,
/content/drive/MyDrive/Audio_dataset/Marathi/19558.mp3,5.005,-100.12,False,4.941,Marathi,
/content/drive/MyDrive/Audio_dataset/Marathi/18686.mp3,5.005,-120.32,False,1.504,Marathi,
/content/drive/MyDrive/Audio_dataset/Marathi/18549.mp3,4.981,-117.7,False,4.981,Marathi,
/content/drive/MyDrive/Audio_dataset/Marathi/19496.mp3,4.981,-121.69,False,4.981,Marathi,
/content/drive/MyDrive/Audio_dataset/Marathi/18962.mp3,4.977,-108.46,False,4.32,Marathi,
/content/drive/MyDrive/Audio_dataset/Marathi/20020.mp3,5.004,-112.07,False,5.004,Marathi,
/content/drive/MyDrive/Audio_dataset/Marathi/19099.mp3,4.981,-122.87,False,4.981,Marathi,
/content/drive/MyDrive/Audio_dataset/Marathi/20231.mp3,5.005,-121.64,False,4.781,Marathi,
/content/drive/MyDrive/Audio_dataset/Marathi/18895.mp3,5.005,-116.7,False,4.704,Marathi,
/content/drive/MyDrive/Audio_dataset/Marathi/20215.mp3,4.977,-105.01,False,4.465,Marathi,
/content/drive/MyDrive/Audio_dataset/Marathi/18750.mp3,4.981,-125.85,False,4.928,Marathi,
/content/drive/MyDrive/Audio_dataset/Marathi/1955.mp3,5.004,-104.15,False,4.972,Marathi,
/content/drive/MyDrive/Audio_dataset/Marathi/19936.mp3,5.005,-132.92,False,4.653,Marathi,
/content/drive/MyDrive/Audio_dataset/Marathi/18747.mp3,4.981,-125.19,False,4.981,Marathi,
/content/drive/MyDrive/Audio_dataset/Marathi/2002.mp3,5.004,-84.39,False,5.004,Marathi,
/content/drive/MyDrive/Audio_dataset/Marathi/19009.mp3,5.004,-120.81,False,4.908,Marathi,
/content/drive/MyDrive/Audio_dataset/Marathi/18558.mp3,4.977,-109.52,False,4.977,Marathi,
/content/drive/MyDrive/Audio_dataset/Marathi/19213.mp3,4.977,-80.86,False,4.977,Marathi,
/content/drive/MyDrive/Audio_dataset/Marathi/19798.mp3,5.005,-104.02,False,4.96,Marathi,
/content/drive/MyDrive/Audio_dataset/Marathi/20251.mp3,4.977,-105.87,False,4.497,Marathi,
/content/drive/MyDrive/Audio_dataset/Marathi/19407.mp3,5.004,-87.13,False,4.94,Marathi,
/content/drive/MyDrive/Audio_dataset/Marathi/19453.mp3,4.981,-117.82,False,4.544,Marathi,
/content/drive/MyDrive/Audio_dataset/Marathi/18991.mp3,4.977,-105.71,False,4.896,Marathi,
/content/drive/MyDrive/Audio_dataset/Marathi/1882.mp3,4.977,-123.43,False,4.817,Marathi,
/content/drive/MyDrive/Audio_dataset/Marathi/19627.mp3,4.977,-106.59,False,4.64,Marathi,
/content/drive/MyDrive/Audio_dataset/Marathi/1957.mp3,5.004,-76.31,False,4.684,Marathi,
/content/drive/MyDrive/Audio_dataset/Marathi/18515.mp3,4.981,-94.97,False,4.981,Marathi,
/content/drive/MyDrive/Audio_dataset/Marathi/19957.mp3,5.004,-110.63,False,5.004,Marathi,
/content/drive/MyDrive/Audio_dataset/Marathi/19690.mp3,5.005,-120.42,False,4.461,Marathi,
/content/drive/MyDrive/Audio_dataset/Marathi/20068.mp3,4.981,-124.31,False,4.981,Marathi,
/content/drive/MyDrive/Audio_dataset/Marathi/20105.mp3,5.004,-94.44,False,5.004,Marathi,
/content/drive/MyDrive/Audio_dataset/Marathi/2013.mp3,5.005,-119.27,False,5.005,Marathi,
/content/drive/MyDrive/Audio_dataset/Marathi/19051.mp3,5.005,-114.85,False,5.005,Marathi,
/content/drive/MyDrive/Audio_dataset/Marathi/18471.mp3,5.004,-107.5,False,1.952,Marathi,
/content/drive/MyDrive/Audio_dataset/Marathi/20331.mp3,4.981,-107.37,False,2.08,Marathi,
/content/drive/MyDrive/Audio_dataset/Marathi/1948.mp3,4.981,-103.98,False,4.981,Marathi,
/content/drive/MyDrive/Audio_dataset/Marathi/199.mp3,5.004,-101.49,False,4.876,Marathi,
/content/drive/MyDrive/Audio_dataset/Marathi/1889.mp3,4.981,-108.42,False,4.544,Marathi,
/content/drive/MyDrive/Audio_dataset/Marathi/2010.mp3,4.977,-135.78,False,3.552,Marathi,
/content/drive/MyDrive/Audio_dataset/Marathi/19082.mp3,4.977,-117.46,False,4.977,Marathi,
/content/drive/MyDrive/Audio_dataset/Marathi/19177.mp3,4.977,-110.22,False,4.48,Marathi,
/content/drive/MyDrive/Audio_dataset/Marathi/19619.mp3,4.981,-117.11,False,4.917,Marathi,
/content/drive/MyDrive/Audio_dataset/Marathi/19128.mp3,5.004,-112.86,False,4.352,Marathi,
/content/drive/MyDrive/Audio_dataset/Marathi/18584.mp3,4.977,-122.32,False,4.768,Marathi,
/content/drive/MyDrive/Audio_dataset/Marathi/20032.mp3,4.977,-105.3,False,4.913,Marathi,
/content/drive/MyDrive/Audio_dataset/Marathi/19206.mp3,4.977,-83.51,False,4.785,Marathi,
/content/drive/MyDrive/Audio_dataset/Marathi/18638.mp3,5.005,-118.25,False,4.941,Marathi,
/content/drive/MyDrive/Audio_dataset/Marathi/19894.mp3,5.004,-108.94,False,4.192,Marathi,
/content/drive/MyDrive/Audio_dataset/Marathi/19808.mp3,4.981,-95.46,False,4.864,Marathi,
/content/drive/MyDrive/Audio_dataset/Marathi/18635.mp3,4.981,-117.63,False,4.981,Marathi,
/content/drive/MyDrive/Audio_dataset/Marathi/19705.mp3,4.981,-122.47,False,4.96,Marathi,
/content/drive/MyDrive/Audio_dataset/Marathi/18849.mp3,4.981,-130.95,False,4.832,Marathi,
/content/drive/MyDrive/Audio_dataset/Marathi/19282.mp3,4.981,-115.78,False,4.981,Marathi,
/content/drive/MyDrive/Audio_dataset/Marathi/19318.mp3,4.977,-108.51,False,4.256,Marathi,
/content/drive/MyDrive/Audio_dataset/Marathi/20799.mp3,5.004,-122.44,False,5.004,Marathi,
/content/drive/MyDrive/Audio_dataset/Marathi/21766.mp3,5.004,-105.49,False,3.68,Marathi,
/content/drive/MyDrive/Audio_dataset/Marathi/21495.mp3,5.004,-111.95,False,3.872,Marathi,
/content/drive/MyDrive/Audio_dataset/Marathi/21274.mp3,4.981,-112.65,False,4.917,Marathi,
/content/drive/MyDrive/Audio_dataset/Marathi/21017.mp3,5.004,-117.31,False,4.928,Marathi,
/content/drive/MyDrive/Audio_dataset/Marathi/21115.mp3,5.004,-93.92,False,5.004,Marathi,
/content/drive/MyDrive/Audio_dataset/Marathi/2108.mp3,4.977,-115.56,False,4.881,Marathi,
/content/drive/MyDrive/Audio_dataset/Marathi/21847.mp3,4.977,-84.45,False,4.945,Marathi,
/content/drive/MyDrive/Audio_dataset/Marathi/21225.mp3,5.005,-116.37,False,4.672,Marathi,
/content/drive/MyDrive/Audio_dataset/Marathi/21831.mp3,4.981,-134.48,False,4.64,Marathi,
/content/drive/MyDrive/Audio_dataset/Marathi/21121.mp3,5.005,-92.98,False,4.032,Marathi,
/content/drive/MyDrive/Audio_dataset/Marathi/22118.mp3,4.977,-74.75,False,4.977,Marathi,
/content/drive/MyDrive/Audio_dataset/Marathi/22215.mp3,4.977,-122.4,False,3.889,Marathi,
/content/drive/MyDrive/Audio_dataset/Marathi/20665.mp3,4.977,-85.41,False,4.928,Marathi,
/content/drive/MyDrive/Audio_dataset/Marathi/21026.mp3,5.004,-70.73,False,5.004,Marathi,
/content/drive/MyDrive/Audio_dataset/Marathi/20375.mp3,5.004,-82.04,False,4.972,Marathi,
/content/drive/MyDrive/Audio_dataset/Marathi/2177.mp3,4.981,-118.98,False,4.981,Marathi,
/content/drive/MyDrive/Audio_dataset/Marathi/22220.mp3,4.977,-90.52,False,4.817,Marathi,
/content/drive/MyDrive/Audio_dataset/Marathi/20804.mp3,5.005,-96.04,False,5.005,Marathi,
/content/drive/MyDrive/Audio_dataset/Marathi/21052.mp3,4.977,-75.8,False,4.512,Marathi,
/content/drive/MyDrive/Audio_dataset/Marathi/21055.mp3,4.977,-107.1,False,3.968,Marathi,
/content/drive/MyDrive/Audio_dataset/Marathi/2223.mp3,4.981,-124.83,False,4.981,Marathi,
/content/drive/MyDrive/Audio_dataset/Marathi/21411.mp3,4.981,-122.87,False,4.981,Marathi,
/content/drive/MyDrive/Audio_dataset/Marathi/21567.mp3,4.981,-119.46,False,4.384,Marathi,
/content/drive/MyDrive/Audio_dataset/Marathi/2128.mp3,4.977,-90.78,False,4.977,Marathi,
/content/drive/MyDrive/Audio_dataset/Marathi/20690.mp3,4.977,-102.87,False,4.913,Marathi,
/content/drive/MyDrive/Audio_dataset/Marathi/21377.mp3,5.004,-109.94,False,3.884,Marathi,
/content/drive/MyDrive/Audio_dataset/Marathi/20481.mp3,4.981,-95.83,False,4.981,Marathi,
/content/drive/MyDrive/Audio_dataset/Marathi/20490.mp3,5.005,-124.01,False,3.117,Marathi,
/content/drive/MyDrive/Audio_dataset/Marathi/22218.mp3,4.977,-91.42,False,4.977,Marathi,
/content/drive/MyDrive/Audio_dataset/Marathi/20427.mp3,4.981,-106.53,False,4.981,Marathi,
/content/drive/MyDrive/Audio_dataset/Marathi/20918.mp3,5.004,-100.05,False,4.96,Marathi,
/content/drive/MyDrive/Audio_dataset/Marathi/21360.mp3,4.977,-87.13,False,4.977,Marathi,
/content/drive/MyDrive/Audio_dataset/Marathi/22196.mp3,5.004,-85.53,False,4.8,Marathi,
/content/drive/MyDrive/Audio_dataset/Marathi/20773.mp3,5.004,-113.67,False,5.004,Marathi,
/content/drive/MyDrive/Audio_dataset/Marathi/20904.mp3,5.005,-124.27,False,5.005,Marathi,
/content/drive/MyDrive/Audio_dataset/Marathi/20737.mp3,5.005,-122.7,False,3.968,Marathi,
/content/drive/MyDrive/Audio_dataset/Marathi/20526.mp3,4.977,-114.3,False,4.849,Marathi,
/content/drive/MyDrive/Audio_dataset/Marathi/21627.mp3,5.004,-105.73,False,4.768,Marathi,
/content/drive/MyDrive/Audio_dataset/Marathi/21385.mp3,4.977,-119.32,False,4.977,Marathi,
/content/drive/MyDrive/Audio_dataset/Marathi/21587.mp3,5.004,-117.89,False,4.972,Marathi,
/content/drive/MyDrive/Audio_dataset/Marathi/21724.mp3,4.981,-106.07,False,1.696,Marathi,
/content/drive/MyDrive/Audio_dataset/Marathi/21266.mp3,5.004,-107.83,False,5.004,Marathi,
/content/drive/MyDrive/Audio_dataset/Marathi/21427.mp3,4.977,-74.82,False,4.913,Marathi,
/content/drive/MyDrive/Audio_dataset/Marathi/2222.mp3,5.005,-117.04,False,5.005,Marathi,
/content/drive/MyDrive/Audio_dataset/Marathi/21722.mp3,4.977,-107.4,False,4.977,Marathi,
/content/drive/MyDrive/Audio_dataset/Marathi/21796.mp3,5.004,-101.65,False,4.992,Marathi,
/content/drive/MyDrive/Audio_dataset/Marathi/20998.mp3,5.005,-81.84,False,4.301,Marathi,
/content/drive/MyDrive/Audio_dataset/Marathi/21351.mp3,5.004,-113.65,False,4.832,Marathi,
/content/drive/MyDrive/Audio_dataset/Marathi/21894.mp3,4.981,-110.91,False,3.957,Marathi,
/content/drive/MyDrive/Audio_dataset/Marathi/21113.mp3,5.005,-118.91,False,4.896,Marathi,
/content/drive/MyDrive/Audio_dataset/Marathi/21473.mp3,5.004,-74.9,False,5.004,Marathi,
/content/drive/MyDrive/Audio_dataset/Marathi/21336.mp3,4.981,-118.35,False,4.928,Marathi,
/content/drive/MyDrive/Audio_dataset/Marathi/21922.mp3,4.981,-132.14,False,4.544,Marathi,
/content/drive/MyDrive/Audio_dataset/Marathi/20413.mp3,4.977,-97.34,False,4.945,Marathi,
/content/drive/MyDrive/Audio_dataset/Marathi/2202.mp3,4.981,-118.55,False,3.616,Marathi,
/content/drive/MyDrive/Audio_dataset/Marathi/21134.mp3,4.981,-131.58,False,4.981,Marathi,
/content/drive/MyDrive/Audio_dataset/Marathi/2193.mp3,5.004,-122.14,False,4.512,Marathi,
/content/drive/MyDrive/Audio_dataset/Marathi/21203.mp3,4.977,-111.87,False,4.945,Marathi,
/content/drive/MyDrive/Audio_dataset/Marathi/20348.mp3,5.004,-103.01,False,4.864,Marathi,
/content/drive/MyDrive/Audio_dataset/Marathi/20830.mp3,4.977,-143.52,False,4.977,Marathi,
/content/drive/MyDrive/Audio_dataset/Marathi/20772.mp3,5.005,-78.18,False,4.832,Marathi,
/content/drive/MyDrive/Audio_dataset/Marathi/20826.mp3,4.977,-112.0,False,4.273,Marathi,
/content/drive/MyDrive/Audio_dataset/Marathi/20430.mp3,4.981,-120.23,False,4.981,Marathi,
/content/drive/MyDrive/Audio_dataset/Marathi/20806.mp3,5.005,-121.17,False,5.005,Marathi,
/content/drive/MyDrive/Audio_dataset/Marathi/21867.mp3,4.977,-108.93,False,4.977,Marathi,
/content/drive/MyDrive/Audio_dataset/Marathi/2123.mp3,4.977,-90.19,False,4.977,Marathi,
/content/drive/MyDrive/Audio_dataset/Marathi/21592.mp3,5.004,-128.63,False,5.004,Marathi,
/content/drive/MyDrive/Audio_dataset/Marathi/21844.mp3,4.981,-76.52,False,4.981,Marathi,
/content/drive/MyDrive/Audio_dataset/Marathi/21767.mp3,4.981,-117.32,False,3.904,Marathi,
/content/drive/MyDrive/Audio_dataset/Marathi/22261.mp3,4.977,-119.73,False,4.864,Marathi,
/content/drive/MyDrive/Audio_dataset/Marathi/21472.mp3,5.005,-110.46,False,5.005,Marathi,
/content/drive/MyDrive/Audio_dataset/Marathi/20560.mp3,5.005,-128.83,False,4.768,Marathi,
/content/drive/MyDrive/Audio_dataset/Marathi/21607.mp3,4.981,-91.77,False,3.936,Marathi,
/content/drive/MyDrive/Audio_dataset/Marathi/20452.mp3,4.981,-133.9,False,3.264,Marathi,
/content/drive/MyDrive/Audio_dataset/Marathi/22060.mp3,5.005,-124.89,False,5.005,Marathi,
/content/drive/MyDrive/Audio_dataset/Marathi/20609.mp3,5.005,-112.78,False,4.973,Marathi,
/content/drive/MyDrive/Audio_dataset/Marathi/23670.mp3,4.981,-130.72,False,4.981,Marathi,
/content/drive/MyDrive/Audio_dataset/Marathi/23911.mp3,5.004,-105.72,False,4.864,Marathi,
/content/drive/MyDrive/Audio_dataset/Marathi/22611.mp3,4.981,-113.7,False,4.704,Marathi,
/content/drive/MyDrive/Audio_dataset/Marathi/24166.mp3,5.004,-83.0,False,5.004,Marathi,
/content/drive/MyDrive/Audio_dataset/Marathi/24220.mp3,5.004,-70.75,False,5.004,Marathi,
/content/drive/MyDrive/Audio_dataset/Marathi/22791.mp3,4.981,-110.38,False,4.352,Marathi,
/content/drive/MyDrive/Audio_dataset/Marathi/23214.mp3,4.981,-104.93,False,4.928,Marathi,
/content/drive/MyDrive/Audio_dataset/Marathi/23677.mp3,4.981,-93.73,False,4.0,Marathi,
/content/drive/MyDrive/Audio_dataset/Marathi/23142.mp3,4.981,-121.51,False,4.544,Marathi,
/content/drive/MyDrive/Audio_dataset/Marathi/23272.mp3,5.004,-104.16,False,4.62,Marathi,
/content/drive/MyDrive/Audio_dataset/Marathi/23694.mp3,4.981,-122.8,False,4.981,Marathi,
/content/drive/MyDrive/Audio_dataset/Marathi/23340.mp3,4.981,-102.01,False,4.981,Marathi,
/content/drive/MyDrive/Audio_dataset/Marathi/23315.mp3,4.977,-89.91,False,4.945,Marathi,
/content/drive/MyDrive/Audio_dataset/Marathi/2348.mp3,4.977,-80.69,False,4.977,Marathi,
/content/drive/MyDrive/Audio_dataset/Marathi/23124.mp3,5.004,-79.78,False,4.672,Marathi,
/content/drive/MyDrive/Audio_dataset/Marathi/22757.mp3,5.004,-116.06,False,4.416,Marathi,
/content/drive/MyDrive/Audio_dataset/Marathi/23784.mp3,4.977,-73.97,False,4.913,Marathi,
/content/drive/MyDrive/Audio_dataset/Marathi/23324.mp3,5.004,-120.78,False,4.768,Marathi,
/content/drive/MyDrive/Audio_dataset/Marathi/23443.mp3,4.981,-125.33,False,3.584,Marathi,
/content/drive/MyDrive/Audio_dataset/Marathi/23253.mp3,4.981,-116.09,False,4.981,Marathi,
/content/drive/MyDrive/Audio_dataset/Marathi/23039.mp3,5.005,-106.1,False,4.813,Marathi,
/content/drive/MyDrive/Audio_dataset/Marathi/23915.mp3,4.977,-123.31,False,3.552,Marathi,
/content/drive/MyDrive/Audio_dataset/Marathi/23058.mp3,4.981,-133.17,False,4.576,Marathi,
/content/drive/MyDrive/Audio_dataset/Marathi/22772.mp3,4.981,-118.13,False,4.981,Marathi,
/content/drive/MyDrive/Audio_dataset/Marathi/24121.mp3,4.981,-98.34,False,4.981,Marathi,
/content/drive/MyDrive/Audio_dataset/Marathi/22746.mp3,4.977,-74.01,False,4.593,Marathi,
/content/drive/MyDrive/Audio_dataset/Marathi/23758.mp3,4.977,-116.4,False,4.864,Marathi,
/content/drive/MyDrive/Audio_dataset/Marathi/23307.mp3,4.981,-149.41,False,4.512,Marathi,
/content/drive/MyDrive/Audio_dataset/Marathi/23705.mp3,4.977,-135.99,False,4.352,Marathi,
/content/drive/MyDrive/Audio_dataset/Marathi/23815.mp3,4.977,-116.56,False,4.945,Marathi,
/content/drive/MyDrive/Audio_dataset/Marathi/23081.mp3,4.981,-100.5,False,4.981,Marathi,
/content/drive/MyDrive/Audio_dataset/Marathi/23304.mp3,5.004,-116.4,False,4.972,Marathi,
/content/drive/MyDrive/Audio_dataset/Marathi/22887.mp3,4.977,-108.2,False,4.913,Marathi,
/content/drive/MyDrive/Audio_dataset/Marathi/22523.mp3,5.005,-112.41,False,4.877,Marathi,
/content/drive/MyDrive/Audio_dataset/Marathi/24015.mp3,4.977,-78.33,False,4.913,Marathi,
/content/drive/MyDrive/Audio_dataset/Marathi/23585.mp3,5.005,-112.51,False,4.768,Marathi,
/content/drive/MyDrive/Audio_dataset/Marathi/22933.mp3,4.977,-113.07,False,4.977,Marathi,
/content/drive/MyDrive/Audio_dataset/Marathi/22640.mp3,5.005,-109.85,False,5.005,Marathi,
/content/drive/MyDrive/Audio_dataset/Marathi/22883.mp3,4.981,-121.9,False,4.917,Marathi,
/content/drive/MyDrive/Audio_dataset/Marathi/23222.mp3,4.977,-78.14,False,4.448,Marathi,
/content/drive/MyDrive/Audio_dataset/Marathi/23388.mp3,4.981,-110.46,False,4.981,Marathi,
/content/drive/MyDrive/Audio_dataset/Marathi/23461.mp3,5.005,-115.17,False,4.973,Marathi,
/content/drive/MyDrive/Audio_dataset/Marathi/23653.mp3,4.981,-116.41,False,4.981,Marathi,
/content/drive/MyDrive/Audio_dataset/Marathi/22961.mp3,5.004,-109.05,False,3.488,Marathi,
/content/drive/MyDrive/Audio_dataset/Marathi/22314.mp3,4.981,-90.05,False,3.2,Marathi,
/content/drive/MyDrive/Audio_dataset/Marathi/238.mp3,4.977,-100.36,False,4.977,Marathi,
/content/drive/MyDrive/Audio_dataset/Marathi/22963.mp3,5.004,-82.52,False,4.78,Marathi,
/content/drive/MyDrive/Audio_dataset/Marathi/22706.mp3,4.977,-105.84,False,4.977,Marathi,
/content/drive/MyDrive/Audio_dataset/Marathi/23085.mp3,4.977,-107.47,False,4.64,Marathi,
/content/drive/MyDrive/Audio_dataset/Marathi/24142.mp3,4.981,-112.46,False,4.949,Marathi,
/content/drive/MyDrive/Audio_dataset/Marathi/2245.mp3,5.005,-117.97,False,5.005,Marathi,
/content/drive/MyDrive/Audio_dataset/Marathi/22287.mp3,5.005,-103.24,False,4.992,Marathi,
/content/drive/MyDrive/Audio_dataset/Marathi/23936.mp3,4.977,-102.56,False,4.881,Marathi,
/content/drive/MyDrive/Audio_dataset/Marathi/2350.mp3,5.004,-82.2,False,4.972,Marathi,
/content/drive/MyDrive/Audio_dataset/Marathi/23054.mp3,4.981,-118.09,False,4.949,Marathi,
/content/drive/MyDrive/Audio_dataset/Marathi/24060.mp3,4.981,-87.9,False,4.896,Marathi,
/content/drive/MyDrive/Audio_dataset/Marathi/22851.mp3,4.981,-124.54,False,4.981,Marathi,
/content/drive/MyDrive/Audio_dataset/Marathi/23732.mp3,4.981,-114.36,False,4.117,Marathi,
/content/drive/MyDrive/Audio_dataset/Marathi/23680.mp3,4.977,-103.78,False,4.753,Marathi,
/content/drive/MyDrive/Audio_dataset/Marathi/22524.mp3,4.981,-128.3,False,4.981,Marathi,
/content/drive/MyDrive/Audio_dataset/Marathi/22612.mp3,4.977,-106.56,False,4.945,Marathi,
/content/drive/MyDrive/Audio_dataset/Marathi/22957.mp3,4.977,-115.46,False,4.689,Marathi,
/content/drive/MyDrive/Audio_dataset/Marathi/22484.mp3,5.005,-115.84,False,4.781,Marathi,
/content/drive/MyDrive/Audio_dataset/Marathi/23005.mp3,4.977,-108.82,False,3.889,Marathi,
/content/drive/MyDrive/Audio_dataset/Marathi/23695.mp3,5.005,-145.38,False,4.608,Marathi,
/content/drive/MyDrive/Audio_dataset/Marathi/22927.mp3,5.005,-118.59,False,4.928,Marathi,
/content/drive/MyDrive/Audio_dataset/Marathi/23656.mp3,4.981,-121.47,False,4.981,Marathi,
/content/drive/MyDrive/Audio_dataset/Marathi/23557.mp3,4.981,-123.65,False,4.949,Marathi,
/content/drive/MyDrive/Audio_dataset/Marathi/23895.mp3,4.981,-118.9,False,4.981,Marathi,
/content/drive/MyDrive/Audio_dataset/Marathi/22820.mp3,4.981,-88.41,False,4.981,Marathi,
/content/drive/MyDrive/Audio_dataset/Marathi/23246.mp3,4.977,-108.41,False,4.881,Marathi,
/content/drive/MyDrive/Audio_dataset/Marathi/22492.mp3,4.977,-114.76,False,4.913,Marathi,
/content/drive/MyDrive/Audio_dataset/Marathi/23610.mp3,5.005,-77.98,False,4.973,Marathi,
/content/drive/MyDrive/Audio_dataset/Marathi/2239.mp3,4.981,-120.68,False,4.981,Marathi,
/content/drive/MyDrive/Audio_dataset/Marathi/2259.mp3,5.005,-92.02,False,4.461,Marathi,
/content/drive/MyDrive/Audio_dataset/Marathi/2397.mp3,4.977,-125.63,False,4.224,Marathi,
/content/drive/MyDrive/Audio_dataset/Marathi/23562.mp3,4.981,-118.8,False,4.917,Marathi,
/content/drive/MyDrive/Audio_dataset/Marathi/22336.mp3,4.977,-80.29,False,4.977,Marathi,
/content/drive/MyDrive/Audio_dataset/Marathi/22589.mp3,5.004,-105.56,False,4.268,Marathi,
/content/drive/MyDrive/Audio_dataset/Marathi/2396.mp3,4.977,-107.4,False,4.913,Marathi,
/content/drive/MyDrive/Audio_dataset/Marathi/23663.mp3,5.004,-121.24,False,4.588,Marathi,
/content/drive/MyDrive/Audio_dataset/Marathi/23285.mp3,4.981,-122.5,False,4.853,Marathi,
/content/drive/MyDrive/Audio_dataset/Marathi/24867.mp3,4.981,-119.34,False,4.949,Marathi,
/content/drive/MyDrive/Audio_dataset/Marathi/2677.mp3,5.004,-109.7,False,5.004,Marathi,
/content/drive/MyDrive/Audio_dataset/Marathi/24633.mp3,5.004,-110.22,False,4.288,Marathi,
/content/drive/MyDrive/Audio_dataset/Marathi/25295.mp3,4.981,-131.46,False,4.981,Marathi,
/content/drive/MyDrive/Audio_dataset/Marathi/25089.mp3,4.981,-116.65,False,4.981,Marathi,
/content/drive/MyDrive/Audio_dataset/Marathi/24539.mp3,4.981,-119.69,False,4.981,Marathi,
/content/drive/MyDrive/Audio_dataset/Marathi/24336.mp3,5.005,-122.55,False,4.256,Marathi,
/content/drive/MyDrive/Audio_dataset/Marathi/24416.mp3,4.981,-148.69,False,4.981,Marathi,
/content/drive/MyDrive/Audio_dataset/Marathi/3002.mp3,4.981,-104.04,False,1.696,Marathi,
/content/drive/MyDrive/Audio_dataset/Marathi/24240.mp3,4.981,-124.16,False,4.437,Marathi,
/content/drive/MyDrive/Audio_dataset/Marathi/286.mp3,4.981,-115.16,False,4.853,Marathi,
/content/drive/MyDrive/Audio_dataset/Marathi/24467.mp3,5.005,-124.67,False,4.96,Marathi,
/content/drive/MyDrive/Audio_dataset/Marathi/24265.mp3,4.977,-111.61,False,4.913,Marathi,
/content/drive/MyDrive/Audio_dataset/Marathi/24803.mp3,4.981,-96.64,False,4.949,Marathi,
/content/drive/MyDrive/Audio_dataset/Marathi/24379.mp3,5.004,-91.95,False,5.004,Marathi,
/content/drive/MyDrive/Audio_dataset/Marathi/24705.mp3,5.004,-107.1,False,4.896,Marathi,
/content/drive/MyDrive/Audio_dataset/Marathi/24500.mp3,5.005,-94.47,False,4.32,Marathi,
/content/drive/MyDrive/Audio_dataset/Marathi/2528.mp3,4.977,-107.88,False,4.352,Marathi,
/content/drive/MyDrive/Audio_dataset/Marathi/2851.mp3,4.977,-112.61,False,3.488,Marathi,
/content/drive/MyDrive/Audio_dataset/Marathi/24724.mp3,5.005,-86.71,False,3.936,Marathi,
/content/drive/MyDrive/Audio_dataset/Marathi/24254.mp3,4.977,-121.93,False,4.977,Marathi,
/content/drive/MyDrive/Audio_dataset/Marathi/24510.mp3,4.977,-88.57,False,3.936,Marathi,
/content/drive/MyDrive/Audio_dataset/Marathi/24884.mp3,4.981,-96.35,False,4.981,Marathi,
/content/drive/MyDrive/Audio_dataset/Marathi/2900.mp3,4.981,-106.5,False,3.808,Marathi,
/content/drive/MyDrive/Audio_dataset/Marathi/24453.mp3,4.981,-130.35,False,3.573,Marathi,
/content/drive/MyDrive/Audio_dataset/Marathi/25124.mp3,5.005,-128.6,False,4.973,Marathi,
/content/drive/MyDrive/Audio_dataset/Marathi/25113.mp3,4.981,-105.33,False,4.981,Marathi,
/content/drive/MyDrive/Audio_dataset/Marathi/24873.mp3,4.977,-108.73,False,4.768,Marathi,
/content/drive/MyDrive/Audio_dataset/Marathi/2833.mp3,4.981,-133.33,False,3.264,Marathi,
/content/drive/MyDrive/Audio_dataset/Marathi/25258.mp3,5.004,-112.42,False,4.672,Marathi,
/content/drive/MyDrive/Audio_dataset/Marathi/3106.mp3,4.981,-119.42,False,4.8,Marathi,
/content/drive/MyDrive/Audio_dataset/Marathi/2915.mp3,4.981,-121.14,False,4.672,Marathi,
/content/drive/MyDrive/Audio_dataset/Marathi/24390.mp3,4.977,-102.4,False,4.8,Marathi,
/content/drive/MyDrive/Audio_dataset/Marathi/24257.mp3,5.005,-139.07,False,4.557,Marathi,
/content/drive/MyDrive/Audio_dataset/Marathi/2483.mp3,4.981,-142.64,False,4.917,Marathi,
/content/drive/MyDrive/Audio_dataset/Marathi/25325.mp3,5.004,-81.55,False,5.004,Marathi,
/content/drive/MyDrive/Audio_dataset/Marathi/25264.mp3,5.005,-116.17,False,4.909,Marathi,
/content/drive/MyDrive/Audio_dataset/Marathi/2775.mp3,4.981,-124.45,False,4.192,Marathi,
/content/drive/MyDrive/Audio_dataset/Marathi/24887.mp3,4.977,-85.88,False,4.977,Marathi,
/content/drive/MyDrive/Audio_dataset/Marathi/24756.mp3,4.981,-109.41,False,4.981,Marathi,
/content/drive/MyDrive/Audio_dataset/Marathi/25034.mp3,4.981,-114.52,False,4.48,Marathi,
/content/drive/MyDrive/Audio_dataset/Marathi/24695.mp3,5.004,-104.47,False,4.972,Marathi,
/content/drive/MyDrive/Audio_dataset/Marathi/24407.mp3,4.977,-109.74,False,3.552,Marathi,
/content/drive/MyDrive/Audio_dataset/Marathi/24770.mp3,4.981,-135.92,False,4.949,Marathi,
/content/drive/MyDrive/Audio_dataset/Marathi/2660.mp3,5.005,-102.94,False,4.973,Marathi,
/content/drive/MyDrive/Audio_dataset/Marathi/25167.mp3,5.005,-161.46,False,4.576,Marathi,
/content/drive/MyDrive/Audio_dataset/Marathi/2458.mp3,5.005,-129.09,False,4.864,Marathi,
/content/drive/MyDrive/Audio_dataset/Marathi/25173.mp3,5.005,-116.55,False,4.941,Marathi,
/content/drive/MyDrive/Audio_dataset/Marathi/3111.mp3,5.004,-116.85,False,4.972,Marathi,
/content/drive/MyDrive/Audio_dataset/Marathi/24357.mp3,4.977,-105.31,False,4.768,Marathi,
/content/drive/MyDrive/Audio_dataset/Marathi/3107.mp3,4.977,-98.35,False,4.977,Marathi,
/content/drive/MyDrive/Audio_dataset/Marathi/24747.mp3,4.981,-113.49,False,4.981,Marathi,
/content/drive/MyDrive/Audio_dataset/Marathi/2920.mp3,4.981,-96.87,False,4.544,Marathi,
/content/drive/MyDrive/Audio_dataset/Marathi/24229.mp3,4.977,-73.27,False,4.945,Marathi,
/content/drive/MyDrive/Audio_dataset/Marathi/24806.mp3,5.004,-107.07,False,4.928,Marathi,
/content/drive/MyDrive/Audio_dataset/Marathi/24234.mp3,4.977,-109.16,False,3.264,Marathi,
/content/drive/MyDrive/Audio_dataset/Marathi/24505.mp3,4.981,-85.68,False,4.981,Marathi,
/content/drive/MyDrive/Audio_dataset/Marathi/2642.mp3,4.977,-76.88,False,4.945,Marathi,
/content/drive/MyDrive/Audio_dataset/Marathi/2770.mp3,4.981,-117.13,False,1.589,Marathi,
/content/drive/MyDrive/Audio_dataset/Marathi/2992.mp3,5.004,-103.88,False,4.524,Marathi,
/content/drive/MyDrive/Audio_dataset/Marathi/2807.mp3,4.977,-118.87,False,4.593,Marathi,
/content/drive/MyDrive/Audio_dataset/Marathi/262.mp3,4.981,-117.85,False,4.981,Marathi,
/content/drive/MyDrive/Audio_dataset/Marathi/2934.mp3,4.981,-114.5,False,3.712,Marathi,
/content/drive/MyDrive/Audio_dataset/Marathi/24936.mp3,4.981,-127.69,False,4.928,Marathi,
/content/drive/MyDrive/Audio_dataset/Marathi/3029.mp3,4.977,-106.09,False,4.913,Marathi,
/content/drive/MyDrive/Audio_dataset/Marathi/24951.mp3,4.981,-94.38,False,4.768,Marathi,
/content/drive/MyDrive/Audio_dataset/Marathi/24621.mp3,5.005,-99.79,False,4.653,Marathi,
/content/drive/MyDrive/Audio_dataset/Marathi/25308.mp3,4.981,-130.58,False,4.928,Marathi,
/content/drive/MyDrive/Audio_dataset/Marathi/24674.mp3,5.004,-105.02,False,4.876,Marathi,
/content/drive/MyDrive/Audio_dataset/Marathi/2616.mp3,5.004,-106.84,False,4.428,Marathi,
/content/drive/MyDrive/Audio_dataset/Marathi/2591.mp3,5.004,-114.6,False,4.864,Marathi,
/content/drive/MyDrive/Audio_dataset/Marathi/24469.mp3,4.977,-94.13,False,4.849,Marathi,
/content/drive/MyDrive/Audio_dataset/Marathi/3094.mp3,4.981,-118.99,False,4.512,Marathi,
/content/drive/MyDrive/Audio_dataset/Marathi/24272.mp3,5.004,-125.46,False,4.512,Marathi,
/content/drive/MyDrive/Audio_dataset/Marathi/2776.mp3,4.981,-171.59,False,4.949,Marathi,
/content/drive/MyDrive/Audio_dataset/Marathi/2612.mp3,5.005,-95.92,False,5.005,Marathi,
/content/drive/MyDrive/Audio_dataset/Marathi/2882.mp3,5.004,-105.85,False,5.004,Marathi,
/content/drive/MyDrive/Audio_dataset/Marathi/4704.mp3,4.981,-90.31,False,4.981,Marathi,
/content/drive/MyDrive/Audio_dataset/Marathi/3979.mp3,4.977,-71.53,False,4.977,Marathi,
/content/drive/MyDrive/Audio_dataset/Marathi/3827.mp3,5.004,-107.26,False,3.744,Marathi,
/content/drive/MyDrive/Audio_dataset/Marathi/4656.mp3,4.981,-104.28,False,4.736,Marathi,
/content/drive/MyDrive/Audio_dataset/Marathi/3511.mp3,5.005,-116.43,False,4.557,Marathi,
/content/drive/MyDrive/Audio_dataset/Marathi/3713.mp3,4.981,-110.38,False,4.832,Marathi,
/content/drive/MyDrive/Audio_dataset/Marathi/4273.mp3,4.981,-116.42,False,4.981,Marathi,
/content/drive/MyDrive/Audio_dataset/Marathi/4553.mp3,5.005,-117.39,False,4.672,Marathi,
/content/drive/MyDrive/Audio_dataset/Marathi/4587.mp3,5.005,-117.74,False,4.832,Marathi,
/content/drive/MyDrive/Audio_dataset/Marathi/3889.mp3,5.005,-167.16,False,4.32,Marathi,
/content/drive/MyDrive/Audio_dataset/Marathi/3559.mp3,4.981,-120.94,False,4.981,Marathi,
/content/drive/MyDrive/Audio_dataset/Marathi/3228.mp3,4.981,-116.2,False,4.981,Marathi,
/content/drive/MyDrive/Audio_dataset/Marathi/36.mp3,4.977,-112.66,False,4.497,Marathi,
/content/drive/MyDrive/Audio_dataset/Marathi/3299.mp3,4.981,-95.16,False,4.693,Marathi,
/content/drive/MyDrive/Audio_dataset/Marathi/4038.mp3,4.981,-109.65,False,4.96,Marathi,
/content/drive/MyDrive/Audio_dataset/Marathi/322.mp3,4.981,-117.36,False,4.053,Marathi,
/content/drive/MyDrive/Audio_dataset/Marathi/4603.mp3,5.004,-81.24,False,4.94,Marathi,
/content/drive/MyDrive/Audio_dataset/Marathi/4598.mp3,4.977,-123.45,False,4.369,Marathi,
/content/drive/MyDrive/Audio_dataset/Marathi/3598.mp3,5.005,-90.06,False,4.941,Marathi,
/content/drive/MyDrive/Audio_dataset/Marathi/3179.mp3,4.981,-150.22,False,4.917,Marathi,
/content/drive/MyDrive/Audio_dataset/Marathi/4716.mp3,4.981,-101.39,False,4.981,Marathi,
/content/drive/MyDrive/Audio_dataset/Marathi/3726.mp3,5.004,-140.97,False,4.768,Marathi,
/content/drive/MyDrive/Audio_dataset/Marathi/3525.mp3,5.005,-102.46,False,2.72,Marathi,
/content/drive/MyDrive/Audio_dataset/Marathi/3993.mp3,4.981,-91.13,False,4.768,Marathi,
/content/drive/MyDrive/Audio_dataset/Marathi/4154.mp3,4.977,-84.12,False,4.928,Marathi,
/content/drive/MyDrive/Audio_dataset/Marathi/3521.mp3,5.005,-89.77,False,4.288,Marathi,
/content/drive/MyDrive/Audio_dataset/Marathi/3960.mp3,4.981,-135.27,False,4.981,Marathi,
/content/drive/MyDrive/Audio_dataset/Marathi/4552.mp3,4.977,-75.67,False,4.977,Marathi,
/content/drive/MyDrive/Audio_dataset/Marathi/3892.mp3,4.981,-116.38,False,4.789,Marathi,
/content/drive/MyDrive/Audio_dataset/Marathi/374.mp3,4.981,-147.95,False,4.064,Marathi,
/content/drive/MyDrive/Audio_dataset/Marathi/4565.mp3,4.981,-128.61,False,4.789,Marathi,
/content/drive/MyDrive/Audio_dataset/Marathi/3758.mp3,4.981,-124.93,False,4.981,Marathi,
/content/drive/MyDrive/Audio_dataset/Marathi/3996.mp3,5.004,-99.52,False,4.556,Marathi,
/content/drive/MyDrive/Audio_dataset/Marathi/3389.mp3,5.005,-113.02,False,3.904,Marathi,
/content/drive/MyDrive/Audio_dataset/Marathi/454.mp3,4.977,-108.55,False,4.032,Marathi,
/content/drive/MyDrive/Audio_dataset/Marathi/381.mp3,4.977,-94.29,False,4.608,Marathi,
/content/drive/MyDrive/Audio_dataset/Marathi/4104.mp3,4.977,-80.09,False,4.753,Marathi,
/content/drive/MyDrive/Audio_dataset/Marathi/3904.mp3,4.977,-110.0,False,4.977,Marathi,
/content/drive/MyDrive/Audio_dataset/Marathi/3606.mp3,5.005,-113.23,False,4.096,Marathi,
/content/drive/MyDrive/Audio_dataset/Marathi/434.mp3,4.981,-115.56,False,4.981,Marathi,
/content/drive/MyDrive/Audio_dataset/Marathi/4391.mp3,5.004,-79.42,False,4.96,Marathi,
/content/drive/MyDrive/Audio_dataset/Marathi/3282.mp3,4.981,-97.63,False,4.8,Marathi,
/content/drive/MyDrive/Audio_dataset/Marathi/4551.mp3,5.005,-115.32,False,4.877,Marathi,
/content/drive/MyDrive/Audio_dataset/Marathi/326.mp3,4.981,-118.3,False,4.757,Marathi,
/content/drive/MyDrive/Audio_dataset/Marathi/3667.mp3,4.977,-81.45,False,4.032,Marathi,
/content/drive/MyDrive/Audio_dataset/Marathi/4183.mp3,5.004,-73.94,False,5.004,Marathi,
/content/drive/MyDrive/Audio_dataset/Marathi/3784.mp3,5.005,-96.45,False,5.005,Marathi,
/content/drive/MyDrive/Audio_dataset/Marathi/4542.mp3,5.004,-107.61,False,4.928,Marathi,
/content/drive/MyDrive/Audio_dataset/Marathi/3361.mp3,4.977,-107.58,False,4.881,Marathi,
/content/drive/MyDrive/Audio_dataset/Marathi/3740.mp3,4.977,-95.42,False,4.625,Marathi,
/content/drive/MyDrive/Audio_dataset/Marathi/365.mp3,4.977,-107.78,False,4.977,Marathi,
/content/drive/MyDrive/Audio_dataset/Marathi/4279.mp3,5.005,-123.06,False,5.005,Marathi,
/content/drive/MyDrive/Audio_dataset/Marathi/4113.mp3,4.977,-113.19,False,4.608,Marathi,
/content/drive/MyDrive/Audio_dataset/Marathi/3614.mp3,4.981,-112.24,False,4.981,Marathi,
/content/drive/MyDrive/Audio_dataset/Marathi/380.mp3,4.981,-126.92,False,4.405,Marathi,
/content/drive/MyDrive/Audio_dataset/Marathi/4321.mp3,4.977,-99.44,False,4.576,Marathi,
/content/drive/MyDrive/Audio_dataset/Marathi/3345.mp3,4.977,-126.88,False,4.48,Marathi,
/content/drive/MyDrive/Audio_dataset/Marathi/3645.mp3,4.981,-112.03,False,4.981,Marathi,
/content/drive/MyDrive/Audio_dataset/Marathi/4657.mp3,4.977,-91.12,False,4.416,Marathi,
/content/drive/MyDrive/Audio_dataset/Marathi/4678.mp3,4.977,-123.88,False,4.977,Marathi,
/content/drive/MyDrive/Audio_dataset/Marathi/4595.mp3,5.005,-119.59,False,4.973,Marathi,
/content/drive/MyDrive/Audio_dataset/Marathi/42.mp3,4.977,-111.43,False,4.305,Marathi,
/content/drive/MyDrive/Audio_dataset/Marathi/4535.mp3,5.005,-106.16,False,4.8,Marathi,
/content/drive/MyDrive/Audio_dataset/Marathi/3346.mp3,5.005,-116.81,False,4.941,Marathi,
/content/drive/MyDrive/Audio_dataset/Marathi/3128.mp3,5.005,-115.45,False,4.992,Marathi,
/content/drive/MyDrive/Audio_dataset/Marathi/4076.mp3,5.004,-77.52,False,5.004,Marathi,
/content/drive/MyDrive/Audio_dataset/Marathi/3336.mp3,5.004,-122.53,False,4.32,Marathi,
/content/drive/MyDrive/Audio_dataset/Marathi/4065.mp3,5.004,-110.2,False,4.896,Marathi,
/content/drive/MyDrive/Audio_dataset/Marathi/4712.mp3,4.977,-102.73,False,4.977,Marathi,
/content/drive/MyDrive/Audio_dataset/Marathi/4430.mp3,4.981,-103.43,False,3.744,Marathi,
/content/drive/MyDrive/Audio_dataset/Marathi/4008.mp3,4.977,-114.83,False,4.977,Marathi,
/content/drive/MyDrive/Audio_dataset/Marathi/3507.mp3,5.005,-102.38,False,5.005,Marathi,
/content/drive/MyDrive/Audio_dataset/Marathi/4297.mp3,4.977,-79.35,False,4.96,Marathi,
/content/drive/MyDrive/Audio_dataset/Marathi/3365.mp3,4.981,-115.3,False,4.981,Marathi,
/content/drive/MyDrive/Audio_dataset/Marathi/3947.mp3,5.004,-108.65,False,4.972,Marathi,
/content/drive/MyDrive/Audio_dataset/Marathi/3685.mp3,5.004,-71.38,False,5.004,Marathi,
/content/drive/MyDrive/Audio_dataset/Marathi/3634.mp3,5.005,-103.48,False,4.077,Marathi,
/content/drive/MyDrive/Audio_dataset/Marathi/4652.mp3,5.004,-109.44,False,4.876,Marathi,
/content/drive/MyDrive/Audio_dataset/Marathi/4412.mp3,4.981,-124.1,False,4.032,Marathi,
/content/drive/MyDrive/Audio_dataset/Marathi/4692.mp3,4.981,-120.63,False,4.981,Marathi,
/content/drive/MyDrive/Audio_dataset/Marathi/3468.mp3,4.981,-125.95,False,4.437,Marathi,
/content/drive/MyDrive/Audio_dataset/Marathi/4594.mp3,4.981,-124.94,False,4.981,Marathi,
/content/drive/MyDrive/Audio_dataset/Marathi/4920.mp3,4.981,-107.53,False,4.821,Marathi,
/content/drive/MyDrive/Audio_dataset/Marathi/5641.mp3,5.005,-133.63,False,4.896,Marathi,
/content/drive/MyDrive/Audio_dataset/Marathi/5841.mp3,4.981,-98.08,False,4.981,Marathi,
/content/drive/MyDrive/Audio_dataset/Marathi/5000.mp3,4.981,-80.25,False,4.981,Marathi,
/content/drive/MyDrive/Audio_dataset/Marathi/5463.mp3,4.981,-87.01,False,4.981,Marathi,
/content/drive/MyDrive/Audio_dataset/Marathi/54.mp3,4.977,-102.22,False,4.305,Marathi,
/content/drive/MyDrive/Audio_dataset/Marathi/5837.mp3,5.004,-105.03,False,4.224,Marathi,
/content/drive/MyDrive/Audio_dataset/Marathi/5082.mp3,4.981,-117.88,False,4.832,Marathi,
/content/drive/MyDrive/Audio_dataset/Marathi/5348.mp3,5.004,-104.5,False,4.844,Marathi,
/content/drive/MyDrive/Audio_dataset/Marathi/5401.mp3,4.977,-105.93,False,4.64,Marathi,
/content/drive/MyDrive/Audio_dataset/Marathi/4928.mp3,5.004,-124.39,False,3.072,Marathi,
/content/drive/MyDrive/Audio_dataset/Marathi/4864.mp3,5.004,-99.78,False,5.004,Marathi,
/content/drive/MyDrive/Audio_dataset/Marathi/6225.mp3,4.981,-121.48,False,4.768,Marathi,
/content/drive/MyDrive/Audio_dataset/Marathi/4946.mp3,4.981,-102.81,False,4.384,Marathi,
/content/drive/MyDrive/Audio_dataset/Marathi/5302.mp3,4.981,-111.15,False,4.565,Marathi,
/content/drive/MyDrive/Audio_dataset/Marathi/5136.mp3,4.977,-119.98,False,4.977,Marathi,
/content/drive/MyDrive/Audio_dataset/Marathi/6267.mp3,4.977,-80.4,False,4.977,Marathi,
/content/drive/MyDrive/Audio_dataset/Marathi/5053.mp3,4.977,-118.54,False,3.776,Marathi,
/content/drive/MyDrive/Audio_dataset/Marathi/6350.mp3,5.004,-109.4,False,5.004,Marathi,
/content/drive/MyDrive/Audio_dataset/Marathi/608.mp3,5.004,-116.08,False,4.064,Marathi,
/content/drive/MyDrive/Audio_dataset/Marathi/5054.mp3,4.977,-127.94,False,4.977,Marathi,
/content/drive/MyDrive/Audio_dataset/Marathi/4890.mp3,4.981,-116.03,False,4.981,Marathi,
/content/drive/MyDrive/Audio_dataset/Marathi/6041.mp3,4.977,-110.36,False,3.552,Marathi,
/content/drive/MyDrive/Audio_dataset/Marathi/5793.mp3,4.977,-114.48,False,4.977,Marathi,
/content/drive/MyDrive/Audio_dataset/Marathi/597.mp3,5.004,-113.64,False,4.48,Marathi,
/content/drive/MyDrive/Audio_dataset/Marathi/6172.mp3,4.981,-82.8,False,4.117,Marathi,
/content/drive/MyDrive/Audio_dataset/Marathi/6219.mp3,4.981,-121.58,False,4.064,Marathi,
/content/drive/MyDrive/Audio_dataset/Marathi/4723.mp3,4.977,-97.92,False,4.977,Marathi,
/content/drive/MyDrive/Audio_dataset/Marathi/551.mp3,4.977,-114.67,False,3.921,Marathi,
/content/drive/MyDrive/Audio_dataset/Marathi/5517.mp3,4.981,-88.89,False,4.981,Marathi,
/content/drive/MyDrive/Audio_dataset/Marathi/5221.mp3,4.981,-125.56,False,4.864,Marathi,
/content/drive/MyDrive/Audio_dataset/Marathi/5586.mp3,5.005,-89.41,False,5.005,Marathi,
/content/drive/MyDrive/Audio_dataset/Marathi/5030.mp3,4.977,-100.72,False,4.913,Marathi,
/content/drive/MyDrive/Audio_dataset/Marathi/4995.mp3,5.005,-104.28,False,4.736,Marathi,
/content/drive/MyDrive/Audio_dataset/Marathi/4805.mp3,4.977,-107.47,False,4.977,Marathi,
/content/drive/MyDrive/Audio_dataset/Marathi/5498.mp3,4.977,-111.62,False,4.945,Marathi,
/content/drive/MyDrive/Audio_dataset/Marathi/5128.mp3,5.004,-80.69,False,5.004,Marathi,
/content/drive/MyDrive/Audio_dataset/Marathi/5856.mp3,4.977,-90.09,False,4.977,Marathi,
/content/drive/MyDrive/Audio_dataset/Marathi/6353.mp3,4.977,-108.96,False,4.977,Marathi,
/content/drive/MyDrive/Audio_dataset/Marathi/6206.mp3,4.981,-97.58,False,4.981,Marathi,
/content/drive/MyDrive/Audio_dataset/Marathi/6049.mp3,4.981,-77.25,False,4.981,Marathi,
/content/drive/MyDrive/Audio_dataset/Marathi/5441.mp3,4.981,-109.86,False,4.885,Marathi,
/content/drive/MyDrive/Audio_dataset/Marathi/5102.mp3,4.981,-102.36,False,4.885,Marathi,
/content/drive/MyDrive/Audio_dataset/Marathi/5712.mp3,5.005,-107.05,False,4.8,Marathi,
/content/drive/MyDrive/Audio_dataset/Marathi/5588.mp3,4.981,-97.66,False,4.981,Marathi,
/content/drive/MyDrive/Audio_dataset/Marathi/593.mp3,4.981,-145.59,False,4.768,Marathi,
/content/drive/MyDrive/Audio_dataset/Marathi/5210.mp3,4.981,-103.87,False,4.8,Marathi,
/content/drive/MyDrive/Audio_dataset/Marathi/5756.mp3,5.004,-107.67,False,4.044,Marathi,
/content/drive/MyDrive/Audio_dataset/Marathi/5702.mp3,4.977,-118.69,False,3.761,Marathi,
/content/drive/MyDrive/Audio_dataset/Marathi/5961.mp3,5.004,-93.31,False,4.972,Marathi,
/content/drive/MyDrive/Audio_dataset/Marathi/5739.mp3,5.004,-116.16,False,4.896,Marathi,
/content/drive/MyDrive/Audio_dataset/Marathi/6174.mp3,5.004,-74.57,False,5.004,Marathi,
/content/drive/MyDrive/Audio_dataset/Marathi/5554.mp3,5.004,-81.81,False,4.64,Marathi,
/content/drive/MyDrive/Audio_dataset/Marathi/4909.mp3,4.977,-83.85,False,4.64,Marathi,
/content/drive/MyDrive/Audio_dataset/Marathi/5596.mp3,4.977,-107.84,False,4.881,Marathi,
/content/drive/MyDrive/Audio_dataset/Marathi/5043.mp3,5.004,-163.76,False,4.192,Marathi,
/content/drive/MyDrive/Audio_dataset/Marathi/5145.mp3,5.004,-104.09,False,5.004,Marathi,
/content/drive/MyDrive/Audio_dataset/Marathi/5373.mp3,4.977,-111.03,False,4.928,Marathi,
/content/drive/MyDrive/Audio_dataset/Marathi/6196.mp3,5.004,-108.97,False,5.004,Marathi,
/content/drive/MyDrive/Audio_dataset/Marathi/5070.mp3,5.005,-135.0,False,5.005,Marathi,
/content/drive/MyDrive/Audio_dataset/Marathi/5477.mp3,4.981,-135.0,False,4.928,Marathi,
/content/drive/MyDrive/Audio_dataset/Marathi/5250.mp3,4.981,-118.02,False,4.352,Marathi,
/content/drive/MyDrive/Audio_dataset/Marathi/5283.mp3,5.005,-109.9,False,4.941,Marathi,
/content/drive/MyDrive/Audio_dataset/Marathi/5009.mp3,5.004,-119.68,False,3.756,Marathi,
/content/drive/MyDrive/Audio_dataset/Marathi/575.mp3,4.981,-87.38,False,4.832,Marathi,
/content/drive/MyDrive/Audio_dataset/Marathi/5313.mp3,4.981,-81.48,False,4.853,Marathi,
/content/drive/MyDrive/Audio_dataset/Marathi/4828.mp3,4.981,-97.48,False,4.885,Marathi,
/content/drive/MyDrive/Audio_dataset/Marathi/4745.mp3,4.981,-112.64,False,4.021,Marathi,
/content/drive/MyDrive/Audio_dataset/Marathi/6164.mp3,4.977,-86.86,False,4.977,Marathi,
/content/drive/MyDrive/Audio_dataset/Marathi/5255.mp3,5.004,-84.89,False,4.972,Marathi,
/content/drive/MyDrive/Audio_dataset/Marathi/555.mp3,4.981,-133.62,False,4.928,Marathi,
/content/drive/MyDrive/Audio_dataset/Marathi/6184.mp3,4.977,-110.35,False,4.113,Marathi,
/content/drive/MyDrive/Audio_dataset/Marathi/6026.mp3,4.981,-120.52,False,4.981,Marathi,
/content/drive/MyDrive/Audio_dataset/Marathi/5476.mp3,4.977,-71.69,False,4.977,Marathi,
/content/drive/MyDrive/Audio_dataset/Marathi/6290.mp3,5.005,-128.71,False,3.072,Marathi,
/content/drive/MyDrive/Audio_dataset/Marathi/4918.mp3,4.981,-118.7,False,4.981,Marathi,
/content/drive/MyDrive/Audio_dataset/Marathi/6144.mp3,5.005,-119.51,False,4.448,Marathi,
/content/drive/MyDrive/Audio_dataset/Marathi/6160.mp3,4.977,-104.64,False,4.192,Marathi,
/content/drive/MyDrive/Audio_dataset/Marathi/6280.mp3,5.004,-97.03,False,4.94,Marathi,
/content/drive/MyDrive/Audio_dataset/Marathi/4791.mp3,4.981,-118.25,False,4.629,Marathi,
/content/drive/MyDrive/Audio_dataset/Marathi/4944.mp3,5.004,-127.09,False,4.492,Marathi,
/content/drive/MyDrive/Audio_dataset/Marathi/554.mp3,5.004,-86.48,False,4.928,Marathi,
/content/drive/MyDrive/Audio_dataset/Marathi/4858.mp3,5.005,-113.1,False,5.005,Marathi,
/content/drive/MyDrive/Audio_dataset/Marathi/7833.mp3,4.981,-105.7,False,4.981,Marathi,
/content/drive/MyDrive/Audio_dataset/Marathi/6856.mp3,5.004,-111.3,False,3.872,Marathi,
/content/drive/MyDrive/Audio_dataset/Marathi/6623.mp3,4.977,-76.91,False,4.977,Marathi,
/content/drive/MyDrive/Audio_dataset/Marathi/6652.mp3,4.981,-86.25,False,4.853,Marathi,
/content/drive/MyDrive/Audio_dataset/Marathi/8229.mp3,5.005,-101.5,False,4.653,Marathi,
/content/drive/MyDrive/Audio_dataset/Marathi/7820.mp3,4.977,-107.46,False,4.401,Marathi,
/content/drive/MyDrive/Audio_dataset/Marathi/6941.mp3,4.981,-105.12,False,4.981,Marathi,
/content/drive/MyDrive/Audio_dataset/Marathi/6684.mp3,4.977,-113.4,False,4.64,Marathi,
/content/drive/MyDrive/Audio_dataset/Marathi/7598.mp3,5.004,-107.95,False,4.0,Marathi,
/content/drive/MyDrive/Audio_dataset/Marathi/8077.mp3,5.005,-77.95,False,4.48,Marathi,
/content/drive/MyDrive/Audio_dataset/Marathi/793.mp3,5.004,-115.06,False,4.992,Marathi,
/content/drive/MyDrive/Audio_dataset/Marathi/7445.mp3,4.977,-106.51,False,4.832,Marathi,
/content/drive/MyDrive/Audio_dataset/Marathi/6983.mp3,5.005,-101.21,False,4.736,Marathi,
/content/drive/MyDrive/Audio_dataset/Marathi/6502.mp3,4.977,-106.58,False,3.569,Marathi,
/content/drive/MyDrive/Audio_dataset/Marathi/7618.mp3,5.004,-76.89,False,5.004,Marathi,
/content/drive/MyDrive/Audio_dataset/Marathi/8142.mp3,4.981,-124.38,False,3.04,Marathi,
/content/drive/MyDrive/Audio_dataset/Marathi/6828.mp3,4.977,-121.98,False,4.832,Marathi,
/content/drive/MyDrive/Audio_dataset/Marathi/8415.mp3,4.977,-103.74,False,3.552,Marathi,
/content/drive/MyDrive/Audio_dataset/Marathi/7652.mp3,4.981,-116.68,False,4.256,Marathi,
/content/drive/MyDrive/Audio_dataset/Marathi/8282.mp3,5.005,-115.8,False,4.64,Marathi,
/content/drive/MyDrive/Audio_dataset/Marathi/8119.mp3,4.981,-118.45,False,3.872,Marathi,
/content/drive/MyDrive/Audio_dataset/Marathi/7779.mp3,5.005,-107.5,False,4.64,Marathi,
/content/drive/MyDrive/Audio_dataset/Marathi/7048.mp3,4.981,-127.18,False,4.672,Marathi,
/content/drive/MyDrive/Audio_dataset/Marathi/7056.mp3,4.981,-127.18,False,4.565,Marathi,
/content/drive/MyDrive/Audio_dataset/Marathi/8337.mp3,5.004,-104.31,False,4.748,Marathi,
/content/drive/MyDrive/Audio_dataset/Marathi/8022.mp3,5.005,-113.25,False,5.005,Marathi,
/content/drive/MyDrive/Audio_dataset/Marathi/6923.mp3,4.977,-92.51,False,4.064,Marathi,
/content/drive/MyDrive/Audio_dataset/Marathi/6430.mp3,5.005,-102.67,False,4.909,Marathi,
/content/drive/MyDrive/Audio_dataset/Marathi/7458.mp3,4.977,-123.55,False,4.721,Marathi,
/content/drive/MyDrive/Audio_dataset/Marathi/8443.mp3,5.005,-150.76,False,5.005,Marathi,
/content/drive/MyDrive/Audio_dataset/Marathi/8051.mp3,4.981,-122.39,False,4.981,Marathi,
/content/drive/MyDrive/Audio_dataset/Marathi/844.mp3,5.004,-100.39,False,4.844,Marathi,
/content/drive/MyDrive/Audio_dataset/Marathi/7816.mp3,4.981,-111.42,False,4.981,Marathi,
/content/drive/MyDrive/Audio_dataset/Marathi/8364.mp3,4.981,-126.58,False,4.821,Marathi,
/content/drive/MyDrive/Audio_dataset/Marathi/6984.mp3,5.005,-120.71,False,4.973,Marathi,
/content/drive/MyDrive/Audio_dataset/Marathi/7018.mp3,4.981,-129.98,False,4.981,Marathi,
/content/drive/MyDrive/Audio_dataset/Marathi/7717.mp3,4.977,-112.04,False,4.608,Marathi,
/content/drive/MyDrive/Audio_dataset/Marathi/8047.mp3,4.977,-119.86,False,4.928,Marathi,
/content/drive/MyDrive/Audio_dataset/Marathi/8032.mp3,5.005,-123.77,False,4.608,Marathi,
/content/drive/MyDrive/Audio_dataset/Marathi/7979.mp3,4.981,-134.32,False,4.704,Marathi,
/content/drive/MyDrive/Audio_dataset/Marathi/7267.mp3,5.004,-78.64,False,5.004,Marathi,
/content/drive/MyDrive/Audio_dataset/Marathi/8444.mp3,4.977,-89.95,False,4.64,Marathi,
/content/drive/MyDrive/Audio_dataset/Marathi/6514.mp3,4.981,-131.56,False,4.544,Marathi,
/content/drive/MyDrive/Audio_dataset/Marathi/6491.mp3,5.005,-81.18,False,5.005,Marathi,
/content/drive/MyDrive/Audio_dataset/Marathi/7280.mp3,4.981,-123.1,False,4.885,Marathi,
/content/drive/MyDrive/Audio_dataset/Marathi/6721.mp3,4.977,-84.15,False,4.881,Marathi,
/content/drive/MyDrive/Audio_dataset/Marathi/6723.mp3,4.977,-104.65,False,4.849,Marathi,
/content/drive/MyDrive/Audio_dataset/Marathi/8106.mp3,4.981,-84.95,False,4.949,Marathi,
/content/drive/MyDrive/Audio_dataset/Marathi/6429.mp3,4.981,-114.99,False,4.981,Marathi,
/content/drive/MyDrive/Audio_dataset/Marathi/7179.mp3,4.981,-83.71,False,4.981,Marathi,
/content/drive/MyDrive/Audio_dataset/Marathi/8004.mp3,4.977,-80.85,False,4.561,Marathi,
/content/drive/MyDrive/Audio_dataset/Marathi/6385.mp3,5.005,-136.26,False,4.301,Marathi,
/content/drive/MyDrive/Audio_dataset/Marathi/6386.mp3,4.981,-105.63,False,4.064,Marathi,
/content/drive/MyDrive/Audio_dataset/Marathi/6567.mp3,4.981,-118.11,False,4.064,Marathi,
/content/drive/MyDrive/Audio_dataset/Marathi/8005.mp3,4.981,-124.13,False,4.981,Marathi,
/content/drive/MyDrive/Audio_dataset/Marathi/7934.mp3,4.977,-100.08,False,4.945,Marathi,
/content/drive/MyDrive/Audio_dataset/Marathi/6432.mp3,5.004,-103.63,False,4.256,Marathi,
/content/drive/MyDrive/Audio_dataset/Marathi/8335.mp3,4.977,-88.5,False,4.977,Marathi,
/content/drive/MyDrive/Audio_dataset/Marathi/7052.mp3,5.004,-112.38,False,4.992,Marathi,
/content/drive/MyDrive/Audio_dataset/Marathi/8072.mp3,5.005,-103.74,False,3.757,Marathi,
/content/drive/MyDrive/Audio_dataset/Marathi/8232.mp3,4.981,-136.16,False,4.416,Marathi,
/content/drive/MyDrive/Audio_dataset/Marathi/8118.mp3,4.977,-83.46,False,4.977,Marathi,
/content/drive/MyDrive/Audio_dataset/Marathi/6426.mp3,5.005,-123.54,False,5.005,Marathi,
/content/drive/MyDrive/Audio_dataset/Marathi/6937.mp3,4.977,-121.33,False,4.032,Marathi,
/content/drive/MyDrive/Audio_dataset/Marathi/7303.mp3,5.004,-110.9,False,4.96,Marathi,
/content/drive/MyDrive/Audio_dataset/Marathi/798.mp3,5.004,-79.87,False,5.004,Marathi,
/content/drive/MyDrive/Audio_dataset/Marathi/6396.mp3,5.005,-122.76,False,4.96,Marathi,
/content/drive/MyDrive/Audio_dataset/Marathi/8002.mp3,5.005,-123.1,False,5.005,Marathi,
/content/drive/MyDrive/Audio_dataset/Marathi/7007.mp3,5.004,-78.81,False,5.004,Marathi,
/content/drive/MyDrive/Audio_dataset/Marathi/6956.mp3,4.981,-94.51,False,4.896,Marathi,
/content/drive/MyDrive/Audio_dataset/Marathi/7072.mp3,4.981,-108.42,False,4.949,Marathi,
/content/drive/MyDrive/Audio_dataset/Marathi/7364.mp3,4.981,-100.31,False,4.981,Marathi,
/content/drive/MyDrive/Audio_dataset/Marathi/6605.mp3,5.005,-138.3,False,4.832,Marathi,
/content/drive/MyDrive/Audio_dataset/Marathi/7783.mp3,4.981,-99.99,False,4.565,Marathi,
/content/drive/MyDrive/Audio_dataset/Marathi/8352.mp3,5.004,-122.9,False,4.832,Marathi,
/content/drive/MyDrive/Audio_dataset/Marathi/8432.mp3,4.977,-112.86,False,4.448,Marathi,
/content/drive/MyDrive/Audio_dataset/Marathi/7558.mp3,4.977,-90.58,False,4.96,Marathi,
/content/drive/MyDrive/Audio_dataset/Marathi/7894.mp3,4.981,-110.82,False,4.192,Marathi,
/content/drive/MyDrive/Audio_dataset/Marathi/8220.mp3,5.004,-82.53,False,5.004,Marathi,
/content/drive/MyDrive/Audio_dataset/Marathi/6593.mp3,5.005,-114.34,False,5.005,Marathi,
/content/drive/MyDrive/Audio_dataset/Marathi/8089.mp3,5.004,-78.42,False,4.908,Marathi,
/content/drive/MyDrive/Audio_dataset/Marathi/6796.mp3,4.981,-134.39,False,3.936,Marathi,
/content/drive/MyDrive/Audio_dataset/Marathi/8990.mp3,5.005,-117.89,False,5.005,Marathi,
/content/drive/MyDrive/Audio_dataset/Marathi/9995.mp3,4.977,-93.52,False,4.768,Marathi,
/content/drive/MyDrive/Audio_dataset/Marathi/8789.mp3,4.977,-95.6,False,4.928,Marathi,
/content/drive/MyDrive/Audio_dataset/Marathi/898.mp3,4.977,-104.15,False,4.977,Marathi,
/content/drive/MyDrive/Audio_dataset/Marathi/8971.mp3,4.977,-109.45,False,3.84,Marathi,
/content/drive/MyDrive/Audio_dataset/Marathi/9509.mp3,4.981,-94.1,False,4.629,Marathi,
/content/drive/MyDrive/Audio_dataset/Marathi/8968.mp3,5.004,-118.4,False,3.66,Marathi,
/content/drive/MyDrive/Audio_dataset/Marathi/9840.mp3,4.981,-129.2,False,4.981,Marathi,
/content/drive/MyDrive/Audio_dataset/Marathi/9889.mp3,4.981,-96.85,False,4.981,Marathi,
/content/drive/MyDrive/Audio_dataset/Marathi/846.mp3,4.977,-82.62,False,4.977,Marathi,
/content/drive/MyDrive/Audio_dataset/Marathi/8616.mp3,5.004,-76.49,False,4.908,Marathi,
/content/drive/MyDrive/Audio_dataset/Marathi/9059.mp3,4.981,-128.95,False,4.853,Marathi,
/content/drive/MyDrive/Audio_dataset/Marathi/9677.mp3,5.005,-122.25,False,3.04,Marathi,
/content/drive/MyDrive/Audio_dataset/Marathi/9909.mp3,4.981,-112.15,False,4.981,Marathi,
/content/drive/MyDrive/Audio_dataset/Marathi/9424.mp3,4.977,-107.35,False,4.192,Marathi,
/content/drive/MyDrive/Audio_dataset/Marathi/8731.mp3,4.981,-105.84,False,4.32,Marathi,
/content/drive/MyDrive/Audio_dataset/Marathi/8575.mp3,4.981,-101.05,False,4.981,Marathi,
/content/drive/MyDrive/Audio_dataset/Marathi/9224.mp3,5.004,-111.4,False,4.672,Marathi,
/content/drive/MyDrive/Audio_dataset/Marathi/8609.mp3,4.981,-104.61,False,4.981,Marathi,
/content/drive/MyDrive/Audio_dataset/Marathi/9622.mp3,4.981,-117.77,False,4.981,Marathi,
/content/drive/MyDrive/Audio_dataset/Marathi/9362.mp3,4.981,-101.01,False,4.928,Marathi,
/content/drive/MyDrive/Audio_dataset/Marathi/9246.mp3,5.005,-86.87,False,5.005,Marathi,
/content/drive/MyDrive/Audio_dataset/Marathi/9601.mp3,4.981,-123.1,False,3.861,Marathi,
/content/drive/MyDrive/Audio_dataset/Marathi/9459.mp3,4.977,-95.26,False,4.913,Marathi,
/content/drive/MyDrive/Audio_dataset/Marathi/9436.mp3,4.981,-119.5,False,4.128,Marathi,
/content/drive/MyDrive/Audio_dataset/Marathi/8792.mp3,4.977,-77.18,False,4.64,Marathi,
/content/drive/MyDrive/Audio_dataset/Marathi/951.mp3,4.977,-105.64,False,4.977,Marathi,
/content/drive/MyDrive/Audio_dataset/Marathi/9031.mp3,4.981,-121.36,False,4.917,Marathi,
/content/drive/MyDrive/Audio_dataset/Marathi/9271.mp3,4.981,-103.23,False,4.736,Marathi,
/content/drive/MyDrive/Audio_dataset/Marathi/9917.mp3,4.981,-116.39,False,4.533,Marathi,
/content/drive/MyDrive/Audio_dataset/Marathi/8947.mp3,5.004,-81.88,False,4.94,Marathi,
/content/drive/MyDrive/Audio_dataset/Marathi/9797.mp3,4.977,-114.94,False,4.864,Marathi,
/content/drive/MyDrive/Audio_dataset/Marathi/9040.mp3,4.981,-130.59,False,4.48,Marathi,
/content/drive/MyDrive/Audio_dataset/Marathi/8585.mp3,4.977,-81.88,False,4.8,Marathi,
/content/drive/MyDrive/Audio_dataset/Marathi/8474.mp3,4.981,-126.72,False,4.245,Marathi,
/content/drive/MyDrive/Audio_dataset/Marathi/8725.mp3,5.005,-111.92,False,4.781,Marathi,
/content/drive/MyDrive/Audio_dataset/Marathi/9740.mp3,5.004,-83.87,False,5.004,Marathi,
/content/drive/MyDrive/Audio_dataset/Marathi/9434.mp3,5.004,-60.24,False,5.004,Marathi,
/content/drive/MyDrive/Audio_dataset/Marathi/8885.mp3,4.977,-109.26,False,4.977,Marathi,
/content/drive/MyDrive/Audio_dataset/Marathi/9351.mp3,5.004,-112.06,False,4.448,Marathi,
/content/drive/MyDrive/Audio_dataset/Marathi/8807.mp3,4.977,-120.5,False,4.32,Marathi,
/content/drive/MyDrive/Audio_dataset/Marathi/9185.mp3,4.981,-134.47,False,4.789,Marathi,
/content/drive/MyDrive/Audio_dataset/Marathi/928.mp3,5.005,-91.5,False,5.005,Marathi,
/content/drive/MyDrive/Audio_dataset/Marathi/8461.mp3,5.005,-103.47,False,5.005,Marathi,
/content/drive/MyDrive/Audio_dataset/Marathi/9559.mp3,4.981,-110.8,False,4.896,Marathi,
/content/drive/MyDrive/Audio_dataset/Marathi/9996.mp3,4.977,-100.96,False,4.753,Marathi,
/content/drive/MyDrive/Audio_dataset/Marathi/8565.mp3,4.981,-121.35,False,4.981,Marathi,
/content/drive/MyDrive/Audio_dataset/Marathi/8736.mp3,4.981,-102.95,False,4.544,Marathi,
/content/drive/MyDrive/Audio_dataset/Marathi/9944.mp3,4.977,-111.34,False,4.977,Marathi,
/content/drive/MyDrive/Audio_dataset/Marathi/9263.mp3,4.977,-103.22,False,4.881,Marathi,
/content/drive/MyDrive/Audio_dataset/Marathi/9011.mp3,5.005,-113.75,False,4.621,Marathi,
/content/drive/MyDrive/Audio_dataset/Marathi/9348.mp3,4.977,-88.32,False,4.977,Marathi,
/content/drive/MyDrive/Audio_dataset/Marathi/8645.mp3,5.004,-125.41,False,4.352,Marathi,
/content/drive/MyDrive/Audio_dataset/Marathi/995.mp3,4.977,-106.56,False,4.849,Marathi,
/content/drive/MyDrive/Audio_dataset/Marathi/938.mp3,4.977,-86.09,False,4.864,Marathi,
/content/drive/MyDrive/Audio_dataset/Marathi/9732.mp3,5.004,-99.02,False,4.64,Marathi,
/content/drive/MyDrive/Audio_dataset/Marathi/8598.mp3,5.005,-89.04,False,5.005,Marathi,
/content/drive/MyDrive/Audio_dataset/Marathi/961.mp3,4.977,-76.09,False,4.977,Marathi,
/content/drive/MyDrive/Audio_dataset/Marathi/8842.mp3,4.977,-125.62,False,4.8,Marathi,
/content/drive/MyDrive/Audio_dataset/Marathi/8849.mp3,4.981,-100.27,False,4.949,Marathi,
/content/drive/MyDrive/Audio_dataset/Marathi/939.mp3,4.977,-98.77,False,4.785,Marathi,
/content/drive/MyDrive/Audio_dataset/Marathi/9301.mp3,4.977,-94.59,False,4.977,Marathi,
/content/drive/MyDrive/Audio_dataset/Marathi/942.mp3,4.977,-114.0,False,3.808,Marathi,
/content/drive/MyDrive/Audio_dataset/Marathi/9104.mp3,5.005,-124.63,False,4.973,Marathi,
/content/drive/MyDrive/Audio_dataset/Marathi/9858.mp3,4.977,-122.48,False,4.945,Marathi,
/content/drive/MyDrive/Audio_dataset/Marathi/9715.mp3,5.004,-81.09,False,5.004,Marathi,
/content/drive/MyDrive/Audio_dataset/Marathi/8664.mp3,5.005,-78.38,False,5.005,Marathi,
/content/drive/MyDrive/Audio_dataset/Marathi/9266.mp3,4.981,-109.91,False,4.981,Marathi,
/content/drive/MyDrive/Audio_dataset/Marathi/8557.mp3,4.981,-135.77,False,4.352,Marathi,
/content/drive/MyDrive/Audio_dataset/Marathi/9411.mp3,4.981,-124.06,False,4.949,Marathi,
/content/drive/MyDrive/Audio_dataset/Marathi/9315.mp3,5.004,-76.72,False,4.992,Marathi,
/content/drive/MyDrive/Audio_dataset/Marathi/9312.mp3,5.004,-109.14,False,4.928,Marathi,
/content/drive/MyDrive/Audio_dataset/Marathi/10850.mp3,4.977,-103.5,False,4.913,Marathi,
/content/drive/MyDrive/Audio_dataset/Marathi/10436.mp3,4.981,-91.8,False,4.949,Marathi,
/content/drive/MyDrive/Audio_dataset/Marathi/10556.mp3,4.981,-160.53,False,4.757,Marathi,
/content/drive/MyDrive/Audio_dataset/Marathi/10701.mp3,4.981,-129.23,False,4.0,Marathi,
/content/drive/MyDrive/Audio_dataset/Marathi/10807.mp3,5.005,-98.29,False,4.301,Marathi,
/content/drive/MyDrive/Audio_dataset/Marathi/10229.mp3,4.981,-123.62,False,4.864,Marathi,
/content/drive/MyDrive/Audio_dataset/Marathi/10765.mp3,5.004,-115.54,False,2.176,Marathi,
/content/drive/MyDrive/Audio_dataset/Marathi/10291.mp3,5.004,-108.22,False,4.928,Marathi,
/content/drive/MyDrive/Audio_dataset/Marathi/10192.mp3,4.981,-128.92,False,4.64,Marathi,
/content/drive/MyDrive/Audio_dataset/tamil/10087.mp3,4.977,-107.96,False,4.832,tamil,
/content/drive/MyDrive/Audio_dataset/tamil/10765.mp3,4.977,-80.98,False,4.977,tamil,
/content/drive/MyDrive/Audio_dataset/tamil/10294.mp3,4.977,-80.95,False,4.977,tamil,
/content/drive/MyDrive/Audio_dataset/tamil/10939.mp3,4.977,-77.6,False,4.977,tamil,
/content/drive/MyDrive/Audio_dataset/tamil/10701.mp3,4.977,-90.96,False,4.913,tamil,
/content/drive/MyDrive/Audio_dataset/tamil/10436.mp3,4.99,-81.54,False,4.766,tamil,
/content/drive/MyDrive/Audio_dataset/tamil/10618.mp3,5.004,-102.26,False,4.928,tamil,
/content/drive/MyDrive/Audio_dataset/tamil/10167.mp3,4.981,-109.39,False,4.949,tamil,
/content/drive/MyDrive/Audio_dataset/tamil/10229.mp3,4.981,-118.81,False,4.917,tamil,
/content/drive/MyDrive/Audio_dataset/tamil/10013.mp3,4.981,-114.48,False,4.608,tamil,
/content/drive/MyDrive/Audio_dataset/tamil/10192.mp3,5.005,-109.41,False,5.005,tamil,
/content/drive/MyDrive/Audio_dataset/tamil/10348.mp3,4.981,-92.12,False,4.448,tamil,
/content/drive/MyDrive/Audio_dataset/tamil/10371.mp3,4.977,-93.22,False,4.672,tamil,
/content/drive/MyDrive/Audio_dataset/tamil/11014.mp3,5.005,-108.04,False,5.005,tamil,
/content/drive/MyDrive/Audio_dataset/tamil/10794.mp3,5.004,-96.25,False,5.004,tamil,
/content/drive/MyDrive/Audio_dataset/tamil/10807.mp3,4.981,-96.5,False,4.981,tamil,
/content/drive/MyDrive/Audio_dataset/tamil/10176.mp3,4.977,-112.77,False,4.657,tamil,
/content/drive/MyDrive/Audio_dataset/tamil/10703.mp3,5.004,-76.16,False,5.004,tamil,
/content/drive/MyDrive/Audio_dataset/tamil/10503.mp3,4.977,-91.93,False,4.913,tamil,
/content/drive/MyDrive/Audio_dataset/tamil/11044.mp3,4.977,-84.34,False,4.977,tamil,
/content/drive/MyDrive/Audio_dataset/tamil/10630.mp3,5.004,-111.1,False,5.004,tamil,
/content/drive/MyDrive/Audio_dataset/tamil/10850.mp3,4.977,-75.75,False,4.945,tamil,
/content/drive/MyDrive/Audio_dataset/tamil/10602.mp3,4.977,-116.67,False,4.977,tamil,
/content/drive/MyDrive/Audio_dataset/tamil/10351.mp3,5.004,-86.94,False,4.992,tamil,
/content/drive/MyDrive/Audio_dataset/tamil/10304.mp3,4.977,-68.87,False,4.96,tamil,
/content/drive/MyDrive/Audio_dataset/tamil/10296.mp3,4.977,-78.54,False,4.977,tamil,
/content/drive/MyDrive/Audio_dataset/tamil/10901.mp3,5.004,-82.6,False,5.004,tamil,
/content/drive/MyDrive/Audio_dataset/tamil/11028.mp3,4.977,-89.33,False,4.977,tamil,
/content/drive/MyDrive/Audio_dataset/tamil/10556.mp3,4.977,-79.49,False,4.96,tamil,
/content/drive/MyDrive/Audio_dataset/tamil/10418.mp3,5.004,-99.37,False,4.812,tamil,
/content/drive/MyDrive/Audio_dataset/tamil/10504.mp3,4.977,-96.68,False,4.817,tamil,
/content/drive/MyDrive/Audio_dataset/tamil/10279.mp3,5.004,-91.81,False,4.844,tamil,
/content/drive/MyDrive/Audio_dataset/tamil/10291.mp3,5.004,-81.9,False,5.004,tamil,
/content/drive/MyDrive/Audio_dataset/tamil/10852.mp3,5.004,-97.95,False,3.424,tamil,
/content/drive/MyDrive/Audio_dataset/tamil/10686.mp3,5.004,-79.62,False,5.004,tamil,
/content/drive/MyDrive/Audio_dataset/tamil/10301.mp3,5.004,-98.87,False,4.736,tamil,
/content/drive/MyDrive/Audio_dataset/tamil/11681.mp3,4.981,-102.46,False,4.981,tamil,
/content/drive/MyDrive/Audio_dataset/tamil/12647.mp3,5.005,-103.31,False,4.973,tamil,
/content/drive/MyDrive/Audio_dataset/tamil/11428.mp3,4.977,-96.52,False,4.977,tamil,
/content/drive/MyDrive/Audio_dataset/tamil/11188.mp3,4.977,-107.99,False,4.721,tamil,
/content/drive/MyDrive/Audio_dataset/tamil/11463.mp3,4.977,-89.44,False,4.977,tamil,
/content/drive/MyDrive/Audio_dataset/tamil/11804.mp3,4.977,-94.05,False,4.945,tamil,
/content/drive/MyDrive/Audio_dataset/tamil/12436.mp3,5.004,-89.63,False,4.972,tamil,
/content/drive/MyDrive/Audio_dataset/tamil/11083.mp3,4.977,-97.03,False,4.977,tamil,
/content/drive/MyDrive/Audio_dataset/tamil/12516.mp3,4.977,-78.49,False,4.977,tamil,
/content/drive/MyDrive/Audio_dataset/tamil/11474.mp3,4.977,-90.3,False,4.576,tamil,
/content/drive/MyDrive/Audio_dataset/tamil/12166.mp3,5.004,-64.65,False,5.004,tamil,
/content/drive/MyDrive/Audio_dataset/tamil/11590.mp3,4.981,-123.95,False,4.981,tamil,
/content/drive/MyDrive/Audio_dataset/tamil/12204.mp3,4.977,-103.78,False,4.945,tamil,
/content/drive/MyDrive/Audio_dataset/tamil/11341.mp3,5.005,-106.89,False,5.005,tamil,
/content/drive/MyDrive/Audio_dataset/tamil/12473.mp3,5.005,-117.3,False,4.973,tamil,
/content/drive/MyDrive/Audio_dataset/tamil/12726.mp3,5.004,-85.66,False,5.004,tamil,
/content/drive/MyDrive/Audio_dataset/tamil/11701.mp3,4.977,-93.37,False,4.977,tamil,
/content/drive/MyDrive/Audio_dataset/tamil/12553.mp3,4.977,-113.19,False,4.8,tamil,
/content/drive/MyDrive/Audio_dataset/tamil/12637.mp3,5.004,-90.45,False,5.004,tamil,
/content/drive/MyDrive/Audio_dataset/tamil/12656.mp3,5.004,-98.48,False,4.972,tamil,
/content/drive/MyDrive/Audio_dataset/tamil/11246.mp3,5.004,-79.38,False,5.004,tamil,
/content/drive/MyDrive/Audio_dataset/tamil/11406.mp3,5.004,-107.53,False,4.928,tamil,
/content/drive/MyDrive/Audio_dataset/tamil/12715.mp3,4.981,-99.9,False,4.949,tamil,
/content/drive/MyDrive/Audio_dataset/tamil/12482.mp3,4.977,-99.73,False,4.864,tamil,
/content/drive/MyDrive/Audio_dataset/tamil/11306.mp3,4.977,-112.68,False,4.977,tamil,
/content/drive/MyDrive/Audio_dataset/tamil/12390.mp3,5.004,-82.43,False,4.608,tamil,
/content/drive/MyDrive/Audio_dataset/tamil/11161.mp3,4.977,-83.26,False,4.849,tamil,
/content/drive/MyDrive/Audio_dataset/tamil/11907.mp3,4.977,-87.38,False,4.977,tamil,
/content/drive/MyDrive/Audio_dataset/tamil/11140.mp3,5.004,-79.56,False,4.972,tamil,
/content/drive/MyDrive/Audio_dataset/tamil/11203.mp3,4.977,-95.58,False,4.704,tamil,
/content/drive/MyDrive/Audio_dataset/tamil/11584.mp3,5.004,-92.13,False,5.004,tamil,
/content/drive/MyDrive/Audio_dataset/tamil/11930.mp3,4.977,-96.85,False,4.864,tamil,
/content/drive/MyDrive/Audio_dataset/tamil/11671.mp3,4.977,-98.97,False,4.288,tamil,
/content/drive/MyDrive/Audio_dataset/tamil/12393.mp3,4.977,-106.98,False,4.817,tamil,
/content/drive/MyDrive/Audio_dataset/tamil/12492.mp3,4.977,-115.13,False,4.977,tamil,
/content/drive/MyDrive/Audio_dataset/tamil/11958.mp3,4.977,-100.9,False,4.945,tamil,
/content/drive/MyDrive/Audio_dataset/tamil/11452.mp3,4.981,-110.86,False,4.853,tamil,
/content/drive/MyDrive/Audio_dataset/tamil/11324.mp3,4.977,-78.81,False,4.977,tamil,
/content/drive/MyDrive/Audio_dataset/tamil/12551.mp3,5.004,-97.65,False,4.94,tamil,
/content/drive/MyDrive/Audio_dataset/tamil/11071.mp3,4.977,-100.53,False,4.977,tamil,
/content/drive/MyDrive/Audio_dataset/tamil/11769.mp3,4.977,-94.58,False,4.48,tamil,
/content/drive/MyDrive/Audio_dataset/tamil/12799.mp3,5.004,-81.26,False,5.004,tamil,
/content/drive/MyDrive/Audio_dataset/tamil/11542.mp3,5.004,-94.52,False,5.004,tamil,
/content/drive/MyDrive/Audio_dataset/tamil/11519.mp3,4.981,-134.67,False,4.608,tamil,
/content/drive/MyDrive/Audio_dataset/tamil/12182.mp3,4.977,-79.79,False,4.945,tamil,
/content/drive/MyDrive/Audio_dataset/tamil/11473.mp3,4.977,-114.04,False,4.977,tamil,
/content/drive/MyDrive/Audio_dataset/tamil/11714.mp3,5.005,-101.04,False,4.909,tamil,
/content/drive/MyDrive/Audio_dataset/tamil/12835.mp3,4.977,-97.74,False,4.608,tamil,
/content/drive/MyDrive/Audio_dataset/tamil/12330.mp3,4.977,-77.97,False,4.753,tamil,
/content/drive/MyDrive/Audio_dataset/tamil/12558.mp3,5.004,-99.31,False,5.004,tamil,
/content/drive/MyDrive/Audio_dataset/tamil/11507.mp3,4.977,-99.43,False,4.977,tamil,
/content/drive/MyDrive/Audio_dataset/tamil/11670.mp3,4.977,-78.7,False,4.913,tamil,
/content/drive/MyDrive/Audio_dataset/tamil/11368.mp3,4.977,-103.0,False,4.977,tamil,
/content/drive/MyDrive/Audio_dataset/tamil/11275.mp3,5.004,-91.73,False,4.94,tamil,
/content/drive/MyDrive/Audio_dataset/tamil/12769.mp3,5.004,-107.53,False,5.004,tamil,
/content/drive/MyDrive/Audio_dataset/tamil/11683.mp3,4.977,-104.74,False,4.689,tamil,
/content/drive/MyDrive/Audio_dataset/tamil/11704.mp3,5.004,-101.46,False,4.588,tamil,
/content/drive/MyDrive/Audio_dataset/tamil/11813.mp3,4.977,-88.47,False,4.977,tamil,
/content/drive/MyDrive/Audio_dataset/tamil/11602.mp3,4.977,-94.05,False,4.977,tamil,
/content/drive/MyDrive/Audio_dataset/tamil/11430.mp3,5.005,-122.68,False,4.352,tamil,
/content/drive/MyDrive/Audio_dataset/tamil/12710.mp3,4.977,-91.6,False,4.977,tamil,
/content/drive/MyDrive/Audio_dataset/tamil/12470.mp3,4.977,-76.14,False,4.913,tamil,
/content/drive/MyDrive/Audio_dataset/tamil/11960.mp3,4.981,-95.35,False,4.981,tamil,
/content/drive/MyDrive/Audio_dataset/tamil/12398.mp3,5.004,-73.17,False,5.004,tamil,
/content/drive/MyDrive/Audio_dataset/tamil/11627.mp3,5.004,-95.54,False,5.004,tamil,
/content/drive/MyDrive/Audio_dataset/tamil/11440.mp3,5.004,-113.5,False,5.004,tamil,
/content/drive/MyDrive/Audio_dataset/tamil/11779.mp3,4.977,-112.24,False,4.817,tamil,
/content/drive/MyDrive/Audio_dataset/tamil/12040.mp3,4.977,-94.17,False,4.8,tamil,
/content/drive/MyDrive/Audio_dataset/tamil/12536.mp3,4.977,-87.27,False,4.945,tamil,
/content/drive/MyDrive/Audio_dataset/tamil/12727.mp3,5.004,-76.43,False,5.004,tamil,
/content/drive/MyDrive/Audio_dataset/tamil/11875.mp3,4.977,-92.29,False,4.768,tamil,
/content/drive/MyDrive/Audio_dataset/tamil/11381.mp3,4.977,-95.14,False,4.945,tamil,
/content/drive/MyDrive/Audio_dataset/tamil/12771.mp3,5.004,-96.23,False,5.004,tamil,
/content/drive/MyDrive/Audio_dataset/tamil/12098.mp3,5.004,-105.84,False,5.004,tamil,
/content/drive/MyDrive/Audio_dataset/tamil/11969.mp3,4.977,-101.21,False,4.945,tamil,
/content/drive/MyDrive/Audio_dataset/tamil/11114.mp3,5.004,-88.88,False,5.004,tamil,
/content/drive/MyDrive/Audio_dataset/tamil/11288.mp3,4.981,-118.79,False,4.864,tamil,
/content/drive/MyDrive/Audio_dataset/tamil/12603.mp3,5.004,-95.2,False,4.448,tamil,
/content/drive/MyDrive/Audio_dataset/tamil/11579.mp3,5.004,-94.36,False,4.224,tamil,
/content/drive/MyDrive/Audio_dataset/tamil/12349.mp3,5.005,-105.18,False,4.672,tamil,
/content/drive/MyDrive/Audio_dataset/tamil/12089.mp3,4.977,-85.71,False,4.881,tamil,
/content/drive/MyDrive/Audio_dataset/tamil/12247.mp3,5.004,-130.68,False,4.832,tamil,
/content/drive/MyDrive/Audio_dataset/tamil/12888.mp3,5.005,-109.82,False,5.005,tamil,
/content/drive/MyDrive/Audio_dataset/tamil/14299.mp3,5.004,-78.68,False,4.94,tamil,
/content/drive/MyDrive/Audio_dataset/tamil/13163.mp3,5.004,-83.4,False,4.972,tamil,
/content/drive/MyDrive/Audio_dataset/tamil/13082.mp3,5.004,-80.68,False,4.908,tamil,
/content/drive/MyDrive/Audio_dataset/tamil/14084.mp3,4.977,-88.13,False,4.977,tamil,
/content/drive/MyDrive/Audio_dataset/tamil/14477.mp3,5.004,-83.7,False,4.736,tamil,
/content/drive/MyDrive/Audio_dataset/tamil/13615.mp3,4.981,-118.5,False,4.949,tamil,
/content/drive/MyDrive/Audio_dataset/tamil/12977.mp3,4.981,-108.65,False,4.981,tamil,
/content/drive/MyDrive/Audio_dataset/tamil/13945.mp3,4.977,-80.52,False,4.977,tamil,
/content/drive/MyDrive/Audio_dataset/tamil/12938.mp3,5.004,-82.7,False,5.004,tamil,
/content/drive/MyDrive/Audio_dataset/tamil/13306.mp3,5.005,-112.42,False,3.488,tamil,
/content/drive/MyDrive/Audio_dataset/tamil/14661.mp3,4.977,-94.54,False,4.113,tamil,
/content/drive/MyDrive/Audio_dataset/tamil/14313.mp3,5.004,-94.1,False,4.512,tamil,
/content/drive/MyDrive/Audio_dataset/tamil/13126.mp3,5.005,-112.74,False,4.448,tamil,
/content/drive/MyDrive/Audio_dataset/tamil/14145.mp3,4.981,-113.02,False,4.96,tamil,
/content/drive/MyDrive/Audio_dataset/tamil/14390.mp3,5.004,-93.7,False,5.004,tamil,
/content/drive/MyDrive/Audio_dataset/tamil/13178.mp3,4.977,-93.49,False,4.352,tamil,
/content/drive/MyDrive/Audio_dataset/tamil/14783.mp3,5.005,-102.38,False,4.941,tamil,
/content/drive/MyDrive/Audio_dataset/tamil/13543.mp3,4.981,-105.66,False,4.981,tamil,
/content/drive/MyDrive/Audio_dataset/tamil/13409.mp3,4.977,-102.74,False,4.913,tamil,
/content/drive/MyDrive/Audio_dataset/tamil/14332.mp3,4.977,-103.79,False,4.817,tamil,
/content/drive/MyDrive/Audio_dataset/tamil/12916.mp3,4.981,-101.41,False,4.821,tamil,
/content/drive/MyDrive/Audio_dataset/tamil/13107.mp3,4.977,-99.38,False,4.945,tamil,
/content/drive/MyDrive/Audio_dataset/tamil/14064.mp3,4.977,-65.86,False,4.977,tamil,
/content/drive/MyDrive/Audio_dataset/tamil/14773.mp3,5.005,-113.67,False,4.429,tamil,
/content/drive/MyDrive/Audio_dataset/tamil/14448.mp3,4.977,-100.48,False,4.977,tamil,
/content/drive/MyDrive/Audio_dataset/tamil/13711.mp3,5.004,-73.77,False,4.704,tamil,
/content/drive/MyDrive/Audio_dataset/tamil/12959.mp3,5.004,-98.11,False,5.004,tamil,
/content/drive/MyDrive/Audio_dataset/tamil/13843.mp3,4.977,-100.5,False,4.977,tamil,
/content/drive/MyDrive/Audio_dataset/tamil/13985.mp3,4.977,-85.41,False,4.817,tamil,
/content/drive/MyDrive/Audio_dataset/tamil/14017.mp3,5.004,-99.33,False,4.544,tamil,
/content/drive/MyDrive/Audio_dataset/tamil/13310.mp3,5.004,-76.23,False,5.004,tamil,
/content/drive/MyDrive/Audio_dataset/tamil/14051.mp3,4.977,-70.74,False,4.977,tamil,
/content/drive/MyDrive/Audio_dataset/tamil/12994.mp3,4.977,-78.07,False,4.945,tamil,
/content/drive/MyDrive/Audio_dataset/tamil/12913.mp3,4.977,-95.68,False,4.945,tamil,
/content/drive/MyDrive/Audio_dataset/tamil/13440.mp3,4.977,-90.74,False,4.704,tamil,
/content/drive/MyDrive/Audio_dataset/tamil/14552.mp3,4.977,-90.14,False,4.689,tamil,
/content/drive/MyDrive/Audio_dataset/tamil/14703.mp3,5.004,-87.0,False,5.004,tamil,
/content/drive/MyDrive/Audio_dataset/tamil/14177.mp3,4.981,-122.75,False,4.896,tamil,
/content/drive/MyDrive/Audio_dataset/tamil/14606.mp3,4.977,-95.1,False,4.945,tamil,
/content/drive/MyDrive/Audio_dataset/tamil/13132.mp3,4.981,-108.87,False,4.96,tamil,
/content/drive/MyDrive/Audio_dataset/tamil/14049.mp3,4.977,-89.85,False,4.977,tamil,
/content/drive/MyDrive/Audio_dataset/tamil/12965.mp3,4.977,-83.6,False,4.977,tamil,
/content/drive/MyDrive/Audio_dataset/tamil/12924.mp3,4.977,-80.69,False,4.977,tamil,
/content/drive/MyDrive/Audio_dataset/tamil/13587.mp3,4.977,-85.95,False,4.977,tamil,
/content/drive/MyDrive/Audio_dataset/tamil/14160.mp3,4.977,-82.91,False,4.977,tamil,
/content/drive/MyDrive/Audio_dataset/tamil/13787.mp3,4.981,-100.54,False,4.853,tamil,
/content/drive/MyDrive/Audio_dataset/tamil/13726.mp3,5.004,-82.1,False,4.972,tamil,
/content/drive/MyDrive/Audio_dataset/tamil/13738.mp3,5.004,-83.98,False,4.736,tamil,
/content/drive/MyDrive/Audio_dataset/tamil/13361.mp3,4.977,-87.27,False,4.896,tamil,
/content/drive/MyDrive/Audio_dataset/tamil/14097.mp3,4.977,-88.99,False,4.689,tamil,
/content/drive/MyDrive/Audio_dataset/tamil/14630.mp3,4.977,-91.91,False,4.977,tamil,
/content/drive/MyDrive/Audio_dataset/tamil/14603.mp3,4.977,-89.63,False,4.977,tamil,
/content/drive/MyDrive/Audio_dataset/tamil/12928.mp3,4.981,-127.5,False,4.981,tamil,
/content/drive/MyDrive/Audio_dataset/tamil/13703.mp3,5.004,-95.79,False,4.96,tamil,
/content/drive/MyDrive/Audio_dataset/tamil/13742.mp3,4.977,-94.41,False,4.977,tamil,
/content/drive/MyDrive/Audio_dataset/tamil/13344.mp3,4.977,-94.05,False,4.913,tamil,
/content/drive/MyDrive/Audio_dataset/tamil/14650.mp3,5.004,-121.41,False,4.972,tamil,
/content/drive/MyDrive/Audio_dataset/tamil/13934.mp3,4.977,-93.18,False,4.32,tamil,
/content/drive/MyDrive/Audio_dataset/tamil/14534.mp3,5.004,-63.74,False,4.876,tamil,
/content/drive/MyDrive/Audio_dataset/tamil/14030.mp3,4.977,-88.43,False,4.433,tamil,
/content/drive/MyDrive/Audio_dataset/tamil/13057.mp3,5.004,-96.81,False,4.992,tamil,
/content/drive/MyDrive/Audio_dataset/tamil/14704.mp3,4.977,-66.67,False,4.64,tamil,
/content/drive/MyDrive/Audio_dataset/tamil/13460.mp3,5.004,-78.66,False,5.004,tamil,
/content/drive/MyDrive/Audio_dataset/tamil/13141.mp3,5.004,-76.15,False,5.004,tamil,
/content/drive/MyDrive/Audio_dataset/tamil/14580.mp3,5.005,-93.47,False,4.717,tamil,
/content/drive/MyDrive/Audio_dataset/tamil/13802.mp3,5.005,-103.53,False,4.672,tamil,
/content/drive/MyDrive/Audio_dataset/tamil/13675.mp3,4.977,-92.07,False,4.689,tamil,
/content/drive/MyDrive/Audio_dataset/tamil/13806.mp3,4.977,-68.7,False,4.64,tamil,
/content/drive/MyDrive/Audio_dataset/tamil/14171.mp3,5.004,-95.7,False,5.004,tamil,
/content/drive/MyDrive/Audio_dataset/tamil/13906.mp3,4.977,-89.67,False,4.977,tamil,
/content/drive/MyDrive/Audio_dataset/tamil/13463.mp3,4.977,-93.09,False,4.817,tamil,
/content/drive/MyDrive/Audio_dataset/tamil/12907.mp3,5.004,-111.74,False,4.972,tamil,
/content/drive/MyDrive/Audio_dataset/tamil/13487.mp3,4.977,-102.73,False,4.977,tamil,
/content/drive/MyDrive/Audio_dataset/tamil/14334.mp3,4.977,-91.06,False,4.256,tamil,
/content/drive/MyDrive/Audio_dataset/tamil/14635.mp3,5.004,-79.76,False,5.004,tamil,
/content/drive/MyDrive/Audio_dataset/tamil/14740.mp3,5.004,-71.65,False,5.004,tamil,
/content/drive/MyDrive/Audio_dataset/tamil/14063.mp3,4.977,-82.18,False,4.977,tamil,
/content/drive/MyDrive/Audio_dataset/tamil/13783.mp3,4.977,-90.7,False,4.689,tamil,
/content/drive/MyDrive/Audio_dataset/tamil/14285.mp3,5.004,-84.31,False,4.972,tamil,
/content/drive/MyDrive/Audio_dataset/tamil/14053.mp3,4.977,-82.31,False,4.864,tamil,
/content/drive/MyDrive/Audio_dataset/tamil/12941.mp3,4.99,-99.09,False,3.87,tamil,
/content/drive/MyDrive/Audio_dataset/tamil/13539.mp3,5.005,-105.72,False,5.005,tamil,
/content/drive/MyDrive/Audio_dataset/tamil/13788.mp3,4.977,-90.29,False,4.977,tamil,
/content/drive/MyDrive/Audio_dataset/tamil/12971.mp3,4.977,-83.44,False,4.977,tamil,
/content/drive/MyDrive/Audio_dataset/tamil/13642.mp3,5.004,-92.89,False,5.004,tamil,
/content/drive/MyDrive/Audio_dataset/tamil/16467.mp3,4.977,-97.15,False,4.945,tamil,
/content/drive/MyDrive/Audio_dataset/tamil/15428.mp3,4.977,-85.18,False,4.561,tamil,
/content/drive/MyDrive/Audio_dataset/tamil/15009.mp3,4.977,-69.36,False,4.977,tamil,
/content/drive/MyDrive/Audio_dataset/tamil/16432.mp3,4.981,-105.83,False,4.704,tamil,
/content/drive/MyDrive/Audio_dataset/tamil/14903.mp3,4.981,-96.48,False,4.693,tamil,
/content/drive/MyDrive/Audio_dataset/tamil/16819.mp3,5.004,-92.04,False,4.684,tamil,
/content/drive/MyDrive/Audio_dataset/tamil/15639.mp3,4.977,-78.95,False,4.657,tamil,
/content/drive/MyDrive/Audio_dataset/tamil/15469.mp3,5.004,-98.87,False,4.864,tamil,
/content/drive/MyDrive/Audio_dataset/tamil/15378.mp3,4.977,-74.42,False,4.945,tamil,
/content/drive/MyDrive/Audio_dataset/tamil/15681.mp3,4.977,-96.77,False,4.817,tamil,
/content/drive/MyDrive/Audio_dataset/tamil/14984.mp3,4.977,-76.15,False,4.864,tamil,
/content/drive/MyDrive/Audio_dataset/tamil/15462.mp3,4.977,-75.02,False,4.576,tamil,
/content/drive/MyDrive/Audio_dataset/tamil/15420.mp3,5.004,-88.58,False,4.972,tamil,
/content/drive/MyDrive/Audio_dataset/tamil/16936.mp3,4.977,-97.72,False,4.768,tamil,
/content/drive/MyDrive/Audio_dataset/tamil/16336.mp3,4.977,-81.24,False,4.977,tamil,
/content/drive/MyDrive/Audio_dataset/tamil/15981.mp3,4.977,-78.4,False,4.849,tamil,
/content/drive/MyDrive/Audio_dataset/tamil/16081.mp3,5.004,-86.25,False,4.94,tamil,
/content/drive/MyDrive/Audio_dataset/tamil/15592.mp3,4.977,-83.77,False,4.945,tamil,
/content/drive/MyDrive/Audio_dataset/tamil/15737.mp3,5.005,-107.3,False,4.845,tamil,
/content/drive/MyDrive/Audio_dataset/tamil/15027.mp3,5.004,-70.17,False,5.004,tamil,
/content/drive/MyDrive/Audio_dataset/tamil/15249.mp3,5.004,-80.38,False,5.004,tamil,
/content/drive/MyDrive/Audio_dataset/tamil/15720.mp3,4.977,-97.18,False,4.913,tamil,
/content/drive/MyDrive/Audio_dataset/tamil/16742.mp3,4.977,-92.22,False,4.945,tamil,
/content/drive/MyDrive/Audio_dataset/tamil/15771.mp3,5.004,-99.76,False,4.972,tamil,
/content/drive/MyDrive/Audio_dataset/tamil/16290.mp3,5.004,-93.57,False,4.704,tamil,
/content/drive/MyDrive/Audio_dataset/tamil/15817.mp3,4.977,-97.62,False,4.977,tamil,
/content/drive/MyDrive/Audio_dataset/tamil/16065.mp3,4.977,-87.42,False,4.977,tamil,
/content/drive/MyDrive/Audio_dataset/tamil/16609.mp3,4.981,-103.93,False,4.96,tamil,
/content/drive/MyDrive/Audio_dataset/tamil/15345.mp3,4.977,-90.46,False,4.896,tamil,
/content/drive/MyDrive/Audio_dataset/tamil/15411.mp3,5.004,-75.82,False,5.004,tamil,
/content/drive/MyDrive/Audio_dataset/tamil/16010.mp3,5.004,-87.21,False,5.004,tamil,
/content/drive/MyDrive/Audio_dataset/tamil/15183.mp3,4.977,-75.29,False,4.288,tamil,
/content/drive/MyDrive/Audio_dataset/tamil/15589.mp3,4.977,-103.07,False,4.977,tamil,
/content/drive/MyDrive/Audio_dataset/tamil/15337.mp3,5.004,-84.87,False,4.96,tamil,
/content/drive/MyDrive/Audio_dataset/tamil/16765.mp3,4.977,-83.72,False,4.977,tamil,
/content/drive/MyDrive/Audio_dataset/tamil/15726.mp3,4.977,-78.83,False,4.593,tamil,
/content/drive/MyDrive/Audio_dataset/tamil/16320.mp3,4.981,-101.56,False,4.981,tamil,
/content/drive/MyDrive/Audio_dataset/tamil/15516.mp3,4.981,-124.9,False,4.16,tamil,
/content/drive/MyDrive/Audio_dataset/tamil/14944.mp3,5.005,-102.42,False,4.992,tamil,
/content/drive/MyDrive/Audio_dataset/tamil/15714.mp3,5.004,-77.89,False,5.004,tamil,
/content/drive/MyDrive/Audio_dataset/tamil/16564.mp3,5.004,-66.8,False,5.004,tamil,
/content/drive/MyDrive/Audio_dataset/tamil/15804.mp3,4.977,-97.69,False,4.881,tamil,
/content/drive/MyDrive/Audio_dataset/tamil/15653.mp3,5.004,-80.81,False,5.004,tamil,
/content/drive/MyDrive/Audio_dataset/tamil/16097.mp3,5.004,-96.51,False,4.992,tamil,
/content/drive/MyDrive/Audio_dataset/tamil/16913.mp3,4.977,-97.99,False,4.913,tamil,
/content/drive/MyDrive/Audio_dataset/tamil/15828.mp3,4.977,-83.73,False,4.753,tamil,
/content/drive/MyDrive/Audio_dataset/tamil/16805.mp3,5.004,-84.97,False,4.96,tamil,
/content/drive/MyDrive/Audio_dataset/tamil/16532.mp3,4.977,-88.72,False,4.625,tamil,
/content/drive/MyDrive/Audio_dataset/tamil/15854.mp3,5.004,-101.26,False,5.004,tamil,
/content/drive/MyDrive/Audio_dataset/tamil/16256.mp3,5.004,-77.64,False,4.972,tamil,
/content/drive/MyDrive/Audio_dataset/tamil/16329.mp3,4.977,-75.18,False,4.977,tamil,
/content/drive/MyDrive/Audio_dataset/tamil/16254.mp3,5.005,-96.5,False,5.005,tamil,
/content/drive/MyDrive/Audio_dataset/tamil/14999.mp3,4.977,-90.63,False,4.977,tamil,
/content/drive/MyDrive/Audio_dataset/tamil/16131.mp3,4.977,-76.29,False,4.785,tamil,
/content/drive/MyDrive/Audio_dataset/tamil/15441.mp3,5.005,-103.95,False,4.973,tamil,
/content/drive/MyDrive/Audio_dataset/tamil/15209.mp3,5.004,-84.54,False,4.908,tamil,
/content/drive/MyDrive/Audio_dataset/tamil/15001.mp3,5.004,-78.48,False,4.908,tamil,
/content/drive/MyDrive/Audio_dataset/tamil/14810.mp3,5.004,-98.53,False,4.588,tamil,
/content/drive/MyDrive/Audio_dataset/tamil/14821.mp3,4.977,-89.47,False,4.977,tamil,
/content/drive/MyDrive/Audio_dataset/tamil/15642.mp3,4.977,-100.87,False,4.977,tamil,
/content/drive/MyDrive/Audio_dataset/tamil/15158.mp3,5.005,-101.34,False,4.909,tamil,
/content/drive/MyDrive/Audio_dataset/tamil/15587.mp3,5.004,-89.38,False,4.94,tamil,
/content/drive/MyDrive/Audio_dataset/tamil/15915.mp3,5.004,-92.71,False,5.004,tamil,
/content/drive/MyDrive/Audio_dataset/tamil/15555.mp3,4.977,-130.56,False,4.945,tamil,
/content/drive/MyDrive/Audio_dataset/tamil/15385.mp3,5.004,-133.16,False,4.736,tamil,
/content/drive/MyDrive/Audio_dataset/tamil/16864.mp3,4.977,-94.06,False,4.977,tamil,
/content/drive/MyDrive/Audio_dataset/tamil/15899.mp3,5.004,-85.84,False,5.004,tamil,
/content/drive/MyDrive/Audio_dataset/tamil/15212.mp3,4.981,-111.09,False,4.821,tamil,
/content/drive/MyDrive/Audio_dataset/tamil/16812.mp3,5.004,-84.45,False,5.004,tamil,
/content/drive/MyDrive/Audio_dataset/tamil/15963.mp3,5.004,-94.56,False,4.908,tamil,
/content/drive/MyDrive/Audio_dataset/tamil/15904.mp3,4.977,-86.73,False,4.945,tamil,
/content/drive/MyDrive/Audio_dataset/tamil/15934.mp3,5.004,-102.29,False,5.004,tamil,
/content/drive/MyDrive/Audio_dataset/tamil/16571.mp3,4.977,-98.41,False,4.977,tamil,
/content/drive/MyDrive/Audio_dataset/tamil/16167.mp3,5.004,-77.67,False,4.876,tamil,
/content/drive/MyDrive/Audio_dataset/tamil/16308.mp3,4.977,-74.25,False,4.977,tamil,
/content/drive/MyDrive/Audio_dataset/tamil/16027.mp3,4.977,-86.72,False,4.945,tamil,
/content/drive/MyDrive/Audio_dataset/tamil/16238.mp3,4.981,-118.37,False,4.981,tamil,
/content/drive/MyDrive/Audio_dataset/tamil/15481.mp3,5.005,-102.33,False,5.005,tamil,
/content/drive/MyDrive/Audio_dataset/tamil/16246.mp3,4.977,-97.93,False,4.832,tamil,
/content/drive/MyDrive/Audio_dataset/tamil/16104.mp3,5.005,-109.94,False,5.005,tamil,
/content/drive/MyDrive/Audio_dataset/tamil/16092.mp3,5.004,-80.28,False,4.928,tamil,
/content/drive/MyDrive/Audio_dataset/tamil/15742.mp3,4.977,-79.98,False,4.977,tamil,
/content/drive/MyDrive/Audio_dataset/tamil/16543.mp3,4.977,-84.85,False,4.977,tamil,
/content/drive/MyDrive/Audio_dataset/tamil/15317.mp3,5.004,-84.29,False,4.972,tamil,
/content/drive/MyDrive/Audio_dataset/tamil/16160.mp3,5.004,-98.11,False,4.812,tamil,
/content/drive/MyDrive/Audio_dataset/tamil/15997.mp3,4.977,-98.49,False,4.977,tamil,
/content/drive/MyDrive/Audio_dataset/tamil/15712.mp3,4.977,-102.46,False,4.561,tamil,
/content/drive/MyDrive/Audio_dataset/tamil/15299.mp3,4.977,-88.87,False,4.96,tamil,
/content/drive/MyDrive/Audio_dataset/tamil/17572.mp3,5.004,-81.37,False,5.004,tamil,
/content/drive/MyDrive/Audio_dataset/tamil/18747.mp3,4.977,-91.11,False,4.945,tamil,
/content/drive/MyDrive/Audio_dataset/tamil/18458.mp3,5.004,-101.16,False,4.94,tamil,
/content/drive/MyDrive/Audio_dataset/tamil/18635.mp3,5.005,-122.11,False,4.384,tamil,
/content/drive/MyDrive/Audio_dataset/tamil/19099.mp3,4.977,-98.43,False,4.977,tamil,
/content/drive/MyDrive/Audio_dataset/tamil/18290.mp3,5.004,-92.33,False,4.972,tamil,
/content/drive/MyDrive/Audio_dataset/tamil/17498.mp3,4.977,-83.14,False,4.945,tamil,
/content/drive/MyDrive/Audio_dataset/tamil/18068.mp3,5.004,-67.83,False,4.992,tamil,
/content/drive/MyDrive/Audio_dataset/tamil/17621.mp3,5.004,-90.77,False,5.004,tamil,
/content/drive/MyDrive/Audio_dataset/tamil/17849.mp3,4.977,-94.87,False,4.768,tamil,
/content/drive/MyDrive/Audio_dataset/tamil/17893.mp3,5.005,-118.16,False,5.005,tamil,
/content/drive/MyDrive/Audio_dataset/tamil/17873.mp3,4.977,-70.63,False,4.945,tamil,
/content/drive/MyDrive/Audio_dataset/tamil/18895.mp3,5.004,-131.84,False,4.864,tamil,
/content/drive/MyDrive/Audio_dataset/tamil/17078.mp3,4.981,-116.73,False,4.981,tamil,
/content/drive/MyDrive/Audio_dataset/tamil/18222.mp3,4.977,-96.82,False,4.977,tamil,
/content/drive/MyDrive/Audio_dataset/tamil/16944.mp3,4.977,-85.47,False,4.977,tamil,
/content/drive/MyDrive/Audio_dataset/tamil/18515.mp3,4.977,-82.65,False,4.977,tamil,
/content/drive/MyDrive/Audio_dataset/tamil/17308.mp3,5.004,-96.87,False,4.844,tamil,
/content/drive/MyDrive/Audio_dataset/tamil/17583.mp3,4.977,-120.59,False,4.881,tamil,
/content/drive/MyDrive/Audio_dataset/tamil/18549.mp3,4.977,-76.34,False,4.448,tamil,
/content/drive/MyDrive/Audio_dataset/tamil/17543.mp3,5.004,-101.11,False,4.876,tamil,
/content/drive/MyDrive/Audio_dataset/tamil/19082.mp3,4.977,-89.73,False,4.977,tamil,
/content/drive/MyDrive/Audio_dataset/tamil/17114.mp3,5.004,-98.69,False,4.832,tamil,
/content/drive/MyDrive/Audio_dataset/tamil/18519.mp3,5.004,-85.08,False,5.004,tamil,
/content/drive/MyDrive/Audio_dataset/tamil/17705.mp3,4.977,-88.8,False,4.593,tamil,
/content/drive/MyDrive/Audio_dataset/tamil/18863.mp3,4.977,-70.21,False,4.64,tamil,
/content/drive/MyDrive/Audio_dataset/tamil/18933.mp3,5.005,-106.71,False,5.005,tamil,
/content/drive/MyDrive/Audio_dataset/tamil/17862.mp3,4.977,-80.33,False,4.849,tamil,
/content/drive/MyDrive/Audio_dataset/tamil/19128.mp3,4.981,-98.7,False,4.981,tamil,
/content/drive/MyDrive/Audio_dataset/tamil/17120.mp3,4.981,-91.96,False,4.853,tamil,
/content/drive/MyDrive/Audio_dataset/tamil/17800.mp3,4.977,-83.3,False,4.96,tamil,
/content/drive/MyDrive/Audio_dataset/tamil/18849.mp3,4.981,-109.82,False,4.981,tamil,
/content/drive/MyDrive/Audio_dataset/tamil/18471.mp3,4.981,-98.99,False,4.789,tamil,
/content/drive/MyDrive/Audio_dataset/tamil/18947.mp3,5.004,-88.57,False,5.004,tamil,
/content/drive/MyDrive/Audio_dataset/tamil/18073.mp3,5.004,-86.89,False,4.94,tamil,
/content/drive/MyDrive/Audio_dataset/tamil/17932.mp3,4.977,-98.83,False,4.977,tamil,
/content/drive/MyDrive/Audio_dataset/tamil/18281.mp3,0.987,-105.0,False,0.987,tamil,
/content/drive/MyDrive/Audio_dataset/tamil/18326.mp3,4.977,-97.82,False,4.608,tamil,
/content/drive/MyDrive/Audio_dataset/tamil/18962.mp3,5.004,-107.71,False,4.908,tamil,
/content/drive/MyDrive/Audio_dataset/tamil/16978.mp3,5.004,-92.61,False,5.004,tamil,
/content/drive/MyDrive/Audio_dataset/tamil/17022.mp3,5.004,-85.76,False,5.004,tamil,
/content/drive/MyDrive/Audio_dataset/tamil/17033.mp3,4.977,-81.36,False,4.977,tamil,
/content/drive/MyDrive/Audio_dataset/tamil/18881.mp3,4.981,-122.66,False,4.981,tamil,
/content/drive/MyDrive/Audio_dataset/tamil/17011.mp3,4.977,-94.01,False,4.928,tamil,
/content/drive/MyDrive/Audio_dataset/tamil/18653.mp3,4.981,-83.69,False,4.469,tamil,
/content/drive/MyDrive/Audio_dataset/tamil/17211.mp3,4.977,-74.52,False,4.945,tamil,
/content/drive/MyDrive/Audio_dataset/tamil/16975.mp3,4.977,-91.67,False,4.913,tamil,
/content/drive/MyDrive/Audio_dataset/tamil/17607.mp3,4.977,-78.08,False,4.945,tamil,
/content/drive/MyDrive/Audio_dataset/tamil/17477.mp3,5.004,-80.95,False,5.004,tamil,
/content/drive/MyDrive/Audio_dataset/tamil/17853.mp3,4.981,-114.36,False,4.981,tamil,
/content/drive/MyDrive/Audio_dataset/tamil/18208.mp3,4.977,-90.12,False,4.977,tamil,
/content/drive/MyDrive/Audio_dataset/tamil/17655.mp3,4.981,-96.07,False,4.981,tamil,
/content/drive/MyDrive/Audio_dataset/tamil/18558.mp3,5.004,-83.25,False,5.004,tamil,
/content/drive/MyDrive/Audio_dataset/tamil/18686.mp3,4.981,-113.1,False,4.768,tamil,
/content/drive/MyDrive/Audio_dataset/tamil/17146.mp3,5.004,-70.0,False,4.844,tamil,
/content/drive/MyDrive/Audio_dataset/tamil/18388.mp3,5.005,-106.65,False,5.005,tamil,
/content/drive/MyDrive/Audio_dataset/tamil/18223.mp3,4.977,-80.63,False,4.785,tamil,
/content/drive/MyDrive/Audio_dataset/tamil/17577.mp3,4.977,-82.04,False,4.977,tamil,
/content/drive/MyDrive/Audio_dataset/tamil/17728.mp3,4.977,-82.13,False,4.817,tamil,
/content/drive/MyDrive/Audio_dataset/tamil/17119.mp3,4.977,-97.4,False,4.736,tamil,
/content/drive/MyDrive/Audio_dataset/tamil/16999.mp3,4.977,-97.48,False,4.96,tamil,
/content/drive/MyDrive/Audio_dataset/tamil/17446.mp3,4.977,-108.74,False,1.088,tamil,
/content/drive/MyDrive/Audio_dataset/tamil/17814.mp3,4.981,-103.79,False,4.981,tamil,
/content/drive/MyDrive/Audio_dataset/tamil/18991.mp3,5.004,-98.66,False,5.004,tamil,
/content/drive/MyDrive/Audio_dataset/tamil/17484.mp3,5.005,-111.52,False,4.832,tamil,
/content/drive/MyDrive/Audio_dataset/tamil/17233.mp3,4.977,-109.93,False,4.928,tamil,
/content/drive/MyDrive/Audio_dataset/tamil/18584.mp3,4.977,-68.58,False,4.945,tamil,
/content/drive/MyDrive/Audio_dataset/tamil/16957.mp3,4.977,-85.19,False,4.977,tamil,
/content/drive/MyDrive/Audio_dataset/tamil/17443.mp3,4.981,-109.16,False,4.533,tamil,
/content/drive/MyDrive/Audio_dataset/tamil/17207.mp3,4.981,-119.29,False,4.981,tamil,
/content/drive/MyDrive/Audio_dataset/tamil/18312.mp3,4.977,-111.4,False,4.849,tamil,
/content/drive/MyDrive/Audio_dataset/tamil/18304.mp3,4.977,-85.13,False,4.672,tamil,
/content/drive/MyDrive/Audio_dataset/tamil/18737.mp3,5.004,-78.12,False,5.004,tamil,
/content/drive/MyDrive/Audio_dataset/tamil/18638.mp3,5.004,-80.83,False,5.004,tamil,
/content/drive/MyDrive/Audio_dataset/tamil/19051.mp3,5.004,-104.57,False,5.004,tamil,
/content/drive/MyDrive/Audio_dataset/tamil/19009.mp3,4.977,-102.93,False,4.977,tamil,
/content/drive/MyDrive/Audio_dataset/tamil/17144.mp3,5.004,-94.84,False,4.652,tamil,
/content/drive/MyDrive/Audio_dataset/tamil/17198.mp3,4.981,-93.95,False,4.768,tamil,
/content/drive/MyDrive/Audio_dataset/tamil/17735.mp3,4.981,-137.26,False,4.949,tamil,
/content/drive/MyDrive/Audio_dataset/tamil/17333.mp3,4.981,-95.71,False,4.981,tamil,
/content/drive/MyDrive/Audio_dataset/tamil/17675.mp3,4.977,-88.59,False,4.465,tamil,
/content/drive/MyDrive/Audio_dataset/tamil/17118.mp3,4.977,-101.18,False,4.977,tamil,
/content/drive/MyDrive/Audio_dataset/tamil/18750.mp3,5.004,-71.13,False,4.972,tamil,
/content/drive/MyDrive/Audio_dataset/tamil/16990.mp3,4.977,-79.86,False,4.977,tamil,
/content/drive/MyDrive/Audio_dataset/tamil/17403.mp3,5.004,-98.16,False,4.908,tamil,
/content/drive/MyDrive/Audio_dataset/tamil/17474.mp3,4.977,-79.24,False,4.928,tamil,
/content/drive/MyDrive/Audio_dataset/tamil/17540.mp3,5.004,-87.24,False,4.908,tamil,
/content/drive/MyDrive/Audio_dataset/tamil/17746.mp3,5.004,-92.44,False,5.004,tamil,
/content/drive/MyDrive/Audio_dataset/tamil/20481.mp3,5.004,-95.29,False,5.004,tamil,
/content/drive/MyDrive/Audio_dataset/tamil/20331.mp3,4.981,-112.15,False,4.885,tamil,
/content/drive/MyDrive/Audio_dataset/tamil/20904.mp3,5.005,-110.86,False,5.005,tamil,
/content/drive/MyDrive/Audio_dataset/tamil/19887.mp3,4.977,-101.43,False,4.977,tamil,
/content/drive/MyDrive/Audio_dataset/tamil/21113.mp3,5.004,-86.25,False,4.94,tamil,
/content/drive/MyDrive/Audio_dataset/tamil/21017.mp3,5.004,-136.91,False,4.94,tamil,
/content/drive/MyDrive/Audio_dataset/tamil/20998.mp3,4.977,-80.75,False,4.64,tamil,
/content/drive/MyDrive/Audio_dataset/tamil/19798.mp3,4.977,-98.97,False,4.928,tamil,
/content/drive/MyDrive/Audio_dataset/tamil/19407.mp3,5.004,-89.87,False,4.972,tamil,
/content/drive/MyDrive/Audio_dataset/tamil/19894.mp3,4.977,-91.66,False,4.977,tamil,
/content/drive/MyDrive/Audio_dataset/tamil/20413.mp3,5.004,-83.03,False,5.004,tamil,
/content/drive/MyDrive/Audio_dataset/tamil/20251.mp3,5.004,-69.48,False,4.972,tamil,
/content/drive/MyDrive/Audio_dataset/tamil/20427.mp3,4.977,-78.04,False,4.913,tamil,
/content/drive/MyDrive/Audio_dataset/tamil/19282.mp3,4.977,-86.5,False,4.977,tamil,
/content/drive/MyDrive/Audio_dataset/tamil/21351.mp3,5.004,-93.47,False,4.832,tamil,
/content/drive/MyDrive/Audio_dataset/tamil/21115.mp3,4.977,-102.72,False,4.977,tamil,
/content/drive/MyDrive/Audio_dataset/tamil/19612.mp3,5.004,-92.96,False,4.64,tamil,
/content/drive/MyDrive/Audio_dataset/tamil/20799.mp3,5.004,-78.02,False,5.004,tamil,
/content/drive/MyDrive/Audio_dataset/tamil/20804.mp3,4.977,-93.57,False,4.928,tamil,
/content/drive/MyDrive/Audio_dataset/tamil/20452.mp3,4.977,-90.45,False,4.928,tamil,
/content/drive/MyDrive/Audio_dataset/tamil/20231.mp3,4.977,-80.08,False,4.977,tamil,
/content/drive/MyDrive/Audio_dataset/tamil/19917.mp3,5.004,-92.93,False,5.004,tamil,
/content/drive/MyDrive/Audio_dataset/tamil/19720.mp3,4.977,-66.96,False,4.977,tamil,
/content/drive/MyDrive/Audio_dataset/tamil/20068.mp3,4.977,-83.99,False,4.977,tamil,
/content/drive/MyDrive/Audio_dataset/tamil/20219.mp3,4.981,-149.51,False,4.981,tamil,
/content/drive/MyDrive/Audio_dataset/tamil/20609.mp3,4.981,-118.58,False,4.981,tamil,
/content/drive/MyDrive/Audio_dataset/tamil/21377.mp3,5.004,-95.98,False,4.736,tamil,
/content/drive/MyDrive/Audio_dataset/tamil/20918.mp3,5.004,-99.0,False,4.972,tamil,
/content/drive/MyDrive/Audio_dataset/tamil/19210.mp3,4.981,-110.43,False,4.704,tamil,
/content/drive/MyDrive/Audio_dataset/tamil/20737.mp3,5.004,-91.31,False,4.864,tamil,
/content/drive/MyDrive/Audio_dataset/tamil/20490.mp3,4.977,-98.45,False,4.832,tamil,
/content/drive/MyDrive/Audio_dataset/tamil/19690.mp3,5.004,-90.16,False,5.004,tamil,
/content/drive/MyDrive/Audio_dataset/tamil/19779.mp3,5.004,-94.41,False,4.864,tamil,
/content/drive/MyDrive/Audio_dataset/tamil/21134.mp3,4.089,-67.89,False,3.776,tamil,
/content/drive/MyDrive/Audio_dataset/tamil/19318.mp3,4.99,-80.83,False,4.798,tamil,
/content/drive/MyDrive/Audio_dataset/tamil/21385.mp3,4.977,-102.66,False,4.433,tamil,
/content/drive/MyDrive/Audio_dataset/tamil/20215.mp3,5.004,-68.7,False,4.748,tamil,
/content/drive/MyDrive/Audio_dataset/tamil/19453.mp3,4.981,-117.93,False,4.981,tamil,
/content/drive/MyDrive/Audio_dataset/tamil/20830.mp3,5.004,-80.89,False,4.908,tamil,
/content/drive/MyDrive/Audio_dataset/tamil/19558.mp3,4.981,-109.43,False,4.704,tamil,
/content/drive/MyDrive/Audio_dataset/tamil/19324.mp3,5.004,-91.93,False,4.896,tamil,
/content/drive/MyDrive/Audio_dataset/tamil/20105.mp3,4.977,-95.48,False,4.977,tamil,
/content/drive/MyDrive/Audio_dataset/tamil/19795.mp3,4.977,-96.94,False,4.977,tamil,
/content/drive/MyDrive/Audio_dataset/tamil/21026.mp3,4.977,-84.98,False,4.832,tamil,
/content/drive/MyDrive/Audio_dataset/tamil/19213.mp3,5.004,-95.44,False,5.004,tamil,
/content/drive/MyDrive/Audio_dataset/tamil/20348.mp3,4.977,-100.23,False,4.945,tamil,
/content/drive/MyDrive/Audio_dataset/tamil/21336.mp3,4.977,-97.03,False,4.928,tamil,
/content/drive/MyDrive/Audio_dataset/tamil/20020.mp3,5.005,-121.76,False,4.864,tamil,
/content/drive/MyDrive/Audio_dataset/tamil/19177.mp3,5.004,-114.36,False,5.004,tamil,
/content/drive/MyDrive/Audio_dataset/tamil/21055.mp3,5.004,-85.74,False,4.928,tamil,
/content/drive/MyDrive/Audio_dataset/tamil/19206.mp3,5.005,-102.04,False,4.576,tamil,
/content/drive/MyDrive/Audio_dataset/tamil/19627.mp3,4.977,-98.27,False,4.945,tamil,
/content/drive/MyDrive/Audio_dataset/tamil/20607.mp3,5.005,-130.12,False,4.896,tamil,
/content/drive/MyDrive/Audio_dataset/tamil/20661.mp3,5.005,-93.48,False,5.005,tamil,
/content/drive/MyDrive/Audio_dataset/tamil/21121.mp3,5.004,-83.73,False,5.004,tamil,
/content/drive/MyDrive/Audio_dataset/tamil/20772.mp3,4.981,-103.58,False,4.48,tamil,
/content/drive/MyDrive/Audio_dataset/tamil/21225.mp3,5.004,-98.45,False,4.64,tamil,
/content/drive/MyDrive/Audio_dataset/tamil/19509.mp3,5.004,-80.77,False,5.004,tamil,
/content/drive/MyDrive/Audio_dataset/tamil/21203.mp3,5.005,-103.05,False,5.005,tamil,
/content/drive/MyDrive/Audio_dataset/tamil/19240.mp3,5.005,-107.31,False,5.005,tamil,
/content/drive/MyDrive/Audio_dataset/tamil/20100.mp3,4.977,-90.64,False,4.881,tamil,
/content/drive/MyDrive/Audio_dataset/tamil/19599.mp3,4.977,-79.74,False,4.768,tamil,
/content/drive/MyDrive/Audio_dataset/tamil/20004.mp3,5.004,-110.64,False,4.524,tamil,
/content/drive/MyDrive/Audio_dataset/tamil/20665.mp3,4.977,-97.8,False,4.977,tamil,
/content/drive/MyDrive/Audio_dataset/tamil/20826.mp3,4.977,-93.1,False,4.721,tamil,
/content/drive/MyDrive/Audio_dataset/tamil/21052.mp3,4.977,-85.12,False,4.977,tamil,
/content/drive/MyDrive/Audio_dataset/tamil/21274.mp3,4.977,-79.02,False,4.977,tamil,
/content/drive/MyDrive/Audio_dataset/tamil/20773.mp3,4.977,-88.35,False,4.977,tamil,
/content/drive/MyDrive/Audio_dataset/tamil/20690.mp3,5.005,-112.67,False,4.928,tamil,
/content/drive/MyDrive/Audio_dataset/tamil/19619.mp3,5.004,-132.94,False,4.652,tamil,
/content/drive/MyDrive/Audio_dataset/tamil/21360.mp3,4.977,-78.96,False,4.881,tamil,
/content/drive/MyDrive/Audio_dataset/tamil/20806.mp3,4.977,-98.77,False,4.768,tamil,
/content/drive/MyDrive/Audio_dataset/tamil/20032.mp3,4.977,-77.86,False,4.721,tamil,
/content/drive/MyDrive/Audio_dataset/tamil/20375.mp3,5.004,-121.18,False,4.908,tamil,
/content/drive/MyDrive/Audio_dataset/tamil/19705.mp3,5.004,-87.09,False,5.004,tamil,
/content/drive/MyDrive/Audio_dataset/tamil/19936.mp3,4.977,-110.58,False,4.977,tamil,
/content/drive/MyDrive/Audio_dataset/tamil/20041.mp3,4.977,-97.41,False,4.945,tamil,
/content/drive/MyDrive/Audio_dataset/tamil/20594.mp3,5.004,-97.82,False,5.004,tamil,
/content/drive/MyDrive/Audio_dataset/tamil/20526.mp3,4.977,-97.42,False,4.977,tamil,
/content/drive/MyDrive/Audio_dataset/tamil/19796.mp3,5.004,-93.79,False,4.972,tamil,
/content/drive/MyDrive/Audio_dataset/tamil/21266.mp3,4.977,-79.34,False,4.849,tamil,
/content/drive/MyDrive/Audio_dataset/tamil/19207.mp3,4.977,-101.28,False,4.977,tamil,
/content/drive/MyDrive/Audio_dataset/tamil/20430.mp3,4.977,-98.72,False,4.977,tamil,
/content/drive/MyDrive/Audio_dataset/tamil/20560.mp3,4.977,-101.21,False,4.977,tamil,
/content/drive/MyDrive/Audio_dataset/tamil/19496.mp3,5.004,-88.2,False,4.832,tamil,
/content/drive/MyDrive/Audio_dataset/tamil/19957.mp3,5.004,-106.03,False,5.004,tamil,
/content/drive/MyDrive/Audio_dataset/tamil/19808.mp3,4.977,-97.46,False,4.768,tamil,
/content/drive/MyDrive/Audio_dataset/tamil/23085.mp3,5.004,-75.8,False,4.876,tamil,
/content/drive/MyDrive/Audio_dataset/tamil/23680.mp3,5.004,-80.77,False,5.004,tamil,
/content/drive/MyDrive/Audio_dataset/tamil/22287.mp3,4.977,-89.21,False,4.977,tamil,
/content/drive/MyDrive/Audio_dataset/tamil/21894.mp3,4.977,-84.16,False,4.977,tamil,
/content/drive/MyDrive/Audio_dataset/tamil/23304.mp3,5.005,-117.78,False,4.845,tamil,
/content/drive/MyDrive/Audio_dataset/tamil/23285.mp3,4.977,-87.86,False,4.977,tamil,
/content/drive/MyDrive/Audio_dataset/tamil/22706.mp3,4.977,-115.47,False,4.881,tamil,
/content/drive/MyDrive/Audio_dataset/tamil/21847.mp3,4.977,-74.23,False,4.977,tamil,
/content/drive/MyDrive/Audio_dataset/tamil/22484.mp3,5.004,-85.91,False,5.004,tamil,
/content/drive/MyDrive/Audio_dataset/tamil/22961.mp3,5.004,-84.58,False,4.684,tamil,
/content/drive/MyDrive/Audio_dataset/tamil/23214.mp3,5.004,-89.22,False,5.004,tamil,
/content/drive/MyDrive/Audio_dataset/tamil/21411.mp3,4.977,-93.69,False,4.849,tamil,
/content/drive/MyDrive/Audio_dataset/tamil/22196.mp3,4.977,-99.59,False,4.881,tamil,
/content/drive/MyDrive/Audio_dataset/tamil/22220.mp3,4.981,-123.42,False,4.949,tamil,
/content/drive/MyDrive/Audio_dataset/tamil/21722.mp3,4.977,-106.26,False,3.936,tamil,
/content/drive/MyDrive/Audio_dataset/tamil/23340.mp3,4.977,-84.63,False,4.657,tamil,
/content/drive/MyDrive/Audio_dataset/tamil/22612.mp3,4.977,-106.68,False,4.977,tamil,
/content/drive/MyDrive/Audio_dataset/tamil/22314.mp3,5.004,-102.43,False,5.004,tamil,
/content/drive/MyDrive/Audio_dataset/tamil/23663.mp3,4.977,-86.4,False,4.977,tamil,
/content/drive/MyDrive/Audio_dataset/tamil/22957.mp3,5.005,-108.62,False,5.005,tamil,
/content/drive/MyDrive/Audio_dataset/tamil/23324.mp3,4.977,-92.65,False,4.977,tamil,
/content/drive/MyDrive/Audio_dataset/tamil/21472.mp3,4.977,-69.6,False,4.945,tamil,
/content/drive/MyDrive/Audio_dataset/tamil/22746.mp3,4.977,-92.88,False,4.881,tamil,
/content/drive/MyDrive/Audio_dataset/tamil/21767.mp3,4.977,-92.45,False,4.977,tamil,
/content/drive/MyDrive/Audio_dataset/tamil/21831.mp3,5.004,-66.87,False,5.004,tamil,
/content/drive/MyDrive/Audio_dataset/tamil/23653.mp3,5.004,-113.93,False,5.004,tamil,
/content/drive/MyDrive/Audio_dataset/tamil/21627.mp3,4.977,-92.1,False,4.128,tamil,
/content/drive/MyDrive/Audio_dataset/tamil/22523.mp3,5.004,-83.0,False,5.004,tamil,
/content/drive/MyDrive/Audio_dataset/tamil/23222.mp3,5.004,-87.17,False,4.748,tamil,
/content/drive/MyDrive/Audio_dataset/tamil/22611.mp3,5.004,-145.54,False,5.004,tamil,
/content/drive/MyDrive/Audio_dataset/tamil/22524.mp3,5.004,-72.58,False,4.972,tamil,
/content/drive/MyDrive/Audio_dataset/tamil/21922.mp3,4.977,-82.11,False,4.977,tamil,
/content/drive/MyDrive/Audio_dataset/tamil/22791.mp3,4.977,-109.13,False,4.8,tamil,
/content/drive/MyDrive/Audio_dataset/tamil/22215.mp3,4.981,-117.05,False,4.981,tamil,
/content/drive/MyDrive/Audio_dataset/tamil/22933.mp3,4.977,-79.79,False,4.608,tamil,
/content/drive/MyDrive/Audio_dataset/tamil/21427.mp3,5.005,-115.36,False,4.96,tamil,
/content/drive/MyDrive/Audio_dataset/tamil/22772.mp3,4.981,-112.86,False,4.416,tamil,
/content/drive/MyDrive/Audio_dataset/tamil/22492.mp3,4.981,-120.05,False,4.917,tamil,
/content/drive/MyDrive/Audio_dataset/tamil/22851.mp3,5.005,-125.13,False,5.005,tamil,
/content/drive/MyDrive/Audio_dataset/tamil/23272.mp3,5.004,-90.7,False,5.004,tamil,
/content/drive/MyDrive/Audio_dataset/tamil/22579.mp3,4.977,-76.15,False,4.64,tamil,
/content/drive/MyDrive/Audio_dataset/tamil/23081.mp3,5.004,-97.02,False,5.004,tamil,
/content/drive/MyDrive/Audio_dataset/tamil/23677.mp3,4.981,-98.37,False,4.949,tamil,
/content/drive/MyDrive/Audio_dataset/tamil/21766.mp3,5.004,-95.36,False,5.004,tamil,
/content/drive/MyDrive/Audio_dataset/tamil/23253.mp3,4.981,-96.24,False,4.981,tamil,
/content/drive/MyDrive/Audio_dataset/tamil/22060.mp3,4.977,-96.03,False,4.849,tamil,
/content/drive/MyDrive/Audio_dataset/tamil/23039.mp3,4.977,-90.79,False,4.593,tamil,
/content/drive/MyDrive/Audio_dataset/tamil/23054.mp3,5.004,-117.73,False,4.96,tamil,
/content/drive/MyDrive/Audio_dataset/tamil/23585.mp3,5.004,-99.71,False,4.908,tamil,
/content/drive/MyDrive/Audio_dataset/tamil/23124.mp3,5.004,-88.49,False,4.992,tamil,
/content/drive/MyDrive/Audio_dataset/tamil/21844.mp3,5.004,-77.4,False,5.004,tamil,
/content/drive/MyDrive/Audio_dataset/tamil/22757.mp3,4.977,-79.76,False,4.977,tamil,
/content/drive/MyDrive/Audio_dataset/tamil/21587.mp3,4.981,-124.97,False,4.96,tamil,
/content/drive/MyDrive/Audio_dataset/tamil/23461.mp3,4.977,-95.91,False,4.977,tamil,
/content/drive/MyDrive/Audio_dataset/tamil/23307.mp3,5.005,-102.98,False,5.005,tamil,
/content/drive/MyDrive/Audio_dataset/tamil/22218.mp3,4.977,-92.83,False,4.977,tamil,
/content/drive/MyDrive/Audio_dataset/tamil/23315.mp3,4.981,-102.01,False,4.533,tamil,
/content/drive/MyDrive/Audio_dataset/tamil/23610.mp3,5.004,-83.06,False,4.876,tamil,
/content/drive/MyDrive/Audio_dataset/tamil/23562.mp3,4.977,-84.88,False,4.977,tamil,
/content/drive/MyDrive/Audio_dataset/tamil/21724.mp3,5.004,-78.6,False,4.8,tamil,
/content/drive/MyDrive/Audio_dataset/tamil/22927.mp3,4.977,-95.7,False,4.977,tamil,
/content/drive/MyDrive/Audio_dataset/tamil/21473.mp3,4.977,-89.98,False,4.977,tamil,
/content/drive/MyDrive/Audio_dataset/tamil/22883.mp3,4.981,-126.78,False,4.96,tamil,
/content/drive/MyDrive/Audio_dataset/tamil/22261.mp3,4.981,-99.87,False,4.693,tamil,
/content/drive/MyDrive/Audio_dataset/tamil/22336.mp3,5.004,,False,5.004,tamil,"trim produced <100ms audio, kept untrimmed"
/content/drive/MyDrive/Audio_dataset/tamil/23058.mp3,4.977,-63.48,False,4.977,tamil,
/content/drive/MyDrive/Audio_dataset/tamil/23246.mp3,4.977,-94.96,False,4.977,tamil,
/content/drive/MyDrive/Audio_dataset/tamil/22963.mp3,4.977,-91.22,False,4.881,tamil,
/content/drive/MyDrive/Audio_dataset/tamil/23408.mp3,4.977,-71.68,False,4.977,tamil,
/content/drive/MyDrive/Audio_dataset/tamil/23656.mp3,5.004,-94.46,False,4.992,tamil,
/content/drive/MyDrive/Audio_dataset/tamil/23388.mp3,4.981,-108.18,False,4.949,tamil,
/content/drive/MyDrive/Audio_dataset/tamil/23670.mp3,5.004,-86.63,False,5.004,tamil,
/content/drive/MyDrive/Audio_dataset/tamil/21607.mp3,4.977,-66.18,False,4.977,tamil,
/content/drive/MyDrive/Audio_dataset/tamil/21495.mp3,4.977,-100.5,False,4.977,tamil,
/content/drive/MyDrive/Audio_dataset/tamil/22887.mp3,5.004,-109.84,False,4.96,tamil,
/content/drive/MyDrive/Audio_dataset/tamil/22820.mp3,4.977,-81.91,False,4.928,tamil,
/content/drive/MyDrive/Audio_dataset/tamil/22640.mp3,4.977,-72.95,False,4.977,tamil,
/content/drive/MyDrive/Audio_dataset/tamil/22118.mp3,4.977,-78.03,False,4.977,tamil,
/content/drive/MyDrive/Audio_dataset/tamil/23443.mp3,4.977,-69.99,False,4.977,tamil,
/content/drive/MyDrive/Audio_dataset/tamil/22589.mp3,5.004,-112.47,False,5.004,tamil,
/content/drive/MyDrive/Audio_dataset/tamil/21796.mp3,5.004,-67.47,False,5.004,tamil,
/content/drive/MyDrive/Audio_dataset/tamil/23019.mp3,4.981,-100.46,False,4.981,tamil,
/content/drive/MyDrive/Audio_dataset/tamil/21592.mp3,4.977,-132.7,False,4.608,tamil,
/content/drive/MyDrive/Audio_dataset/tamil/21567.mp3,5.004,-113.27,False,4.992,tamil,
/content/drive/MyDrive/Audio_dataset/tamil/23557.mp3,4.977,-75.52,False,4.913,tamil,
/content/drive/MyDrive/Audio_dataset/tamil/21867.mp3,4.977,-100.22,False,4.561,tamil,
/content/drive/MyDrive/Audio_dataset/tamil/23005.mp3,5.004,-87.68,False,4.876,tamil,
/content/drive/MyDrive/Audio_dataset/tamil/23142.mp3,4.977,-97.64,False,4.913,tamil,
/content/drive/MyDrive/Audio_dataset/tamil/24711.mp3,4.977,-74.73,False,4.977,tamil,
/content/drive/MyDrive/Audio_dataset/tamil/24756.mp3,4.977,-82.88,False,4.96,tamil,
/content/drive/MyDrive/Audio_dataset/tamil/24379.mp3,4.977,-97.62,False,4.768,tamil,
/content/drive/MyDrive/Audio_dataset/tamil/25124.mp3,4.977,-70.1,False,4.977,tamil,
/content/drive/MyDrive/Audio_dataset/tamil/24936.mp3,5.004,-78.57,False,5.004,tamil,
/content/drive/MyDrive/Audio_dataset/tamil/25532.mp3,4.981,-124.32,False,4.981,tamil,
/content/drive/MyDrive/Audio_dataset/tamil/25674.mp3,4.977,-92.77,False,4.945,tamil,
/content/drive/MyDrive/Audio_dataset/tamil/24951.mp3,4.977,-78.5,False,4.945,tamil,
/content/drive/MyDrive/Audio_dataset/tamil/24539.mp3,4.977,-117.44,False,4.977,tamil,
/content/drive/MyDrive/Audio_dataset/tamil/25264.mp3,5.004,-93.43,False,5.004,tamil,
/content/drive/MyDrive/Audio_dataset/tamil/25598.mp3,4.981,-120.31,False,4.885,tamil,
/content/drive/MyDrive/Audio_dataset/tamil/24803.mp3,5.004,-75.57,False,4.96,tamil,
/content/drive/MyDrive/Audio_dataset/tamil/25308.mp3,4.977,-83.09,False,4.977,tamil,
/content/drive/MyDrive/Audio_dataset/tamil/24254.mp3,5.004,-95.81,False,5.004,tamil,
/content/drive/MyDrive/Audio_dataset/tamil/25167.mp3,4.977,-84.11,False,4.977,tamil,
/content/drive/MyDrive/Audio_dataset/tamil/25258.mp3,5.004,-95.86,False,5.004,tamil,
/content/drive/MyDrive/Audio_dataset/tamil/23784.mp3,4.977,-79.57,False,4.977,tamil,
/content/drive/MyDrive/Audio_dataset/tamil/24240.mp3,4.977,-95.41,False,4.672,tamil,
/content/drive/MyDrive/Audio_dataset/tamil/25173.mp3,4.977,-82.63,False,4.977,tamil,
/content/drive/MyDrive/Audio_dataset/tamil/25698.mp3,4.977,-80.84,False,4.913,tamil,
/content/drive/MyDrive/Audio_dataset/tamil/24116.mp3,5.005,-115.27,False,3.885,tamil,
/content/drive/MyDrive/Audio_dataset/tamil/23915.mp3,5.004,-111.41,False,4.972,tamil,
/content/drive/MyDrive/Audio_dataset/tamil/25503.mp3,4.981,-119.43,False,4.853,tamil,
/content/drive/MyDrive/Audio_dataset/tamil/25622.mp3,4.977,-98.0,False,4.977,tamil,
/content/drive/MyDrive/Audio_dataset/tamil/25029.mp3,4.977,-94.84,False,4.977,tamil,
/content/drive/MyDrive/Audio_dataset/tamil/24674.mp3,4.977,-101.32,False,4.881,tamil,
/content/drive/MyDrive/Audio_dataset/tamil/24695.mp3,5.004,-86.15,False,5.004,tamil,
/content/drive/MyDrive/Audio_dataset/tamil/24257.mp3,4.981,-101.56,False,4.885,tamil,
/content/drive/MyDrive/Audio_dataset/tamil/24142.mp3,5.004,-80.83,False,4.48,tamil,
/content/drive/MyDrive/Audio_dataset/tamil/24166.mp3,5.004,-78.79,False,5.004,tamil,
/content/drive/MyDrive/Audio_dataset/tamil/24884.mp3,4.981,-97.91,False,4.981,tamil,
/content/drive/MyDrive/Audio_dataset/tamil/24510.mp3,4.977,-103.28,False,4.721,tamil,
/content/drive/MyDrive/Audio_dataset/tamil/23695.mp3,5.004,-86.09,False,4.768,tamil,
/content/drive/MyDrive/Audio_dataset/tamil/24265.mp3,5.005,-107.16,False,4.544,tamil,
/content/drive/MyDrive/Audio_dataset/tamil/24724.mp3,4.977,-96.16,False,4.881,tamil,
/content/drive/MyDrive/Audio_dataset/tamil/24272.mp3,4.977,-62.44,False,4.977,tamil,
/content/drive/MyDrive/Audio_dataset/tamil/24621.mp3,4.977,-90.91,False,4.785,tamil,
/content/drive/MyDrive/Audio_dataset/tamil/23895.mp3,5.004,-106.34,False,4.928,tamil,
/content/drive/MyDrive/Audio_dataset/tamil/25724.mp3,4.977,-96.74,False,4.768,tamil,
/content/drive/MyDrive/Audio_dataset/tamil/23758.mp3,4.977,-98.75,False,4.817,tamil,
/content/drive/MyDrive/Audio_dataset/tamil/24015.mp3,4.977,-80.98,False,4.977,tamil,
/content/drive/MyDrive/Audio_dataset/tamil/24121.mp3,4.981,-119.66,False,4.821,tamil,
/content/drive/MyDrive/Audio_dataset/tamil/24806.mp3,5.005,-129.46,False,4.109,tamil,
/content/drive/MyDrive/Audio_dataset/tamil/25919.mp3,5.004,-86.29,False,4.736,tamil,
/content/drive/MyDrive/Audio_dataset/tamil/24220.mp3,5.004,-104.69,False,4.972,tamil,
/content/drive/MyDrive/Audio_dataset/tamil/24336.mp3,4.559,-86.66,False,4.192,tamil,
/content/drive/MyDrive/Audio_dataset/tamil/24416.mp3,4.977,-110.24,False,4.977,tamil,
/content/drive/MyDrive/Audio_dataset/tamil/25477.mp3,4.977,-94.18,False,4.657,tamil,
/content/drive/MyDrive/Audio_dataset/tamil/25474.mp3,4.977,-76.6,False,4.977,tamil,
/content/drive/MyDrive/Audio_dataset/tamil/25743.mp3,4.977,-72.47,False,4.945,tamil,
/content/drive/MyDrive/Audio_dataset/tamil/23732.mp3,4.977,-87.09,False,4.977,tamil,
/content/drive/MyDrive/Audio_dataset/tamil/24505.mp3,4.977,-81.67,False,4.977,tamil,
/content/drive/MyDrive/Audio_dataset/tamil/25855.mp3,5.005,-121.35,False,3.149,tamil,
/content/drive/MyDrive/Audio_dataset/tamil/24229.mp3,4.977,-107.02,False,4.881,tamil,
/content/drive/MyDrive/Audio_dataset/tamil/24234.mp3,4.981,-114.4,False,4.8,tamil,
/content/drive/MyDrive/Audio_dataset/tamil/25761.mp3,4.977,-95.81,False,4.544,tamil,
/content/drive/MyDrive/Audio_dataset/tamil/25667.mp3,4.977,-114.16,False,4.977,tamil,
/content/drive/MyDrive/Audio_dataset/tamil/24873.mp3,4.981,-108.43,False,4.629,tamil,
/content/drive/MyDrive/Audio_dataset/tamil/24747.mp3,4.977,-91.9,False,4.736,tamil,
/content/drive/MyDrive/Audio_dataset/tamil/25664.mp3,4.977,-92.09,False,4.913,tamil,
/content/drive/MyDrive/Audio_dataset/tamil/24390.mp3,5.004,-70.71,False,5.004,tamil,
/content/drive/MyDrive/Audio_dataset/tamil/25325.mp3,4.977,-133.3,False,4.832,tamil,
/content/drive/MyDrive/Audio_dataset/tamil/25034.mp3,5.004,-115.34,False,5.004,tamil,
/content/drive/MyDrive/Audio_dataset/tamil/24887.mp3,4.977,-78.35,False,4.945,tamil,
/content/drive/MyDrive/Audio_dataset/tamil/25365.mp3,5.004,-84.04,False,4.844,tamil,
/content/drive/MyDrive/Audio_dataset/tamil/23815.mp3,4.977,-93.11,False,4.881,tamil,
/content/drive/MyDrive/Audio_dataset/tamil/24983.mp3,5.004,-95.78,False,4.512,tamil,
/content/drive/MyDrive/Audio_dataset/tamil/24407.mp3,5.004,-102.63,False,5.004,tamil,
/content/drive/MyDrive/Audio_dataset/tamil/24848.mp3,4.977,-93.21,False,4.96,tamil,
/content/drive/MyDrive/Audio_dataset/tamil/24060.mp3,4.977,-91.77,False,4.977,tamil,
/content/drive/MyDrive/Audio_dataset/tamil/24500.mp3,5.004,-73.39,False,4.972,tamil,
/content/drive/MyDrive/Audio_dataset/tamil/23694.mp3,4.977,-95.25,False,4.945,tamil,
/content/drive/MyDrive/Audio_dataset/tamil/24867.mp3,4.977,-61.38,False,4.977,tamil,
/content/drive/MyDrive/Audio_dataset/tamil/25113.mp3,4.981,-115.42,False,4.864,tamil,
/content/drive/MyDrive/Audio_dataset/tamil/24469.mp3,4.977,-102.68,False,4.977,tamil,
/content/drive/MyDrive/Audio_dataset/tamil/23936.mp3,4.977,-84.4,False,4.977,tamil,
/content/drive/MyDrive/Audio_dataset/tamil/24357.mp3,5.005,-99.26,False,4.493,tamil,
/content/drive/MyDrive/Audio_dataset/tamil/25295.mp3,5.004,-84.01,False,5.004,tamil,
/content/drive/MyDrive/Audio_dataset/tamil/25089.mp3,4.977,-82.91,False,4.945,tamil,
/content/drive/MyDrive/Audio_dataset/tamil/24633.mp3,4.977,-88.98,False,4.977,tamil,
/content/drive/MyDrive/Audio_dataset/tamil/23911.mp3,5.004,-93.64,False,4.928,tamil,
/content/drive/MyDrive/Audio_dataset/tamil/23705.mp3,4.977,-94.04,False,4.977,tamil,
/content/drive/MyDrive/Audio_dataset/tamil/25482.mp3,5.004,-80.91,False,4.588,tamil,
/content/drive/MyDrive/Audio_dataset/tamil/24453.mp3,4.977,-98.81,False,4.977,tamil,
/content/drive/MyDrive/Audio_dataset/tamil/24467.mp3,5.004,-104.24,False,4.78,tamil,
/content/drive/MyDrive/Audio_dataset/tamil/24705.mp3,4.977,-88.21,False,4.881,tamil,
/content/drive/MyDrive/Audio_dataset/tamil/25722.mp3,5.004,-67.05,False,4.908,tamil,
/content/drive/MyDrive/Audio_dataset/tamil/24770.mp3,5.004,-69.45,False,5.004,tamil,
/content/drive/MyDrive/Audio_dataset/tamil/26884.mp3,4.977,-101.45,False,4.977,tamil,
/content/drive/MyDrive/Audio_dataset/tamil/3889.mp3,4.977,-85.23,False,4.721,tamil,
/content/drive/MyDrive/Audio_dataset/tamil/3979.mp3,4.981,-120.41,False,4.981,tamil,
/content/drive/MyDrive/Audio_dataset/tamil/3726.mp3,4.977,-88.41,False,4.977,tamil,
/content/drive/MyDrive/Audio_dataset/tamil/3507.mp3,5.004,-88.11,False,4.428,tamil,
/content/drive/MyDrive/Audio_dataset/tamil/26720.mp3,5.004,-81.42,False,4.8,tamil,
/content/drive/MyDrive/Audio_dataset/tamil/3521.mp3,5.004,-108.0,False,5.004,tamil,
/content/drive/MyDrive/Audio_dataset/tamil/26456.mp3,4.977,-79.05,False,4.977,tamil,
/content/drive/MyDrive/Audio_dataset/tamil/26130.mp3,4.977,-101.72,False,4.945,tamil,
/content/drive/MyDrive/Audio_dataset/tamil/26387.mp3,4.977,-98.53,False,4.849,tamil,
/content/drive/MyDrive/Audio_dataset/tamil/3029.mp3,4.977,-74.02,False,4.977,tamil,
/content/drive/MyDrive/Audio_dataset/tamil/3106.mp3,4.977,-82.84,False,4.96,tamil,
/content/drive/MyDrive/Audio_dataset/tamil/26374.mp3,5.004,-101.38,False,5.004,tamil,
/content/drive/MyDrive/Audio_dataset/tamil/26410.mp3,5.004,-76.28,False,5.004,tamil,
/content/drive/MyDrive/Audio_dataset/tamil/25951.mp3,5.004,-86.55,False,4.588,tamil,
/content/drive/MyDrive/Audio_dataset/tamil/26838.mp3,4.977,-96.24,False,4.977,tamil,
/content/drive/MyDrive/Audio_dataset/tamil/26755.mp3,5.004,-94.57,False,4.94,tamil,
/content/drive/MyDrive/Audio_dataset/tamil/3336.mp3,4.977,-97.05,False,4.945,tamil,
/content/drive/MyDrive/Audio_dataset/tamil/26390.mp3,4.981,-98.87,False,4.981,tamil,
/content/drive/MyDrive/Audio_dataset/tamil/4038.mp3,4.977,-81.27,False,4.945,tamil,
/content/drive/MyDrive/Audio_dataset/tamil/26744.mp3,4.977,-95.6,False,4.977,tamil,
/content/drive/MyDrive/Audio_dataset/tamil/3614.mp3,5.004,-97.28,False,4.96,tamil,
/content/drive/MyDrive/Audio_dataset/tamil/3598.mp3,4.981,-96.14,False,4.949,tamil,
/content/drive/MyDrive/Audio_dataset/tamil/2920.mp3,5.004,-91.64,False,4.224,tamil,
/content/drive/MyDrive/Audio_dataset/tamil/3634.mp3,4.977,-90.87,False,4.64,tamil,
/content/drive/MyDrive/Audio_dataset/tamil/3345.mp3,4.977,-75.18,False,4.977,tamil,
/content/drive/MyDrive/Audio_dataset/tamil/2616.mp3,4.977,-97.88,False,4.977,tamil,
/content/drive/MyDrive/Audio_dataset/tamil/4008.mp3,5.004,-90.41,False,4.768,tamil,
/content/drive/MyDrive/Audio_dataset/tamil/3346.mp3,4.977,-109.08,False,4.977,tamil,
/content/drive/MyDrive/Audio_dataset/tamil/26954.mp3,4.977,-85.77,False,4.977,tamil,
/content/drive/MyDrive/Audio_dataset/tamil/26263.mp3,5.004,-79.28,False,4.8,tamil,
/content/drive/MyDrive/Audio_dataset/tamil/3365.mp3,4.977,-84.19,False,4.977,tamil,
/content/drive/MyDrive/Audio_dataset/tamil/3606.mp3,4.981,-99.97,False,4.917,tamil,
/content/drive/MyDrive/Audio_dataset/tamil/26098.mp3,5.004,-91.23,False,5.004,tamil,
/content/drive/MyDrive/Audio_dataset/tamil/3758.mp3,5.004,-87.26,False,4.94,tamil,
/content/drive/MyDrive/Audio_dataset/tamil/3511.mp3,5.005,-111.39,False,4.96,tamil,
/content/drive/MyDrive/Audio_dataset/tamil/26441.mp3,5.004,-116.16,False,4.684,tamil,
/content/drive/MyDrive/Audio_dataset/tamil/3667.mp3,4.981,-103.78,False,4.981,tamil,
/content/drive/MyDrive/Audio_dataset/tamil/3293.mp3,4.977,-108.86,False,4.913,tamil,
/content/drive/MyDrive/Audio_dataset/tamil/26772.mp3,5.005,-115.9,False,4.864,tamil,
/content/drive/MyDrive/Audio_dataset/tamil/25999.mp3,4.977,-85.09,False,4.945,tamil,
/content/drive/MyDrive/Audio_dataset/tamil/3645.mp3,5.005,-95.58,False,4.928,tamil,
/content/drive/MyDrive/Audio_dataset/tamil/3107.mp3,4.977,-70.13,False,4.849,tamil,
/content/drive/MyDrive/Audio_dataset/tamil/3713.mp3,4.977,-98.72,False,4.16,tamil,
/content/drive/MyDrive/Audio_dataset/tamil/3179.mp3,5.004,-79.26,False,5.004,tamil,
/content/drive/MyDrive/Audio_dataset/tamil/3947.mp3,4.977,-90.38,False,4.977,tamil,
/content/drive/MyDrive/Audio_dataset/tamil/3525.mp3,4.981,-100.16,False,4.96,tamil,
/content/drive/MyDrive/Audio_dataset/tamil/27028.mp3,5.004,-95.46,False,4.896,tamil,
/content/drive/MyDrive/Audio_dataset/tamil/3228.mp3,4.977,-98.22,False,4.977,tamil,
/content/drive/MyDrive/Audio_dataset/tamil/3784.mp3,5.004,-85.66,False,5.004,tamil,
/content/drive/MyDrive/Audio_dataset/tamil/25965.mp3,5.004,-77.38,False,4.972,tamil,
/content/drive/MyDrive/Audio_dataset/tamil/3299.mp3,5.005,-102.75,False,4.973,tamil,
/content/drive/MyDrive/Audio_dataset/tamil/3892.mp3,4.977,-82.33,False,4.977,tamil,
/content/drive/MyDrive/Audio_dataset/tamil/26505.mp3,4.977,-118.35,False,4.977,tamil,
/content/drive/MyDrive/Audio_dataset/tamil/26351.mp3,4.981,-122.15,False,4.981,tamil,
/content/drive/MyDrive/Audio_dataset/tamil/3094.mp3,4.977,-66.95,False,4.672,tamil,
/content/drive/MyDrive/Audio_dataset/tamil/26785.mp3,5.004,-71.94,False,4.94,tamil,
/content/drive/MyDrive/Audio_dataset/tamil/26953.mp3,4.977,-136.36,False,4.881,tamil,
/content/drive/MyDrive/Audio_dataset/tamil/3993.mp3,4.977,-77.84,False,4.977,tamil,
/content/drive/MyDrive/Audio_dataset/tamil/3740.mp3,4.981,-101.05,False,4.821,tamil,
/content/drive/MyDrive/Audio_dataset/tamil/26748.mp3,0.905,-68.16,False,0.576,tamil,
/content/drive/MyDrive/Audio_dataset/tamil/3468.mp3,4.977,-85.29,False,4.945,tamil,
/content/drive/MyDrive/Audio_dataset/tamil/26711.mp3,4.977,-110.11,False,4.945,tamil,
/content/drive/MyDrive/Audio_dataset/tamil/2677.mp3,4.977,-86.07,False,4.977,tamil,
/content/drive/MyDrive/Audio_dataset/tamil/3960.mp3,4.977,-96.63,False,4.945,tamil,
/content/drive/MyDrive/Audio_dataset/tamil/26317.mp3,5.004,-86.2,False,5.004,tamil,
/content/drive/MyDrive/Audio_dataset/tamil/3559.mp3,5.004,-77.62,False,4.972,tamil,
/content/drive/MyDrive/Audio_dataset/tamil/3282.mp3,4.977,-101.47,False,4.977,tamil,
/content/drive/MyDrive/Audio_dataset/tamil/26525.mp3,4.981,-115.32,False,4.981,tamil,
/content/drive/MyDrive/Audio_dataset/tamil/26489.mp3,4.977,-111.17,False,4.945,tamil,
/content/drive/MyDrive/Audio_dataset/tamil/3827.mp3,4.981,-113.49,False,4.576,tamil,
/content/drive/MyDrive/Audio_dataset/tamil/26853.mp3,4.977,-81.9,False,4.96,tamil,
/content/drive/MyDrive/Audio_dataset/tamil/26707.mp3,5.004,-82.53,False,5.004,tamil,
/content/drive/MyDrive/Audio_dataset/tamil/26583.mp3,4.977,-95.07,False,4.977,tamil,
/content/drive/MyDrive/Audio_dataset/tamil/3996.mp3,5.005,-117.4,False,4.525,tamil,
/content/drive/MyDrive/Audio_dataset/tamil/3904.mp3,5.004,-77.35,False,4.908,tamil,
/content/drive/MyDrive/Audio_dataset/tamil/3361.mp3,4.981,-108.46,False,4.352,tamil,
/content/drive/MyDrive/Audio_dataset/tamil/26259.mp3,4.981,-119.23,False,4.885,tamil,
/content/drive/MyDrive/Audio_dataset/tamil/26815.mp3,4.977,-96.17,False,4.977,tamil,
/content/drive/MyDrive/Audio_dataset/tamil/3111.mp3,4.977,-100.79,False,4.896,tamil,
/content/drive/MyDrive/Audio_dataset/tamil/3128.mp3,4.981,-112.27,False,4.981,tamil,
/content/drive/MyDrive/Audio_dataset/tamil/27027.mp3,4.977,-88.71,False,4.704,tamil,
/content/drive/MyDrive/Audio_dataset/tamil/27022.mp3,4.977,-83.33,False,4.977,tamil,
/content/drive/MyDrive/Audio_dataset/tamil/26161.mp3,4.977,-93.0,False,4.977,tamil,
/content/drive/MyDrive/Audio_dataset/tamil/26686.mp3,4.977,-96.43,False,4.977,tamil,
/content/drive/MyDrive/Audio_dataset/tamil/3389.mp3,5.004,-92.9,False,4.672,tamil,
/content/drive/MyDrive/Audio_dataset/tamil/3685.mp3,4.977,-97.58,False,4.945,tamil,
/content/drive/MyDrive/Audio_dataset/tamil/5401.mp3,5.004,-85.88,False,5.004,tamil,
/content/drive/MyDrive/Audio_dataset/tamil/5145.mp3,5.004,-97.14,False,4.448,tamil,
/content/drive/MyDrive/Audio_dataset/tamil/4810.mp3,4.981,-103.34,False,4.981,tamil,
/content/drive/MyDrive/Audio_dataset/tamil/5221.mp3,4.977,-65.87,False,4.721,tamil,
/content/drive/MyDrive/Audio_dataset/tamil/5266.mp3,5.005,-112.06,False,4.608,tamil,
/content/drive/MyDrive/Audio_dataset/tamil/4946.mp3,4.977,-89.41,False,4.977,tamil,
/content/drive/MyDrive/Audio_dataset/tamil/4076.mp3,4.977,-82.16,False,4.945,tamil,
/content/drive/MyDrive/Audio_dataset/tamil/4553.mp3,4.977,-98.63,False,4.977,tamil,
/content/drive/MyDrive/Audio_dataset/tamil/5053.mp3,4.977,-82.47,False,4.977,tamil,
/content/drive/MyDrive/Audio_dataset/tamil/4594.mp3,4.977,-95.76,False,4.928,tamil,
/content/drive/MyDrive/Audio_dataset/tamil/5210.mp3,5.004,-87.15,False,5.004,tamil,
/content/drive/MyDrive/Audio_dataset/tamil/4928.mp3,4.981,-115.6,False,4.981,tamil,
/content/drive/MyDrive/Audio_dataset/tamil/4391.mp3,4.977,-87.55,False,4.977,tamil,
/content/drive/MyDrive/Audio_dataset/tamil/4692.mp3,5.004,-94.32,False,4.972,tamil,
/content/drive/MyDrive/Audio_dataset/tamil/4285.mp3,5.004,-113.88,False,4.908,tamil,
/content/drive/MyDrive/Audio_dataset/tamil/5255.mp3,5.004,-91.42,False,5.004,tamil,
/content/drive/MyDrive/Audio_dataset/tamil/4909.mp3,4.981,-104.37,False,4.981,tamil,
/content/drive/MyDrive/Audio_dataset/tamil/4944.mp3,5.004,-94.05,False,4.972,tamil,
/content/drive/MyDrive/Audio_dataset/tamil/5588.mp3,4.977,-91.18,False,4.977,tamil,
/content/drive/MyDrive/Audio_dataset/tamil/4113.mp3,4.977,-82.7,False,4.945,tamil,
/content/drive/MyDrive/Audio_dataset/tamil/4652.mp3,4.977,-95.34,False,4.945,tamil,
/content/drive/MyDrive/Audio_dataset/tamil/4864.mp3,4.977,-80.46,False,4.977,tamil,
/content/drive/MyDrive/Audio_dataset/tamil/4565.mp3,4.977,-86.51,False,4.64,tamil,
/content/drive/MyDrive/Audio_dataset/tamil/5172.mp3,4.981,-126.97,False,4.8,tamil,
/content/drive/MyDrive/Audio_dataset/tamil/4657.mp3,4.981,-108.15,False,4.981,tamil,
/content/drive/MyDrive/Audio_dataset/tamil/4918.mp3,4.977,-84.1,False,4.8,tamil,
/content/drive/MyDrive/Audio_dataset/tamil/4704.mp3,5.005,-104.74,False,4.877,tamil,
/content/drive/MyDrive/Audio_dataset/tamil/5000.mp3,4.977,-89.72,False,4.672,tamil,
/content/drive/MyDrive/Audio_dataset/tamil/5136.mp3,5.004,-74.18,False,4.94,tamil,
/content/drive/MyDrive/Audio_dataset/tamil/4321.mp3,5.005,-105.71,False,5.005,tamil,
/content/drive/MyDrive/Audio_dataset/tamil/5302.mp3,4.981,-106.32,False,4.949,tamil,
/content/drive/MyDrive/Audio_dataset/tamil/5313.mp3,4.981,-96.1,False,4.981,tamil,
/content/drive/MyDrive/Audio_dataset/tamil/5250.mp3,5.004,-64.4,False,4.94,tamil,
/content/drive/MyDrive/Audio_dataset/tamil/4279.mp3,4.977,-82.76,False,4.881,tamil,
/content/drive/MyDrive/Audio_dataset/tamil/5043.mp3,5.004,-80.68,False,5.004,tamil,
/content/drive/MyDrive/Audio_dataset/tamil/4595.mp3,4.977,-91.23,False,4.977,tamil,
/content/drive/MyDrive/Audio_dataset/tamil/5517.mp3,5.004,-89.66,False,4.8,tamil,
/content/drive/MyDrive/Audio_dataset/tamil/4920.mp3,5.004,-88.76,False,5.004,tamil,
/content/drive/MyDrive/Audio_dataset/tamil/5441.mp3,5.004,-83.41,False,5.004,tamil,
/content/drive/MyDrive/Audio_dataset/tamil/4678.mp3,4.981,-96.77,False,4.981,tamil,
/content/drive/MyDrive/Audio_dataset/tamil/4535.mp3,4.981,-118.14,False,4.981,tamil,
/content/drive/MyDrive/Audio_dataset/tamil/5596.mp3,4.981,-114.03,False,4.981,tamil,
/content/drive/MyDrive/Audio_dataset/tamil/4745.mp3,5.004,-76.31,False,5.004,tamil,
/content/drive/MyDrive/Audio_dataset/tamil/4273.mp3,4.977,-88.77,False,4.977,tamil,
/content/drive/MyDrive/Audio_dataset/tamil/4617.mp3,4.977,-63.71,False,4.736,tamil,
/content/drive/MyDrive/Audio_dataset/tamil/4716.mp3,4.977,-85.02,False,4.977,tamil,
/content/drive/MyDrive/Audio_dataset/tamil/4104.mp3,4.981,-118.88,False,4.736,tamil,
/content/drive/MyDrive/Audio_dataset/tamil/4995.mp3,5.005,-100.64,False,4.909,tamil,
/content/drive/MyDrive/Audio_dataset/tamil/5641.mp3,5.004,-103.37,False,5.004,tamil,
/content/drive/MyDrive/Audio_dataset/tamil/4065.mp3,5.004,-97.37,False,5.004,tamil,
/content/drive/MyDrive/Audio_dataset/tamil/5009.mp3,4.977,-86.98,False,4.977,tamil,
/content/drive/MyDrive/Audio_dataset/tamil/4412.mp3,4.977,-120.41,False,4.8,tamil,
/content/drive/MyDrive/Audio_dataset/tamil/5477.mp3,4.977,-72.34,False,4.945,tamil,
/content/drive/MyDrive/Audio_dataset/tamil/5070.mp3,4.977,-104.11,False,4.945,tamil,
/content/drive/MyDrive/Audio_dataset/tamil/4598.mp3,4.977,-93.54,False,4.977,tamil,
/content/drive/MyDrive/Audio_dataset/tamil/4488.mp3,5.004,-80.51,False,4.908,tamil,
/content/drive/MyDrive/Audio_dataset/tamil/4551.mp3,5.004,-87.6,False,4.972,tamil,
/content/drive/MyDrive/Audio_dataset/tamil/4430.mp3,4.977,-115.69,False,4.977,tamil,
/content/drive/MyDrive/Audio_dataset/tamil/5498.mp3,4.977,-96.02,False,4.977,tamil,
/content/drive/MyDrive/Audio_dataset/tamil/5283.mp3,4.977,-77.36,False,4.945,tamil,
/content/drive/MyDrive/Audio_dataset/tamil/4805.mp3,5.004,-103.3,False,4.832,tamil,
/content/drive/MyDrive/Audio_dataset/tamil/4603.mp3,4.981,-101.07,False,4.917,tamil,
/content/drive/MyDrive/Audio_dataset/tamil/4791.mp3,4.977,-73.08,False,4.913,tamil,
/content/drive/MyDrive/Audio_dataset/tamil/5373.mp3,4.977,-71.11,False,4.913,tamil,
/content/drive/MyDrive/Audio_dataset/tamil/5554.mp3,5.004,-97.7,False,4.94,tamil,
/content/drive/MyDrive/Audio_dataset/tamil/4154.mp3,4.977,-84.27,False,4.977,tamil,
/content/drive/MyDrive/Audio_dataset/tamil/4587.mp3,4.981,-99.0,False,4.864,tamil,
/content/drive/MyDrive/Audio_dataset/tamil/4828.mp3,4.977,-82.69,False,4.896,tamil,
/content/drive/MyDrive/Audio_dataset/tamil/5082.mp3,5.004,-86.38,False,5.004,tamil,
/content/drive/MyDrive/Audio_dataset/tamil/4656.mp3,5.004,-88.77,False,4.992,tamil,
/content/drive/MyDrive/Audio_dataset/tamil/4552.mp3,4.977,-82.58,False,4.736,tamil,
/content/drive/MyDrive/Audio_dataset/tamil/4890.mp3,0.841,-93.2,False,0.768,tamil,
/content/drive/MyDrive/Audio_dataset/tamil/5463.mp3,5.004,-82.87,False,4.716,tamil,
/content/drive/MyDrive/Audio_dataset/tamil/5586.mp3,4.981,-117.63,False,4.928,tamil,
/content/drive/MyDrive/Audio_dataset/tamil/5128.mp3,4.977,-100.92,False,4.977,tamil,
/content/drive/MyDrive/Audio_dataset/tamil/4723.mp3,4.977,-94.05,False,4.977,tamil,
/content/drive/MyDrive/Audio_dataset/tamil/5348.mp3,5.005,-99.72,False,5.005,tamil,
/content/drive/MyDrive/Audio_dataset/tamil/4542.mp3,4.977,-88.35,False,4.913,tamil,
/content/drive/MyDrive/Audio_dataset/tamil/4858.mp3,4.977,-95.05,False,4.977,tamil,
/content/drive/MyDrive/Audio_dataset/tamil/5102.mp3,4.977,-97.7,False,4.977,tamil,
/content/drive/MyDrive/Audio_dataset/tamil/5030.mp3,5.005,-113.69,False,4.013,tamil,
/content/drive/MyDrive/Audio_dataset/tamil/5054.mp3,4.981,-104.13,False,4.981,tamil,
/content/drive/MyDrive/Audio_dataset/tamil/4183.mp3,4.981,-98.74,False,4.885,tamil,
/content/drive/MyDrive/Audio_dataset/tamil/4712.mp3,4.977,-101.31,False,4.977,tamil,
/content/drive/MyDrive/Audio_dataset/tamil/4297.mp3,5.005,-104.61,False,5.005,tamil,
/content/drive/MyDrive/Audio_dataset/tamil/5476.mp3,4.977,-72.03,False,4.945,tamil,
/content/drive/MyDrive/Audio_dataset/tamil/6206.mp3,4.981,-103.09,False,4.853,tamil,
/content/drive/MyDrive/Audio_dataset/tamil/6721.mp3,5.005,-99.65,False,4.992,tamil,
/content/drive/MyDrive/Audio_dataset/tamil/7779.mp3,5.004,-109.12,False,4.992,tamil,
/content/drive/MyDrive/Audio_dataset/tamil/5702.mp3,5.004,-97.43,False,4.704,tamil,
/content/drive/MyDrive/Audio_dataset/tamil/6652.mp3,5.004,-86.23,False,4.812,tamil,
/content/drive/MyDrive/Audio_dataset/tamil/6984.mp3,4.977,-86.13,False,4.977,tamil,
/content/drive/MyDrive/Audio_dataset/tamil/5841.mp3,4.981,-119.74,False,4.981,tamil,
/content/drive/MyDrive/Audio_dataset/tamil/6144.mp3,4.977,-92.68,False,4.977,tamil,
/content/drive/MyDrive/Audio_dataset/tamil/6174.mp3,4.977,-90.84,False,4.576,tamil,
/content/drive/MyDrive/Audio_dataset/tamil/6684.mp3,4.977,-100.51,False,4.977,tamil,
/content/drive/MyDrive/Audio_dataset/tamil/6049.mp3,4.977,-85.16,False,4.736,tamil,
/content/drive/MyDrive/Audio_dataset/tamil/6116.mp3,4.977,-78.64,False,4.625,tamil,
/content/drive/MyDrive/Audio_dataset/tamil/7018.mp3,5.004,-105.0,False,4.704,tamil,
/content/drive/MyDrive/Audio_dataset/tamil/6350.mp3,4.977,-96.43,False,4.977,tamil,
/content/drive/MyDrive/Audio_dataset/tamil/7598.mp3,4.977,-82.46,False,4.864,tamil,
/content/drive/MyDrive/Audio_dataset/tamil/7267.mp3,5.004,-91.94,False,5.004,tamil,
/content/drive/MyDrive/Audio_dataset/tamil/7934.mp3,5.004,-70.11,False,4.96,tamil,
/content/drive/MyDrive/Audio_dataset/tamil/7280.mp3,4.977,-81.65,False,4.817,tamil,
/content/drive/MyDrive/Audio_dataset/tamil/7048.mp3,4.977,-99.7,False,4.977,tamil,
/content/drive/MyDrive/Audio_dataset/tamil/6196.mp3,4.977,-64.71,False,4.977,tamil,
/content/drive/MyDrive/Audio_dataset/tamil/6026.mp3,5.004,-95.58,False,5.004,tamil,
/content/drive/MyDrive/Audio_dataset/tamil/7816.mp3,4.977,-83.24,False,4.928,tamil,
/content/drive/MyDrive/Audio_dataset/tamil/6041.mp3,4.977,-87.24,False,4.928,tamil,
/content/drive/MyDrive/Audio_dataset/tamil/7056.mp3,4.977,-84.67,False,4.977,tamil,
/content/drive/MyDrive/Audio_dataset/tamil/6795.mp3,4.977,-83.49,False,4.913,tamil,
/content/drive/MyDrive/Audio_dataset/tamil/6160.mp3,4.977,-77.26,False,4.977,tamil,
/content/drive/MyDrive/Audio_dataset/tamil/7558.mp3,4.977,-111.15,False,4.977,tamil,
/content/drive/MyDrive/Audio_dataset/tamil/6856.mp3,4.977,-94.92,False,4.881,tamil,
/content/drive/MyDrive/Audio_dataset/tamil/6593.mp3,4.977,-91.66,False,4.416,tamil,
/content/drive/MyDrive/Audio_dataset/tamil/6184.mp3,4.981,-93.39,False,4.181,tamil,
/content/drive/MyDrive/Audio_dataset/tamil/8002.mp3,4.977,-109.24,False,4.768,tamil,
/content/drive/MyDrive/Audio_dataset/tamil/6514.mp3,5.005,-93.56,False,5.005,tamil,
/content/drive/MyDrive/Audio_dataset/tamil/6225.mp3,5.004,-85.1,False,5.004,tamil,
/content/drive/MyDrive/Audio_dataset/tamil/7820.mp3,4.977,-93.63,False,4.977,tamil,
/content/drive/MyDrive/Audio_dataset/tamil/6164.mp3,4.981,-107.15,False,4.917,tamil,
/content/drive/MyDrive/Audio_dataset/tamil/7445.mp3,4.977,-98.02,False,4.913,tamil,
/content/drive/MyDrive/Audio_dataset/tamil/6426.mp3,5.004,-113.44,False,5.004,tamil,
/content/drive/MyDrive/Audio_dataset/tamil/6983.mp3,5.005,-93.93,False,5.005,tamil,
/content/drive/MyDrive/Audio_dataset/tamil/5712.mp3,4.981,-118.94,False,4.864,tamil,
/content/drive/MyDrive/Audio_dataset/tamil/7007.mp3,5.004,-109.47,False,5.004,tamil,
/content/drive/MyDrive/Audio_dataset/tamil/8004.mp3,5.004,-96.6,False,4.992,tamil,
/content/drive/MyDrive/Audio_dataset/tamil/7303.mp3,5.005,-117.59,False,4.864,tamil,
/content/drive/MyDrive/Audio_dataset/tamil/6941.mp3,5.004,-85.37,False,5.004,tamil,
/content/drive/MyDrive/Audio_dataset/tamil/6623.mp3,4.981,-106.04,False,4.608,tamil,
/content/drive/MyDrive/Audio_dataset/tamil/7179.mp3,4.977,-92.42,False,4.977,tamil,
/content/drive/MyDrive/Audio_dataset/tamil/7783.mp3,5.004,-86.01,False,4.78,tamil,
/content/drive/MyDrive/Audio_dataset/tamil/6172.mp3,5.004,-100.31,False,4.576,tamil,
/content/drive/MyDrive/Audio_dataset/tamil/7052.mp3,5.004,-116.25,False,5.004,tamil,
/content/drive/MyDrive/Audio_dataset/tamil/6956.mp3,5.005,-99.69,False,5.005,tamil,
/content/drive/MyDrive/Audio_dataset/tamil/6502.mp3,4.977,-98.89,False,4.817,tamil,
/content/drive/MyDrive/Audio_dataset/tamil/6429.mp3,4.981,-107.28,False,4.981,tamil,
/content/drive/MyDrive/Audio_dataset/tamil/6219.mp3,4.977,-92.2,False,4.945,tamil,
/content/drive/MyDrive/Audio_dataset/tamil/7072.mp3,4.977,-93.03,False,4.977,tamil,
/content/drive/MyDrive/Audio_dataset/tamil/5837.mp3,4.977,-73.24,False,4.977,tamil,
/content/drive/MyDrive/Audio_dataset/tamil/7717.mp3,5.004,-95.95,False,4.864,tamil,
/content/drive/MyDrive/Audio_dataset/tamil/7652.mp3,4.977,-102.25,False,4.849,tamil,
/content/drive/MyDrive/Audio_dataset/tamil/6937.mp3,5.004,-90.48,False,5.004,tamil,
/content/drive/MyDrive/Audio_dataset/tamil/6396.mp3,4.977,-89.01,False,4.977,tamil,
/content/drive/MyDrive/Audio_dataset/tamil/7364.mp3,4.977,-115.26,False,4.977,tamil,
/content/drive/MyDrive/Audio_dataset/tamil/6353.mp3,5.004,-103.24,False,4.608,tamil,
/content/drive/MyDrive/Audio_dataset/tamil/6267.mp3,5.004,-79.37,False,5.004,tamil,
/content/drive/MyDrive/Audio_dataset/tamil/6051.mp3,4.977,-100.99,False,4.913,tamil,
/content/drive/MyDrive/Audio_dataset/tamil/6723.mp3,5.004,-71.77,False,4.908,tamil,
/content/drive/MyDrive/Audio_dataset/tamil/6567.mp3,4.977,-88.88,False,4.928,tamil,
/content/drive/MyDrive/Audio_dataset/tamil/6605.mp3,4.977,-76.58,False,4.945,tamil,
/content/drive/MyDrive/Audio_dataset/tamil/6290.mp3,4.977,-94.94,False,4.945,tamil,
/content/drive/MyDrive/Audio_dataset/tamil/6016.mp3,4.977,-82.18,False,4.288,tamil,
/content/drive/MyDrive/Audio_dataset/tamil/6432.mp3,4.981,-89.43,False,4.981,tamil,
/content/drive/MyDrive/Audio_dataset/tamil/6430.mp3,4.977,-77.97,False,4.977,tamil,
/content/drive/MyDrive/Audio_dataset/tamil/6923.mp3,5.004,-86.99,False,4.972,tamil,
/content/drive/MyDrive/Audio_dataset/tamil/7833.mp3,4.977,-90.04,False,4.849,tamil,
/content/drive/MyDrive/Audio_dataset/tamil/5678.mp3,4.981,-98.6,False,4.981,tamil,
/content/drive/MyDrive/Audio_dataset/tamil/5856.mp3,4.977,-82.36,False,4.977,tamil,
/content/drive/MyDrive/Audio_dataset/tamil/7618.mp3,4.977,-96.77,False,4.977,tamil,
/content/drive/MyDrive/Audio_dataset/tamil/5756.mp3,4.977,-105.29,False,4.672,tamil,
/content/drive/MyDrive/Audio_dataset/tamil/5793.mp3,5.004,-82.73,False,5.004,tamil,
/content/drive/MyDrive/Audio_dataset/tamil/6491.mp3,4.977,-79.65,False,4.64,tamil,
/content/drive/MyDrive/Audio_dataset/tamil/8005.mp3,4.977,-89.78,False,4.704,tamil,
/content/drive/MyDrive/Audio_dataset/tamil/7979.mp3,4.977,-88.18,False,4.977,tamil,
/content/drive/MyDrive/Audio_dataset/tamil/5961.mp3,4.977,-95.9,False,4.736,tamil,
/content/drive/MyDrive/Audio_dataset/tamil/7458.mp3,4.977,-93.37,False,4.433,tamil,
/content/drive/MyDrive/Audio_dataset/tamil/6280.mp3,4.977,-84.28,False,4.945,tamil,
/content/drive/MyDrive/Audio_dataset/tamil/6796.mp3,4.977,-85.48,False,4.881,tamil,
/content/drive/MyDrive/Audio_dataset/tamil/6386.mp3,5.005,-101.04,False,5.005,tamil,
/content/drive/MyDrive/Audio_dataset/tamil/7894.mp3,5.004,-95.71,False,4.736,tamil,
/content/drive/MyDrive/Audio_dataset/tamil/5739.mp3,5.004,-88.05,False,5.004,tamil,
/content/drive/MyDrive/Audio_dataset/tamil/6385.mp3,5.004,-90.88,False,4.972,tamil,
/content/drive/MyDrive/Audio_dataset/tamil/6828.mp3,5.005,-100.25,False,5.005,tamil,
/content/drive/MyDrive/Audio_dataset/tamil/8461.mp3,4.977,-93.34,False,4.881,tamil,
/content/drive/MyDrive/Audio_dataset/tamil/8047.mp3,4.977,-84.51,False,4.881,tamil,
/content/drive/MyDrive/Audio_dataset/tamil/8885.mp3,4.977,-82.64,False,4.849,tamil,
/content/drive/MyDrive/Audio_dataset/tamil/8444.mp3,4.981,-103.94,False,4.704,tamil,
/content/drive/MyDrive/Audio_dataset/tamil/9715.mp3,5.005,-97.2,False,5.005,tamil,
/content/drive/MyDrive/Audio_dataset/tamil/9362.mp3,4.981,-83.73,False,4.533,tamil,
/content/drive/MyDrive/Audio_dataset/tamil/8557.mp3,4.977,-116.43,False,4.96,tamil,
/content/drive/MyDrive/Audio_dataset/tamil/9559.mp3,5.005,-109.95,False,4.941,tamil,
/content/drive/MyDrive/Audio_dataset/tamil/9622.mp3,4.977,-107.25,False,4.689,tamil,
/content/drive/MyDrive/Audio_dataset/tamil/9425.mp3,4.977,-120.06,False,4.928,tamil,
/content/drive/MyDrive/Audio_dataset/tamil/8232.mp3,4.981,-116.96,False,4.832,tamil,
/content/drive/MyDrive/Audio_dataset/tamil/8220.mp3,4.977,-116.99,False,4.945,tamil,
/content/drive/MyDrive/Audio_dataset/tamil/9732.mp3,4.977,-100.87,False,4.977,tamil,
/content/drive/MyDrive/Audio_dataset/tamil/8842.mp3,4.977,-91.9,False,4.977,tamil,
/content/drive/MyDrive/Audio_dataset/tamil/9628.mp3,5.005,-100.89,False,4.941,tamil,
/content/drive/MyDrive/Audio_dataset/tamil/8792.mp3,5.004,-77.67,False,5.004,tamil,
/content/drive/MyDrive/Audio_dataset/tamil/8353.mp3,4.977,-78.96,False,4.977,tamil,
/content/drive/MyDrive/Audio_dataset/tamil/9424.mp3,4.977,-128.83,False,4.977,tamil,
/content/drive/MyDrive/Audio_dataset/tamil/8282.mp3,4.981,-99.31,False,4.736,tamil,
/content/drive/MyDrive/Audio_dataset/tamil/9411.mp3,4.99,-183.42,False,4.83,tamil,
/content/drive/MyDrive/Audio_dataset/tamil/9740.mp3,4.977,-85.84,False,4.977,tamil,
/content/drive/MyDrive/Audio_dataset/tamil/8142.mp3,5.004,-85.44,False,4.78,tamil,
/content/drive/MyDrive/Audio_dataset/tamil/9348.mp3,5.005,-108.51,False,5.005,tamil,
/content/drive/MyDrive/Audio_dataset/tamil/8565.mp3,4.977,-94.54,False,4.561,tamil,
/content/drive/MyDrive/Audio_dataset/tamil/8616.mp3,4.977,-82.97,False,4.849,tamil,
/content/drive/MyDrive/Audio_dataset/tamil/8609.mp3,4.977,-92.25,False,4.945,tamil,
/content/drive/MyDrive/Audio_dataset/tamil/8077.mp3,5.004,-82.97,False,5.004,tamil,
/content/drive/MyDrive/Audio_dataset/tamil/8051.mp3,4.981,-108.0,False,4.981,tamil,
/content/drive/MyDrive/Audio_dataset/tamil/8072.mp3,4.977,-98.61,False,4.977,tamil,
/content/drive/MyDrive/Audio_dataset/tamil/9601.mp3,4.977,-108.8,False,4.977,tamil,
/content/drive/MyDrive/Audio_dataset/tamil/9083.mp3,4.981,-106.93,False,4.981,tamil,
/content/drive/MyDrive/Audio_dataset/tamil/9436.mp3,5.005,-95.06,False,5.005,tamil,
/content/drive/MyDrive/Audio_dataset/tamil/9509.mp3,5.004,-88.68,False,5.004,tamil,
/content/drive/MyDrive/Audio_dataset/tamil/8592.mp3,4.977,-86.15,False,4.608,tamil,
/content/drive/MyDrive/Audio_dataset/tamil/9263.mp3,5.004,-62.72,False,5.004,tamil,
/content/drive/MyDrive/Audio_dataset/tamil/8736.mp3,4.977,-87.04,False,4.977,tamil,
/content/drive/MyDrive/Audio_dataset/tamil/9301.mp3,4.977,-83.22,False,4.849,tamil,
/content/drive/MyDrive/Audio_dataset/tamil/8432.mp3,5.004,-79.89,False,4.908,tamil,
/content/drive/MyDrive/Audio_dataset/tamil/9351.mp3,5.004,-89.97,False,4.972,tamil,
/content/drive/MyDrive/Audio_dataset/tamil/9059.mp3,5.004,-85.05,False,4.94,tamil,
/content/drive/MyDrive/Audio_dataset/tamil/8474.mp3,4.977,-92.4,False,4.608,tamil,
/content/drive/MyDrive/Audio_dataset/tamil/8947.mp3,5.004,-83.82,False,4.992,tamil,
/content/drive/MyDrive/Audio_dataset/tamil/9246.mp3,4.981,-137.18,False,4.949,tamil,
/content/drive/MyDrive/Audio_dataset/tamil/8415.mp3,4.981,-123.4,False,4.981,tamil,
/content/drive/MyDrive/Audio_dataset/tamil/9271.mp3,4.981,-108.98,False,4.981,tamil,
/content/drive/MyDrive/Audio_dataset/tamil/8118.mp3,4.977,-102.09,False,4.977,tamil,
/content/drive/MyDrive/Audio_dataset/tamil/8335.mp3,5.004,-67.77,False,5.004,tamil,
/content/drive/MyDrive/Audio_dataset/tamil/8352.mp3,4.977,-93.54,False,4.913,tamil,
/content/drive/MyDrive/Audio_dataset/tamil/9312.mp3,4.977,-87.09,False,4.945,tamil,
/content/drive/MyDrive/Audio_dataset/tamil/8968.mp3,5.004,-93.84,False,4.972,tamil,
/content/drive/MyDrive/Audio_dataset/tamil/8575.mp3,4.977,-93.38,False,4.881,tamil,
/content/drive/MyDrive/Audio_dataset/tamil/8119.mp3,4.977,-78.84,False,4.977,tamil,
/content/drive/MyDrive/Audio_dataset/tamil/9104.mp3,5.004,-104.88,False,5.004,tamil,
/content/drive/MyDrive/Audio_dataset/tamil/8089.mp3,4.977,-98.26,False,4.977,tamil,
/content/drive/MyDrive/Audio_dataset/tamil/9031.mp3,5.004,-84.25,False,4.876,tamil,
/content/drive/MyDrive/Audio_dataset/tamil/9266.mp3,5.004,-89.81,False,5.004,tamil,
/content/drive/MyDrive/Audio_dataset/tamil/8807.mp3,4.981,-103.62,False,4.981,tamil,
/content/drive/MyDrive/Audio_dataset/tamil/8443.mp3,4.977,-96.46,False,4.753,tamil,
/content/drive/MyDrive/Audio_dataset/tamil/9026.mp3,5.004,-62.16,False,4.908,tamil,
/content/drive/MyDrive/Audio_dataset/tamil/8022.mp3,5.004,-111.99,False,5.004,tamil,
/content/drive/MyDrive/Audio_dataset/tamil/8106.mp3,4.977,-84.36,False,4.977,tamil,
/content/drive/MyDrive/Audio_dataset/tamil/8645.mp3,4.977,-82.51,False,4.928,tamil,
/content/drive/MyDrive/Audio_dataset/tamil/8664.mp3,4.977,-81.83,False,4.977,tamil,
/content/drive/MyDrive/Audio_dataset/tamil/9224.mp3,5.005,-101.88,False,4.672,tamil,
/content/drive/MyDrive/Audio_dataset/tamil/8255.mp3,4.977,-78.22,False,4.864,tamil,
/content/drive/MyDrive/Audio_dataset/tamil/9154.mp3,5.004,-89.23,False,4.908,tamil,
/content/drive/MyDrive/Audio_dataset/tamil/8364.mp3,5.004,-92.35,False,4.94,tamil,
/content/drive/MyDrive/Audio_dataset/tamil/8725.mp3,5.004,-143.19,False,5.004,tamil,
/content/drive/MyDrive/Audio_dataset/tamil/8032.mp3,4.977,-77.18,False,4.977,tamil,
/content/drive/MyDrive/Audio_dataset/tamil/9315.mp3,5.005,-107.04,False,4.544,tamil,
/content/drive/MyDrive/Audio_dataset/tamil/8849.mp3,4.981,-114.69,False,4.981,tamil,
/content/drive/MyDrive/Audio_dataset/tamil/8789.mp3,4.977,-86.02,False,4.945,tamil,
/content/drive/MyDrive/Audio_dataset/tamil/8598.mp3,5.004,-99.42,False,4.608,tamil,
/content/drive/MyDrive/Audio_dataset/tamil/9434.mp3,5.004,-94.96,False,5.004,tamil,
/content/drive/MyDrive/Audio_dataset/tamil/8585.mp3,5.004,-90.88,False,5.004,tamil,
/content/drive/MyDrive/Audio_dataset/tamil/9011.mp3,5.004,-100.93,False,4.96,tamil,
/content/drive/MyDrive/Audio_dataset/tamil/8731.mp3,4.981,-109.76,False,3.744,tamil,
/content/drive/MyDrive/Audio_dataset/tamil/8891.mp3,5.004,-85.18,False,5.004,tamil,
/content/drive/MyDrive/Audio_dataset/tamil/9040.mp3,4.977,-101.5,False,4.977,tamil,
/content/drive/MyDrive/Audio_dataset/tamil/8809.mp3,4.977,-97.11,False,4.608,tamil,
/content/drive/MyDrive/Audio_dataset/tamil/8971.mp3,4.977,-88.79,False,4.96,tamil,
/content/drive/MyDrive/Audio_dataset/tamil/8990.mp3,5.004,-74.68,False,5.004,tamil,
/content/drive/MyDrive/Audio_dataset/tamil/8229.mp3,4.977,-104.29,False,4.977,tamil,
/content/drive/MyDrive/Audio_dataset/tamil/9797.mp3,4.977,-99.04,False,4.913,tamil,
/content/drive/MyDrive/Audio_dataset/tamil/9677.mp3,4.977,-106.06,False,4.465,tamil,
/content/drive/MyDrive/Audio_dataset/tamil/9185.mp3,4.99,-70.87,False,4.894,tamil,
/content/drive/MyDrive/Audio_dataset/tamil/8337.mp3,4.977,-97.08,False,4.977,tamil,
/content/drive/MyDrive/Audio_dataset/tamil/9459.mp3,5.004,-89.68,False,4.3,tamil,
/content/drive/MyDrive/Audio_dataset/tamil/9996.mp3,5.004,-79.31,False,5.004,tamil,
/content/drive/MyDrive/Audio_dataset/tamil/9944.mp3,4.977,-91.83,False,4.913,tamil,
/content/drive/MyDrive/Audio_dataset/tamil/9995.mp3,4.981,-99.6,False,4.949,tamil,
/content/drive/MyDrive/Audio_dataset/tamil/9858.mp3,5.004,-84.96,False,4.78,tamil,
/content/drive/MyDrive/Audio_dataset/tamil/9889.mp3,4.977,-103.52,False,4.849,tamil,
/content/drive/MyDrive/Audio_dataset/tamil/9909.mp3,4.977,-118.94,False,4.977,tamil,
/content/drive/MyDrive/Audio_dataset/tamil/9840.mp3,4.977,-85.68,False,4.977,tamil,
/content/drive/MyDrive/Audio_dataset/tamil/9917.mp3,5.004,-98.39,False,4.512,tamil,
/content/drive/MyDrive/Audio_dataset/tamil/tag_00023_02115796273.wav,6.571,-112.9,False,3.872,tamil,
/content/drive/MyDrive/Audio_dataset/tamil/tag_00535_00561314966.wav,3.072,-99.79,False,1.92,tamil,
/content/drive/MyDrive/Audio_dataset/tamil/tag_00535_00940402374.wav,7.936,-114.12,False,6.912,tamil,
/content/drive/MyDrive/Audio_dataset/tamil/tag_00023_01302213430.wav,11.52,-118.55,False,10.592,tamil,
/content/drive/MyDrive/Audio_dataset/tamil/tag_00023_01974238609.wav,3.669,-114.84,False,1.376,tamil,
/content/drive/MyDrive/Audio_dataset/tamil/tag_00535_01113929511.wav,4.864,-108.81,False,3.648,tamil,
/content/drive/MyDrive/Audio_dataset/tamil/tag_00023_01877087192.wav,7.595,-114.87,False,4.672,tamil,
/content/drive/MyDrive/Audio_dataset/tamil/tag_00023_01325972016.wav,4.949,-111.8,False,1.6,tamil,
/content/drive/MyDrive/Audio_dataset/tamil/tag_00023_01251779802.wav,6.315,-113.78,False,5.6,tamil,
/content/drive/MyDrive/Audio_dataset/tamil/tag_00535_01186341985.wav,4.437,-88.09,False,3.744,tamil,
/content/drive/MyDrive/Audio_dataset/tamil/tag_00023_01353397975.wav,10.24,-118.49,False,7.744,tamil,
/content/drive/MyDrive/Audio_dataset/tamil/tag_00023_01161526844.wav,6.315,-117.75,False,4.32,tamil,
/content/drive/MyDrive/Audio_dataset/tamil/tag_00023_01871221485.wav,7.68,-116.81,False,5.248,tamil,
/content/drive/MyDrive/Audio_dataset/tamil/tag_00023_01303644101.wav,8.107,-119.53,False,4.672,tamil,
/content/drive/MyDrive/Audio_dataset/tamil/tag_00929_00386605758.wav,4.693,-107.63,False,4.064,tamil,
/content/drive/MyDrive/Audio_dataset/tamil/tag_00929_00747285202.wav,3.499,-100.65,False,2.272,tamil,
/content/drive/MyDrive/Audio_dataset/tamil/tag_00929_01595866645.wav,1.963,-96.2,False,1.408,tamil,
/content/drive/MyDrive/Audio_dataset/tamil/tag_00535_01468366535.wav,4.523,-94.78,False,3.584,tamil,
/content/drive/MyDrive/Audio_dataset/tamil/tag_00929_01264930172.wav,2.731,-122.29,False,2.208,tamil,
/content/drive/MyDrive/Audio_dataset/tamil/tag_00929_01437590600.wav,4.267,-146.54,False,3.264,tamil,
/content/drive/MyDrive/Audio_dataset/tamil/tag_00929_01121076470.wav,4.523,-104.57,False,3.776,tamil,
/content/drive/MyDrive/Audio_dataset/tamil/tag_00535_01758414085.wav,4.096,-95.56,False,3.328,tamil,
/content/drive/MyDrive/Audio_dataset/tamil/tag_00929_00900930222.wav,3.243,-116.38,False,2.603,tamil,
/content/drive/MyDrive/Audio_dataset/tamil/tag_00535_01699980418.wav,4.523,-120.91,False,3.296,tamil,
/content/drive/MyDrive/Audio_dataset/tamil/tag_00929_01314098325.wav,3.925,-97.32,False,2.656,tamil,
/content/drive/MyDrive/Audio_dataset/tamil/tag_00535_01534306852.wav,2.816,-87.42,False,2.144,tamil,
/content/drive/MyDrive/Audio_dataset/tamil/tag_00929_00500941051.wav,8.533,-104.51,False,6.976,tamil,
/content/drive/MyDrive/Audio_dataset/tamil/tag_00929_00917837280.wav,6.229,-107.23,False,5.536,tamil,
/content/drive/MyDrive/Audio_dataset/tamil/tag_00929_01107815737.wav,5.547,-119.71,False,4.928,tamil,
/content/drive/MyDrive/Audio_dataset/tamil/tag_00929_00868248940.wav,4.011,-125.75,False,3.328,tamil,
/content/drive/MyDrive/Audio_dataset/tamil/tag_00535_01307515094.wav,5.035,-87.48,False,3.776,tamil,
/content/drive/MyDrive/Audio_dataset/tamil/tag_00929_01144254561.wav,4.523,-111.75,False,3.083,tamil,
/content/drive/MyDrive/Audio_dataset/tamil/tag_00929_00759579981.wav,3.584,-108.71,False,2.912,tamil,
/content/drive/MyDrive/Audio_dataset/tamil/tag_00929_00212721317.wav,4.352,-142.53,False,3.52,tamil,
/content/drive/MyDrive/Audio_dataset/tamil/tag_00929_00110136847.wav,2.816,-101.49,False,2.08,tamil,
/content/drive/MyDrive/Audio_dataset/tamil/tag_00929_01140882857.wav,5.803,-107.68,False,4.064,tamil,
/content/drive/MyDrive/Audio_dataset/tamil/tag_00929_00081963940.wav,5.973,-115.02,False,5.333,tamil,
/content/drive/MyDrive/Audio_dataset/tamil/tag_00929_00854116836.wav,4.352,-107.04,False,3.744,tamil,
/content/drive/MyDrive/Audio_dataset/tamil/tag_00929_00799544431.wav,3.755,-102.06,False,3.264,tamil,
/content/drive/MyDrive/Audio_dataset/tamil/tag_00929_01595554958.wav,6.144,-120.54,False,5.312,tamil,
/content/drive/MyDrive/Audio_dataset/tamil/tag_00535_01298795409.wav,2.987,-104.01,False,2.08,tamil,
/content/drive/MyDrive/Audio_dataset/tamil/tag_00929_01197419529.wav,5.717,-115.19,False,4.768,tamil,
/content/drive/MyDrive/Audio_dataset/tamil/tag_00929_00760813236.wav,4.096,-116.56,False,3.584,tamil,
/content/drive/MyDrive/Audio_dataset/tamil/tag_00929_01479207795.wav,3.157,-110.87,False,2.272,tamil,
/content/drive/MyDrive/Audio_dataset/tamil/tag_00929_00502464204.wav,5.035,-123.76,False,3.744,tamil,
/content/drive/MyDrive/Audio_dataset/tamil/tag_00929_01304890929.wav,5.035,-111.13,False,3.808,tamil,
/content/drive/MyDrive/Audio_dataset/tamil/tag_00535_01879213624.wav,2.645,-88.88,False,1.824,tamil,
/content/drive/MyDrive/Audio_dataset/tamil/tag_00535_01453903301.wav,4.096,-96.89,False,3.456,tamil,
/content/drive/MyDrive/Audio_dataset/tamil/tag_00929_01264475885.wav,3.84,-109.78,False,3.232,tamil,
/content/drive/MyDrive/Audio_dataset/tamil/tag_00929_00746203545.wav,6.912,-113.18,False,5.92,tamil,
/content/drive/MyDrive/Audio_dataset/tamil/tag_00929_00096997422.wav,4.352,-104.56,False,3.584,tamil,
/content/drive/MyDrive/Audio_dataset/tamil/tag_00929_01461563229.wav,3.84,-105.47,False,3.36,tamil,
/content/drive/MyDrive/Audio_dataset/tamil/tag_00929_01513432843.wav,5.973,-110.76,False,5.024,tamil,
/content/drive/MyDrive/Audio_dataset/tamil/tag_00929_00174917991.wav,5.888,-125.03,False,5.152,tamil,
/content/drive/MyDrive/Audio_dataset/tamil/tag_00929_00597988780.wav,4.181,-117.77,False,3.008,tamil,
/content/drive/MyDrive/Audio_dataset/tamil/tag_00535_01528347665.wav,3.584,-110.52,False,2.912,tamil,
/content/drive/MyDrive/Audio_dataset/tamil/tag_00929_00465573621.wav,4.181,-105.37,False,3.648,tamil,
/content/drive/MyDrive/Audio_dataset/tamil/tag_00929_00026753166.wav,3.584,-111.99,False,3.008,tamil,
/content/drive/MyDrive/Audio_dataset/tamil/tag_00535_01833823293.wav,2.304,-82.11,False,1.824,tamil,
/content/drive/MyDrive/Audio_dataset/tamil/tag_00929_01254063137.wav,3.84,-114.39,False,2.976,tamil,
/content/drive/MyDrive/Audio_dataset/tamil/tag_00929_00087897397.wav,4.608,-113.0,False,3.808,tamil,
/content/drive/MyDrive/Audio_dataset/tamil/tag_00929_01152256158.wav,6.059,-113.43,False,4.672,tamil,
/content/drive/MyDrive/Audio_dataset/tamil/tag_00929_01298739498.wav,6.059,-117.26,False,5.376,tamil,
/content/drive/MyDrive/Audio_dataset/tamil/tag_00929_00147250101.wav,3.413,-113.56,False,2.112,tamil,
/content/drive/MyDrive/Audio_dataset/tamil/tag_00929_01493637070.wav,2.816,-101.26,False,1.696,tamil,
/content/drive/MyDrive/Audio_dataset/tamil/tag_01181_00383937684.wav,5.717,-108.34,False,4.0,tamil,
/content/drive/MyDrive/Audio_dataset/tamil/tag_01181_00162469795.wav,3.584,-114.43,False,1.792,tamil,
/content/drive/MyDrive/Audio_dataset/tamil/tag_01181_00057306785.wav,12.117,-109.82,False,8.64,tamil,
/content/drive/MyDrive/Audio_dataset/tamil/tag_00929_01604146377.wav,4.352,-100.75,False,3.712,tamil,
/content/drive/MyDrive/Audio_dataset/tamil/tag_01181_00235635601.wav,5.547,-110.17,False,4.096,tamil,
/content/drive/MyDrive/Audio_dataset/tamil/tag_01181_00193073377.wav,6.059,-102.32,False,4.32,tamil,
/content/drive/MyDrive/Audio_dataset/tamil/tag_01181_00155651147.wav,5.547,-112.31,False,4.064,tamil,
/content/drive/MyDrive/Audio_dataset/tamil/tag_00929_01816271981.wav,2.304,-114.14,False,1.568,tamil,
/content/drive/MyDrive/Audio_dataset/tamil/tag_01181_00009235482.wav,6.571,-122.58,False,4.832,tamil,
/content/drive/MyDrive/Audio_dataset/tamil/tag_01181_00482742166.wav,4.437,-114.79,False,2.912,tamil,
/content/drive/MyDrive/Audio_dataset/tamil/tag_01181_00378428401.wav,6.741,-112.75,False,5.088,tamil,
/content/drive/MyDrive/Audio_dataset/tamil/tag_01181_00443462122.wav,4.864,-107.39,False,3.456,tamil,
/content/drive/MyDrive/Audio_dataset/tamil/tag_00929_02125233502.wav,3.925,-116.66,False,2.944,tamil,
/content/drive/MyDrive/Audio_dataset/tamil/tag_01181_00100824646.wav,5.888,-123.72,False,4.416,tamil,
/content/drive/MyDrive/Audio_dataset/tamil/tag_01181_00389379455.wav,6.827,-102.53,False,4.96,tamil,
/content/drive/MyDrive/Audio_dataset/tamil/tag_01181_00499025957.wav,5.973,-101.96,False,4.192,tamil,
/content/drive/MyDrive/Audio_dataset/tamil/tag_01181_00299534725.wav,4.949,-107.61,False,3.392,tamil,
/content/drive/MyDrive/Audio_dataset/tamil/tag_01181_00107163919.wav,4.693,-106.05,False,3.264,tamil,
/content/drive/MyDrive/Audio_dataset/tamil/tag_01181_00150369286.wav,7.765,-110.67,False,5.952,tamil,
/content/drive/MyDrive/Audio_dataset/tamil/tag_01181_00277172623.wav,3.84,-102.91,False,2.304,tamil,
/content/drive/MyDrive/Audio_dataset/tamil/tag_01181_00013217575.wav,6.827,-108.41,False,5.152,tamil,
/content/drive/MyDrive/Audio_dataset/tamil/tag_01181_00499671518.wav,6.144,-113.4,False,4.672,tamil,
/content/drive/MyDrive/Audio_dataset/tamil/tag_00929_01813924194.wav,6.144,-127.33,False,5.344,tamil,
/content/drive/MyDrive/Audio_dataset/tamil/tag_00929_01892776301.wav,4.437,-114.09,False,3.392,tamil,
/content/drive/MyDrive/Audio_dataset/tamil/tag_00929_02069219482.wav,6.4,-141.04,False,5.152,tamil,
/content/drive/MyDrive/Audio_dataset/tamil/tag_00929_01686961134.wav,5.035,-126.81,False,4.096,tamil,
/content/drive/MyDrive/Audio_dataset/tamil/tag_01181_00332414667.wav,6.912,-106.22,False,5.056,tamil,
/content/drive/MyDrive/Audio_dataset/tamil/tag_00929_02013944626.wav,4.693,-119.32,False,4.085,tamil,
/content/drive/MyDrive/Audio_dataset/tamil/tag_01181_00225478318.wav,6.571,-112.71,False,5.312,tamil,
/content/drive/MyDrive/Audio_dataset/tamil/tag_01181_00306286161.wav,6.912,-123.53,False,5.6,tamil,
/content/drive/MyDrive/Audio_dataset/tamil/tag_00929_01707882047.wav,5.547,-116.97,False,4.512,tamil,
/content/drive/MyDrive/Audio_dataset/tamil/tag_01181_00146166583.wav,6.229,-110.18,False,4.704,tamil,
/content/drive/MyDrive/Audio_dataset/tamil/tag_00929_01896452070.wav,7.253,-116.42,False,6.741,tamil,
/content/drive/MyDrive/Audio_dataset/tamil/tag_01181_00101067840.wav,5.888,-107.2,False,3.904,tamil,
/content/drive/MyDrive/Audio_dataset/tamil/tag_00929_01980643343.wav,3.243,-110.27,False,2.4,tamil,
/content/drive/MyDrive/Audio_dataset/tamil/tag_01181_00109225058.wav,4.864,-119.82,False,3.296,tamil,
/content/drive/MyDrive/Audio_dataset/tamil/tag_01181_00368180352.wav,5.632,-109.83,False,4.224,tamil,
/content/drive/MyDrive/Audio_dataset/tamil/tag_01181_00159168182.wav,7.083,-124.71,False,5.536,tamil,
/content/drive/MyDrive/Audio_dataset/tamil/tag_00929_01986440261.wav,4.352,-105.95,False,3.616,tamil,
/content/drive/MyDrive/Audio_dataset/tamil/tag_00929_01809823209.wav,5.376,-136.11,False,4.096,tamil,
/content/drive/MyDrive/Audio_dataset/tamil/tag_00929_01989800995.wav,3.925,-103.69,False,3.232,tamil,
/content/drive/MyDrive/Audio_dataset/tamil/tag_01181_00244258392.wav,5.376,-104.14,False,3.84,tamil,
/content/drive/MyDrive/Audio_dataset/tamil/tag_01181_00186142371.wav,5.12,-143.4,False,3.488,tamil,
/content/drive/MyDrive/Audio_dataset/tamil/tag_01181_00026974472.wav,7.509,-120.7,False,5.696,tamil,
/content/drive/MyDrive/Audio_dataset/tamil/tag_00929_01940023050.wav,4.864,-111.38,False,3.968,tamil,
/content/drive/MyDrive/Audio_dataset/tamil/tag_01181_00340469159.wav,6.741,-109.74,False,5.184,tamil,
/content/drive/MyDrive/Audio_dataset/tamil/tag_01181_00570681376.wav,8.704,-113.17,False,6.752,tamil,
/content/drive/MyDrive/Audio_dataset/tamil/tag_01181_00637162690.wav,5.973,-124.25,False,4.32,tamil,
/content/drive/MyDrive/Audio_dataset/tamil/tag_01181_00811424502.wav,8.704,-106.49,False,5.984,tamil,
/content/drive/MyDrive/Audio_dataset/tamil/tag_01181_00694281025.wav,6.656,-125.48,False,4.672,tamil,
/content/drive/MyDrive/Audio_dataset/tamil/tag_01181_00959863888.wav,6.656,-115.55,False,5.216,tamil,
/content/drive/MyDrive/Audio_dataset/tamil/tag_01181_00797828888.wav,9.899,-124.73,False,5.408,tamil,
/content/drive/MyDrive/Audio_dataset/tamil/tag_01181_00614673383.wav,7.253,-117.59,False,4.96,tamil,
/content/drive/MyDrive/Audio_dataset/tamil/tag_01181_00669211491.wav,5.035,-111.42,False,3.36,tamil,
/content/drive/MyDrive/Audio_dataset/tamil/tag_01181_00897649538.wav,7.253,-120.11,False,5.28,tamil,
/content/drive/MyDrive/Audio_dataset/tamil/tag_01181_00850696012.wav,6.827,-115.5,False,5.568,tamil,
/content/drive/MyDrive/Audio_dataset/tamil/tag_01181_00958609181.wav,7.339,-110.54,False,4.8,tamil,
/content/drive/MyDrive/Audio_dataset/tamil/tag_01181_01005635900.wav,5.717,-128.51,False,3.872,tamil,
/content/drive/MyDrive/Audio_dataset/tamil/tag_01181_00607365263.wav,6.059,-106.26,False,3.936,tamil,
/content/drive/MyDrive/Audio_dataset/tamil/tag_01181_00738338763.wav,5.12,-112.97,False,3.424,tamil,
/content/drive/MyDrive/Audio_dataset/tamil/tag_01181_00667593620.wav,5.632,-111.11,False,4.384,tamil,
/content/drive/MyDrive/Audio_dataset/tamil/tag_01181_00708975658.wav,4.352,-123.26,False,2.912,tamil,
/content/drive/MyDrive/Audio_dataset/tamil/tag_01181_00842942153.wav,6.315,-113.02,False,4.544,tamil,
/content/drive/MyDrive/Audio_dataset/tamil/tag_01181_00974390706.wav,6.741,-121.19,False,5.408,tamil,
/content/drive/MyDrive/Audio_dataset/tamil/tag_01181_00564422071.wav,6.315,-114.08,False,4.32,tamil,
/content/drive/MyDrive/Audio_dataset/tamil/tag_01181_00922478683.wav,5.888,-109.39,False,3.872,tamil,
/content/drive/MyDrive/Audio_dataset/tamil/tag_01181_00780371651.wav,7.765,-115.61,False,5.856,tamil,
/content/drive/MyDrive/Audio_dataset/tamil/tag_01181_00767181516.wav,6.4,-110.97,False,4.992,tamil,
/content/drive/MyDrive/Audio_dataset/tamil/tag_01181_00908225272.wav,10.069,-107.29,False,8.48,tamil,
/content/drive/MyDrive/Audio_dataset/tamil/tag_01181_00537606691.wav,6.741,-106.77,False,5.248,tamil,
/content/drive/MyDrive/Audio_dataset/tamil/tag_01181_00768660565.wav,5.973,-105.22,False,4.224,tamil,
/content/drive/MyDrive/Audio_dataset/tamil/tag_01181_00653779413.wav,5.205,-119.83,False,3.84,tamil,
/content/drive/MyDrive/Audio_dataset/tamil/tag_01181_00533201652.wav,3.925,-97.71,False,2.784,tamil,
/content/drive/MyDrive/Audio_dataset/tamil/tag_01181_00623680609.wav,7.424,-113.31,False,5.792,tamil,
/content/drive/MyDrive/Audio_dataset/tamil/tag_01181_00933693382.wav,6.571,-138.62,False,5.152,tamil,
/content/drive/MyDrive/Audio_dataset/tamil/tag_01181_00635861003.wav,5.12,-105.62,False,3.552,tamil,
/content/drive/MyDrive/Audio_dataset/tamil/tag_01181_00807212138.wav,4.437,-128.0,False,3.04,tamil,
/content/drive/MyDrive/Audio_dataset/tamil/tag_01181_00826408363.wav,6.571,-114.79,False,4.832,tamil,
/content/drive/MyDrive/Audio_dataset/tamil/tag_01181_00837103973.wav,4.864,-118.01,False,3.392,tamil,
/content/drive/MyDrive/Audio_dataset/tamil/tag_01181_00934880025.wav,6.741,-108.1,False,5.216,tamil,
/content/drive/MyDrive/Audio_dataset/tamil/tag_01181_00665306766.wav,5.632,-112.74,False,4.16,tamil,
/content/drive/MyDrive/Audio_dataset/tamil/tag_01181_00838373491.wav,5.717,-112.66,False,3.872,tamil,
/content/drive/MyDrive/Audio_dataset/tamil/tag_01181_00861237477.wav,7.083,-112.81,False,3.36,tamil,
/content/drive/MyDrive/Audio_dataset/tamil/tag_01181_00804337771.wav,5.803,-116.78,False,4.32,tamil,
/content/drive/MyDrive/Audio_dataset/tamil/tag_01181_00836855113.wav,8.96,-108.6,False,5.344,tamil,
/content/drive/MyDrive/Audio_dataset/tamil/tag_01181_00600581908.wav,6.656,-114.08,False,4.64,tamil,
/content/drive/MyDrive/Audio_dataset/tamil/tag_01181_01011172960.wav,4.864,-108.25,False,3.52,tamil,
/content/drive/MyDrive/Audio_dataset/tamil/tag_01181_01003246731.wav,4.437,-116.72,False,2.656,tamil,
/content/drive/MyDrive/Audio_dataset/tamil/tag_01181_01164906198.wav,4.779,-107.39,False,2.784,tamil,
/content/drive/MyDrive/Audio_dataset/tamil/tag_01181_01451134987.wav,4.693,-105.06,False,2.688,tamil,
/content/drive/MyDrive/Audio_dataset/tamil/tag_01181_01438789132.wav,7.168,-114.55,False,5.376,tamil,
/content/drive/MyDrive/Audio_dataset/tamil/tag_01181_01513824715.wav,5.803,-110.99,False,3.808,tamil,
/content/drive/MyDrive/Audio_dataset/tamil/tag_01181_01444863445.wav,5.632,-116.34,False,4.32,tamil,
/content/drive/MyDrive/Audio_dataset/tamil/tag_01181_01415727348.wav,4.352,-114.34,False,2.88,tamil,
/content/drive/MyDrive/Audio_dataset/tamil/tag_01181_01327368719.wav,8.277,-120.65,False,6.656,tamil,
/content/drive/MyDrive/Audio_dataset/tamil/tag_01181_01131443265.wav,4.181,-118.2,False,2.624,tamil,
/content/drive/MyDrive/Audio_dataset/tamil/tag_01181_01409223955.wav,6.741,-106.86,False,4.448,tamil,
/content/drive/MyDrive/Audio_dataset/tamil/tag_01181_01023031874.wav,5.461,-106.75,False,3.936,tamil,
/content/drive/MyDrive/Audio_dataset/tamil/tag_01181_01597847625.wav,7.765,-113.27,False,6.208,tamil,
/content/drive/MyDrive/Audio_dataset/tamil/tag_01181_01640503514.wav,3.584,-107.01,False,1.696,tamil,
/content/drive/MyDrive/Audio_dataset/tamil/tag_01181_01636400444.wav,4.779,-108.86,False,3.2,tamil,
/content/drive/MyDrive/Audio_dataset/tamil/tag_01181_01383276436.wav,8.277,-115.23,False,6.4,tamil,
/content/drive/MyDrive/Audio_dataset/tamil/tag_01181_01521079092.wav,8.875,-121.18,False,7.04,tamil,
/content/drive/MyDrive/Audio_dataset/tamil/tag_01181_01623257690.wav,5.12,-116.86,False,3.328,tamil,
/content/drive/MyDrive/Audio_dataset/tamil/tag_01181_01565995850.wav,8.448,-112.82,False,6.976,tamil,
/content/drive/MyDrive/Audio_dataset/tamil/tag_01181_01427330043.wav,7.339,-110.18,False,5.344,tamil,
/content/drive/MyDrive/Audio_dataset/tamil/tag_01181_01523203847.wav,9.984,-113.56,False,8.32,tamil,
/content/drive/MyDrive/Audio_dataset/tamil/tag_01181_01479198658.wav,6.315,-102.52,False,4.992,tamil,
/content/drive/MyDrive/Audio_dataset/tamil/tag_01181_01014364186.wav,8.363,-130.25,False,6.816,tamil,
/content/drive/MyDrive/Audio_dataset/tamil/tag_01181_01643290594.wav,4.608,-145.95,False,3.2,tamil,
/content/drive/MyDrive/Audio_dataset/tamil/tag_01181_01317148139.wav,6.827,-108.43,False,5.28,tamil,
/content/drive/MyDrive/Audio_dataset/tamil/tag_01181_01257329766.wav,6.656,-113.29,False,5.28,tamil,
/content/drive/MyDrive/Audio_dataset/tamil/tag_01181_01178630713.wav,5.632,-103.28,False,4.128,tamil,
/content/drive/MyDrive/Audio_dataset/tamil/tag_01181_01343004795.wav,5.973,-113.85,False,4.16,tamil,
/content/drive/MyDrive/Audio_dataset/tamil/tag_01181_01612683643.wav,4.779,-105.34,False,3.2,tamil,
/content/drive/MyDrive/Audio_dataset/tamil/tag_01181_01326532734.wav,5.205,-129.07,False,3.36,tamil,
/content/drive/MyDrive/Audio_dataset/tamil/tag_01181_01080744977.wav,5.547,-110.94,False,3.904,tamil,
/content/drive/MyDrive/Audio_dataset/tamil/tag_01181_01629748568.wav,4.608,-110.24,False,3.2,tamil,
/content/drive/MyDrive/Audio_dataset/tamil/tag_01181_01301153284.wav,7.595,-123.01,False,5.888,tamil,
/content/drive/MyDrive/Audio_dataset/tamil/tag_01181_01122466522.wav,4.096,-103.33,False,2.944,tamil,
/content/drive/MyDrive/Audio_dataset/tamil/tag_01181_01401066152.wav,5.035,-115.39,False,3.456,tamil,
/content/drive/MyDrive/Audio_dataset/tamil/tag_01181_01511447191.wav,4.437,-115.71,False,2.912,tamil,
/content/drive/MyDrive/Audio_dataset/tamil/tag_01181_01283409011.wav,7.68,-112.03,False,6.048,tamil,
/content/drive/MyDrive/Audio_dataset/tamil/tag_01181_01446441555.wav,7.851,-108.94,False,4.48,tamil,
/content/drive/MyDrive/Audio_dataset/tamil/tag_01181_01514032560.wav,8.107,-112.11,False,6.624,tamil,
/content/drive/MyDrive/Audio_dataset/tamil/tag_01181_01487896216.wav,3.755,-122.79,False,2.272,tamil,
/content/drive/MyDrive/Audio_dataset/tamil/tag_01181_01551252351.wav,5.803,-112.69,False,4.288,tamil,
/content/drive/MyDrive/Audio_dataset/tamil/tag_01181_01241286742.wav,3.84,-113.7,False,2.368,tamil,
/content/drive/MyDrive/Audio_dataset/tamil/tag_01181_01270845215.wav,5.888,-112.41,False,3.84,tamil,
/content/drive/MyDrive/Audio_dataset/tamil/tag_01181_01417262740.wav,6.315,-109.48,False,4.448,tamil,
/content/drive/MyDrive/Audio_dataset/tamil/tag_01181_01634249945.wav,3.925,-101.76,False,2.592,tamil,
/content/drive/MyDrive/Audio_dataset/tamil/tag_01181_01390446493.wav,5.376,-117.02,False,3.776,tamil,
/content/drive/MyDrive/Audio_dataset/tamil/tag_01181_01483435376.wav,4.437,-104.12,False,2.944,tamil,
/content/drive/MyDrive/Audio_dataset/tamil/tag_01181_01407280228.wav,7.936,-132.82,False,6.176,tamil,
/content/drive/MyDrive/Audio_dataset/tamil/tag_01181_01802950390.wav,6.315,-108.13,False,4.448,tamil,
/content/drive/MyDrive/Audio_dataset/tamil/tag_01181_01861712587.wav,4.693,-105.8,False,2.976,tamil,
/content/drive/MyDrive/Audio_dataset/tamil/tag_01181_01816648991.wav,5.035,-140.9,False,3.552,tamil,
/content/drive/MyDrive/Audio_dataset/tamil/tag_01181_01893668154.wav,3.84,-103.6,False,2.432,tamil,
/content/drive/MyDrive/Audio_dataset/tamil/tag_01181_01975239236.wav,3.243,-116.02,False,2.08,tamil,
/content/drive/MyDrive/Audio_dataset/tamil/tag_01181_02036106250.wav,4.608,-106.07,False,3.072,tamil,
/content/drive/MyDrive/Audio_dataset/tamil/tag_01181_01854845337.wav,12.459,-110.96,False,7.232,tamil,
/content/drive/MyDrive/Audio_dataset/tamil/tag_01181_01868795121.wav,7.424,-110.07,False,5.984,tamil,
/content/drive/MyDrive/Audio_dataset/tamil/tag_01181_02063849529.wav,10.411,-121.21,False,9.024,tamil,
/content/drive/MyDrive/Audio_dataset/tamil/tag_01181_01860351800.wav,5.12,-104.17,False,4.032,tamil,
/content/drive/MyDrive/Audio_dataset/tamil/tag_01181_02136553330.wav,8.021,-110.26,False,6.272,tamil,
/content/drive/MyDrive/Audio_dataset/tamil/tag_01181_01912845657.wav,4.779,-103.34,False,2.72,tamil,
/content/drive/MyDrive/Audio_dataset/tamil/tag_01181_01643939073.wav,7.765,-111.05,False,6.176,tamil,
/content/drive/MyDrive/Audio_dataset/tamil/tag_01181_01786992108.wav,5.632,-117.24,False,4.48,tamil,
/content/drive/MyDrive/Audio_dataset/tamil/tag_01181_01787124668.wav,4.181,-99.24,False,2.72,tamil,
/content/drive/MyDrive/Audio_dataset/tamil/tag_01181_01652893654.wav,10.581,-122.47,False,6.112,tamil,
/content/drive/MyDrive/Audio_dataset/tamil/tag_01181_01866085051.wav,8.875,-137.04,False,4.096,tamil,
/content/drive/MyDrive/Audio_dataset/tamil/tag_01181_01649496593.wav,6.827,-109.9,False,5.6,tamil,
/content/drive/MyDrive/Audio_dataset/tamil/tag_01181_01671741086.wav,7.339,-106.3,False,5.504,tamil,
/content/drive/MyDrive/Audio_dataset/tamil/tag_01181_01998034885.wav,3.328,-116.17,False,1.28,tamil,
/content/drive/MyDrive/Audio_dataset/tamil/tag_01181_01748973096.wav,10.24,-133.98,False,7.68,tamil,
/content/drive/MyDrive/Audio_dataset/tamil/tag_01181_01807256437.wav,5.717,-112.08,False,4.32,tamil,
/content/drive/MyDrive/Audio_dataset/tamil/tag_01181_01982447160.wav,7.083,-111.32,False,5.376,tamil,
/content/drive/MyDrive/Audio_dataset/tamil/tag_01181_02129551006.wav,5.376,-105.58,False,3.936,tamil,
/content/drive/MyDrive/Audio_dataset/tamil/tag_01181_01646739452.wav,8.021,-117.63,False,7.008,tamil,
/content/drive/MyDrive/Audio_dataset/tamil/tag_01181_01808028386.wav,9.045,-141.27,False,7.648,tamil,
/content/drive/MyDrive/Audio_dataset/tamil/tag_01181_01757020264.wav,4.437,-111.57,False,3.296,tamil,
/content/drive/MyDrive/Audio_dataset/tamil/tag_01181_02104322810.wav,4.779,-113.24,False,3.136,tamil,
/content/drive/MyDrive/Audio_dataset/tamil/tag_01181_01929625069.wav,7.168,-107.6,False,5.696,tamil,
/content/drive/MyDrive/Audio_dataset/tamil/tag_01181_01795994520.wav,6.229,-111.16,False,5.056,tamil,
/content/drive/MyDrive/Audio_dataset/tamil/tag_01181_01853347763.wav,7.765,-115.22,False,6.272,tamil,
/content/drive/MyDrive/Audio_dataset/tamil/tag_01181_02021209846.wav,5.291,-113.16,False,3.328,tamil,
/content/drive/MyDrive/Audio_dataset/tamil/tag_01181_01654927873.wav,6.059,-110.76,False,4.672,tamil,
/content/drive/MyDrive/Audio_dataset/tamil/tag_01181_01860283108.wav,9.728,-105.16,False,7.872,tamil,
/content/drive/MyDrive/Audio_dataset/tamil/tag_01181_01740670902.wav,7.339,-130.65,False,5.92,tamil,
/content/drive/MyDrive/Audio_dataset/tamil/tag_01181_02131812500.wav,6.912,-121.52,False,5.504,tamil,
/content/drive/MyDrive/Audio_dataset/tamil/tag_01181_02108363008.wav,8.192,-111.4,False,6.368,tamil,
/content/drive/MyDrive/Audio_dataset/tamil/tag_01181_01746554482.wav,12.8,-130.21,False,10.688,tamil,
/content/drive/MyDrive/Audio_dataset/tamil/tag_01181_01690494228 (1).wav,4.693,-107.82,False,2.88,tamil,
/content/drive/MyDrive/Audio_dataset/tamil/tag_01181_02057239704.wav,5.291,-108.31,False,3.808,tamil,
/content/drive/MyDrive/Audio_dataset/tamil/tag_01181_01690494228.wav,4.693,-107.82,False,2.88,tamil,
/content/drive/MyDrive/Audio_dataset/tamil/tag_01181_02046335232.wav,7.595,-106.23,False,5.92,tamil,
/content/drive/MyDrive/Audio_dataset/tamil/tag_01424_00258934174.wav,4.181,-112.11,False,1.312,tamil,
/content/drive/MyDrive/Audio_dataset/tamil/tag_01409_00225118646.wav,7.253,-127.83,False,5.152,tamil,
/content/drive/MyDrive/Audio_dataset/tamil/tag_01424_00615571218.wav,6.571,-114.62,False,3.104,tamil,
/content/drive/MyDrive/Audio_dataset/tamil/tag_01424_00048294325.wav,6.997,-115.04,False,3.744,tamil,
/content/drive/MyDrive/Audio_dataset/tamil/tag_01424_00049441490.wav,5.291,-116.73,False,3.04,tamil,
/content/drive/MyDrive/Audio_dataset/tamil/tag_01424_00030361763.wav,5.717,-112.53,False,3.008,tamil,
/content/drive/MyDrive/Audio_dataset/tamil/tag_01424_00707022397.wav,7.595,-112.87,False,4.192,tamil,
/content/drive/MyDrive/Audio_dataset/tamil/tag_01424_00559700137.wav,6.485,-113.4,False,3.584,tamil,
/content/drive/MyDrive/Audio_dataset/tamil/tag_01424_00257067441.wav,9.216,-116.59,False,6.048,tamil,
/content/drive/MyDrive/Audio_dataset/tamil/tag_01409_00590765497.wav,4.181,-121.57,False,2.464,tamil,
/content/drive/MyDrive/Audio_dataset/tamil/tag_01409_01348588952.wav,6.656,-119.83,False,4.736,tamil,
/content/drive/MyDrive/Audio_dataset/tamil/tag_01424_00778850289.wav,7.851,-113.89,False,5.056,tamil,
/content/drive/MyDrive/Audio_dataset/tamil/tag_01424_00789814638.wav,5.291,-109.35,False,2.944,tamil,
/content/drive/MyDrive/Audio_dataset/tamil/tag_01424_00432752193.wav,6.912,-112.97,False,4.16,tamil,
/content/drive/MyDrive/Audio_dataset/tamil/tag_01424_00475145820.wav,5.803,-113.23,False,2.912,tamil,
/content/drive/MyDrive/Audio_dataset/tamil/tag_01424_00100908534.wav,6.315,-117.55,False,3.232,tamil,
/content/drive/MyDrive/Audio_dataset/tamil/tag_01424_00379594022.wav,4.096,-112.31,False,1.92,tamil,
/content/drive/MyDrive/Audio_dataset/tamil/tag_01424_00576070277.wav,6.229,-115.96,False,3.36,tamil,
/content/drive/MyDrive/Audio_dataset/tamil/tag_01424_00347451522.wav,4.011,-106.79,False,1.696,tamil,
/content/drive/MyDrive/Audio_dataset/tamil/tag_01424_00103577117.wav,5.973,-115.0,False,3.52,tamil,
/content/drive/MyDrive/Audio_dataset/tamil/tag_01424_00388026951.wav,5.547,-113.59,False,2.688,tamil,
/content/drive/MyDrive/Audio_dataset/tamil/tag_01424_00686941067.wav,7.253,-111.96,False,3.776,tamil,
/content/drive/MyDrive/Audio_dataset/tamil/tag_01424_00176408115.wav,4.779,-111.06,False,2.208,tamil,
/content/drive/MyDrive/Audio_dataset/tamil/tag_01424_00615745665.wav,8.192,-117.74,False,4.672,tamil,
/content/drive/MyDrive/Audio_dataset/tamil/tag_01424_00235330177.wav,6.144,-108.82,False,3.552,tamil,
/content/drive/MyDrive/Audio_dataset/tamil/tag_01424_00428589793.wav,5.205,-116.32,False,1.728,tamil,
/content/drive/MyDrive/Audio_dataset/tamil/tag_01424_00470411655.wav,4.779,-113.87,False,2.24,tamil,
/content/drive/MyDrive/Audio_dataset/tamil/tag_01424_00502794123.wav,7.339,-121.91,False,4.928,tamil,
/content/drive/MyDrive/Audio_dataset/tamil/tag_01424_00351105696.wav,6.229,-123.59,False,2.88,tamil,
/content/drive/MyDrive/Audio_dataset/tamil/tag_01424_00718106165.wav,7.765,-118.71,False,4.48,tamil,
/content/drive/MyDrive/Audio_dataset/tamil/tag_01409_01715255065.wav,5.547,-112.62,False,3.979,tamil,
/content/drive/MyDrive/Audio_dataset/tamil/tag_01424_00356061584.wav,6.912,-124.25,False,4.384,tamil,
/content/drive/MyDrive/Audio_dataset/tamil/tag_01181_02138763456.wav,4.267,-113.75,False,2.784,tamil,
/content/drive/MyDrive/Audio_dataset/tamil/tag_01424_00589281552.wav,4.437,-129.9,False,2.112,tamil,
/content/drive/MyDrive/Audio_dataset/tamil/tag_01409_00226047037.wav,5.461,-109.12,False,2.752,tamil,
/content/drive/MyDrive/Audio_dataset/tamil/tag_01409_02080141888.wav,6.144,-115.89,False,3.808,tamil,
/content/drive/MyDrive/Audio_dataset/tamil/tag_01424_00702627506.wav,5.291,-113.49,False,2.304,tamil,
/content/drive/MyDrive/Audio_dataset/tamil/tag_01424_00300784365.wav,5.205,-123.11,False,2.176,tamil,
/content/drive/MyDrive/Audio_dataset/tamil/tag_01409_01231377595.wav,5.035,-112.72,False,3.616,tamil,
/content/drive/MyDrive/Audio_dataset/tamil/tag_01424_00006789297.wav,4.523,-111.21,False,1.504,tamil,
/content/drive/MyDrive/Audio_dataset/tamil/tag_01424_00511251265.wav,4.949,-109.74,False,2.752,tamil,
/content/drive/MyDrive/Audio_dataset/tamil/tag_01409_01510607283.wav,4.608,-110.2,False,2.688,tamil,
/content/drive/MyDrive/Audio_dataset/tamil/tag_01424_00201656926.wav,9.643,-115.55,False,5.568,tamil,
/content/drive/MyDrive/Audio_dataset/tamil/tag_01409_00260419609.wav,3.584,-110.69,False,2.24,tamil,
/content/drive/MyDrive/Audio_dataset/tamil/tag_01424_00523805660.wav,5.973,-124.64,False,3.264,tamil,
/content/drive/MyDrive/Audio_dataset/tamil/tag_01409_00760405893.wav,5.547,-134.17,False,3.904,tamil,
/content/drive/MyDrive/Audio_dataset/tamil/tag_01424_00255218605.wav,6.827,-116.79,False,2.72,tamil,
/content/drive/MyDrive/Audio_dataset/tamil/tag_01424_01488510290.wav,3.755,-113.7,False,0.896,tamil,
/content/drive/MyDrive/Audio_dataset/tamil/tag_01424_00911769858.wav,6.912,-112.48,False,4.032,tamil,
/content/drive/MyDrive/Audio_dataset/tamil/tag_01424_01051042015.wav,7.083,-113.72,False,4.032,tamil,
/content/drive/MyDrive/Audio_dataset/tamil/tag_01424_01215539431.wav,6.229,-114.5,False,3.168,tamil,
/content/drive/MyDrive/Audio_dataset/tamil/tag_01424_01792291550.wav,9.984,-116.24,False,6.592,tamil,
/content/drive/MyDrive/Audio_dataset/tamil/tag_01424_01191918115.wav,7.339,-123.75,False,3.872,tamil,
/content/drive/MyDrive/Audio_dataset/tamil/tag_01424_01698915231.wav,4.437,-125.08,False,1.824,tamil,
/content/drive/MyDrive/Audio_dataset/tamil/tag_01424_01248878075.wav,4.864,-107.07,False,2.048,tamil,
/content/drive/MyDrive/Audio_dataset/tamil/tag_01424_01761091258.wav,4.523,-114.38,False,2.048,tamil,
/content/drive/MyDrive/Audio_dataset/tamil/tag_01424_01727177084.wav,7.509,-118.48,False,4.032,tamil,
/content/drive/MyDrive/Audio_dataset/tamil/tag_01424_01160121156.wav,6.315,-116.82,False,4.192,tamil,
/content/drive/MyDrive/Audio_dataset/tamil/tag_01424_01449322218.wav,7.168,-114.36,False,3.584,tamil,
/content/drive/MyDrive/Audio_dataset/tamil/tag_01424_01359485339.wav,6.229,-113.56,False,3.168,tamil,
/content/drive/MyDrive/Audio_dataset/tamil/tag_01424_01200558208.wav,6.485,-113.5,False,2.816,tamil,
/content/drive/MyDrive/Audio_dataset/tamil/tag_01424_01494846851.wav,4.437,-112.05,False,2.048,tamil,
/content/drive/MyDrive/Audio_dataset/tamil/tag_01424_01698236845.wav,5.205,-114.56,False,2.08,tamil,
/content/drive/MyDrive/Audio_dataset/tamil/tag_01424_00962047029.wav,4.693,-107.77,False,1.472,tamil,
/content/drive/MyDrive/Audio_dataset/tamil/tag_01424_01684923839.wav,7.765,-113.08,False,5.504,tamil,
/content/drive/MyDrive/Audio_dataset/tamil/tag_01424_01356603977.wav,5.888,-114.77,False,3.008,tamil,
/content/drive/MyDrive/Audio_dataset/tamil/tag_01424_01174661299.wav,7.168,-115.9,False,4.032,tamil,
/content/drive/MyDrive/Audio_dataset/tamil/tag_01424_00880212863.wav,6.485,-114.92,False,3.168,tamil,
/content/drive/MyDrive/Audio_dataset/tamil/tag_01424_01090635374.wav,5.291,-131.13,False,3.104,tamil,
/content/drive/MyDrive/Audio_dataset/tamil/tag_01424_01758776990.wav,6.315,-116.46,False,3.136,tamil,
/content/drive/MyDrive/Audio_dataset/tamil/tag_01424_01071102350.wav,8.96,-114.55,False,4.288,tamil,
/content/drive/MyDrive/Audio_dataset/tamil/tag_01424_01116817482.wav,7.936,-117.5,False,4.32,tamil,
/content/drive/MyDrive/Audio_dataset/tamil/tag_01424_01286519545.wav,5.547,-118.19,False,2.304,tamil,
/content/drive/MyDrive/Audio_dataset/tamil/tag_01424_01152059115.wav,6.997,-114.65,False,3.072,tamil,
/content/drive/MyDrive/Audio_dataset/tamil/tag_01424_01230385339.wav,7.168,-115.39,False,2.912,tamil,
/content/drive/MyDrive/Audio_dataset/tamil/tag_01424_01700405762.wav,6.912,-114.08,False,3.744,tamil,
/content/drive/MyDrive/Audio_dataset/tamil/tag_01424_01351791226.wav,4.437,-117.31,False,1.44,tamil,
/content/drive/MyDrive/Audio_dataset/tamil/tag_01424_00986625909.wav,6.485,-115.51,False,3.424,tamil,
/content/drive/MyDrive/Audio_dataset/tamil/tag_01424_01216615626.wav,5.035,-112.25,False,2.304,tamil,
/content/drive/MyDrive/Audio_dataset/tamil/tag_01424_00862422819.wav,6.4,-121.8,False,3.616,tamil,
/content/drive/MyDrive/Audio_dataset/tamil/tag_01424_01014248064.wav,6.144,-115.36,False,2.432,tamil,
/content/drive/MyDrive/Audio_dataset/tamil/tag_01424_01156095993.wav,4.437,-114.37,False,1.76,tamil,
/content/drive/MyDrive/Audio_dataset/tamil/tag_01424_01663683897.wav,8.533,-117.0,False,4.672,tamil,
/content/drive/MyDrive/Audio_dataset/tamil/tag_01424_01469346527.wav,5.547,-115.76,False,2.016,tamil,
/content/drive/MyDrive/Audio_dataset/tamil/tag_01424_01062602920.wav,4.949,-115.4,False,1.984,tamil,
/content/drive/MyDrive/Audio_dataset/tamil/tag_01424_01758850174.wav,5.973,-110.94,False,3.52,tamil,
/content/drive/MyDrive/Audio_dataset/tamil/tag_01424_00979963504.wav,8.789,-121.36,False,5.344,tamil,
/content/drive/MyDrive/Audio_dataset/tamil/tag_01424_01460342300.wav,8.363,-117.98,False,5.568,tamil,
/content/drive/MyDrive/Audio_dataset/tamil/tag_01424_01730645404.wav,7.68,-115.76,False,3.584,tamil,
/content/drive/MyDrive/Audio_dataset/tamil/tag_01424_01548514808.wav,4.608,-114.15,False,1.92,tamil,
/content/drive/MyDrive/Audio_dataset/tamil/tag_01424_01382513238.wav,8.789,-115.22,False,4.48,tamil,
/content/drive/MyDrive/Audio_dataset/tamil/tag_01424_01207430901.wav,7.424,-115.0,False,3.84,tamil,
/content/drive/MyDrive/Audio_dataset/tamil/tag_01424_01639424030.wav,4.608,-113.56,False,1.728,tamil,
/content/drive/MyDrive/Audio_dataset/tamil/tag_01424_01112570702.wav,4.864,-112.36,False,1.824,tamil,
/content/drive/MyDrive/Audio_dataset/tamil/tag_01424_00849444838.wav,7.68,-116.42,False,3.808,tamil,
/content/drive/MyDrive/Audio_dataset/tamil/tag_01424_01622876579.wav,6.229,-113.26,False,2.88,tamil,
/content/drive/MyDrive/Audio_dataset/tamil/tag_01424_01442241000.wav,6.144,-115.88,False,3.04,tamil,
/content/drive/MyDrive/Audio_dataset/tamil/tag_01469_00231950015.wav,4.693,-112.08,False,3.68,tamil,
/content/drive/MyDrive/Audio_dataset/tamil/tag_01469_00027690076.wav,5.205,-113.23,False,3.872,tamil,
/content/drive/MyDrive/Audio_dataset/tamil/tag_01424_02051341933.wav,4.523,-112.38,False,1.536,tamil,
/content/drive/MyDrive/Audio_dataset/tamil/tag_01424_02011161286.wav,10.923,-116.79,False,6.592,tamil,
/content/drive/MyDrive/Audio_dataset/tamil/tag_01469_00156503330.wav,4.693,-109.69,False,3.552,tamil,
/content/drive/MyDrive/Audio_dataset/tamil/tag_01469_00145568077.wav,7.509,-115.97,False,5.088,tamil,
/content/drive/MyDrive/Audio_dataset/tamil/tag_01469_00100220451.wav,3.328,-115.16,False,1.824,tamil,
/content/drive/MyDrive/Audio_dataset/tamil/tag_01469_00195059152.wav,5.973,-113.4,False,4.48,tamil,
/content/drive/MyDrive/Audio_dataset/tamil/tag_01469_00146224123.wav,4.523,-112.76,False,2.88,tamil,
/content/drive/MyDrive/Audio_dataset/tamil/tag_01469_00030859475.wav,4.949,-116.67,False,3.872,tamil,
/content/drive/MyDrive/Audio_dataset/tamil/tag_01469_00032325331.wav,6.4,-115.0,False,5.184,tamil,
/content/drive/MyDrive/Audio_dataset/tamil/tag_01469_00240951973.wav,5.461,-116.19,False,3.808,tamil,
/content/drive/MyDrive/Audio_dataset/tamil/tag_01469_00300093495.wav,8.448,-116.96,False,7.072,tamil,
/content/drive/MyDrive/Audio_dataset/tamil/tag_01469_00296594665.wav,5.803,-118.66,False,4.704,tamil,
/content/drive/MyDrive/Audio_dataset/tamil/tag_01424_01843292347.wav,6.656,-115.45,False,3.68,tamil,
/content/drive/MyDrive/Audio_dataset/tamil/tag_01469_00139717853.wav,5.291,-114.08,False,4.128,tamil,
/content/drive/MyDrive/Audio_dataset/tamil/tag_01469_00200463544.wav,5.888,-114.66,False,4.32,tamil,
/content/drive/MyDrive/Audio_dataset/tamil/tag_01469_00346678623.wav,3.157,-110.26,False,1.856,tamil,
/content/drive/MyDrive/Audio_dataset/tamil/tag_01469_00306986461.wav,3.157,-108.37,False,2.016,tamil,
/content/drive/MyDrive/Audio_dataset/tamil/tag_01424_01861632113.wav,7.595,-115.3,False,2.4,tamil,
/content/drive/MyDrive/Audio_dataset/tamil/tag_01469_00035744387.wav,5.035,-113.16,False,3.872,tamil,
/content/drive/MyDrive/Audio_dataset/tamil/tag_01469_00079138691.wav,5.205,-112.9,False,3.776,tamil,
/content/drive/MyDrive/Audio_dataset/tamil/tag_01469_00253358535.wav,4.352,-111.44,False,3.136,tamil,
/content/drive/MyDrive/Audio_dataset/tamil/tag_01469_00075572238.wav,5.376,-113.22,False,4.192,tamil,
/content/drive/MyDrive/Audio_dataset/tamil/tag_01469_00216261956.wav,5.376,-114.03,False,4.224,tamil,
/content/drive/MyDrive/Audio_dataset/tamil/tag_01469_00111694790.wav,9.045,-118.49,False,7.776,tamil,
/content/drive/MyDrive/Audio_dataset/tamil/tag_01424_02078289413.wav,5.035,-114.64,False,2.4,tamil,
/content/drive/MyDrive/Audio_dataset/tamil/tag_01424_02129182169.wav,3.755,-110.89,False,1.344,tamil,
/content/drive/MyDrive/Audio_dataset/tamil/tag_01469_00176921458.wav,7.936,-114.42,False,6.496,tamil,
/content/drive/MyDrive/Audio_dataset/tamil/tag_01424_02020993716.wav,5.12,-116.75,False,1.856,tamil,
/content/drive/MyDrive/Audio_dataset/tamil/tag_01424_02146521880.wav,7.083,-116.94,False,4.224,tamil,
/content/drive/MyDrive/Audio_dataset/tamil/tag_01469_00278200173.wav,4.523,-109.72,False,3.36,tamil,
/content/drive/MyDrive/Audio_dataset/tamil/tag_01424_01833809496.wav,6.144,-116.96,False,3.936,tamil,
/content/drive/MyDrive/Audio_dataset/tamil/tag_01469_00088223995.wav,5.205,-111.57,False,3.776,tamil,
/content/drive/MyDrive/Audio_dataset/tamil/tag_01469_00312403720.wav,5.973,-116.44,False,4.8,tamil,
/content/drive/MyDrive/Audio_dataset/tamil/tag_01469_00352878293.wav,4.693,-111.55,False,3.168,tamil,
/content/drive/MyDrive/Audio_dataset/tamil/tag_01469_00042440395.wav,3.413,-111.51,False,2.432,tamil,
/content/drive/MyDrive/Audio_dataset/tamil/tag_01469_00203957290.wav,7.253,-113.59,False,6.048,tamil,
/content/drive/MyDrive/Audio_dataset/tamil/tag_01469_00039478994.wav,3.499,-111.37,False,2.624,tamil,
/content/drive/MyDrive/Audio_dataset/tamil/tag_01469_00039289933.wav,5.205,-111.12,False,4.384,tamil,
/content/drive/MyDrive/Audio_dataset/tamil/tag_01424_01995366012.wav,6.827,-114.37,False,3.776,tamil,
/content/drive/MyDrive/Audio_dataset/tamil/tag_01469_00041081132.wav,3.84,-109.89,False,2.336,tamil,
/content/drive/MyDrive/Audio_dataset/tamil/tag_01469_00322936413.wav,5.547,-114.47,False,3.712,tamil,
/content/drive/MyDrive/Audio_dataset/tamil/tag_01469_00308006675.wav,4.096,-113.8,False,3.072,tamil,
/content/drive/MyDrive/Audio_dataset/tamil/tag_01424_02072602055.wav,7.936,-115.99,False,4.48,tamil,
/content/drive/MyDrive/Audio_dataset/tamil/tag_01469_00327595746.wav,4.864,-112.91,False,3.584,tamil,
/content/drive/MyDrive/Audio_dataset/tamil/tag_01469_00289818498.wav,4.608,-113.35,False,2.624,tamil,
/content/drive/MyDrive/Audio_dataset/tamil/tag_01469_00241931136.wav,5.12,-113.22,False,3.712,tamil,
/content/drive/MyDrive/Audio_dataset/tamil/tag_01469_00376400474.wav,4.523,-112.81,False,3.232,tamil,
/content/drive/MyDrive/Audio_dataset/tamil/tag_01469_00624666916.wav,3.499,-112.08,False,1.6,tamil,
/content/drive/MyDrive/Audio_dataset/tamil/tag_01469_00459032936.wav,5.376,-113.78,False,4.128,tamil,
/content/drive/MyDrive/Audio_dataset/tamil/tag_01469_00642751368.wav,4.693,-110.58,False,3.36,tamil,
/content/drive/MyDrive/Audio_dataset/tamil/tag_01469_00606659552.wav,5.973,-115.29,False,4.512,tamil,
/content/drive/MyDrive/Audio_dataset/tamil/tag_01469_00671931492.wav,5.632,-114.29,False,3.52,tamil,
/content/drive/MyDrive/Audio_dataset/tamil/tag_01469_00772247527.wav,4.949,-114.0,False,3.776,tamil,
/content/drive/MyDrive/Audio_dataset/tamil/tag_01469_00382103377.wav,4.693,-112.06,False,3.168,tamil,
/content/drive/MyDrive/Audio_dataset/tamil/tag_01469_00788298640.wav,4.181,-111.35,False,3.008,tamil,
/content/drive/MyDrive/Audio_dataset/tamil/tag_01469_00754434425.wav,3.328,-110.28,False,2.432,tamil,
/content/drive/MyDrive/Audio_dataset/tamil/tag_01469_00723465168.wav,5.035,-116.29,False,3.52,tamil,
/content/drive/MyDrive/Audio_dataset/tamil/tag_01469_00497714959.wav,5.547,-114.99,False,1.664,tamil,
/content/drive/MyDrive/Audio_dataset/tamil/tag_01469_00900526145.wav,4.011,-111.22,False,2.976,tamil,
/content/drive/MyDrive/Audio_dataset/tamil/tag_01469_00407990600.wav,4.523,-113.58,False,3.36,tamil,
/content/drive/MyDrive/Audio_dataset/tamil/tag_01469_00840107093.wav,8.107,-116.95,False,5.76,tamil,
/content/drive/MyDrive/Audio_dataset/tamil/tag_01469_00710201305.wav,4.608,-112.8,False,2.88,tamil,
/content/drive/MyDrive/Audio_dataset/tamil/tag_01469_00365369585.wav,4.096,-112.05,False,2.624,tamil,
/content/drive/MyDrive/Audio_dataset/tamil/tag_01469_00524681159.wav,4.864,-110.72,False,3.616,tamil,
/content/drive/MyDrive/Audio_dataset/tamil/tag_01469_00438647567.wav,3.584,-113.41,False,2.752,tamil,
/content/drive/MyDrive/Audio_dataset/tamil/tag_01469_00912538666.wav,7.339,-116.09,False,5.888,tamil,
/content/drive/MyDrive/Audio_dataset/tamil/tag_01469_00567133315.wav,5.291,-115.14,False,4.128,tamil,
/content/drive/MyDrive/Audio_dataset/tamil/tag_01469_00668700065.wav,6.485,-112.91,False,5.376,tamil,
/content/drive/MyDrive/Audio_dataset/tamil/tag_01469_00478551454.wav,3.925,-111.63,False,2.496,tamil,
/content/drive/MyDrive/Audio_dataset/tamil/tag_01469_00533860137.wav,4.949,-113.73,False,3.616,tamil,
/content/drive/MyDrive/Audio_dataset/tamil/tag_01469_00830982517.wav,4.693,-114.53,False,3.2,tamil,
/content/drive/MyDrive/Audio_dataset/tamil/tag_01469_00423557807.wav,5.717,-114.82,False,4.48,tamil,
/content/drive/MyDrive/Audio_dataset/tamil/tag_01469_00416485926.wav,5.803,-115.43,False,4.096,tamil,
/content/drive/MyDrive/Audio_dataset/tamil/tag_01469_00783612322.wav,5.12,-115.49,False,3.84,tamil,
/content/drive/MyDrive/Audio_dataset/tamil/tag_01469_00529912767.wav,3.157,-107.55,False,1.856,tamil,
/content/drive/MyDrive/Audio_dataset/tamil/tag_01469_00693567733.wav,3.925,-109.21,False,2.688,tamil,
/content/drive/MyDrive/Audio_dataset/tamil/tag_01469_00585024300.wav,6.315,-114.24,False,2.912,tamil,
/content/drive/MyDrive/Audio_dataset/tamil/tag_01469_00662192724.wav,7.083,-115.63,False,5.536,tamil,
/content/drive/MyDrive/Audio_dataset/tamil/tag_01469_00573645245.wav,5.461,-113.52,False,4.288,tamil,
/content/drive/MyDrive/Audio_dataset/tamil/tag_01469_00391365743.wav,4.864,-113.42,False,3.808,tamil,
/content/drive/MyDrive/Audio_dataset/tamil/tag_01469_00569046969.wav,2.731,-107.85,False,1.728,tamil,
/content/drive/MyDrive/Audio_dataset/tamil/tag_01469_00882432520.wav,5.803,-114.35,False,4.192,tamil,
/content/drive/MyDrive/Audio_dataset/tamil/tag_01469_00536653677.wav,3.328,-108.79,False,2.272,tamil,
/content/drive/MyDrive/Audio_dataset/tamil/tag_01469_00839794850.wav,6.315,-116.09,False,4.992,tamil,
/content/drive/MyDrive/Audio_dataset/tamil/tag_01469_00778894919.wav,6.485,-115.32,False,4.192,tamil,
/content/drive/MyDrive/Audio_dataset/tamil/tag_01469_00635764164.wav,6.315,-113.52,False,5.056,tamil,
/content/drive/MyDrive/Audio_dataset/tamil/tag_01469_00701334239.wav,3.925,-111.63,False,2.496,tamil,
/content/drive/MyDrive/Audio_dataset/tamil/tag_01469_00710346707.wav,3.84,-110.73,False,2.176,tamil,
/content/drive/MyDrive/Audio_dataset/tamil/tag_01469_00878814527.wav,3.669,-108.53,False,2.176,tamil,
/content/drive/MyDrive/Audio_dataset/tamil/tag_01469_00500875794.wav,3.157,-109.18,False,2.208,tamil,
/content/drive/MyDrive/Audio_dataset/tamil/tag_01469_00734289658.wav,5.547,-115.87,False,4.192,tamil,
/content/drive/MyDrive/Audio_dataset/tamil/tag_01469_00690170024.wav,6.912,-116.35,False,6.08,tamil,
/content/drive/MyDrive/Audio_dataset/tamil/tag_01469_00847011312.wav,4.864,-113.5,False,3.872,tamil,
/content/drive/MyDrive/Audio_dataset/tamil/tag_01469_00597298489.wav,3.84,-116.24,False,2.464,tamil,
/content/drive/MyDrive/Audio_dataset/tamil/tag_01469_00513565178.wav,4.523,-114.25,False,2.912,tamil,
/content/drive/MyDrive/Audio_dataset/tamil/tag_01469_00698341924.wav,4.608,-114.28,False,2.752,tamil,
/content/drive/MyDrive/Audio_dataset/tamil/tag_01469_00703640675.wav,7.851,-112.72,False,6.528,tamil,
/content/drive/MyDrive/Audio_dataset/tamil/tag_01469_00586395967.wav,4.352,-112.09,False,3.136,tamil,
/content/drive/MyDrive/Audio_dataset/tamil/tag_01469_01375206270.wav,4.779,-113.19,False,3.584,tamil,
/content/drive/MyDrive/Audio_dataset/tamil/tag_01469_01075650228.wav,4.693,-114.08,False,3.648,tamil,
/content/drive/MyDrive/Audio_dataset/tamil/tag_01469_01516909104 (1).wav,5.376,-115.65,False,3.808,tamil,
/content/drive/MyDrive/Audio_dataset/tamil/tag_01469_01458157589.wav,3.84,-112.96,False,2.56,tamil,
/content/drive/MyDrive/Audio_dataset/tamil/tag_01469_01107010058.wav,3.925,-112.09,False,2.912,tamil,
/content/drive/MyDrive/Audio_dataset/tamil/tag_01469_01440426013 (1).wav,5.888,-112.87,False,4.832,tamil,
/content/drive/MyDrive/Audio_dataset/tamil/tag_01469_01297055288.wav,4.949,-113.74,False,4.032,tamil,
/content/drive/MyDrive/Audio_dataset/tamil/tag_01469_01045431103.wav,4.096,-109.98,False,2.944,tamil,
/content/drive/MyDrive/Audio_dataset/tamil/tag_01469_01256577252.wav,4.267,-112.04,False,2.912,tamil,
/content/drive/MyDrive/Audio_dataset/tamil/tag_01469_01360386342.wav,6.059,-116.14,False,4.48,tamil,
/content/drive/MyDrive/Audio_dataset/tamil/tag_01469_00947990571.wav,4.011,-110.29,False,2.688,tamil,
/content/drive/MyDrive/Audio_dataset/tamil/tag_01469_00933745006.wav,5.376,-112.27,False,4.288,tamil,
/content/drive/MyDrive/Audio_dataset/tamil/tag_01469_01433302299.wav,3.584,-110.02,False,2.784,tamil,
/content/drive/MyDrive/Audio_dataset/tamil/tag_01469_00987931864.wav,5.376,-113.87,False,3.808,tamil,
/content/drive/MyDrive/Audio_dataset/tamil/tag_01469_01440426013.wav,5.888,-112.87,False,4.832,tamil,
/content/drive/MyDrive/Audio_dataset/tamil/tag_01469_01431091239.wav,5.205,-113.65,False,3.904,tamil,
/content/drive/MyDrive/Audio_dataset/tamil/tag_01469_01296198629.wav,5.973,-117.26,False,4.736,tamil,
/content/drive/MyDrive/Audio_dataset/tamil/tag_01469_01401113059.wav,6.741,-116.21,False,5.568,tamil,
/content/drive/MyDrive/Audio_dataset/tamil/tag_01469_01270791738.wav,4.608,-111.91,False,3.136,tamil,
/content/drive/MyDrive/Audio_dataset/tamil/tag_01469_01323865505.wav,3.84,-119.28,False,2.56,tamil,
/content/drive/MyDrive/Audio_dataset/tamil/tag_01469_01206544537.wav,7.68,-115.71,False,6.272,tamil,
/content/drive/MyDrive/Audio_dataset/tamil/tag_01469_01300644630.wav,5.547,-111.37,False,3.712,tamil,
/content/drive/MyDrive/Audio_dataset/tamil/tag_01469_01282582546.wav,6.059,-117.02,False,4.48,tamil,
/content/drive/MyDrive/Audio_dataset/tamil/tag_01469_01472199689 (1).wav,4.949,-113.61,False,3.296,tamil,
/content/drive/MyDrive/Audio_dataset/tamil/tag_01469_01457109518 (1).wav,5.035,-115.92,False,3.904,tamil,
/content/drive/MyDrive/Audio_dataset/tamil/tag_01469_01287667058.wav,9.643,-113.51,False,7.552,tamil,
/content/drive/MyDrive/Audio_dataset/tamil/tag_01469_01107859329.wav,5.291,-117.97,False,3.168,tamil,
/content/drive/MyDrive/Audio_dataset/tamil/tag_01469_01531365488.wav,3.584,-110.24,False,2.496,tamil,
/content/drive/MyDrive/Audio_dataset/tamil/tag_01469_01418256826.wav,5.035,-111.99,False,3.744,tamil,
/content/drive/MyDrive/Audio_dataset/tamil/tag_01469_01061141023.wav,5.717,-116.4,False,4.448,tamil,
/content/drive/MyDrive/Audio_dataset/tamil/tag_01469_00981307058.wav,4.949,-112.49,False,3.2,tamil,
/content/drive/MyDrive/Audio_dataset/tamil/tag_01469_00981071112.wav,3.328,-111.88,False,2.304,tamil,
/content/drive/MyDrive/Audio_dataset/tamil/tag_01469_01437021133.wav,3.499,-109.52,False,1.952,tamil,
/content/drive/MyDrive/Audio_dataset/tamil/tag_01469_01376209577.wav,4.693,-109.43,False,3.296,tamil,
/content/drive/MyDrive/Audio_dataset/tamil/tag_01469_01376649985.wav,3.925,-111.44,False,2.72,tamil,
/content/drive/MyDrive/Audio_dataset/tamil/tag_01469_01170688362.wav,6.571,-114.63,False,5.472,tamil,
/content/drive/MyDrive/Audio_dataset/tamil/tag_01469_01235139719.wav,4.864,-115.62,False,4.064,tamil,
/content/drive/MyDrive/Audio_dataset/tamil/tag_01469_01442280546.wav,5.205,-114.6,False,3.712,tamil,
/content/drive/MyDrive/Audio_dataset/tamil/tag_01469_01472199689.wav,4.949,-113.61,False,3.296,tamil,
/content/drive/MyDrive/Audio_dataset/tamil/tag_01469_01163524672.wav,4.096,-111.95,False,2.848,tamil,
/content/drive/MyDrive/Audio_dataset/tamil/tag_01469_01516909104.wav,5.376,-115.65,False,3.808,tamil,
/content/drive/MyDrive/Audio_dataset/tamil/tag_01469_00952304147.wav,4.608,-113.73,False,2.944,tamil,
/content/drive/MyDrive/Audio_dataset/tamil/tag_01469_01018481660.wav,6.912,-114.9,False,5.984,tamil,
/content/drive/MyDrive/Audio_dataset/tamil/tag_01469_01292262798.wav,4.949,-109.95,False,3.904,tamil,
/content/drive/MyDrive/Audio_dataset/tamil/tag_01469_01457109518.wav,5.035,-115.92,False,3.904,tamil,
/content/drive/MyDrive/Audio_dataset/tamil/tag_01469_00952326704.wav,8.363,-115.7,False,6.912,tamil,
/content/drive/MyDrive/Audio_dataset/tamil/tag_01469_01002170251.wav,6.485,-114.14,False,5.216,tamil,
/content/drive/MyDrive/Audio_dataset/tamil/tag_01469_01124405147.wav,3.669,-113.28,False,2.4,tamil,
/content/drive/MyDrive/Audio_dataset/tamil/tag_01469_01009789524.wav,5.717,-114.59,False,4.48,tamil,
/content/drive/MyDrive/Audio_dataset/tamil/tag_01469_01283971461.wav,4.267,-111.77,False,3.008,tamil,
/content/drive/MyDrive/Audio_dataset/tamil/tag_01469_01343587216.wav,4.437,-112.5,False,2.976,tamil,
/content/drive/MyDrive/Audio_dataset/tamil/tag_01469_01052556546.wav,4.096,-111.42,False,2.688,tamil,
/content/drive/MyDrive/Audio_dataset/tamil/tag_01469_01237873895.wav,6.741,-115.16,False,5.504,tamil,
/content/drive/MyDrive/Audio_dataset/tamil/tag_01469_01135700889.wav,6.656,-116.04,False,5.504,tamil,
/content/drive/MyDrive/Audio_dataset/tamil/tag_01469_01378741716.wav,5.376,-115.65,False,3.328,tamil,
/content/drive/MyDrive/Audio_dataset/tamil/tag_01469_01878982550.wav,4.693,-112.88,False,3.968,tamil,
/content/drive/MyDrive/Audio_dataset/tamil/tag_01469_01588205062.wav,6.485,-115.66,False,4.768,tamil,
/content/drive/MyDrive/Audio_dataset/tamil/tag_01469_01627738201.wav,3.755,-114.97,False,2.56,tamil,
/content/drive/MyDrive/Audio_dataset/tamil/tag_01469_01629248492.wav,5.291,-111.36,False,4.256,tamil,
/content/drive/MyDrive/Audio_dataset/tamil/tag_01469_02077041117.wav,6.656,-115.76,False,4.8,tamil,
/content/drive/MyDrive/Audio_dataset/tamil/tag_01469_01960015174.wav,6.997,-118.16,False,5.472,tamil,
/content/drive/MyDrive/Audio_dataset/tamil/tag_01469_01561816314.wav,3.243,-108.3,False,1.984,tamil,
/content/drive/MyDrive/Audio_dataset/tamil/tag_01469_02007138266.wav,4.096,-110.24,False,2.656,tamil,
/content/drive/MyDrive/Audio_dataset/tamil/tag_01469_01642337644.wav,4.437,-108.61,False,3.104,tamil,
/content/drive/MyDrive/Audio_dataset/tamil/tag_01469_01840083128.wav,3.925,-115.3,False,2.464,tamil,
/content/drive/MyDrive/Audio_dataset/tamil/tag_01469_01545077488 (1).wav,6.827,-112.99,False,5.312,tamil,
/content/drive/MyDrive/Audio_dataset/tamil/tag_01469_01787496680.wav,3.755,-111.31,False,2.752,tamil,
/content/drive/MyDrive/Audio_dataset/tamil/tag_01469_01659493104.wav,5.803,-114.77,False,4.8,tamil,
/content/drive/MyDrive/Audio_dataset/tamil/tag_01469_01556380157 (1).wav,7.68,-119.3,False,6.752,tamil,
/content/drive/MyDrive/Audio_dataset/tamil/tag_01469_02024897274.wav,6.827,-115.58,False,5.792,tamil,
/content/drive/MyDrive/Audio_dataset/tamil/tag_01469_02079031199.wav,5.632,-120.83,False,3.904,tamil,
/content/drive/MyDrive/Audio_dataset/tamil/tag_01469_02040958430.wav,3.755,-112.66,False,2.656,tamil,
/content/drive/MyDrive/Audio_dataset/tamil/tag_01469_01549884118.wav,3.84,-110.08,False,2.144,tamil,
/content/drive/MyDrive/Audio_dataset/tamil/tag_01469_01763925538.wav,4.608,-112.48,False,3.264,tamil,
/content/drive/MyDrive/Audio_dataset/tamil/tag_01469_02075528554.wav,2.987,-110.16,False,2.176,tamil,
/content/drive/MyDrive/Audio_dataset/tamil/tag_01469_01534490911 (1).wav,5.035,-111.63,False,3.84,tamil,
/content/drive/MyDrive/Audio_dataset/tamil/tag_01469_01992395373.wav,5.547,-118.77,False,3.712,tamil,
/content/drive/MyDrive/Audio_dataset/tamil/tag_01469_02001697002.wav,3.925,-111.45,False,2.336,tamil,
/content/drive/MyDrive/Audio_dataset/tamil/tag_01469_01940860087.wav,6.656,-116.92,False,3.648,tamil,
/content/drive/MyDrive/Audio_dataset/tamil/tag_01469_01928442394.wav,4.779,-116.54,False,2.976,tamil,
/content/drive/MyDrive/Audio_dataset/tamil/tag_01469_02062437570.wav,4.267,-113.5,False,2.496,tamil,
/content/drive/MyDrive/Audio_dataset/tamil/tag_01469_02004397350.wav,5.632,-114.44,False,4.032,tamil,
/content/drive/MyDrive/Audio_dataset/tamil/tag_01469_02034328353.wav,7.68,-120.98,False,5.984,tamil,
/content/drive/MyDrive/Audio_dataset/tamil/tag_01469_01583933750.wav,5.12,-113.27,False,3.264,tamil,
/content/drive/MyDrive/Audio_dataset/tamil/tag_01469_01924189357.wav,3.669,-117.15,False,2.688,tamil,
/content/drive/MyDrive/Audio_dataset/tamil/tag_01469_01538579583.wav,4.011,-109.68,False,2.752,tamil,
/content/drive/MyDrive/Audio_dataset/tamil/tag_01469_02007823898.wav,5.461,-118.35,False,3.744,tamil,
/content/drive/MyDrive/Audio_dataset/tamil/tag_01469_01575477601.wav,3.669,-109.82,False,2.496,tamil,
/content/drive/MyDrive/Audio_dataset/tamil/tag_01469_01952846171.wav,6.059,-114.05,False,3.712,tamil,
/content/drive/MyDrive/Audio_dataset/tamil/tag_01469_01545077488.wav,6.827,-112.99,False,5.312,tamil,
/content/drive/MyDrive/Audio_dataset/tamil/tag_01469_01536039938 (1).wav,5.205,-117.77,False,3.872,tamil,
/content/drive/MyDrive/Audio_dataset/tamil/tag_01469_01556380157.wav,7.68,-119.3,False,6.752,tamil,
/content/drive/MyDrive/Audio_dataset/tamil/tag_01469_01587909505.wav,6.144,-113.77,False,4.448,tamil,
/content/drive/MyDrive/Audio_dataset/tamil/tag_01469_01981479045.wav,2.901,-109.62,False,1.504,tamil,
/content/drive/MyDrive/Audio_dataset/tamil/tag_01469_01536039938.wav,5.205,-117.77,False,3.872,tamil,
/content/drive/MyDrive/Audio_dataset/tamil/tag_01469_01568507477 (1).wav,5.376,-112.81,False,4.352,tamil,
/content/drive/MyDrive/Audio_dataset/tamil/tag_01469_01929235179.wav,5.376,-112.79,False,4.16,tamil,
/content/drive/MyDrive/Audio_dataset/tamil/tag_01469_01534490911.wav,5.035,-111.63,False,3.84,tamil,
/content/drive/MyDrive/Audio_dataset/tamil/tag_01469_01820653039.wav,5.547,-113.56,False,4.32,tamil,
/content/drive/MyDrive/Audio_dataset/tamil/tag_01469_01626223809.wav,2.731,-107.04,False,1.504,tamil,
/content/drive/MyDrive/Audio_dataset/tamil/tag_01469_01749912122.wav,5.717,-116.23,False,4.48,tamil,
/content/drive/MyDrive/Audio_dataset/tamil/tag_01469_01592716049.wav,7.595,-116.01,False,5.888,tamil,
/content/drive/MyDrive/Audio_dataset/tamil/tag_01469_01611776242.wav,3.157,-111.07,False,1.824,tamil,
/content/drive/MyDrive/Audio_dataset/tamil/tag_01469_01644960377.wav,7.253,-112.92,False,5.984,tamil,
/content/drive/MyDrive/Audio_dataset/tamil/tag_01469_01628005118.wav,8.704,-114.42,False,7.232,tamil,
/content/drive/MyDrive/Audio_dataset/tamil/tag_01469_01730091575.wav,2.56,-108.7,False,1.568,tamil,
/content/drive/MyDrive/Audio_dataset/tamil/tag_01469_01873981780.wav,5.376,-113.13,False,3.968,tamil,
/content/drive/MyDrive/Audio_dataset/tamil/tag_01469_01568507477.wav,5.376,-112.81,False,4.352,tamil,
/content/drive/MyDrive/Audio_dataset/tamil/tag_01469_01994020380.wav,5.632,-111.57,False,4.128,tamil,
/content/drive/MyDrive/Audio_dataset/tamil/tag_01515_01090617927.wav,7.339,-115.69,False,5.184,tamil,
/content/drive/MyDrive/Audio_dataset/tamil/tag_01515_00971111296.wav,7.253,-114.49,False,4.192,tamil,
/content/drive/MyDrive/Audio_dataset/tamil/tag_01515_01674192820.wav,8.875,-114.88,False,6.56,tamil,
/content/drive/MyDrive/Audio_dataset/tamil/tag_01818_00083421026.wav,7.083,-117.46,False,4.32,tamil,
/content/drive/MyDrive/Audio_dataset/tamil/tag_01818_00285294340.wav,5.376,-104.94,False,3.104,tamil,
/content/drive/MyDrive/Audio_dataset/tamil/tag_01469_02103277386.wav,6.741,-113.44,False,5.568,tamil,
/content/drive/MyDrive/Audio_dataset/tamil/tag_01515_01732388146.wav,8.704,-116.57,False,6.368,tamil,
/content/drive/MyDrive/Audio_dataset/tamil/tag_01515_00857249360.wav,6.315,-115.01,False,2.848,tamil,
/content/drive/MyDrive/Audio_dataset/tamil/tag_01515_00230356660.wav,8.363,-117.38,False,6.368,tamil,
/content/drive/MyDrive/Audio_dataset/tamil/tag_01818_00103605368.wav,5.803,-124.06,False,4.16,tamil,
/content/drive/MyDrive/Audio_dataset/tamil/tag_01515_01557230471.wav,7.936,-116.62,False,5.664,tamil,
/content/drive/MyDrive/Audio_dataset/tamil/tag_01818_00364428184.wav,4.779,-115.39,False,2.432,tamil,
/content/drive/MyDrive/Audio_dataset/tamil/tag_01515_01328395084.wav,8.448,-117.63,False,6.048,tamil,
/content/drive/MyDrive/Audio_dataset/tamil/tag_01469_02122194855.wav,6.656,-116.97,False,4.832,tamil,
/content/drive/MyDrive/Audio_dataset/tamil/tag_01515_01592820883.wav,4.779,-110.44,False,2.752,tamil,
/content/drive/MyDrive/Audio_dataset/tamil/tag_01818_00314584697.wav,5.12,-108.49,False,3.968,tamil,
/content/drive/MyDrive/Audio_dataset/tamil/tag_01515_00141561808.wav,10.24,-119.03,False,4.512,tamil,
/content/drive/MyDrive/Audio_dataset/tamil/tag_01469_02093376303.wav,4.693,-112.43,False,2.848,tamil,
/content/drive/MyDrive/Audio_dataset/tamil/tag_01818_00089190434.wav,5.461,-110.08,False,2.336,tamil,
/content/drive/MyDrive/Audio_dataset/tamil/tag_01818_00347840271.wav,4.608,-159.69,False,1.536,tamil,
/content/drive/MyDrive/Audio_dataset/tamil/tag_01515_01483902699.wav,4.096,-111.06,False,2.528,tamil,
/content/drive/MyDrive/Audio_dataset/tamil/tag_01515_00711362250.wav,3.328,-121.66,False,1.792,tamil,
/content/drive/MyDrive/Audio_dataset/tamil/tag_01818_00163802482.wav,4.608,-105.83,False,2.496,tamil,
/content/drive/MyDrive/Audio_dataset/tamil/tag_01515_01933347935.wav,4.949,-118.87,False,2.912,tamil,
/content/drive/MyDrive/Audio_dataset/tamil/tag_01818_00299594561.wav,4.693,-126.47,False,2.208,tamil,
/content/drive/MyDrive/Audio_dataset/tamil/tag_01469_02115672471.wav,5.632,-113.56,False,4.32,tamil,
/content/drive/MyDrive/Audio_dataset/tamil/tag_01515_00637568757.wav,3.84,-118.09,False,1.952,tamil,
/content/drive/MyDrive/Audio_dataset/tamil/tag_01515_01802673852.wav,4.779,-115.42,False,1.984,tamil,
/content/drive/MyDrive/Audio_dataset/tamil/tag_01818_00198543652.wav,8.277,-111.27,False,5.376,tamil,
/content/drive/MyDrive/Audio_dataset/tamil/tag_01515_01826720603.wav,7.339,-114.7,False,4.8,tamil,
/content/drive/MyDrive/Audio_dataset/tamil/tag_01818_00084688803.wav,3.072,-102.89,False,1.664,tamil,
/content/drive/MyDrive/Audio_dataset/tamil/tag_01818_00181508237.wav,6.229,-114.37,False,4.16,tamil,
/content/drive/MyDrive/Audio_dataset/tamil/tag_01515_01503710176.wav,6.485,-113.98,False,4.096,tamil,
/content/drive/MyDrive/Audio_dataset/tamil/tag_01515_00743735206.wav,8.875,-120.03,False,5.12,tamil,
/content/drive/MyDrive/Audio_dataset/tamil/tag_01515_00208839647.wav,7.765,-116.17,False,5.28,tamil,
/content/drive/MyDrive/Audio_dataset/tamil/tag_01469_02105595503.wav,2.901,-118.78,False,1.792,tamil,
/content/drive/MyDrive/Audio_dataset/tamil/tag_01818_00295400926.wav,5.205,-103.99,False,3.136,tamil,
/content/drive/MyDrive/Audio_dataset/tamil/tag_01515_00033024168.wav,6.4,-121.09,False,4.096,tamil,
/content/drive/MyDrive/Audio_dataset/tamil/tag_01515_02066260935.wav,3.755,-108.06,False,1.92,tamil,
/content/drive/MyDrive/Audio_dataset/tamil/tag_01818_00348868760.wav,4.267,-127.34,False,3.168,tamil,
/content/drive/MyDrive/Audio_dataset/tamil/tag_01818_00246957144.wav,5.717,-125.94,False,3.52,tamil,
/content/drive/MyDrive/Audio_dataset/tamil/tag_01515_00974438074.wav,6.827,-111.24,False,3.936,tamil,
/content/drive/MyDrive/Audio_dataset/tamil/tag_01818_00225807291.wav,5.12,-132.8,False,3.168,tamil,
/content/drive/MyDrive/Audio_dataset/tamil/tag_01469_02125329724.wav,3.84,-111.7,False,2.272,tamil,
/content/drive/MyDrive/Audio_dataset/tamil/tag_01515_01901937184.wav,6.741,-117.56,False,4.32,tamil,
/content/drive/MyDrive/Audio_dataset/tamil/tag_01818_00314299656.wav,6.4,-108.16,False,4.256,tamil,
/content/drive/MyDrive/Audio_dataset/tamil/tag_01818_00253808579.wav,4.437,-120.37,False,2.336,tamil,
/content/drive/MyDrive/Audio_dataset/tamil/tag_01515_00332073485.wav,5.973,-114.12,False,3.648,tamil,
/content/drive/MyDrive/Audio_dataset/tamil/tag_01818_00833238798.wav,6.144,-107.32,False,4.576,tamil,
/content/drive/MyDrive/Audio_dataset/tamil/tag_01818_00830369549.wav,6.059,-112.47,False,3.808,tamil,
/content/drive/MyDrive/Audio_dataset/tamil/tag_01818_00986437081.wav,3.755,-111.18,False,2.784,tamil,
/content/drive/MyDrive/Audio_dataset/tamil/tag_01818_00820727328.wav,7.339,-108.69,False,3.968,tamil,
/content/drive/MyDrive/Audio_dataset/tamil/tag_01818_00736799996.wav,5.376,-122.28,False,2.624,tamil,
/content/drive/MyDrive/Audio_dataset/tamil/tag_01818_00622342646.wav,6.827,-106.79,False,5.12,tamil,
/content/drive/MyDrive/Audio_dataset/tamil/tag_01818_00813041317.wav,3.84,-108.62,False,2.56,tamil,
/content/drive/MyDrive/Audio_dataset/tamil/tag_01818_00485651006.wav,5.035,-97.9,False,3.072,tamil,
/content/drive/MyDrive/Audio_dataset/tamil/tag_01818_00880508427.wav,5.376,-113.73,False,2.944,tamil,
/content/drive/MyDrive/Audio_dataset/tamil/tag_01818_00712982221.wav,6.059,-128.85,False,4.544,tamil,
/content/drive/MyDrive/Audio_dataset/tamil/tag_01818_00995581980.wav,11.776,-116.27,False,8.48,tamil,
/content/drive/MyDrive/Audio_dataset/tamil/tag_01818_00607292994.wav,2.56,-100.58,False,1.856,tamil,
/content/drive/MyDrive/Audio_dataset/tamil/tag_01818_00780404626.wav,4.864,-104.79,False,2.624,tamil,
/content/drive/MyDrive/Audio_dataset/tamil/tag_01818_00446603567.wav,5.12,-107.81,False,3.552,tamil,
/content/drive/MyDrive/Audio_dataset/tamil/tag_01818_00407049153.wav,4.267,-148.3,False,2.336,tamil,
/content/drive/MyDrive/Audio_dataset/tamil/tag_01818_00734176113.wav,8.704,-121.02,False,4.288,tamil,
/content/drive/MyDrive/Audio_dataset/tamil/tag_01818_00556073137.wav,4.352,-104.42,False,1.632,tamil,
/content/drive/MyDrive/Audio_dataset/tamil/tag_01818_00793064158.wav,5.376,-118.55,False,2.624,tamil,
/content/drive/MyDrive/Audio_dataset/tamil/tag_01818_00703215418.wav,2.304,-124.19,False,1.472,tamil,
/content/drive/MyDrive/Audio_dataset/tamil/tag_01818_00982832914.wav,3.413,-110.26,False,2.581,tamil,
/content/drive/MyDrive/Audio_dataset/tamil/tag_01818_00633276359.wav,4.096,-119.6,False,2.816,tamil,
/content/drive/MyDrive/Audio_dataset/tamil/tag_01818_00386265287.wav,7.339,-118.03,False,2.72,tamil,
/content/drive/MyDrive/Audio_dataset/tamil/tag_01818_00372192558.wav,2.816,-112.01,False,1.76,tamil,
/content/drive/MyDrive/Audio_dataset/tamil/tag_01818_00552663819.wav,6.997,-139.25,False,4.512,tamil,
/content/drive/MyDrive/Audio_dataset/tamil/tag_01818_00418093167.wav,4.523,-111.44,False,3.84,tamil,
/content/drive/MyDrive/Audio_dataset/tamil/tag_01818_00778776392.wav,4.949,-107.08,False,3.904,tamil,
/content/drive/MyDrive/Audio_dataset/tamil/tag_01818_00570417203.wav,3.925,-106.58,False,2.336,tamil,
/content/drive/MyDrive/Audio_dataset/tamil/tag_01818_00913939284.wav,5.291,-122.39,False,3.136,tamil,
/content/drive/MyDrive/Audio_dataset/tamil/tag_01818_00816355970.wav,4.864,-107.24,False,3.584,tamil,
/content/drive/MyDrive/Audio_dataset/tamil/tag_01818_00661424267.wav,5.461,-125.69,False,3.328,tamil,
/content/drive/MyDrive/Audio_dataset/tamil/tag_01818_00951309373.wav,7.68,-110.35,False,6.08,tamil,
/content/drive/MyDrive/Audio_dataset/tamil/tag_01818_00429755897.wav,6.059,-107.16,False,3.52,tamil,
/content/drive/MyDrive/Audio_dataset/tamil/tag_01818_00823616785.wav,5.035,-106.85,False,3.264,tamil,
/content/drive/MyDrive/Audio_dataset/tamil/tag_01818_01076767067.wav,6.571,-105.44,False,4.224,tamil,
/content/drive/MyDrive/Audio_dataset/tamil/tag_01818_00550223399.wav,6.059,-117.83,False,5.12,tamil,
/content/drive/MyDrive/Audio_dataset/tamil/tag_01818_00456343845.wav,4.693,-109.16,False,2.656,tamil,
/content/drive/MyDrive/Audio_dataset/tamil/tag_01818_01067320038.wav,3.328,-86.38,False,1.664,tamil,
/content/drive/MyDrive/Audio_dataset/tamil/tag_01818_00589381012.wav,3.243,-99.45,False,1.728,tamil,
/content/drive/MyDrive/Audio_dataset/tamil/tag_01818_00577618891.wav,6.827,-116.34,False,4.288,tamil,
/content/drive/MyDrive/Audio_dataset/tamil/tag_01818_00786961486.wav,4.523,-103.6,False,2.24,tamil,
/content/drive/MyDrive/Audio_dataset/tamil/tag_01818_01021247146.wav,4.779,-111.03,False,2.496,tamil,
/content/drive/MyDrive/Audio_dataset/tamil/tag_01818_00848819006.wav,4.437,-117.28,False,2.688,tamil,
/content/drive/MyDrive/Audio_dataset/tamil/tag_01818_00716523842.wav,6.144,-117.88,False,3.552,tamil,
/content/drive/MyDrive/Audio_dataset/tamil/tag_01818_01048053069.wav,4.693,-124.32,False,3.392,tamil,
/content/drive/MyDrive/Audio_dataset/tamil/tag_01818_00546284390.wav,5.717,-118.48,False,3.808,tamil,
/content/drive/MyDrive/Audio_dataset/tamil/tag_01818_01033804449.wav,3.413,-106.36,False,2.176,tamil,
/content/drive/MyDrive/Audio_dataset/tamil/tag_01818_00574554716.wav,3.84,-106.44,False,2.4,tamil,
/content/drive/MyDrive/Audio_dataset/tamil/tag_01818_00416900483.wav,6.4,-132.99,False,3.968,tamil,
/content/drive/MyDrive/Audio_dataset/tamil/tag_01818_00526971341.wav,4.779,-149.14,False,1.792,tamil,
/content/drive/MyDrive/Audio_dataset/tamil/tag_01818_00474479150.wav,5.035,-116.86,False,3.872,tamil,
/content/drive/MyDrive/Audio_dataset/tamil/tag_01818_01735204457.wav,6.144,-109.48,False,3.808,tamil,
/content/drive/MyDrive/Audio_dataset/tamil/tag_01818_01319117746.wav,5.461,-112.19,False,4.576,tamil,
/content/drive/MyDrive/Audio_dataset/tamil/tag_01818_02085455872.wav,6.571,-109.49,False,3.84,tamil,
/content/drive/MyDrive/Audio_dataset/tamil/tag_01818_01970860015.wav,5.547,-110.62,False,3.968,tamil,
/content/drive/MyDrive/Audio_dataset/tamil/tag_01818_01668093306.wav,6.4,-93.11,False,3.328,tamil,
/content/drive/MyDrive/Audio_dataset/tamil/tag_01818_01268518469.wav,4.779,-107.46,False,2.784,tamil,
/content/drive/MyDrive/Audio_dataset/tamil/tag_01818_01187645145.wav,4.949,-117.93,False,2.56,tamil,
/content/drive/MyDrive/Audio_dataset/tamil/tag_01818_01404552284.wav,5.547,-106.6,False,2.912,tamil,
/content/drive/MyDrive/Audio_dataset/tamil/tag_01818_01224210652.wav,5.632,-105.86,False,3.2,tamil,
/content/drive/MyDrive/Audio_dataset/tamil/tag_01818_01176967635.wav,5.291,-104.11,False,3.904,tamil,
/content/drive/MyDrive/Audio_dataset/tamil/tag_01818_01688388767.wav,4.693,-107.46,False,2.272,tamil,
/content/drive/MyDrive/Audio_dataset/tamil/tag_01818_01533580912.wav,7.936,-112.08,False,3.872,tamil,
/content/drive/MyDrive/Audio_dataset/tamil/tag_01818_01741843816.wav,2.389,-116.56,False,1.536,tamil,
/content/drive/MyDrive/Audio_dataset/tamil/tag_01818_01684490640.wav,5.632,-117.84,False,4.096,tamil,
/content/drive/MyDrive/Audio_dataset/tamil/tag_01818_02020620671.wav,4.181,-107.69,False,2.816,tamil,
/content/drive/MyDrive/Audio_dataset/tamil/tag_01818_01926003385.wav,4.608,-106.4,False,3.232,tamil,
/content/drive/MyDrive/Audio_dataset/tamil/tag_01818_01446301168.wav,6.827,-117.35,False,3.808,tamil,
/content/drive/MyDrive/Audio_dataset/tamil/tag_01818_01224156811.wav,5.035,-109.18,False,2.528,tamil,
/content/drive/MyDrive/Audio_dataset/tamil/tag_01818_01872036051.wav,4.608,-141.99,False,3.04,tamil,
/content/drive/MyDrive/Audio_dataset/tamil/tag_01818_02016619242.wav,5.632,-100.9,False,3.232,tamil,
/content/drive/MyDrive/Audio_dataset/tamil/tag_01818_01636307487.wav,5.973,-108.94,False,3.04,tamil,
/content/drive/MyDrive/Audio_dataset/tamil/tag_01818_02064220868.wav,5.205,-127.12,False,3.488,tamil,
/content/drive/MyDrive/Audio_dataset/tamil/tag_01818_01606638565.wav,6.315,-135.62,False,3.264,tamil,
/content/drive/MyDrive/Audio_dataset/tamil/tag_01818_01284596092.wav,6.741,-127.14,False,2.624,tamil,
/content/drive/MyDrive/Audio_dataset/tamil/tag_01818_01243209123.wav,4.864,-108.03,False,3.68,tamil,
/content/drive/MyDrive/Audio_dataset/tamil/tag_01818_01657908337.wav,2.475,-103.01,False,1.504,tamil,
/content/drive/MyDrive/Audio_dataset/tamil/tag_01818_01329987077.wav,5.717,-107.96,False,4.384,tamil,
/content/drive/MyDrive/Audio_dataset/tamil/tag_01818_01345520706.wav,3.925,-100.76,False,2.464,tamil,
/content/drive/MyDrive/Audio_dataset/tamil/tag_01818_01580046757.wav,4.523,-110.64,False,2.528,tamil,
/content/drive/MyDrive/Audio_dataset/tamil/tag_01818_01301653277.wav,5.632,-122.1,False,3.616,tamil,
/content/drive/MyDrive/Audio_dataset/tamil/tag_01818_01941985194.wav,5.461,-103.66,False,4.0,tamil,
/content/drive/MyDrive/Audio_dataset/tamil/tag_01818_01091985686.wav,6.485,-107.65,False,4.256,tamil,
/content/drive/MyDrive/Audio_dataset/tamil/tag_01818_01607230852.wav,5.888,-120.47,False,3.584,tamil,
/content/drive/MyDrive/Audio_dataset/tamil/tag_01818_01528340616.wav,4.437,-114.07,False,3.328,tamil,
/content/drive/MyDrive/Audio_dataset/tamil/tag_01818_01673453782.wav,4.949,-123.2,False,3.52,tamil,
/content/drive/MyDrive/Audio_dataset/tamil/tag_01818_01591668295.wav,5.803,-148.57,False,3.04,tamil,
/content/drive/MyDrive/Audio_dataset/tamil/tag_01818_01849746545.wav,4.352,-105.12,False,3.392,tamil,
/content/drive/MyDrive/Audio_dataset/tamil/tag_01818_01364251937.wav,5.547,-114.63,False,4.0,tamil,
/content/drive/MyDrive/Audio_dataset/tamil/tag_01818_02025896687.wav,5.291,-129.01,False,2.592,tamil,
/content/drive/MyDrive/Audio_dataset/tamil/tag_01818_01853027694.wav,3.584,-98.85,False,2.08,tamil,
/content/drive/MyDrive/Audio_dataset/tamil/tag_01818_01846394407.wav,4.096,-106.72,False,2.944,tamil,
/content/drive/MyDrive/Audio_dataset/tamil/tag_01818_01764707071.wav,4.693,-107.93,False,2.848,tamil,
/content/drive/MyDrive/Audio_dataset/tamil/tag_01818_02027523887.wav,6.4,-115.09,False,3.84,tamil,
/content/drive/MyDrive/Audio_dataset/tamil/tag_01818_01242665102.wav,5.717,-114.39,False,4.864,tamil,
/content/drive/MyDrive/Audio_dataset/tamil/tag_01818_02081707033.wav,5.632,-102.05,False,5.344,tamil,
/content/drive/MyDrive/Audio_dataset/tamil/tag_01818_01887393801.wav,4.011,-108.61,False,2.304,tamil,
/content/drive/MyDrive/Audio_dataset/tamil/tag_01818_01140816338.wav,7.424,-113.16,False,4.096,tamil,
/content/drive/MyDrive/Audio_dataset/tamil/tag_01818_01785012149.wav,6.315,-110.04,False,4.0,tamil,
/content/drive/MyDrive/Audio_dataset/tamil/tag_01818_01704236166.wav,6.485,-116.85,False,4.288,tamil,
/content/drive/MyDrive/Audio_dataset/tamil/tag_01818_01683114892.wav,6.571,-114.96,False,3.68,tamil,
/content/drive/MyDrive/Audio_dataset/tamil/tag_01818_02108144019.wav,5.717,-115.48,False,4.192,tamil,
/content/drive/MyDrive/Audio_dataset/tamil/tag_03191_00641438749.wav,4.608,-117.58,False,3.872,tamil,
/content/drive/MyDrive/Audio_dataset/tamil/tag_03191_00472294977.wav,6.315,-123.92,False,3.456,tamil,
/content/drive/MyDrive/Audio_dataset/tamil/tag_03191_00409627460.wav,2.133,-111.04,False,1.152,tamil,
/content/drive/MyDrive/Audio_dataset/tamil/tag_03191_00294394804.wav,6.485,-121.2,False,3.296,tamil,
/content/drive/MyDrive/Audio_dataset/tamil/tag_03191_01265588979.wav,7.168,-111.64,False,5.344,tamil,
/content/drive/MyDrive/Audio_dataset/tamil/tag_01818_02089911332.wav,6.485,-131.53,False,2.528,tamil,
/content/drive/MyDrive/Audio_dataset/tamil/tag_03191_01015329380.wav,4.437,-113.19,False,2.752,tamil,
/content/drive/MyDrive/Audio_dataset/tamil/tag_03191_01070187495.wav,5.973,-110.68,False,4.416,tamil,
/content/drive/MyDrive/Audio_dataset/tamil/tag_03191_00288524717.wav,4.949,-108.19,False,3.712,tamil,
/content/drive/MyDrive/Audio_dataset/tamil/tag_03191_00938139924.wav,3.072,-98.23,False,1.696,tamil,
/content/drive/MyDrive/Audio_dataset/tamil/tag_03191_01270150631.wav,6.229,-114.85,False,5.152,tamil,
/content/drive/MyDrive/Audio_dataset/tamil/tag_03191_00287731463.wav,5.12,-115.76,False,3.968,tamil,
/content/drive/MyDrive/Audio_dataset/tamil/tag_03191_01326945414.wav,4.011,-154.3,False,2.272,tamil,
/content/drive/MyDrive/Audio_dataset/tamil/tag_03191_00647020589.wav,7.765,-116.48,False,5.568,tamil,
/content/drive/MyDrive/Audio_dataset/tamil/tag_03191_00478002566.wav,7.68,-122.5,False,6.592,tamil,
/content/drive/MyDrive/Audio_dataset/tamil/tag_03191_00197382639.wav,4.949,-101.91,False,3.2,tamil,
/content/drive/MyDrive/Audio_dataset/tamil/tag_03191_01022934769.wav,3.584,-103.7,False,2.56,tamil,
/content/drive/MyDrive/Audio_dataset/tamil/tag_03191_01196493409.wav,4.267,-124.03,False,3.072,tamil,
/content/drive/MyDrive/Audio_dataset/tamil/tag_03191_01475846989.wav,4.437,-111.33,False,3.424,tamil,
/content/drive/MyDrive/Audio_dataset/tamil/tag_03191_00340521727.wav,5.461,-129.29,False,4.832,tamil,
/content/drive/MyDrive/Audio_dataset/tamil/tag_03191_00559354166.wav,3.84,-103.87,False,2.336,tamil,
/content/drive/MyDrive/Audio_dataset/tamil/tag_03191_00980120631.wav,3.925,-104.35,False,2.08,tamil,
/content/drive/MyDrive/Audio_dataset/tamil/tag_03191_01026025549.wav,5.547,-113.06,False,4.32,tamil,
/content/drive/MyDrive/Audio_dataset/tamil/tag_03191_00713589942.wav,3.499,-123.69,False,2.368,tamil,
/content/drive/MyDrive/Audio_dataset/tamil/tag_03191_00656158600.wav,3.584,-123.95,False,2.624,tamil,
/content/drive/MyDrive/Audio_dataset/tamil/tag_03191_01118393495.wav,5.035,-110.79,False,3.968,tamil,
/content/drive/MyDrive/Audio_dataset/tamil/tag_03191_00365648168.wav,3.243,-102.59,False,2.112,tamil,
/content/drive/MyDrive/Audio_dataset/tamil/tag_03191_00829626379.wav,5.888,-125.01,False,4.416,tamil,
/content/drive/MyDrive/Audio_dataset/tamil/tag_03191_01380905830.wav,5.12,-138.53,False,3.84,tamil,
/content/drive/MyDrive/Audio_dataset/tamil/tag_03191_00208368244.wav,4.693,-109.06,False,2.688,tamil,
/content/drive/MyDrive/Audio_dataset/tamil/tag_03191_01109459206.wav,4.864,-132.9,False,3.904,tamil,
/content/drive/MyDrive/Audio_dataset/tamil/tag_03191_00262593163.wav,5.632,-120.43,False,4.48,tamil,
/content/drive/MyDrive/Audio_dataset/tamil/tag_03191_00542970082.wav,2.987,-109.58,False,1.728,tamil,
/content/drive/MyDrive/Audio_dataset/tamil/tag_03191_01284016178.wav,6.059,-108.36,False,4.288,tamil,
/content/drive/MyDrive/Audio_dataset/tamil/tag_03191_00116023919.wav,5.547,-111.97,False,3.712,tamil,
/content/drive/MyDrive/Audio_dataset/tamil/tag_03191_01300902891.wav,4.864,-108.93,False,4.0,tamil,
/content/drive/MyDrive/Audio_dataset/tamil/tag_03191_00279066301.wav,5.376,-108.6,False,3.328,tamil,
/content/drive/MyDrive/Audio_dataset/tamil/tag_03191_00036079093.wav,5.291,-123.95,False,4.576,tamil,
/content/drive/MyDrive/Audio_dataset/tamil/tag_03191_01082899595.wav,5.461,-126.76,False,4.288,tamil,
/content/drive/MyDrive/Audio_dataset/tamil/tag_03191_00991332326.wav,5.888,-105.9,False,4.032,tamil,
/content/drive/MyDrive/Audio_dataset/tamil/tag_03191_00302754974.wav,3.669,-156.79,False,2.048,tamil,
/content/drive/MyDrive/Audio_dataset/tamil/tag_01818_02104922035.wav,3.669,-125.23,False,1.984,tamil,
/content/drive/MyDrive/Audio_dataset/tamil/tag_03191_00720581095.wav,3.755,-107.31,False,2.528,tamil,
/content/drive/MyDrive/Audio_dataset/tamil/tag_01818_02121502033.wav,4.608,-112.18,False,2.784,tamil,
/content/drive/MyDrive/Audio_dataset/tamil/tag_03191_01139779497.wav,4.011,-110.1,False,3.104,tamil,
/content/drive/MyDrive/Audio_dataset/tamil/tag_03191_00641242380.wav,7.509,-129.78,False,6.144,tamil,
/content/drive/MyDrive/Audio_dataset/tamil/tag_03191_01091362667.wav,3.413,-132.65,False,2.208,tamil,
/content/drive/MyDrive/Audio_dataset/tamil/tag_03191_01363031524.wav,5.632,-112.61,False,4.512,tamil,
/content/drive/MyDrive/Audio_dataset/tamil/tag_03191_01384777235.wav,4.437,-149.84,False,2.88,tamil,
/content/drive/MyDrive/Audio_dataset/tamil/tag_03191_01807119153.wav,7.424,-109.3,False,5.792,tamil,
/content/drive/MyDrive/Audio_dataset/tamil/tag_03191_02062257742.wav,3.84,-111.62,False,1.696,tamil,
/content/drive/MyDrive/Audio_dataset/tamil/tag_03191_01902745544.wav,4.779,-132.04,False,3.424,tamil,
/content/drive/MyDrive/Audio_dataset/tamil/tag_03191_02108765679.wav,6.229,-116.16,False,5.344,tamil,
/content/drive/MyDrive/Audio_dataset/tamil/tag_03191_02134595618.wav,5.632,-110.36,False,4.128,tamil,
/content/drive/MyDrive/Audio_dataset/tamil/tag_03191_02092525625.wav,5.547,-113.45,False,4.384,tamil,
/content/drive/MyDrive/Audio_dataset/tamil/tag_03191_01926815445.wav,5.803,-113.98,False,4.512,tamil,
/content/drive/MyDrive/Audio_dataset/tamil/tag_03762_00009759176.wav,6.571,-105.31,False,4.192,tamil,
/content/drive/MyDrive/Audio_dataset/tamil/tag_03191_01557683803.wav,3.669,-130.89,False,2.144,tamil,
/content/drive/MyDrive/Audio_dataset/tamil/tag_03191_01988180598.wav,6.827,-114.38,False,5.536,tamil,
/content/drive/MyDrive/Audio_dataset/tamil/tag_03191_02095536773.wav,6.741,-113.94,False,5.44,tamil,
/content/drive/MyDrive/Audio_dataset/tamil/tag_03191_01526248912.wav,5.291,-119.56,False,3.744,tamil,
/content/drive/MyDrive/Audio_dataset/tamil/tag_03762_00183621967.wav,8.363,-116.05,False,5.024,tamil,
/content/drive/MyDrive/Audio_dataset/tamil/tag_03191_01489135896.wav,4.011,-116.99,False,2.272,tamil,
/content/drive/MyDrive/Audio_dataset/tamil/tag_03762_00174283592.wav,5.205,-123.21,False,2.528,tamil,
/content/drive/MyDrive/Audio_dataset/tamil/tag_03762_00033138707.wav,7.509,-123.19,False,4.48,tamil,
/content/drive/MyDrive/Audio_dataset/tamil/tag_03191_01621223828.wav,5.973,-122.99,False,4.704,tamil,
/content/drive/MyDrive/Audio_dataset/tamil/tag_03191_01876361134.wav,4.267,-125.65,False,3.2,tamil,
/content/drive/MyDrive/Audio_dataset/tamil/tag_03191_01555759604.wav,5.035,-114.68,False,3.904,tamil,
/content/drive/MyDrive/Audio_dataset/tamil/tag_03762_00196196045.wav,6.059,-112.85,False,2.752,tamil,
/content/drive/MyDrive/Audio_dataset/tamil/tag_03191_01935459471.wav,2.731,-109.44,False,1.248,tamil,
/content/drive/MyDrive/Audio_dataset/tamil/tag_03762_00170013877.wav,4.523,-115.75,False,2.208,tamil,
/content/drive/MyDrive/Audio_dataset/tamil/tag_03191_01736519562.wav,2.987,-130.04,False,1.696,tamil,
/content/drive/MyDrive/Audio_dataset/tamil/tag_03191_01927190344.wav,3.669,-104.21,False,2.112,tamil,
/content/drive/MyDrive/Audio_dataset/tamil/tag_03191_01928090699.wav,4.523,-107.31,False,3.328,tamil,
/content/drive/MyDrive/Audio_dataset/tamil/tag_03191_01572624895.wav,8.021,-120.22,False,6.624,tamil,
/content/drive/MyDrive/Audio_dataset/tamil/tag_03191_02036796205.wav,4.608,-108.46,False,2.848,tamil,
/content/drive/MyDrive/Audio_dataset/tamil/tag_03191_02040466390.wav,4.096,-105.41,False,2.88,tamil,
/content/drive/MyDrive/Audio_dataset/tamil/tag_03762_00007009839.wav,5.291,-110.78,False,2.24,tamil,
/content/drive/MyDrive/Audio_dataset/tamil/tag_03191_02001108873.wav,4.693,-107.54,False,3.616,tamil,
/content/drive/MyDrive/Audio_dataset/tamil/tag_03191_02117290078.wav,5.376,-165.92,False,3.776,tamil,
/content/drive/MyDrive/Audio_dataset/tamil/tag_03762_00047556055.wav,5.973,-110.1,False,2.784,tamil,
/content/drive/MyDrive/Audio_dataset/tamil/tag_03191_01610732270.wav,7.253,-111.96,False,5.088,tamil,
/content/drive/MyDrive/Audio_dataset/tamil/tag_03191_01798920224.wav,5.035,-113.85,False,3.072,tamil,
/content/drive/MyDrive/Audio_dataset/tamil/tag_03762_00131671026.wav,6.059,-118.22,False,4.192,tamil,
/content/drive/MyDrive/Audio_dataset/tamil/tag_03762_01431574483.wav,12.971,-117.81,False,3.456,tamil,
/content/drive/MyDrive/Audio_dataset/tamil/tag_03837_01056391718.wav,11.179,-117.97,False,9.28,tamil,
/content/drive/MyDrive/Audio_dataset/tamil/tag_05935_00840972494.wav,12.885,-117.37,False,4.48,tamil,
/content/drive/MyDrive/Audio_dataset/tamil/tag_05935_01264600995.wav,11.008,-117.3,False,7.968,tamil,
/content/drive/MyDrive/Audio_dataset/tamil/tag_05935_01337530780.wav,11.435,-115.39,False,7.072,tamil,
/content/drive/MyDrive/Audio_dataset/tamil/tag_05935_00164849924.wav,11.947,-119.57,False,3.968,tamil,
/content/drive/MyDrive/Audio_dataset/tamil/tag_05935_01015907946.wav,11.349,-126.97,False,4.864,tamil,
/content/drive/MyDrive/Audio_dataset/tamil/tag_05935_00592254028.wav,11.008,-116.67,False,6.432,tamil,
/content/drive/MyDrive/Audio_dataset/tamil/tag_05935_00483359077.wav,11.691,-117.48,False,5.792,tamil,
/content/drive/MyDrive/Audio_dataset/tamil/tag_05935_01440644619.wav,11.691,-135.33,False,6.688,tamil,
/content/drive/MyDrive/Audio_dataset/tamil/tag_05935_01744834506.wav,14.763,-119.54,False,6.4,tamil,
/content/drive/MyDrive/Audio_dataset/tamil/tag_05935_01933416367.wav,10.923,-113.49,False,1.728,tamil,
/content/drive/MyDrive/Audio_dataset/tamil/tag_05935_02033864220.wav,17.152,-121.68,False,5.408,tamil,
/content/drive/MyDrive/Audio_dataset/tamil/tag_05935_01843572638.wav,11.179,-113.13,False,4.32,tamil,
/content/drive/MyDrive/Audio_dataset/tamil/tag_07925_01903040987.wav,11.861,-124.38,False,4.288,tamil,
/content/drive/MyDrive/Audio_dataset/tamil/tag_08228_00607144721.wav,12.8,-120.46,False,4.608,tamil,
/content/drive/MyDrive/Audio_dataset/tamil/tag_09674_00166963930.wav,11.008,-118.58,False,7.072,tamil,
/content/drive/MyDrive/Audio_dataset/tamil/tag_09674_01057426906.wav,11.179,-119.37,False,7.872,tamil,
/content/drive/MyDrive/Audio_dataset/tamil/tag_09674_01419491548.wav,11.861,-119.5,False,8.352,tamil,
/content/drive/MyDrive/Audio_dataset/tamil/tag_09674_01721684391.wav,11.605,-120.2,False,8.576,tamil,
/content/drive/MyDrive/Audio_dataset/tamil/tag_09674_01766482763.wav,10.923,-116.83,False,5.888,tamil,
/content/drive/MyDrive/Audio_dataset/tamil/tag_00023_00212659563.wav,5.291,-115.11,False,2.272,tamil,
/content/drive/MyDrive/Audio_dataset/tamil/tag_00023_00002135809.wav,4.011,-111.33,False,1.984,tamil,
/content/drive/MyDrive/Audio_dataset/tamil/tag_00023_00886030569.wav,7.253,-113.7,False,3.616,tamil,
/content/drive/MyDrive/Audio_dataset/tamil/tag_00023_01062161119.wav,10.411,-120.11,False,5.248,tamil,
/content/drive/MyDrive/Audio_dataset/tamil/tag_00023_00956204225.wav,5.632,-112.38,False,3.36,tamil,
/content/drive/MyDrive/Audio_dataset/tamil/tag_00023_00316056243.wav,10.923,-118.19,False,3.904,tamil,
/content/drive/MyDrive/Audio_dataset/tamil/tag_00023_00042942184.wav,6.571,-115.7,False,3.744,tamil,
/content/drive/MyDrive/Audio_dataset/tamil/tag_00023_00521679466.wav,12.459,-118.25,False,10.048,tamil,
/content/drive/MyDrive/Audio_dataset/tamil/tag_00023_00397654232.wav,9.472,-116.89,False,6.688,tamil,
/content/drive/MyDrive/Audio_dataset/Telugu/11519.mp3,4.981,-101.49,False,3.893,Telugu,
/content/drive/MyDrive/Audio_dataset/Telugu/11028.mp3,5.004,-106.78,False,4.908,Telugu,
/content/drive/MyDrive/Audio_dataset/Telugu/11071.mp3,5.004,-108.74,False,5.004,Telugu,
/content/drive/MyDrive/Audio_dataset/Telugu/11473.mp3,4.981,-132.75,False,4.981,Telugu,
/content/drive/MyDrive/Audio_dataset/Telugu/11584.mp3,4.981,-105.37,False,4.864,Telugu,
/content/drive/MyDrive/Audio_dataset/Telugu/11341.mp3,5.005,-103.3,False,3.757,Telugu,
/content/drive/MyDrive/Audio_dataset/Telugu/10167.mp3,5.004,-133.7,False,4.96,Telugu,
/content/drive/MyDrive/Audio_dataset/Telugu/10686.mp3,4.981,-91.21,False,4.981,Telugu,
/content/drive/MyDrive/Audio_dataset/Telugu/10939.mp3,4.977,-92.93,False,4.977,Telugu,
/content/drive/MyDrive/Audio_dataset/Telugu/10291.mp3,4.977,-136.55,False,4.384,Telugu,
/content/drive/MyDrive/Audio_dataset/Telugu/10013.mp3,4.977,-125.51,False,4.849,Telugu,
/content/drive/MyDrive/Audio_dataset/Telugu/11463.mp3,4.981,-112.51,False,4.096,Telugu,
/content/drive/MyDrive/Audio_dataset/Telugu/10703.mp3,4.981,-108.1,False,4.981,Telugu,
/content/drive/MyDrive/Audio_dataset/Telugu/11203.mp3,5.005,-94.52,False,4.365,Telugu,
/content/drive/MyDrive/Audio_dataset/Telugu/11044.mp3,5.005,-100.35,False,4.013,Telugu,
/content/drive/MyDrive/Audio_dataset/Telugu/11681.mp3,5.004,-93.98,False,5.004,Telugu,
/content/drive/MyDrive/Audio_dataset/Telugu/10602.mp3,5.005,-101.57,False,5.005,Telugu,
/content/drive/MyDrive/Audio_dataset/Telugu/11507.mp3,5.005,-114.15,False,5.005,Telugu,
/content/drive/MyDrive/Audio_dataset/Telugu/10701.mp3,4.981,-104.44,False,4.896,Telugu,
/content/drive/MyDrive/Audio_dataset/Telugu/11306.mp3,4.977,-96.93,False,4.977,Telugu,
/content/drive/MyDrive/Audio_dataset/Telugu/11683.mp3,4.981,-111.32,False,4.981,Telugu,
/content/drive/MyDrive/Audio_dataset/Telugu/10504.mp3,4.981,-97.76,False,4.48,Telugu,
/content/drive/MyDrive/Audio_dataset/Telugu/11769.mp3,4.981,-111.42,False,4.224,Telugu,
/content/drive/MyDrive/Audio_dataset/Telugu/10176.mp3,4.981,-109.45,False,4.949,Telugu,
/content/drive/MyDrive/Audio_dataset/Telugu/11275.mp3,5.005,-116.1,False,4.576,Telugu,
/content/drive/MyDrive/Audio_dataset/Telugu/11704.mp3,4.981,-115.32,False,4.981,Telugu,
/content/drive/MyDrive/Audio_dataset/Telugu/11670.mp3,4.981,-112.42,False,4.768,Telugu,
/content/drive/MyDrive/Audio_dataset/Telugu/10852.mp3,4.981,-110.16,False,4.725,Telugu,
/content/drive/MyDrive/Audio_dataset/Telugu/10418.mp3,4.977,-107.03,False,4.096,Telugu,
/content/drive/MyDrive/Audio_dataset/Telugu/10192.mp3,5.004,-109.2,False,4.448,Telugu,
/content/drive/MyDrive/Audio_dataset/Telugu/11114.mp3,5.004,-101.47,False,4.972,Telugu,
/content/drive/MyDrive/Audio_dataset/Telugu/11671.mp3,4.977,-108.42,False,3.84,Telugu,
/content/drive/MyDrive/Audio_dataset/Telugu/10630.mp3,4.977,-111.19,False,4.256,Telugu,
/content/drive/MyDrive/Audio_dataset/Telugu/10556.mp3,4.977,-98.09,False,4.928,Telugu,
/content/drive/MyDrive/Audio_dataset/Telugu/10296.mp3,4.977,-79.85,False,4.977,Telugu,
/content/drive/MyDrive/Audio_dataset/Telugu/11246.mp3,4.981,-116.0,False,4.981,Telugu,
/content/drive/MyDrive/Audio_dataset/Telugu/10087.mp3,5.004,-103.52,False,4.972,Telugu,
/content/drive/MyDrive/Audio_dataset/Telugu/10765.mp3,4.981,-97.52,False,4.917,Telugu,
/content/drive/MyDrive/Audio_dataset/Telugu/10436.mp3,4.981,-105.07,False,4.896,Telugu,
/content/drive/MyDrive/Audio_dataset/Telugu/11188.mp3,4.981,-124.03,False,4.981,Telugu,
/content/drive/MyDrive/Audio_dataset/Telugu/11590.mp3,4.981,-86.78,False,4.917,Telugu,
/content/drive/MyDrive/Audio_dataset/Telugu/11381.mp3,4.977,-117.46,False,4.721,Telugu,
/content/drive/MyDrive/Audio_dataset/Telugu/11368.mp3,4.977,-144.79,False,4.896,Telugu,
/content/drive/MyDrive/Audio_dataset/Telugu/10850.mp3,4.981,-100.39,False,4.16,Telugu,
/content/drive/MyDrive/Audio_dataset/Telugu/11701.mp3,4.981,-97.59,False,4.565,Telugu,
/content/drive/MyDrive/Audio_dataset/Telugu/11452.mp3,4.981,-109.17,False,4.981,Telugu,
/content/drive/MyDrive/Audio_dataset/Telugu/11430.mp3,4.981,-101.48,False,4.64,Telugu,
/content/drive/MyDrive/Audio_dataset/Telugu/11579.mp3,4.981,-105.57,False,4.917,Telugu,
/content/drive/MyDrive/Audio_dataset/Telugu/10794.mp3,5.005,-94.06,False,5.005,Telugu,
/content/drive/MyDrive/Audio_dataset/Telugu/11602.mp3,4.977,-77.3,False,4.977,Telugu,
/content/drive/MyDrive/Audio_dataset/Telugu/10503.mp3,5.005,-99.46,False,5.005,Telugu,
/content/drive/MyDrive/Audio_dataset/Telugu/11288.mp3,4.981,-99.98,False,4.437,Telugu,
/content/drive/MyDrive/Audio_dataset/Telugu/10348.mp3,4.977,-95.62,False,4.945,Telugu,
/content/drive/MyDrive/Audio_dataset/Telugu/10304.mp3,4.981,-117.32,False,4.565,Telugu,
/content/drive/MyDrive/Audio_dataset/Telugu/10371.mp3,5.004,-97.58,False,3.808,Telugu,
/content/drive/MyDrive/Audio_dataset/Telugu/11542.mp3,4.977,-95.28,False,4.977,Telugu,
/content/drive/MyDrive/Audio_dataset/Telugu/10618.mp3,4.981,-101.3,False,4.981,Telugu,
/content/drive/MyDrive/Audio_dataset/Telugu/10229.mp3,4.981,-139.54,False,4.437,Telugu,
/content/drive/MyDrive/Audio_dataset/Telugu/10294.mp3,5.004,-105.1,False,4.044,Telugu,
/content/drive/MyDrive/Audio_dataset/Telugu/11324.mp3,4.977,-132.55,False,3.52,Telugu,
/content/drive/MyDrive/Audio_dataset/Telugu/11714.mp3,4.981,-103.67,False,4.981,Telugu,
/content/drive/MyDrive/Audio_dataset/Telugu/11161.mp3,5.004,-90.49,False,4.704,Telugu,
/content/drive/MyDrive/Audio_dataset/Telugu/10807.mp3,4.981,-100.65,False,4.949,Telugu,
/content/drive/MyDrive/Audio_dataset/Telugu/11428.mp3,5.005,-102.99,False,5.005,Telugu,
/content/drive/MyDrive/Audio_dataset/Telugu/11014.mp3,4.981,-113.66,False,3.669,Telugu,
/content/drive/MyDrive/Audio_dataset/Telugu/10901.mp3,4.977,-139.83,False,4.977,Telugu,
/content/drive/MyDrive/Audio_dataset/Telugu/11440.mp3,5.004,-105.11,False,4.928,Telugu,
/content/drive/MyDrive/Audio_dataset/Telugu/10279.mp3,5.005,-100.51,False,5.005,Telugu,
/content/drive/MyDrive/Audio_dataset/Telugu/11627.mp3,4.981,-107.56,False,4.672,Telugu,
/content/drive/MyDrive/Audio_dataset/Telugu/10351.mp3,4.981,-120.71,False,4.981,Telugu,
/content/drive/MyDrive/Audio_dataset/Telugu/11140.mp3,5.005,-106.86,False,4.973,Telugu,
/content/drive/MyDrive/Audio_dataset/Telugu/10301.mp3,4.977,-99.94,False,4.977,Telugu,
/content/drive/MyDrive/Audio_dataset/Telugu/11083.mp3,4.981,-100.13,False,4.981,Telugu,
/content/drive/MyDrive/Audio_dataset/Telugu/11406.mp3,4.977,-111.59,False,4.977,Telugu,
/content/drive/MyDrive/Audio_dataset/Telugu/11474.mp3,4.977,-132.33,False,4.977,Telugu,
/content/drive/MyDrive/Audio_dataset/Telugu/13306.mp3,4.981,-127.7,False,4.864,Telugu,
/content/drive/MyDrive/Audio_dataset/Telugu/13178.mp3,5.004,-125.09,False,4.588,Telugu,
/content/drive/MyDrive/Audio_dataset/Telugu/11958.mp3,5.005,-104.8,False,4.928,Telugu,
/content/drive/MyDrive/Audio_dataset/Telugu/11960.mp3,4.981,-117.01,False,4.981,Telugu,
/content/drive/MyDrive/Audio_dataset/Telugu/12647.mp3,5.004,-140.38,False,4.972,Telugu,
/content/drive/MyDrive/Audio_dataset/Telugu/13587.mp3,5.005,-93.78,False,4.781,Telugu,
/content/drive/MyDrive/Audio_dataset/Telugu/12204.mp3,4.977,-101.05,False,4.96,Telugu,
/content/drive/MyDrive/Audio_dataset/Telugu/12516.mp3,4.981,-99.74,False,4.981,Telugu,
/content/drive/MyDrive/Audio_dataset/Telugu/13163.mp3,5.005,-117.23,False,4.512,Telugu,
/content/drive/MyDrive/Audio_dataset/Telugu/12390.mp3,4.981,-106.6,False,4.981,Telugu,
/content/drive/MyDrive/Audio_dataset/Telugu/11875.mp3,4.977,-99.17,False,4.8,Telugu,
/content/drive/MyDrive/Audio_dataset/Telugu/13642.mp3,4.977,-110.09,False,4.448,Telugu,
/content/drive/MyDrive/Audio_dataset/Telugu/12182.mp3,4.981,-101.0,False,4.981,Telugu,
/content/drive/MyDrive/Audio_dataset/Telugu/12551.mp3,4.981,-97.12,False,4.981,Telugu,
/content/drive/MyDrive/Audio_dataset/Telugu/12330.mp3,4.981,-85.75,False,4.661,Telugu,
/content/drive/MyDrive/Audio_dataset/Telugu/12040.mp3,5.004,-119.72,False,4.492,Telugu,
/content/drive/MyDrive/Audio_dataset/Telugu/13057.mp3,4.981,-110.11,False,4.981,Telugu,
/content/drive/MyDrive/Audio_dataset/Telugu/12398.mp3,4.981,-122.04,False,4.981,Telugu,
/content/drive/MyDrive/Audio_dataset/Telugu/12558.mp3,4.981,-98.0,False,3.808,Telugu,
/content/drive/MyDrive/Audio_dataset/Telugu/12835.mp3,5.005,-107.26,False,5.005,Telugu,
/content/drive/MyDrive/Audio_dataset/Telugu/13409.mp3,4.977,-110.55,False,4.913,Telugu,
/content/drive/MyDrive/Audio_dataset/Telugu/12769.mp3,4.981,-93.18,False,4.661,Telugu,
/content/drive/MyDrive/Audio_dataset/Telugu/12994.mp3,4.981,-98.98,False,4.981,Telugu,
/content/drive/MyDrive/Audio_dataset/Telugu/13487.mp3,4.981,-105.69,False,4.565,Telugu,
/content/drive/MyDrive/Audio_dataset/Telugu/12710.mp3,4.981,-99.63,False,4.405,Telugu,
/content/drive/MyDrive/Audio_dataset/Telugu/12553.mp3,5.005,-93.16,False,5.005,Telugu,
/content/drive/MyDrive/Audio_dataset/Telugu/12349.mp3,4.981,-116.05,False,4.981,Telugu,
/content/drive/MyDrive/Audio_dataset/Telugu/13344.mp3,5.005,-101.73,False,5.005,Telugu,
/content/drive/MyDrive/Audio_dataset/Telugu/12247.mp3,4.981,-120.41,False,4.981,Telugu,
/content/drive/MyDrive/Audio_dataset/Telugu/13460.mp3,5.005,-129.4,False,5.005,Telugu,
/content/drive/MyDrive/Audio_dataset/Telugu/13082.mp3,4.981,-104.3,False,4.981,Telugu,
/content/drive/MyDrive/Audio_dataset/Telugu/13126.mp3,5.005,-101.53,False,5.005,Telugu,
/content/drive/MyDrive/Audio_dataset/Telugu/12913.mp3,5.004,-110.06,False,4.524,Telugu,
/content/drive/MyDrive/Audio_dataset/Telugu/12656.mp3,4.981,-115.78,False,4.981,Telugu,
/content/drive/MyDrive/Audio_dataset/Telugu/12771.mp3,4.977,-106.01,False,4.977,Telugu,
/content/drive/MyDrive/Audio_dataset/Telugu/13615.mp3,5.004,-79.22,False,4.684,Telugu,
/content/drive/MyDrive/Audio_dataset/Telugu/11930.mp3,5.004,-121.5,False,4.972,Telugu,
/content/drive/MyDrive/Audio_dataset/Telugu/13440.mp3,4.981,-107.28,False,4.981,Telugu,
/content/drive/MyDrive/Audio_dataset/Telugu/11907.mp3,4.977,-73.56,False,4.977,Telugu,
/content/drive/MyDrive/Audio_dataset/Telugu/11969.mp3,4.977,-96.46,False,4.977,Telugu,
/content/drive/MyDrive/Audio_dataset/Telugu/13539.mp3,5.005,-106.68,False,5.005,Telugu,
/content/drive/MyDrive/Audio_dataset/Telugu/11804.mp3,5.004,-102.63,False,4.704,Telugu,
/content/drive/MyDrive/Audio_dataset/Telugu/11779.mp3,5.005,-94.39,False,5.005,Telugu,
/content/drive/MyDrive/Audio_dataset/Telugu/13310.mp3,4.981,-111.66,False,4.981,Telugu,
/content/drive/MyDrive/Audio_dataset/Telugu/12436.mp3,4.977,-112.35,False,4.913,Telugu,
/content/drive/MyDrive/Audio_dataset/Telugu/12916.mp3,5.004,-109.69,False,5.004,Telugu,
/content/drive/MyDrive/Audio_dataset/Telugu/12977.mp3,5.005,-96.67,False,5.005,Telugu,
/content/drive/MyDrive/Audio_dataset/Telugu/12941.mp3,4.981,-128.56,False,4.693,Telugu,
/content/drive/MyDrive/Audio_dataset/Telugu/12603.mp3,4.981,-119.21,False,4.725,Telugu,
/content/drive/MyDrive/Audio_dataset/Telugu/12965.mp3,4.981,-113.0,False,4.704,Telugu,
/content/drive/MyDrive/Audio_dataset/Telugu/12928.mp3,5.005,-102.48,False,5.005,Telugu,
/content/drive/MyDrive/Audio_dataset/Telugu/13141.mp3,5.005,-111.78,False,5.005,Telugu,
/content/drive/MyDrive/Audio_dataset/Telugu/13543.mp3,4.981,-102.83,False,4.384,Telugu,
/content/drive/MyDrive/Audio_dataset/Telugu/12938.mp3,4.977,-73.26,False,4.977,Telugu,
/content/drive/MyDrive/Audio_dataset/Telugu/12166.mp3,5.004,-135.78,False,4.576,Telugu,
/content/drive/MyDrive/Audio_dataset/Telugu/12470.mp3,4.981,-115.91,False,3.68,Telugu,
/content/drive/MyDrive/Audio_dataset/Telugu/12727.mp3,4.981,-99.6,False,3.808,Telugu,
/content/drive/MyDrive/Audio_dataset/Telugu/12907.mp3,4.977,-131.51,False,4.928,Telugu,
/content/drive/MyDrive/Audio_dataset/Telugu/12089.mp3,4.977,-81.7,False,4.945,Telugu,
/content/drive/MyDrive/Audio_dataset/Telugu/12799.mp3,4.977,-103.48,False,3.601,Telugu,
/content/drive/MyDrive/Audio_dataset/Telugu/12473.mp3,4.977,-99.58,False,4.832,Telugu,
/content/drive/MyDrive/Audio_dataset/Telugu/13107.mp3,5.004,-124.33,False,5.004,Telugu,
/content/drive/MyDrive/Audio_dataset/Telugu/12393.mp3,5.004,-130.41,False,4.928,Telugu,
/content/drive/MyDrive/Audio_dataset/Telugu/13361.mp3,4.981,-91.44,False,4.981,Telugu,
/content/drive/MyDrive/Audio_dataset/Telugu/12888.mp3,5.005,-117.17,False,4.736,Telugu,
/content/drive/MyDrive/Audio_dataset/Telugu/11813.mp3,4.977,-104.91,False,4.977,Telugu,
/content/drive/MyDrive/Audio_dataset/Telugu/12536.mp3,5.004,-82.62,False,4.748,Telugu,
/content/drive/MyDrive/Audio_dataset/Telugu/12924.mp3,4.981,-98.67,False,4.448,Telugu,
/content/drive/MyDrive/Audio_dataset/Telugu/13463.mp3,4.981,-94.32,False,4.981,Telugu,
/content/drive/MyDrive/Audio_dataset/Telugu/12971.mp3,4.977,-114.48,False,4.945,Telugu,
/content/drive/MyDrive/Audio_dataset/Telugu/12482.mp3,4.981,-104.92,False,4.949,Telugu,
/content/drive/MyDrive/Audio_dataset/Telugu/12637.mp3,4.981,-114.43,False,4.917,Telugu,
/content/drive/MyDrive/Audio_dataset/Telugu/12492.mp3,4.977,-92.09,False,4.977,Telugu,
/content/drive/MyDrive/Audio_dataset/Telugu/12098.mp3,4.981,-96.05,False,4.981,Telugu,
/content/drive/MyDrive/Audio_dataset/Telugu/13132.mp3,4.977,-96.03,False,4.689,Telugu,
/content/drive/MyDrive/Audio_dataset/Telugu/12726.mp3,4.981,-102.33,False,4.981,Telugu,
/content/drive/MyDrive/Audio_dataset/Telugu/12959.mp3,5.004,-102.74,False,4.576,Telugu,
/content/drive/MyDrive/Audio_dataset/Telugu/12715.mp3,5.004,-95.0,False,4.416,Telugu,
/content/drive/MyDrive/Audio_dataset/Telugu/13843.mp3,5.004,-94.25,False,4.972,Telugu,
/content/drive/MyDrive/Audio_dataset/Telugu/15411.mp3,4.977,-96.38,False,4.945,Telugu,
/content/drive/MyDrive/Audio_dataset/Telugu/13906.mp3,4.981,-95.89,False,4.981,Telugu,
/content/drive/MyDrive/Audio_dataset/Telugu/15516.mp3,4.981,-105.22,False,4.768,Telugu,
/content/drive/MyDrive/Audio_dataset/Telugu/14313.mp3,4.977,-107.08,False,4.465,Telugu,
/content/drive/MyDrive/Audio_dataset/Telugu/13806.mp3,5.005,-95.68,False,5.005,Telugu,
/content/drive/MyDrive/Audio_dataset/Telugu/15681.mp3,4.977,-113.73,False,4.945,Telugu,
/content/drive/MyDrive/Audio_dataset/Telugu/13703.mp3,5.005,-109.78,False,5.005,Telugu,
/content/drive/MyDrive/Audio_dataset/Telugu/15027.mp3,4.981,-123.2,False,4.864,Telugu,
/content/drive/MyDrive/Audio_dataset/Telugu/15001.mp3,4.977,-99.22,False,4.864,Telugu,
/content/drive/MyDrive/Audio_dataset/Telugu/14773.mp3,5.005,-103.7,False,4.608,Telugu,
/content/drive/MyDrive/Audio_dataset/Telugu/14064.mp3,4.977,-134.46,False,4.704,Telugu,
/content/drive/MyDrive/Audio_dataset/Telugu/14704.mp3,5.004,-73.77,False,4.8,Telugu,
/content/drive/MyDrive/Audio_dataset/Telugu/14049.mp3,4.981,-96.95,False,4.757,Telugu,
/content/drive/MyDrive/Audio_dataset/Telugu/14448.mp3,4.981,-104.95,False,4.501,Telugu,
/content/drive/MyDrive/Audio_dataset/Telugu/15639.mp3,5.005,-100.78,False,4.512,Telugu,
/content/drive/MyDrive/Audio_dataset/Telugu/15183.mp3,4.981,-105.87,False,4.981,Telugu,
/content/drive/MyDrive/Audio_dataset/Telugu/14661.mp3,5.005,-94.47,False,4.973,Telugu,
/content/drive/MyDrive/Audio_dataset/Telugu/14552.mp3,4.977,-119.93,False,4.928,Telugu,
/content/drive/MyDrive/Audio_dataset/Telugu/14171.mp3,4.977,-126.24,False,4.864,Telugu,
/content/drive/MyDrive/Audio_dataset/Telugu/14606.mp3,4.977,-99.15,False,4.96,Telugu,
/content/drive/MyDrive/Audio_dataset/Telugu/13783.mp3,4.981,-93.09,False,4.981,Telugu,
/content/drive/MyDrive/Audio_dataset/Telugu/14084.mp3,4.981,-113.23,False,4.981,Telugu,
/content/drive/MyDrive/Audio_dataset/Telugu/14160.mp3,4.977,-73.01,False,4.8,Telugu,
/content/drive/MyDrive/Audio_dataset/Telugu/14051.mp3,5.004,-122.09,False,4.972,Telugu,
/content/drive/MyDrive/Audio_dataset/Telugu/14097.mp3,4.981,-104.2,False,4.981,Telugu,
/content/drive/MyDrive/Audio_dataset/Telugu/14984.mp3,4.981,-109.36,False,4.981,Telugu,
/content/drive/MyDrive/Audio_dataset/Telugu/15337.mp3,4.981,-99.29,False,4.981,Telugu,
/content/drive/MyDrive/Audio_dataset/Telugu/13934.mp3,4.981,-115.72,False,4.512,Telugu,
/content/drive/MyDrive/Audio_dataset/Telugu/15209.mp3,4.977,-100.07,False,4.913,Telugu,
/content/drive/MyDrive/Audio_dataset/Telugu/15345.mp3,4.981,-105.32,False,4.981,Telugu,
/content/drive/MyDrive/Audio_dataset/Telugu/15428.mp3,4.977,-114.71,False,4.8,Telugu,
/content/drive/MyDrive/Audio_dataset/Telugu/14635.mp3,5.005,-125.02,False,5.005,Telugu,
/content/drive/MyDrive/Audio_dataset/Telugu/14017.mp3,4.977,-142.41,False,4.913,Telugu,
/content/drive/MyDrive/Audio_dataset/Telugu/14030.mp3,4.981,-101.06,False,4.789,Telugu,
/content/drive/MyDrive/Audio_dataset/Telugu/14821.mp3,4.981,-112.33,False,4.981,Telugu,
/content/drive/MyDrive/Audio_dataset/Telugu/15009.mp3,5.005,-98.81,False,4.653,Telugu,
/content/drive/MyDrive/Audio_dataset/Telugu/15642.mp3,4.981,-96.28,False,4.981,Telugu,
/content/drive/MyDrive/Audio_dataset/Telugu/1531.mp3,4.977,-122.92,False,4.945,Telugu,
/content/drive/MyDrive/Audio_dataset/Telugu/14999.mp3,5.005,-113.94,False,5.005,Telugu,
/content/drive/MyDrive/Audio_dataset/Telugu/15462.mp3,5.005,-131.89,False,4.493,Telugu,
/content/drive/MyDrive/Audio_dataset/Telugu/15212.mp3,4.981,-98.54,False,4.981,Telugu,
/content/drive/MyDrive/Audio_dataset/Telugu/14650.mp3,5.004,-95.91,False,4.288,Telugu,
/content/drive/MyDrive/Audio_dataset/Telugu/14783.mp3,4.981,-113.08,False,4.981,Telugu,
/content/drive/MyDrive/Audio_dataset/Telugu/14580.mp3,5.004,-75.76,False,4.928,Telugu,
/content/drive/MyDrive/Audio_dataset/Telugu/14944.mp3,4.981,-106.23,False,4.384,Telugu,
/content/drive/MyDrive/Audio_dataset/Telugu/15441.mp3,4.977,-75.26,False,4.881,Telugu,
/content/drive/MyDrive/Audio_dataset/Telugu/13742.mp3,4.977,-95.77,False,3.921,Telugu,
/content/drive/MyDrive/Audio_dataset/Telugu/13738.mp3,4.977,-105.13,False,4.945,Telugu,
/content/drive/MyDrive/Audio_dataset/Telugu/13675.mp3,5.005,-100.33,False,4.397,Telugu,
/content/drive/MyDrive/Audio_dataset/Telugu/15589.mp3,4.981,-106.83,False,4.981,Telugu,
/content/drive/MyDrive/Audio_dataset/Telugu/14603.mp3,5.004,-74.43,False,4.96,Telugu,
/content/drive/MyDrive/Audio_dataset/Telugu/15587.mp3,4.981,-87.64,False,4.981,Telugu,
/content/drive/MyDrive/Audio_dataset/Telugu/14630.mp3,4.977,-108.92,False,4.913,Telugu,
/content/drive/MyDrive/Audio_dataset/Telugu/15299.mp3,5.005,-111.9,False,5.005,Telugu,
/content/drive/MyDrive/Audio_dataset/Telugu/13802.mp3,4.981,-135.31,False,4.64,Telugu,
/content/drive/MyDrive/Audio_dataset/Telugu/14332.mp3,5.005,-121.06,False,5.005,Telugu,
/content/drive/MyDrive/Audio_dataset/Telugu/13788.mp3,5.005,-112.75,False,5.005,Telugu,
/content/drive/MyDrive/Audio_dataset/Telugu/13711.mp3,4.981,-113.36,False,4.981,Telugu,
/content/drive/MyDrive/Audio_dataset/Telugu/14285.mp3,4.981,-110.78,False,4.917,Telugu,
/content/drive/MyDrive/Audio_dataset/Telugu/14334.mp3,4.981,-104.53,False,4.597,Telugu,
/content/drive/MyDrive/Audio_dataset/Telugu/14534.mp3,4.981,-100.33,False,4.981,Telugu,
/content/drive/MyDrive/Audio_dataset/Telugu/14053.mp3,4.981,-95.25,False,4.981,Telugu,
/content/drive/MyDrive/Audio_dataset/Telugu/15385.mp3,4.977,-124.85,False,4.8,Telugu,
/content/drive/MyDrive/Audio_dataset/Telugu/15481.mp3,4.977,-101.26,False,4.977,Telugu,
/content/drive/MyDrive/Audio_dataset/Telugu/15158.mp3,4.981,-101.18,False,4.864,Telugu,
/content/drive/MyDrive/Audio_dataset/Telugu/14299.mp3,4.981,-106.77,False,4.981,Telugu,
/content/drive/MyDrive/Audio_dataset/Telugu/14390.mp3,4.981,-120.99,False,4.757,Telugu,
/content/drive/MyDrive/Audio_dataset/Telugu/15317.mp3,4.981,-97.82,False,4.981,Telugu,
/content/drive/MyDrive/Audio_dataset/Telugu/15378.mp3,4.981,-100.04,False,4.949,Telugu,
/content/drive/MyDrive/Audio_dataset/Telugu/14145.mp3,4.981,-88.37,False,4.981,Telugu,
/content/drive/MyDrive/Audio_dataset/Telugu/14177.mp3,5.004,-121.57,False,4.972,Telugu,
/content/drive/MyDrive/Audio_dataset/Telugu/14063.mp3,4.977,-97.06,False,4.576,Telugu,
/content/drive/MyDrive/Audio_dataset/Telugu/13945.mp3,4.977,-119.76,False,4.465,Telugu,
/content/drive/MyDrive/Audio_dataset/Telugu/13726.mp3,0.231,-111.85,False,0.231,Telugu,
/content/drive/MyDrive/Audio_dataset/Telugu/15469.mp3,5.004,-97.18,False,4.448,Telugu,
/content/drive/MyDrive/Audio_dataset/Telugu/14903.mp3,4.977,-124.36,False,4.512,Telugu,
/content/drive/MyDrive/Audio_dataset/Telugu/14740.mp3,4.977,-100.03,False,4.593,Telugu,
/content/drive/MyDrive/Audio_dataset/Telugu/14477.mp3,4.981,-122.73,False,4.64,Telugu,
/content/drive/MyDrive/Audio_dataset/Telugu/14703.mp3,4.977,-100.67,False,4.689,Telugu,
/content/drive/MyDrive/Audio_dataset/Telugu/15555.mp3,5.005,-104.39,False,4.493,Telugu,
/content/drive/MyDrive/Audio_dataset/Telugu/14810.mp3,4.977,-101.47,False,4.849,Telugu,
/content/drive/MyDrive/Audio_dataset/Telugu/13985.mp3,4.977,-124.95,False,4.352,Telugu,
/content/drive/MyDrive/Audio_dataset/Telugu/15592.mp3,4.981,-102.95,False,4.693,Telugu,
/content/drive/MyDrive/Audio_dataset/Telugu/15420.mp3,4.981,-89.57,False,4.501,Telugu,
/content/drive/MyDrive/Audio_dataset/Telugu/15653.mp3,4.977,-99.26,False,4.928,Telugu,
/content/drive/MyDrive/Audio_dataset/Telugu/15249.mp3,4.981,-101.33,False,4.981,Telugu,
/content/drive/MyDrive/Audio_dataset/Telugu/13787.mp3,4.981,-126.44,False,4.896,Telugu,
/content/drive/MyDrive/Audio_dataset/Telugu/16990.mp3,4.981,-92.21,False,4.981,Telugu,
/content/drive/MyDrive/Audio_dataset/Telugu/1709.mp3,4.981,-119.08,False,4.64,Telugu,
/content/drive/MyDrive/Audio_dataset/Telugu/16543.mp3,5.004,-151.06,False,5.004,Telugu,
/content/drive/MyDrive/Audio_dataset/Telugu/17484.mp3,5.004,-126.31,False,4.576,Telugu,
/content/drive/MyDrive/Audio_dataset/Telugu/17022.mp3,5.005,-108.42,False,5.005,Telugu,
/content/drive/MyDrive/Audio_dataset/Telugu/1663.mp3,4.981,-106.12,False,4.885,Telugu,
/content/drive/MyDrive/Audio_dataset/Telugu/16290.mp3,4.977,-174.2,False,4.256,Telugu,
/content/drive/MyDrive/Audio_dataset/Telugu/16010.mp3,5.005,-122.66,False,5.005,Telugu,
/content/drive/MyDrive/Audio_dataset/Telugu/17474.mp3,4.977,-115.78,False,4.977,Telugu,
/content/drive/MyDrive/Audio_dataset/Telugu/16329.mp3,4.977,-98.55,False,3.616,Telugu,
/content/drive/MyDrive/Audio_dataset/Telugu/16308.mp3,4.981,-119.18,False,4.981,Telugu,
/content/drive/MyDrive/Audio_dataset/Telugu/16957.mp3,4.981,-114.34,False,4.48,Telugu,
/content/drive/MyDrive/Audio_dataset/Telugu/17233.mp3,4.977,-112.28,False,4.593,Telugu,
/content/drive/MyDrive/Audio_dataset/Telugu/16975.mp3,4.981,-118.72,False,4.981,Telugu,
/content/drive/MyDrive/Audio_dataset/Telugu/16742.mp3,4.981,-113.27,False,4.928,Telugu,
/content/drive/MyDrive/Audio_dataset/Telugu/16081.mp3,4.981,-100.75,False,4.981,Telugu,
/content/drive/MyDrive/Audio_dataset/Telugu/1606.mp3,4.977,-117.76,False,4.8,Telugu,
/content/drive/MyDrive/Audio_dataset/Telugu/16609.mp3,5.005,-114.02,False,4.941,Telugu,
/content/drive/MyDrive/Audio_dataset/Telugu/1622.mp3,4.977,-98.77,False,2.897,Telugu,
/content/drive/MyDrive/Audio_dataset/Telugu/16812.mp3,5.005,-103.55,False,4.493,Telugu,
/content/drive/MyDrive/Audio_dataset/Telugu/17207.mp3,4.977,-91.66,False,4.913,Telugu,
/content/drive/MyDrive/Audio_dataset/Telugu/16131.mp3,4.981,-105.45,False,4.501,Telugu,
/content/drive/MyDrive/Audio_dataset/Telugu/15963.mp3,4.981,-97.79,False,4.981,Telugu,
/content/drive/MyDrive/Audio_dataset/Telugu/16944.mp3,4.981,-96.86,False,4.8,Telugu,
/content/drive/MyDrive/Audio_dataset/Telugu/16167.mp3,5.004,-103.6,False,4.972,Telugu,
/content/drive/MyDrive/Audio_dataset/Telugu/16432.mp3,4.981,-119.38,False,4.981,Telugu,
/content/drive/MyDrive/Audio_dataset/Telugu/1679.mp3,5.004,-134.1,False,4.416,Telugu,
/content/drive/MyDrive/Audio_dataset/Telugu/17144.mp3,4.981,-113.71,False,4.981,Telugu,
/content/drive/MyDrive/Audio_dataset/Telugu/15714.mp3,5.005,-114.61,False,4.544,Telugu,
/content/drive/MyDrive/Audio_dataset/Telugu/16254.mp3,5.004,-110.26,False,4.14,Telugu,
/content/drive/MyDrive/Audio_dataset/Telugu/16999.mp3,4.981,-116.01,False,4.864,Telugu,
/content/drive/MyDrive/Audio_dataset/Telugu/15817.mp3,4.977,-105.77,False,4.977,Telugu,
/content/drive/MyDrive/Audio_dataset/Telugu/16246.mp3,4.977,-111.2,False,4.977,Telugu,
/content/drive/MyDrive/Audio_dataset/Telugu/16160.mp3,5.004,-102.5,False,4.94,Telugu,
/content/drive/MyDrive/Audio_dataset/Telugu/16256.mp3,5.004,-132.89,False,5.004,Telugu,
/content/drive/MyDrive/Audio_dataset/Telugu/17119.mp3,4.977,-114.19,False,4.913,Telugu,
/content/drive/MyDrive/Audio_dataset/Telugu/16320.mp3,5.004,-91.96,False,5.004,Telugu,
/content/drive/MyDrive/Audio_dataset/Telugu/16805.mp3,5.005,-113.39,False,5.005,Telugu,
/content/drive/MyDrive/Audio_dataset/Telugu/15915.mp3,4.993,-107.1,False,4.416,Telugu,
/content/drive/MyDrive/Audio_dataset/Telugu/1596.mp3,4.981,-95.37,False,4.949,Telugu,
/content/drive/MyDrive/Audio_dataset/Telugu/15934.mp3,4.977,-146.77,False,4.913,Telugu,
/content/drive/MyDrive/Audio_dataset/Telugu/17308.mp3,5.004,-106.11,False,4.972,Telugu,
/content/drive/MyDrive/Audio_dataset/Telugu/17333.mp3,5.005,-115.93,False,4.909,Telugu,
/content/drive/MyDrive/Audio_dataset/Telugu/15997.mp3,5.004,-121.02,False,4.972,Telugu,
/content/drive/MyDrive/Audio_dataset/Telugu/17403.mp3,5.004,-100.36,False,4.224,Telugu,
/content/drive/MyDrive/Audio_dataset/Telugu/16819.mp3,4.977,-73.82,False,4.913,Telugu,
/content/drive/MyDrive/Audio_dataset/Telugu/17011.mp3,4.977,-115.27,False,4.977,Telugu,
/content/drive/MyDrive/Audio_dataset/Telugu/17114.mp3,5.004,-94.08,False,4.928,Telugu,
/content/drive/MyDrive/Audio_dataset/Telugu/16532.mp3,4.981,-122.67,False,4.949,Telugu,
/content/drive/MyDrive/Audio_dataset/Telugu/1600.mp3,4.981,-103.94,False,4.341,Telugu,
/content/drive/MyDrive/Audio_dataset/Telugu/15828.mp3,5.005,-117.08,False,5.005,Telugu,
/content/drive/MyDrive/Audio_dataset/Telugu/16097.mp3,4.977,-132.43,False,4.945,Telugu,
/content/drive/MyDrive/Audio_dataset/Telugu/15726.mp3,5.004,-116.33,False,4.736,Telugu,
/content/drive/MyDrive/Audio_dataset/Telugu/16238.mp3,4.977,-110.87,False,4.352,Telugu,
/content/drive/MyDrive/Audio_dataset/Telugu/16104.mp3,4.981,-85.06,False,4.981,Telugu,
/content/drive/MyDrive/Audio_dataset/Telugu/15771.mp3,5.004,-102.81,False,4.96,Telugu,
/content/drive/MyDrive/Audio_dataset/Telugu/15720.mp3,5.004,-95.62,False,4.96,Telugu,
/content/drive/MyDrive/Audio_dataset/Telugu/16092.mp3,4.981,-114.93,False,4.949,Telugu,
/content/drive/MyDrive/Audio_dataset/Telugu/16027.mp3,4.981,-106.43,False,4.352,Telugu,
/content/drive/MyDrive/Audio_dataset/Telugu/16936.mp3,4.981,-108.39,False,4.981,Telugu,
/content/drive/MyDrive/Audio_dataset/Telugu/15904.mp3,5.004,-93.47,False,4.928,Telugu,
/content/drive/MyDrive/Audio_dataset/Telugu/16065.mp3,5.004,-75.03,False,4.992,Telugu,
/content/drive/MyDrive/Audio_dataset/Telugu/16336.mp3,4.981,-93.48,False,4.981,Telugu,
/content/drive/MyDrive/Audio_dataset/Telugu/15737.mp3,5.004,-75.89,False,5.004,Telugu,
/content/drive/MyDrive/Audio_dataset/Telugu/17120.mp3,5.005,-105.55,False,5.005,Telugu,
/content/drive/MyDrive/Audio_dataset/Telugu/17477.mp3,4.981,-127.87,False,4.437,Telugu,
/content/drive/MyDrive/Audio_dataset/Telugu/15804.mp3,4.977,-91.01,False,4.8,Telugu,
/content/drive/MyDrive/Audio_dataset/Telugu/16571.mp3,4.977,-92.57,False,4.977,Telugu,
/content/drive/MyDrive/Audio_dataset/Telugu/15981.mp3,4.981,-106.84,False,4.981,Telugu,
/content/drive/MyDrive/Audio_dataset/Telugu/16864.mp3,5.005,-113.55,False,5.005,Telugu,
/content/drive/MyDrive/Audio_dataset/Telugu/16467.mp3,4.977,-107.08,False,4.497,Telugu,
/content/drive/MyDrive/Audio_dataset/Telugu/17446.mp3,5.004,-108.6,False,4.748,Telugu,
/content/drive/MyDrive/Audio_dataset/Telugu/17198.mp3,4.981,-104.18,False,4.544,Telugu,
/content/drive/MyDrive/Audio_dataset/Telugu/16564.mp3,4.981,-117.57,False,4.256,Telugu,
/content/drive/MyDrive/Audio_dataset/Telugu/16913.mp3,4.977,-102.74,False,4.977,Telugu,
/content/drive/MyDrive/Audio_dataset/Telugu/17443.mp3,4.981,-103.92,False,4.757,Telugu,
/content/drive/MyDrive/Audio_dataset/Telugu/16765.mp3,4.977,-108.67,False,4.977,Telugu,
/content/drive/MyDrive/Audio_dataset/Telugu/1642.mp3,5.005,-103.49,False,4.525,Telugu,
/content/drive/MyDrive/Audio_dataset/Telugu/15712.mp3,4.981,-87.87,False,4.981,Telugu,
/content/drive/MyDrive/Audio_dataset/Telugu/17146.mp3,5.004,-118.73,False,4.972,Telugu,
/content/drive/MyDrive/Audio_dataset/Telugu/17118.mp3,5.004,-112.16,False,4.256,Telugu,
/content/drive/MyDrive/Audio_dataset/Telugu/15742.mp3,5.004,-103.3,False,4.972,Telugu,
/content/drive/MyDrive/Audio_dataset/Telugu/15899.mp3,4.977,-102.92,False,4.785,Telugu,
/content/drive/MyDrive/Audio_dataset/Telugu/16978.mp3,4.977,-79.45,False,4.945,Telugu,
/content/drive/MyDrive/Audio_dataset/Telugu/17033.mp3,4.977,-97.18,False,4.753,Telugu,
/content/drive/MyDrive/Audio_dataset/Telugu/17211.mp3,4.981,-129.01,False,4.896,Telugu,
/content/drive/MyDrive/Audio_dataset/Telugu/17078.mp3,4.977,-100.26,False,3.456,Telugu,
/content/drive/MyDrive/Audio_dataset/Telugu/15854.mp3,5.005,-91.84,False,5.005,Telugu,
/content/drive/MyDrive/Audio_dataset/Telugu/17572.mp3,4.977,-76.28,False,3.936,Telugu,
/content/drive/MyDrive/Audio_dataset/Telugu/19496.mp3,4.977,-123.88,False,3.968,Telugu,
/content/drive/MyDrive/Audio_dataset/Telugu/18584.mp3,4.981,-118.91,False,4.981,Telugu,
/content/drive/MyDrive/Audio_dataset/Telugu/18881.mp3,5.004,-121.35,False,4.684,Telugu,
/content/drive/MyDrive/Audio_dataset/Telugu/1859.mp3,4.977,-131.76,False,4.384,Telugu,
/content/drive/MyDrive/Audio_dataset/Telugu/17735.mp3,5.004,-124.97,False,4.972,Telugu,
/content/drive/MyDrive/Audio_dataset/Telugu/1749.mp3,5.005,-92.82,False,4.288,Telugu,
/content/drive/MyDrive/Audio_dataset/Telugu/1882.mp3,5.004,-125.54,False,4.384,Telugu,
/content/drive/MyDrive/Audio_dataset/Telugu/18304.mp3,5.005,-99.62,False,5.005,Telugu,
/content/drive/MyDrive/Audio_dataset/Telugu/17675.mp3,5.004,-110.58,False,5.004,Telugu,
/content/drive/MyDrive/Audio_dataset/Telugu/18635.mp3,4.981,-121.25,False,4.981,Telugu,
/content/drive/MyDrive/Audio_dataset/Telugu/18895.mp3,4.981,-102.93,False,4.608,Telugu,
/content/drive/MyDrive/Audio_dataset/Telugu/18068.mp3,4.977,-125.26,False,4.704,Telugu,
/content/drive/MyDrive/Audio_dataset/Telugu/17814.mp3,4.977,-100.86,False,4.945,Telugu,
/content/drive/MyDrive/Audio_dataset/Telugu/18653.mp3,4.981,-99.93,False,4.704,Telugu,
/content/drive/MyDrive/Audio_dataset/Telugu/17577.mp3,4.977,-136.72,False,4.256,Telugu,
/content/drive/MyDrive/Audio_dataset/Telugu/19453.mp3,5.004,-94.62,False,5.004,Telugu,
/content/drive/MyDrive/Audio_dataset/Telugu/18290.mp3,5.004,-146.36,False,4.972,Telugu,
/content/drive/MyDrive/Audio_dataset/Telugu/17498.mp3,5.004,-124.74,False,4.864,Telugu,
/content/drive/MyDrive/Audio_dataset/Telugu/18750.mp3,5.005,-94.67,False,4.224,Telugu,
/content/drive/MyDrive/Audio_dataset/Telugu/17862.mp3,4.981,-137.44,False,4.832,Telugu,
/content/drive/MyDrive/Audio_dataset/Telugu/18933.mp3,4.981,-109.41,False,4.949,Telugu,
/content/drive/MyDrive/Audio_dataset/Telugu/19558.mp3,4.977,-99.98,False,3.84,Telugu,
/content/drive/MyDrive/Audio_dataset/Telugu/17728.mp3,4.977,-121.6,False,4.96,Telugu,
/content/drive/MyDrive/Audio_dataset/Telugu/19210.mp3,4.981,-120.05,False,4.352,Telugu,
/content/drive/MyDrive/Audio_dataset/Telugu/18549.mp3,5.004,-128.17,False,4.972,Telugu,
/content/drive/MyDrive/Audio_dataset/Telugu/1880.mp3,4.981,-104.06,False,4.8,Telugu,
/content/drive/MyDrive/Audio_dataset/Telugu/19128.mp3,4.981,-127.82,False,4.864,Telugu,
/content/drive/MyDrive/Audio_dataset/Telugu/17932.mp3,4.981,-149.06,False,4.576,Telugu,
/content/drive/MyDrive/Audio_dataset/Telugu/17583.mp3,4.981,-132.28,False,4.629,Telugu,
/content/drive/MyDrive/Audio_dataset/Telugu/17746.mp3,4.977,-79.82,False,4.977,Telugu,
/content/drive/MyDrive/Audio_dataset/Telugu/18991.mp3,5.004,-98.37,False,5.004,Telugu,
/content/drive/MyDrive/Audio_dataset/Telugu/18458.mp3,4.981,-115.02,False,4.608,Telugu,
/content/drive/MyDrive/Audio_dataset/Telugu/17621.mp3,4.981,-107.24,False,4.864,Telugu,
/content/drive/MyDrive/Audio_dataset/Telugu/18686.mp3,4.981,-94.28,False,4.8,Telugu,
/content/drive/MyDrive/Audio_dataset/Telugu/1751.mp3,4.977,-95.19,False,4.576,Telugu,
/content/drive/MyDrive/Audio_dataset/Telugu/1889.mp3,5.005,-102.32,False,5.005,Telugu,
/content/drive/MyDrive/Audio_dataset/Telugu/17853.mp3,4.977,-103.46,False,4.945,Telugu,
/content/drive/MyDrive/Audio_dataset/Telugu/1825.mp3,4.977,-138.69,False,4.832,Telugu,
/content/drive/MyDrive/Audio_dataset/Telugu/1934.mp3,4.977,-95.67,False,4.945,Telugu,
/content/drive/MyDrive/Audio_dataset/Telugu/18223.mp3,4.981,-111.44,False,4.512,Telugu,
/content/drive/MyDrive/Audio_dataset/Telugu/17655.mp3,4.977,-73.73,False,4.977,Telugu,
/content/drive/MyDrive/Audio_dataset/Telugu/19407.mp3,4.981,-100.73,False,4.981,Telugu,
/content/drive/MyDrive/Audio_dataset/Telugu/18326.mp3,5.005,-121.29,False,4.832,Telugu,
/content/drive/MyDrive/Audio_dataset/Telugu/18222.mp3,4.981,-109.59,False,4.981,Telugu,
/content/drive/MyDrive/Audio_dataset/Telugu/19509.mp3,4.981,-91.42,False,4.96,Telugu,
/content/drive/MyDrive/Audio_dataset/Telugu/19318.mp3,4.981,-100.71,False,4.981,Telugu,
/content/drive/MyDrive/Audio_dataset/Telugu/17540.mp3,4.977,-113.23,False,4.977,Telugu,
/content/drive/MyDrive/Audio_dataset/Telugu/17543.mp3,4.981,-108.12,False,4.352,Telugu,
/content/drive/MyDrive/Audio_dataset/Telugu/19051.mp3,4.981,-99.11,False,4.981,Telugu,
/content/drive/MyDrive/Audio_dataset/Telugu/18849.mp3,4.977,-126.91,False,4.305,Telugu,
/content/drive/MyDrive/Audio_dataset/Telugu/19206.mp3,4.977,-97.38,False,4.945,Telugu,
/content/drive/MyDrive/Audio_dataset/Telugu/18638.mp3,5.004,-115.7,False,5.004,Telugu,
/content/drive/MyDrive/Audio_dataset/Telugu/19009.mp3,5.005,-105.36,False,5.005,Telugu,
/content/drive/MyDrive/Audio_dataset/Telugu/18737.mp3,5.004,-95.17,False,5.004,Telugu,
/content/drive/MyDrive/Audio_dataset/Telugu/18471.mp3,4.977,-99.12,False,4.64,Telugu,
/content/drive/MyDrive/Audio_dataset/Telugu/1955.mp3,4.981,-131.95,False,4.885,Telugu,
/content/drive/MyDrive/Audio_dataset/Telugu/18312.mp3,5.005,-99.16,False,5.005,Telugu,
/content/drive/MyDrive/Audio_dataset/Telugu/17607.mp3,4.981,-125.35,False,4.544,Telugu,
/content/drive/MyDrive/Audio_dataset/Telugu/18558.mp3,4.981,-111.53,False,4.96,Telugu,
/content/drive/MyDrive/Audio_dataset/Telugu/19099.mp3,4.981,-124.49,False,4.981,Telugu,
/content/drive/MyDrive/Audio_dataset/Telugu/18962.mp3,5.005,-106.65,False,5.005,Telugu,
/content/drive/MyDrive/Audio_dataset/Telugu/19177.mp3,4.977,-96.99,False,4.128,Telugu,
/content/drive/MyDrive/Audio_dataset/Telugu/18947.mp3,4.981,-100.61,False,4.981,Telugu,
/content/drive/MyDrive/Audio_dataset/Telugu/17705.mp3,5.004,-103.98,False,4.832,Telugu,
/content/drive/MyDrive/Audio_dataset/Telugu/17873.mp3,4.977,-121.47,False,4.913,Telugu,
/content/drive/MyDrive/Audio_dataset/Telugu/19213.mp3,4.977,-100.16,False,4.896,Telugu,
/content/drive/MyDrive/Audio_dataset/Telugu/18388.mp3,4.977,-106.4,False,4.881,Telugu,
/content/drive/MyDrive/Audio_dataset/Telugu/1948.mp3,4.981,-96.91,False,4.725,Telugu,
/content/drive/MyDrive/Audio_dataset/Telugu/17849.mp3,5.004,-97.97,False,4.716,Telugu,
/content/drive/MyDrive/Audio_dataset/Telugu/19207.mp3,5.005,-100.33,False,5.005,Telugu,
/content/drive/MyDrive/Audio_dataset/Telugu/18073.mp3,5.004,-90.52,False,4.652,Telugu,
/content/drive/MyDrive/Audio_dataset/Telugu/1940.mp3,4.977,-135.61,False,4.753,Telugu,
/content/drive/MyDrive/Audio_dataset/Telugu/18747.mp3,4.977,-125.8,False,4.465,Telugu,
/content/drive/MyDrive/Audio_dataset/Telugu/19240.mp3,5.005,-92.42,False,4.941,Telugu,
/content/drive/MyDrive/Audio_dataset/Telugu/18515.mp3,5.004,-113.83,False,5.004,Telugu,
/content/drive/MyDrive/Audio_dataset/Telugu/18208.mp3,5.004,-141.88,False,4.928,Telugu,
/content/drive/MyDrive/Audio_dataset/Telugu/1957.mp3,5.005,-94.74,False,5.005,Telugu,
/content/drive/MyDrive/Audio_dataset/Telugu/18863.mp3,5.005,-109.91,False,5.005,Telugu,
/content/drive/MyDrive/Audio_dataset/Telugu/19324.mp3,5.004,-100.11,False,5.004,Telugu,
/content/drive/MyDrive/Audio_dataset/Telugu/18281.mp3,4.981,-98.86,False,4.96,Telugu,
/content/drive/MyDrive/Audio_dataset/Telugu/17800.mp3,5.005,-112.95,False,5.005,Telugu,
/content/drive/MyDrive/Audio_dataset/Telugu/17893.mp3,5.004,-124.38,False,4.908,Telugu,
/content/drive/MyDrive/Audio_dataset/Telugu/1796.mp3,4.977,-92.71,False,4.529,Telugu,
/content/drive/MyDrive/Audio_dataset/Telugu/18519.mp3,4.981,-101.68,False,4.981,Telugu,
/content/drive/MyDrive/Audio_dataset/Telugu/19082.mp3,4.981,-144.08,False,4.981,Telugu,
/content/drive/MyDrive/Audio_dataset/Telugu/19282.mp3,5.004,-97.12,False,5.004,Telugu,
/content/drive/MyDrive/Audio_dataset/Telugu/20251.mp3,4.977,-123.84,False,4.977,Telugu,
/content/drive/MyDrive/Audio_dataset/Telugu/19599.mp3,5.005,-81.67,False,5.005,Telugu,
/content/drive/MyDrive/Audio_dataset/Telugu/20331.mp3,5.004,-134.39,False,4.748,Telugu,
/content/drive/MyDrive/Audio_dataset/Telugu/20215.mp3,5.004,-97.1,False,4.672,Telugu,
/content/drive/MyDrive/Audio_dataset/Telugu/19627.mp3,5.005,-109.05,False,5.005,Telugu,
/content/drive/MyDrive/Audio_dataset/Telugu/19887.mp3,4.977,-98.98,False,4.945,Telugu,
/content/drive/MyDrive/Audio_dataset/Telugu/2013.mp3,5.005,-99.79,False,5.005,Telugu,
/content/drive/MyDrive/Audio_dataset/Telugu/19779.mp3,5.005,-100.26,False,4.749,Telugu,
/content/drive/MyDrive/Audio_dataset/Telugu/19705.mp3,5.005,-121.15,False,4.544,Telugu,
/content/drive/MyDrive/Audio_dataset/Telugu/19720.mp3,5.005,-98.28,False,4.576,Telugu,
/content/drive/MyDrive/Audio_dataset/Telugu/19798.mp3,5.004,-114.62,False,4.972,Telugu,
/content/drive/MyDrive/Audio_dataset/Telugu/20068.mp3,4.977,-81.73,False,4.913,Telugu,
/content/drive/MyDrive/Audio_dataset/Telugu/20231.mp3,4.981,-112.48,False,4.981,Telugu,
/content/drive/MyDrive/Audio_dataset/Telugu/19808.mp3,4.977,-117.79,False,4.977,Telugu,
/content/drive/MyDrive/Audio_dataset/Telugu/19796.mp3,4.977,-101.67,False,4.881,Telugu,
/content/drive/MyDrive/Audio_dataset/Telugu/19619.mp3,5.005,-129.26,False,4.192,Telugu,
/content/drive/MyDrive/Audio_dataset/Telugu/20020.mp3,4.981,-101.77,False,4.981,Telugu,
/content/drive/MyDrive/Audio_dataset/Telugu/19612.mp3,4.981,-110.6,False,4.917,Telugu,
/content/drive/MyDrive/Audio_dataset/Telugu/2010.mp3,5.005,-119.68,False,4.973,Telugu,
/content/drive/MyDrive/Audio_dataset/Telugu/20219.mp3,4.981,-93.25,False,4.8,Telugu,
/content/drive/MyDrive/Audio_dataset/Telugu/19957.mp3,5.004,-93.67,False,4.94,Telugu,
/content/drive/MyDrive/Audio_dataset/Telugu/20032.mp3,5.005,-129.34,False,4.973,Telugu,
/content/drive/MyDrive/Audio_dataset/Telugu/19690.mp3,4.981,-123.35,False,3.968,Telugu,
/content/drive/MyDrive/Audio_dataset/Telugu/20105.mp3,4.977,-119.7,False,4.977,Telugu,
/content/drive/MyDrive/Audio_dataset/Telugu/2002.mp3,5.005,-102.47,False,5.005,Telugu,
/content/drive/MyDrive/Audio_dataset/Telugu/20100.mp3,4.977,-96.12,False,4.224,Telugu,
/content/drive/MyDrive/Audio_dataset/Telugu/19917.mp3,4.981,-144.7,False,4.981,Telugu,
/content/drive/MyDrive/Audio_dataset/Telugu/20004.mp3,5.005,-101.69,False,5.005,Telugu,
/content/drive/MyDrive/Audio_dataset/Telugu/19936.mp3,5.005,-97.76,False,5.005,Telugu,
/content/drive/MyDrive/Audio_dataset/Telugu/20041.mp3,5.005,-102.34,False,4.704,Telugu,
/content/drive/MyDrive/Audio_dataset/Telugu/19894.mp3,4.977,-99.08,False,4.785,Telugu,
/content/drive/MyDrive/Audio_dataset/Telugu/19795.mp3,4.981,-93.28,False,4.981,Telugu,
/content/drive/MyDrive/Audio_dataset/odia/common_voice_or_21821990.mp3,5.376,-90.24,False,2.4,odia,
/content/drive/MyDrive/Audio_dataset/odia/common_voice_or_21843872.mp3,7.056,-110.57,False,5.472,odia,
/content/drive/MyDrive/Audio_dataset/odia/common_voice_or_21862491.mp3,4.176,-107.43,False,2.24,odia,
/content/drive/MyDrive/Audio_dataset/odia/common_voice_or_21857704.mp3,5.304,-107.71,False,3.904,odia,
/content/drive/MyDrive/Audio_dataset/odia/common_voice_or_21861833.mp3,7.176,-93.4,False,5.536,odia,
/content/drive/MyDrive/Audio_dataset/odia/common_voice_or_21832711.mp3,4.944,-98.39,False,3.232,odia,
/content/drive/MyDrive/Audio_dataset/odia/common_voice_or_21832673.mp3,3.24,-105.65,False,1.664,odia,
/content/drive/MyDrive/Audio_dataset/odia/common_voice_or_22220888.mp3,4.92,-95.77,False,3.456,odia,
/content/drive/MyDrive/Audio_dataset/odia/common_voice_or_21843601.mp3,4.272,-108.27,False,2.88,odia,
/content/drive/MyDrive/Audio_dataset/odia/common_voice_or_22220414.mp3,3.528,-104.82,False,1.856,odia,
/content/drive/MyDrive/Audio_dataset/odia/common_voice_or_22238787.mp3,3.888,-94.14,False,1.952,odia,
/content/drive/MyDrive/Audio_dataset/odia/common_voice_or_22147884.mp3,3.12,-131.28,False,1.728,odia,
/content/drive/MyDrive/Audio_dataset/odia/common_voice_or_21832058.mp3,6.624,-96.29,False,4.672,odia,
/content/drive/MyDrive/Audio_dataset/odia/common_voice_or_22157353.mp3,8.64,-105.88,False,6.688,odia,
/content/drive/MyDrive/Audio_dataset/odia/common_voice_or_21884293.mp3,6.024,-94.2,False,4.544,odia,
/content/drive/MyDrive/Audio_dataset/odia/common_voice_or_21834457.mp3,6.192,-109.39,False,4.928,odia,
/content/drive/MyDrive/Audio_dataset/odia/common_voice_or_22220834.mp3,5.472,-97.52,False,4.032,odia,
/content/drive/MyDrive/Audio_dataset/odia/common_voice_or_22259330.mp3,3.744,-89.31,False,1.696,odia,
/content/drive/MyDrive/Audio_dataset/odia/common_voice_or_21879860.mp3,5.856,-93.21,False,4.928,odia,
/content/drive/MyDrive/Audio_dataset/odia/common_voice_or_21884252.mp3,4.896,-93.18,False,3.264,odia,
/content/drive/MyDrive/Audio_dataset/odia/common_voice_or_22239346.mp3,3.816,-102.51,False,2.336,odia,
/content/drive/MyDrive/Audio_dataset/odia/common_voice_or_22239372.mp3,4.392,-107.12,False,2.944,odia,
/content/drive/MyDrive/Audio_dataset/odia/common_voice_or_21843891.mp3,3.36,-96.85,False,2.08,odia,
/content/drive/MyDrive/Audio_dataset/odia/common_voice_or_21832833.mp3,3.024,-101.47,False,1.12,odia,
/content/drive/MyDrive/Audio_dataset/odia/common_voice_or_22219854.mp3,3.432,-128.52,False,1.568,odia,
/content/drive/MyDrive/Audio_dataset/odia/common_voice_or_22087323.mp3,6.912,-121.87,False,5.248,odia,
/content/drive/MyDrive/Audio_dataset/odia/common_voice_or_21821602.mp3,7.704,-111.04,False,6.08,odia,
/content/drive/MyDrive/Audio_dataset/odia/common_voice_or_21832076.mp3,5.208,-114.66,False,3.424,odia,
/content/drive/MyDrive/Audio_dataset/odia/common_voice_or_22105677.mp3,3.192,-112.89,False,0.832,odia,
/content/drive/MyDrive/Audio_dataset/odia/common_voice_or_21834334.mp3,4.44,-120.14,False,2.4,odia,
/content/drive/MyDrive/Audio_dataset/odia/common_voice_or_21862585.mp3,3.912,-94.56,False,2.4,odia,
/content/drive/MyDrive/Audio_dataset/odia/common_voice_or_21832188.mp3,4.464,-97.94,False,2.848,odia,
/content/drive/MyDrive/Audio_dataset/odia/common_voice_or_21861908.mp3,5.832,-100.43,False,4.384,odia,
/content/drive/MyDrive/Audio_dataset/odia/common_voice_or_22187077.mp3,6.912,-100.52,False,5.472,odia,
/content/drive/MyDrive/Audio_dataset/odia/common_voice_or_22238734.mp3,4.416,-90.51,False,2.944,odia,
/content/drive/MyDrive/Audio_dataset/odia/common_voice_or_21843977.mp3,4.128,-102.47,False,3.104,odia,
/content/drive/MyDrive/Audio_dataset/odia/common_voice_or_21832632.mp3,3.6,-107.57,False,2.048,odia,
/content/drive/MyDrive/Audio_dataset/odia/common_voice_or_21832865.mp3,5.904,-112.79,False,3.936,odia,
/content/drive/MyDrive/Audio_dataset/odia/common_voice_or_21843940.mp3,3.048,-110.82,False,1.824,odia,
/content/drive/MyDrive/Audio_dataset/odia/common_voice_or_22220828.mp3,7.128,-103.2,False,5.024,odia,
/content/drive/MyDrive/Audio_dataset/odia/common_voice_or_22220745.mp3,2.976,-102.94,False,1.184,odia,
/content/drive/MyDrive/Audio_dataset/odia/common_voice_or_22187127.mp3,5.688,-110.49,False,4.192,odia,
/content/drive/MyDrive/Audio_dataset/odia/common_voice_or_21857662.mp3,2.784,-78.0,False,1.376,odia,
/content/drive/MyDrive/Audio_dataset/odia/common_voice_or_22108026.mp3,5.136,-102.08,False,2.72,odia,
/content/drive/MyDrive/Audio_dataset/odia/common_voice_or_21843555.mp3,5.688,-105.67,False,4.064,odia,
/content/drive/MyDrive/Audio_dataset/odia/common_voice_or_21843522.mp3,4.92,-94.07,False,3.584,odia,
/content/drive/MyDrive/Audio_dataset/odia/common_voice_or_22147888.mp3,6.528,-104.41,False,4.896,odia,
/content/drive/MyDrive/Audio_dataset/odia/common_voice_or_22239334.mp3,3.84,-92.6,False,2.272,odia,
/content/drive/MyDrive/Audio_dataset/odia/common_voice_or_21833687.mp3,5.16,-97.0,False,3.552,odia,
/content/drive/MyDrive/Audio_dataset/odia/common_voice_or_22127521.mp3,5.664,-106.69,False,4.448,odia,
/content/drive/MyDrive/Audio_dataset/odia/common_voice_or_22256536.mp3,8.784,-103.68,False,6.016,odia,
/content/drive/MyDrive/Audio_dataset/odia/common_voice_or_22107926.mp3,8.088,-111.74,False,4.064,odia,
/content/drive/MyDrive/Audio_dataset/odia/common_voice_or_22239373.mp3,4.824,-113.45,False,3.072,odia,
/content/drive/MyDrive/Audio_dataset/odia/common_voice_or_21832186.mp3,6.864,-98.81,False,5.184,odia,
/content/drive/MyDrive/Audio_dataset/odia/common_voice_or_22239300.mp3,3.168,-107.2,False,1.92,odia,
/content/drive/MyDrive/Audio_dataset/odia/common_voice_or_21821991.mp3,6.336,-88.15,False,2.88,odia,
/content/drive/MyDrive/Audio_dataset/odia/common_voice_or_21832664.mp3,5.496,-102.35,False,3.936,odia,
/content/drive/MyDrive/Audio_dataset/odia/common_voice_or_21861936.mp3,3.816,-109.76,False,2.56,odia,
/content/drive/MyDrive/Audio_dataset/odia/common_voice_or_22220051.mp3,3.984,-103.86,False,2.24,odia,
/content/drive/MyDrive/Audio_dataset/odia/common_voice_or_21862865.mp3,5.208,-93.92,False,3.712,odia,
/content/drive/MyDrive/Audio_dataset/odia/common_voice_or_21862847.mp3,4.08,-113.83,False,2.592,odia,
/content/drive/MyDrive/Audio_dataset/odia/common_voice_or_21862518.mp3,4.656,-95.24,False,2.88,odia,
/content/drive/MyDrive/Audio_dataset/odia/common_voice_or_22127437.mp3,6.744,-99.27,False,5.376,odia,
/content/drive/MyDrive/Audio_dataset/odia/common_voice_or_22220131.mp3,4.488,-102.39,False,2.88,odia,
/content/drive/MyDrive/Audio_dataset/odia/common_voice_or_21843538.mp3,2.88,-87.8,False,1.184,odia,
/content/drive/MyDrive/Audio_dataset/odia/common_voice_or_21857598.mp3,3.864,-85.53,False,2.528,odia,
/content/drive/MyDrive/Audio_dataset/odia/common_voice_or_22256345.mp3,6.504,-105.26,False,4.48,odia,
/content/drive/MyDrive/Audio_dataset/odia/common_voice_or_21820802.mp3,6.48,-103.3,False,3.328,odia,
/content/drive/MyDrive/Audio_dataset/odia/common_voice_or_21862919.mp3,5.76,-100.59,False,4.256,odia,
/content/drive/MyDrive/Audio_dataset/odia/common_voice_or_22157075.mp3,4.104,-127.97,False,2.656,odia,
/content/drive/MyDrive/Audio_dataset/odia/common_voice_or_22259248.mp3,2.976,-110.84,False,1.504,odia,
/content/drive/MyDrive/Audio_dataset/odia/common_voice_or_22157040.mp3,5.664,-121.06,False,3.776,odia,
/content/drive/MyDrive/Audio_dataset/odia/common_voice_or_22107244.mp3,7.632,-117.9,False,5.632,odia,
/content/drive/MyDrive/Audio_dataset/odia/common_voice_or_22238732.mp3,5.064,-123.95,False,3.424,odia,
/content/drive/MyDrive/Audio_dataset/odia/common_voice_or_22147948.mp3,7.44,-103.52,False,6.08,odia,
/content/drive/MyDrive/Audio_dataset/odia/common_voice_or_21834311.mp3,4.512,-94.59,False,2.752,odia,
/content/drive/MyDrive/Audio_dataset/odia/common_voice_or_21833355.mp3,4.032,-92.05,False,2.592,odia,
/content/drive/MyDrive/Audio_dataset/odia/common_voice_or_22187081.mp3,3.6,-104.37,False,1.824,odia,
/content/drive/MyDrive/Audio_dataset/odia/common_voice_or_21834373.mp3,4.392,-120.55,False,2.592,odia,
/content/drive/MyDrive/Audio_dataset/odia/common_voice_or_22156966.mp3,4.08,-104.07,False,2.528,odia,
/content/drive/MyDrive/Audio_dataset/odia/common_voice_or_21832665.mp3,4.44,-92.01,False,3.008,odia,
/content/drive/MyDrive/Audio_dataset/odia/common_voice_or_22250586.mp3,7.776,-113.52,False,5.92,odia,
/content/drive/MyDrive/Audio_dataset/odia/common_voice_or_21832048.mp3,6.72,-96.85,False,4.416,odia,
/content/drive/MyDrive/Audio_dataset/odia/common_voice_or_21833713.mp3,5.904,-101.76,False,3.84,odia,
/content/drive/MyDrive/Audio_dataset/odia/common_voice_or_21884172.mp3,5.088,-95.78,False,3.712,odia,
/content/drive/MyDrive/Audio_dataset/odia/common_voice_or_22243284.mp3,6.384,-91.11,False,5.312,odia,
/content/drive/MyDrive/Audio_dataset/odia/common_voice_or_21832796.mp3,5.976,-99.76,False,4.32,odia,
/content/drive/MyDrive/Audio_dataset/odia/common_voice_or_21832743.mp3,2.736,-109.43,False,1.152,odia,
/content/drive/MyDrive/Audio_dataset/odia/common_voice_or_21862510.mp3,4.752,-112.11,False,3.072,odia,
/content/drive/MyDrive/Audio_dataset/odia/common_voice_or_21834426.mp3,5.088,-115.44,False,3.68,odia,
/content/drive/MyDrive/Audio_dataset/odia/common_voice_or_21884295.mp3,4.992,-119.74,False,3.328,odia,
/content/drive/MyDrive/Audio_dataset/odia/common_voice_or_21823933.mp3,5.784,-98.26,False,4.416,odia,
/content/drive/MyDrive/Audio_dataset/odia/common_voice_or_21879846.mp3,6.576,-100.04,False,5.088,odia,
/content/drive/MyDrive/Audio_dataset/odia/common_voice_or_21862923.mp3,4.944,-103.46,False,3.264,odia,
/content/drive/MyDrive/Audio_dataset/odia/common_voice_or_21842397.mp3,5.856,-104.92,False,3.552,odia,
/content/drive/MyDrive/Audio_dataset/odia/common_voice_or_21862529.mp3,3.336,-87.19,False,1.76,odia,
/content/drive/MyDrive/Audio_dataset/odia/common_voice_or_21832783.mp3,3.36,-108.55,False,1.472,odia,
/content/drive/MyDrive/Audio_dataset/odia/common_voice_or_21845758.mp3,4.608,-109.61,False,2.944,odia,
/content/drive/MyDrive/Audio_dataset/odia/common_voice_or_21843873.mp3,4.2,-104.3,False,2.784,odia,
/content/drive/MyDrive/Audio_dataset/odia/common_voice_or_21832089.mp3,6.528,-106.79,False,4.48,odia,
/content/drive/MyDrive/Audio_dataset/odia/common_voice_or_21833325.mp3,3.648,-102.8,False,2.112,odia,
/content/drive/MyDrive/Audio_dataset/odia/common_voice_or_21886235.mp3,6.72,-108.46,False,4.704,odia,
/content/drive/MyDrive/Audio_dataset/odia/common_voice_or_21832053.mp3,6.504,-99.02,False,4.608,odia,
/content/drive/MyDrive/Audio_dataset/odia/common_voice_or_22186773.mp3,4.8,-133.27,False,3.328,odia,
/content/drive/MyDrive/Audio_dataset/odia/common_voice_or_22107122.mp3,5.904,-103.38,False,4.096,odia,
/content/drive/MyDrive/Audio_dataset/odia/common_voice_or_22107245.mp3,6.504,-102.53,False,4.544,odia,
/content/drive/MyDrive/Audio_dataset/odia/common_voice_or_21838011.mp3,5.28,-97.73,False,3.552,odia,
/content/drive/MyDrive/Audio_dataset/odia/common_voice_or_22186821.mp3,3.312,-98.15,False,1.76,odia,
/content/drive/MyDrive/Audio_dataset/odia/common_voice_or_21842399.mp3,4.824,-95.34,False,2.688,odia,
/content/drive/MyDrive/Audio_dataset/odia/common_voice_or_21862460.mp3,4.728,-98.65,False,3.328,odia,
/content/drive/MyDrive/Audio_dataset/odia/common_voice_or_21843510.mp3,5.544,-102.97,False,3.808,odia,
/content/drive/MyDrive/Audio_dataset/odia/common_voice_or_22259290.mp3,6.984,-96.63,False,5.184,odia,
/content/drive/MyDrive/Audio_dataset/odia/common_voice_or_21832134.mp3,7.464,-108.35,False,5.312,odia,
/content/drive/MyDrive/Audio_dataset/odia/common_voice_or_22239363.mp3,2.64,-115.53,False,1.248,odia,
/content/drive/MyDrive/Audio_dataset/odia/common_voice_or_21832185.mp3,4.128,-99.85,False,2.72,odia,
/content/drive/MyDrive/Audio_dataset/odia/common_voice_or_22238688.mp3,4.368,-106.78,False,2.304,odia,
/content/drive/MyDrive/Audio_dataset/odia/common_voice_or_21862475.mp3,3.624,-103.47,False,2.208,odia,
/content/drive/MyDrive/Audio_dataset/odia/common_voice_or_22238850.mp3,4.224,-92.47,False,2.432,odia,
/content/drive/MyDrive/Audio_dataset/odia/common_voice_or_21845729.mp3,3.408,-100.85,False,1.632,odia,
/content/drive/MyDrive/Audio_dataset/odia/common_voice_or_21821989.mp3,4.944,-113.02,False,1.696,odia,
/content/drive/MyDrive/Audio_dataset/odia/common_voice_or_22239142.mp3,4.368,-104.88,False,2.592,odia,
/content/drive/MyDrive/Audio_dataset/odia/common_voice_or_21857590.mp3,3.264,-87.02,False,1.696,odia,
/content/drive/MyDrive/Audio_dataset/odia/common_voice_or_21879853.mp3,6.264,-89.29,False,4.448,odia,
/content/drive/MyDrive/Audio_dataset/odia/common_voice_or_21884818.mp3,4.944,-119.21,False,3.264,odia,
/content/drive/MyDrive/Audio_dataset/odia/common_voice_or_21861943.mp3,3.864,-96.69,False,2.24,odia,
/content/drive/MyDrive/Audio_dataset/odia/common_voice_or_21823899.mp3,7.776,-107.87,False,6.016,odia,
/content/drive/MyDrive/Audio_dataset/odia/common_voice_or_21862863.mp3,6.696,-112.46,False,5.184,odia,
/content/drive/MyDrive/Audio_dataset/odia/common_voice_or_21833097.mp3,7.488,-88.07,False,6.496,odia,
/content/drive/MyDrive/Audio_dataset/odia/common_voice_or_21832120.mp3,3.6,-111.63,False,1.344,odia,
/content/drive/MyDrive/Audio_dataset/odia/common_voice_or_22220265.mp3,4.848,-98.33,False,3.328,odia,
/content/drive/MyDrive/Audio_dataset/odia/common_voice_or_21845760.mp3,3.912,-117.42,False,2.464,odia,
/content/drive/MyDrive/Audio_dataset/odia/common_voice_or_22239236.mp3,5.088,-96.74,False,3.776,odia,
/content/drive/MyDrive/Audio_dataset/odia/common_voice_or_21861893.mp3,6.864,-98.0,False,5.184,odia,
/content/drive/MyDrive/Audio_dataset/odia/common_voice_or_22156969.mp3,5.856,-110.89,False,3.968,odia,
/content/drive/MyDrive/Audio_dataset/odia/common_voice_or_22220455.mp3,2.256,-85.88,False,1.184,odia,
/content/drive/MyDrive/Audio_dataset/odia/common_voice_or_21833267.mp3,3.504,-97.84,False,2.272,odia,
/content/drive/MyDrive/Audio_dataset/odia/common_voice_or_21832762.mp3,6.024,-113.53,False,4.416,odia,
/content/drive/MyDrive/Audio_dataset/odia/common_voice_or_21844136.mp3,4.992,-103.52,False,3.712,odia,
/content/drive/MyDrive/Audio_dataset/odia/common_voice_or_22107241.mp3,4.32,-97.68,False,2.24,odia,
/content/drive/MyDrive/Audio_dataset/odia/common_voice_or_21843923.mp3,4.872,-119.57,False,3.808,odia,
/content/drive/MyDrive/Audio_dataset/odia/common_voice_or_21884851.mp3,5.976,-107.57,False,4.192,odia,
/content/drive/MyDrive/Audio_dataset/odia/common_voice_or_21861958.mp3,7.32,-114.86,False,5.856,odia,
/content/drive/MyDrive/Audio_dataset/odia/common_voice_or_21857573.mp3,3.696,-96.87,False,2.048,odia,
/content/drive/MyDrive/Audio_dataset/odia/common_voice_or_22187179.mp3,6.768,-112.47,False,5.536,odia,
/content/drive/MyDrive/Audio_dataset/odia/common_voice_or_21832051.mp3,3.816,-118.35,False,1.76,odia,
/content/drive/MyDrive/Audio_dataset/odia/common_voice_or_21861932.mp3,3.12,-98.89,False,1.664,odia,
/content/drive/MyDrive/Audio_dataset/odia/common_voice_or_21845804.mp3,5.544,-102.08,False,4.032,odia,
/content/drive/MyDrive/Audio_dataset/odia/common_voice_or_21832133.mp3,6.096,-102.27,False,4.192,odia,
/content/drive/MyDrive/Audio_dataset/odia/common_voice_or_22186906.mp3,3.288,-98.75,False,1.888,odia,
/content/drive/MyDrive/Audio_dataset/odia/common_voice_or_21832045.mp3,5.352,-104.77,False,3.168,odia,
/content/drive/MyDrive/Audio_dataset/odia/common_voice_or_21832043.mp3,4.992,-124.39,False,3.104,odia,
/content/drive/MyDrive/Audio_dataset/odia/common_voice_or_22220757.mp3,4.368,-100.16,False,1.984,odia,
/content/drive/MyDrive/Audio_dataset/odia/common_voice_or_21843878.mp3,5.088,-123.56,False,3.776,odia,
/content/drive/MyDrive/Audio_dataset/odia/common_voice_or_22256344.mp3,8.064,-115.04,False,5.344,odia,
/content/drive/MyDrive/Audio_dataset/odia/common_voice_or_22106970.mp3,4.056,-93.26,False,2.24,odia,
/content/drive/MyDrive/Audio_dataset/odia/common_voice_or_21834490.mp3,8.496,-102.28,False,6.656,odia,
/content/drive/MyDrive/Audio_dataset/odia/common_voice_or_22219852.mp3,4.248,-115.75,False,2.592,odia,
/content/drive/MyDrive/Audio_dataset/odia/common_voice_or_22106957.mp3,4.008,-106.3,False,2.304,odia,
/content/drive/MyDrive/Audio_dataset/odia/common_voice_or_22239356.mp3,4.704,-109.77,False,3.072,odia,
/content/drive/MyDrive/Audio_dataset/odia/common_voice_or_22239141.mp3,4.944,-138.34,False,3.584,odia,
/content/drive/MyDrive/Audio_dataset/odia/common_voice_or_21832661.mp3,6.096,-111.3,False,4.16,odia,
/content/drive/MyDrive/Audio_dataset/odia/common_voice_or_21833269.mp3,3.936,-93.62,False,2.56,odia,
/content/drive/MyDrive/Audio_dataset/odia/common_voice_or_21843576.mp3,6.6,-101.83,False,4.896,odia,
/content/drive/MyDrive/Audio_dataset/odia/common_voice_or_22239183.mp3,4.872,-104.1,False,3.104,odia,
/content/drive/MyDrive/Audio_dataset/odia/common_voice_or_22157009.mp3,5.208,-115.2,False,3.936,odia,
/content/drive/MyDrive/Audio_dataset/odia/common_voice_or_22187204.mp3,5.28,-100.93,False,3.712,odia,
/content/drive/MyDrive/Audio_dataset/odia/common_voice_or_21884528.mp3,5.544,-118.73,False,4.064,odia,
/content/drive/MyDrive/Audio_dataset/odia/common_voice_or_22157077.mp3,4.992,-94.28,False,3.072,odia,
/content/drive/MyDrive/Audio_dataset/odia/common_voice_or_22186939.mp3,6.0,-100.08,False,4.832,odia,
/content/drive/MyDrive/Audio_dataset/odia/common_voice_or_21857664.mp3,3.504,-102.64,False,1.92,odia,
/content/drive/MyDrive/Audio_dataset/odia/common_voice_or_21861934.mp3,8.232,-90.44,False,7.008,odia,
/content/drive/MyDrive/Audio_dataset/odia/common_voice_or_21862850.mp3,3.096,-106.18,False,1.728,odia,
/content/drive/MyDrive/Audio_dataset/odia/common_voice_or_21857670.mp3,9.504,-110.09,False,7.744,odia,
/content/drive/MyDrive/Audio_dataset/odia/common_voice_or_21832250.mp3,8.496,-102.36,False,6.688,odia,
/content/drive/MyDrive/Audio_dataset/odia/common_voice_or_21845761.mp3,6.0,-96.0,False,4.512,odia,
/content/drive/MyDrive/Audio_dataset/odia/common_voice_or_22220278.mp3,5.976,-106.45,False,4.288,odia,
/content/drive/MyDrive/Audio_dataset/odia/common_voice_or_21862849.mp3,7.464,-123.02,False,5.888,odia,
/content/drive/MyDrive/Audio_dataset/odia/common_voice_or_21843557.mp3,4.824,-106.86,False,3.136,odia,
/content/drive/MyDrive/Audio_dataset/odia/common_voice_or_21844168.mp3,4.296,-100.82,False,3.392,odia,
/content/drive/MyDrive/Audio_dataset/odia/common_voice_or_21862901.mp3,6.144,-100.36,False,4.544,odia,
/content/drive/MyDrive/Audio_dataset/odia/common_voice_or_22147886.mp3,6.744,-95.19,False,4.864,odia,
/content/drive/MyDrive/Audio_dataset/odia/common_voice_or_22239161.mp3,4.896,-103.98,False,3.04,odia,
/content/drive/MyDrive/Audio_dataset/odia/common_voice_or_22258083.mp3,7.104,-107.41,False,5.472,odia,
/content/drive/MyDrive/Audio_dataset/odia/common_voice_or_21843967.mp3,6.528,-98.77,False,5.216,odia,
/content/drive/MyDrive/Audio_dataset/odia/common_voice_or_21843574.mp3,5.352,-100.17,False,3.552,odia,
/content/drive/MyDrive/Audio_dataset/odia/common_voice_or_21832057.mp3,5.352,-118.05,False,3.744,odia,
/content/drive/MyDrive/Audio_dataset/odia/common_voice_or_21844219.mp3,5.688,-106.4,False,4.576,odia,
/content/drive/MyDrive/Audio_dataset/odia/common_voice_or_22106980.mp3,4.776,-100.26,False,3.2,odia,
/content/drive/MyDrive/Audio_dataset/odia/common_voice_or_21843969.mp3,4.776,-97.74,False,3.808,odia,
/content/drive/MyDrive/Audio_dataset/odia/common_voice_or_22239384.mp3,3.312,-95.63,False,2.016,odia,
/content/drive/MyDrive/Audio_dataset/odia/common_voice_or_22239280.mp3,6.792,-152.85,False,5.312,odia,
/content/drive/MyDrive/Audio_dataset/odia/common_voice_or_21833028.mp3,6.024,-99.61,False,5.344,odia,
/content/drive/MyDrive/Audio_dataset/odia/common_voice_or_22239352.mp3,3.84,-109.69,False,2.208,odia,
/content/drive/MyDrive/Audio_dataset/odia/common_voice_or_21823895.mp3,3.504,-99.02,False,1.664,odia,
/content/drive/MyDrive/Audio_dataset/odia/common_voice_or_21845708.mp3,4.104,-92.27,False,2.4,odia,
/content/drive/MyDrive/Audio_dataset/odia/common_voice_or_21861941.mp3,3.96,-104.08,False,2.688,odia,
/content/drive/MyDrive/Audio_dataset/odia/common_voice_or_22219919.mp3,3.168,-104.18,False,1.728,odia,
/content/drive/MyDrive/Audio_dataset/odia/common_voice_or_21857623.mp3,2.904,-100.82,False,1.472,odia,
/content/drive/MyDrive/Audio_dataset/odia/common_voice_or_21821579.mp3,5.616,-109.73,False,4.192,odia,
/content/drive/MyDrive/Audio_dataset/odia/common_voice_or_22239158.mp3,3.648,-102.99,False,2.208,odia,
/content/drive/MyDrive/Audio_dataset/odia/common_voice_or_21845762.mp3,3.648,-98.0,False,2.528,odia,
/content/drive/MyDrive/Audio_dataset/odia/common_voice_or_21884688.mp3,3.936,-93.68,False,2.048,odia,
/content/drive/MyDrive/Audio_dataset/odia/common_voice_or_22238718.mp3,7.104,-95.87,False,5.44,odia,
/content/drive/MyDrive/Audio_dataset/odia/common_voice_or_21884717.mp3,2.904,-94.47,False,1.184,odia,
/content/drive/MyDrive/Audio_dataset/odia/common_voice_or_21833344.mp3,5.832,-107.36,False,4.416,odia,
/content/drive/MyDrive/Audio_dataset/odia/common_voice_or_22243262.mp3,4.32,-92.55,False,3.232,odia,
/content/drive/MyDrive/Audio_dataset/odia/common_voice_or_21832728.mp3,6.48,-99.06,False,4.864,odia,
/content/drive/MyDrive/Audio_dataset/odia/common_voice_or_21832078.mp3,7.776,-109.54,False,6.112,odia,
/content/drive/MyDrive/Audio_dataset/odia/common_voice_or_22220412.mp3,4.104,-99.83,False,2.56,odia,
/content/drive/MyDrive/Audio_dataset/odia/common_voice_or_21834436.mp3,5.568,-117.33,False,3.808,odia,
/content/drive/MyDrive/Audio_dataset/odia/common_voice_or_21844009.mp3,5.88,-100.19,False,4.896,odia,
/content/drive/MyDrive/Audio_dataset/odia/common_voice_or_21823922.mp3,9.624,-102.16,False,8.064,odia,
/content/drive/MyDrive/Audio_dataset/odia/common_voice_or_21843883.mp3,6.384,-112.71,False,5.568,odia,
/content/drive/MyDrive/Audio_dataset/odia/common_voice_or_21862523.mp3,4.416,-116.22,False,2.976,odia,
/content/drive/MyDrive/Audio_dataset/odia/common_voice_or_22157330.mp3,4.68,-106.03,False,2.848,odia,
/content/drive/MyDrive/Audio_dataset/odia/common_voice_or_21833321.mp3,5.784,-92.03,False,4.416,odia,
/content/drive/MyDrive/Audio_dataset/odia/common_voice_or_21845795.mp3,7.056,-106.11,False,5.312,odia,
/content/drive/MyDrive/Audio_dataset/odia/common_voice_or_22147953.mp3,4.368,-97.36,False,2.4,odia,
/content/drive/MyDrive/Audio_dataset/odia/common_voice_or_22106978.mp3,2.808,-102.2,False,0.992,odia,
/content/drive/MyDrive/Audio_dataset/odia/common_voice_or_22238817.mp3,5.544,-115.46,False,3.904,odia,
/content/drive/MyDrive/Audio_dataset/odia/common_voice_or_22261486.mp3,4.776,-130.51,False,4.776,odia,
/content/drive/MyDrive/Audio_dataset/odia/common_voice_or_21843966.mp3,4.968,-103.9,False,3.68,odia,
/content/drive/MyDrive/Audio_dataset/odia/common_voice_or_21833266.mp3,8.496,-93.32,False,7.424,odia,
/content/drive/MyDrive/Audio_dataset/odia/common_voice_or_21832656.mp3,5.808,-102.52,False,4.384,odia,
/content/drive/MyDrive/Audio_dataset/odia/common_voice_or_22219878.mp3,4.488,-110.8,False,2.816,odia,
/content/drive/MyDrive/Audio_dataset/odia/common_voice_or_21832671.mp3,3.552,-129.42,False,1.952,odia,
/content/drive/MyDrive/Audio_dataset/odia/common_voice_or_21833691.mp3,5.112,-99.26,False,3.328,odia,
/content/drive/MyDrive/Audio_dataset/odia/common_voice_or_22186963.mp3,3.48,-99.44,False,1.888,odia,
/content/drive/MyDrive/Audio_dataset/odia/common_voice_or_22087083.mp3,5.28,-110.53,False,3.744,odia,
/content/drive/MyDrive/Audio_dataset/odia/common_voice_or_22239359.mp3,3.816,-105.37,False,2.24,odia,
/content/drive/MyDrive/Audio_dataset/odia/common_voice_or_21833155.mp3,7.68,-94.6,False,6.56,odia,
/content/drive/MyDrive/Audio_dataset/odia/common_voice_or_21833101.mp3,5.76,-90.23,False,4.768,odia,
/content/drive/MyDrive/Audio_dataset/odia/common_voice_or_21832759.mp3,5.616,-98.38,False,4.32,odia,
/content/drive/MyDrive/Audio_dataset/odia/common_voice_or_22238848.mp3,5.256,-102.24,False,3.456,odia,
/content/drive/MyDrive/Audio_dataset/odia/common_voice_or_21862471.mp3,7.128,-104.81,False,5.888,odia,
/content/drive/MyDrive/Audio_dataset/odia/common_voice_or_22156933.mp3,4.56,-109.79,False,3.136,odia,
/content/drive/MyDrive/Audio_dataset/odia/common_voice_or_21843556.mp3,4.536,-110.44,False,2.464,odia,
/content/drive/MyDrive/Audio_dataset/odia/common_voice_or_21829758.mp3,4.92,-106.01,False,2.624,odia,
/content/drive/MyDrive/Audio_dataset/odia/common_voice_or_22157118.mp3,5.736,-104.12,False,3.936,odia,
/content/drive/MyDrive/Audio_dataset/odia/common_voice_or_21834362.mp3,4.368,-105.03,False,2.496,odia,
/content/drive/MyDrive/Audio_dataset/odia/common_voice_or_22106976.mp3,3.72,-112.22,False,2.112,odia,
/content/drive/MyDrive/Audio_dataset/odia/common_voice_or_21832108.mp3,7.704,-111.0,False,5.6,odia,
/content/drive/MyDrive/Audio_dataset/odia/common_voice_or_21884553.mp3,2.928,-99.84,False,1.472,odia,
/content/drive/MyDrive/Audio_dataset/odia/common_voice_or_22239338.mp3,5.496,-99.96,False,4.032,odia,
/content/drive/MyDrive/Audio_dataset/odia/common_voice_or_21862869.mp3,4.704,-94.8,False,3.008,odia,
/content/drive/MyDrive/Audio_dataset/odia/common_voice_or_21861904.mp3,8.16,-101.32,False,6.656,odia,
/content/drive/MyDrive/Audio_dataset/odia/common_voice_or_21862911.mp3,6.0,-111.72,False,4.288,odia,
/content/drive/MyDrive/Audio_dataset/odia/common_voice_or_21861945.mp3,2.76,-88.33,False,1.248,odia,
/content/drive/MyDrive/Audio_dataset/odia/common_voice_or_22239347.mp3,6.624,-105.94,False,5.504,odia,
/content/drive/MyDrive/Audio_dataset/odia/common_voice_or_22239319.mp3,2.544,-90.71,False,0.544,odia,
/content/drive/MyDrive/Audio_dataset/odia/common_voice_or_22220789.mp3,7.488,-106.76,False,5.472,odia,
/content/drive/MyDrive/Audio_dataset/odia/common_voice_or_21821319.mp3,3.312,-101.61,False,2.08,odia,
/content/drive/MyDrive/Audio_dataset/odia/common_voice_or_21845750.mp3,4.512,-116.94,False,3.008,odia,
/content/drive/MyDrive/Audio_dataset/odia/common_voice_or_22238893.mp3,4.56,-120.46,False,3.104,odia,
/content/drive/MyDrive/Audio_dataset/odia/common_voice_or_21862509.mp3,3.6,-103.27,False,1.952,odia,
/content/drive/MyDrive/Audio_dataset/odia/common_voice_or_21834333.mp3,6.24,-97.16,False,4.0,odia,
/content/drive/MyDrive/Audio_dataset/odia/common_voice_or_21884786.mp3,7.296,-110.72,False,5.76,odia,
/content/drive/MyDrive/Audio_dataset/odia/common_voice_or_21832874.mp3,6.696,-95.62,False,5.024,odia,
/content/drive/MyDrive/Audio_dataset/odia/common_voice_or_22187129.mp3,4.248,-102.12,False,2.624,odia,
/content/drive/MyDrive/Audio_dataset/odia/common_voice_or_21862502.mp3,1.896,-87.7,False,0.512,odia,
/content/drive/MyDrive/Audio_dataset/odia/common_voice_or_21844154.mp3,6.744,-119.06,False,5.696,odia,
/content/drive/MyDrive/Audio_dataset/odia/common_voice_or_22106678.mp3,4.92,-116.98,False,2.976,odia,
/content/drive/MyDrive/Audio_dataset/odia/common_voice_or_22243251.mp3,6.648,-95.53,False,5.536,odia,
/content/drive/MyDrive/Audio_dataset/odia/common_voice_or_21844201.mp3,3.6,-94.97,False,2.656,odia,
/content/drive/MyDrive/Audio_dataset/odia/common_voice_or_21821305.mp3,6.216,-102.89,False,4.768,odia,
/content/drive/MyDrive/Audio_dataset/odia/common_voice_or_21833341.mp3,6.816,-95.24,False,5.632,odia,
/content/drive/MyDrive/Audio_dataset/odia/common_voice_or_21845724.mp3,5.808,-121.01,False,2.816,odia,
/content/drive/MyDrive/Audio_dataset/odia/common_voice_or_21862527.mp3,3.96,-97.38,False,2.72,odia,
/content/drive/MyDrive/Audio_dataset/odia/common_voice_or_21832781.mp3,4.2,-108.85,False,2.016,odia,
/content/drive/MyDrive/Audio_dataset/odia/common_voice_or_21861899.mp3,5.856,-111.3,False,4.384,odia,
/content/drive/MyDrive/Audio_dataset/odia/common_voice_or_21834492.mp3,4.632,-102.26,False,2.72,odia,
/content/drive/MyDrive/Audio_dataset/odia/common_voice_or_21832241.mp3,7.296,-102.95,False,5.568,odia,
/content/drive/MyDrive/Audio_dataset/odia/common_voice_or_22107243.mp3,4.464,-101.5,False,2.336,odia,
/content/drive/MyDrive/Audio_dataset/odia/common_voice_or_22250551.mp3,4.104,-102.68,False,2.304,odia,
/content/drive/MyDrive/Audio_dataset/odia/common_voice_or_22220927.mp3,3.552,-93.4,False,1.76,odia,
/content/drive/MyDrive/Audio_dataset/odia/common_voice_or_21884181.mp3,3.912,-96.11,False,2.272,odia,
/content/drive/MyDrive/Audio_dataset/odia/common_voice_or_21884294.mp3,3.48,-103.48,False,2.016,odia,
/content/drive/MyDrive/Audio_dataset/odia/common_voice_or_21832864.mp3,7.296,-104.87,False,5.632,odia,
/content/drive/MyDrive/Audio_dataset/odia/common_voice_or_21842395.mp3,7.584,-103.68,False,4.992,odia,
/content/drive/MyDrive/Audio_dataset/odia/common_voice_or_22239417.mp3,5.472,-110.57,False,4.288,odia,
/content/drive/MyDrive/Audio_dataset/odia/common_voice_or_21834410.mp3,3.024,-93.6,False,1.44,odia,
/content/drive/MyDrive/Audio_dataset/odia/common_voice_or_21833152.mp3,6.24,-91.23,False,5.152,odia,
/content/drive/MyDrive/Audio_dataset/odia/common_voice_or_22238864.mp3,7.68,-104.93,False,6.144,odia,
/content/drive/MyDrive/Audio_dataset/odia/common_voice_or_21821582.mp3,4.944,-106.7,False,3.392,odia,
/content/drive/MyDrive/Audio_dataset/odia/common_voice_or_22157363.mp3,6.048,-123.21,False,4.448,odia,
/content/drive/MyDrive/Audio_dataset/odia/common_voice_or_21857524.mp3,3.384,-81.67,False,2.048,odia,
/content/drive/MyDrive/Audio_dataset/odia/common_voice_or_21832687.mp3,5.52,-97.75,False,3.616,odia,
/content/drive/MyDrive/Audio_dataset/odia/common_voice_or_21834463.mp3,5.88,-115.39,False,4.448,odia,
/content/drive/MyDrive/Audio_dataset/odia/common_voice_or_21833025.mp3,5.544,-98.22,False,4.256,odia,
/content/drive/MyDrive/Audio_dataset/odia/common_voice_or_22107203.mp3,4.896,-97.09,False,3.168,odia,
/content/drive/MyDrive/Audio_dataset/odia/common_voice_or_21845815.mp3,5.352,-108.53,False,4.128,odia,
/content/drive/MyDrive/Audio_dataset/odia/common_voice_or_21861955.mp3,5.304,-102.77,False,4.096,odia,
/content/drive/MyDrive/Audio_dataset/odia/common_voice_or_21834483.mp3,6.072,-108.4,False,4.512,odia,
/content/drive/MyDrive/Audio_dataset/odia/common_voice_or_21884394.mp3,5.16,-114.13,False,3.104,odia,
/content/drive/MyDrive/Audio_dataset/odia/common_voice_or_21833270.mp3,4.008,-98.43,False,2.88,odia,
/content/drive/MyDrive/Audio_dataset/odia/common_voice_or_22187181.mp3,3.456,-95.16,False,1.856,odia,
/content/drive/MyDrive/Audio_dataset/odia/common_voice_or_22239351.mp3,4.848,-107.28,False,3.296,odia,
/content/drive/MyDrive/Audio_dataset/odia/common_voice_or_21857663.mp3,8.016,-123.13,False,6.336,odia,
/content/drive/MyDrive/Audio_dataset/odia/common_voice_or_22250552.mp3,3.864,-98.75,False,2.656,odia,
/content/drive/MyDrive/Audio_dataset/odia/common_voice_or_21833744.mp3,7.776,-104.24,False,5.856,odia,
/content/drive/MyDrive/Audio_dataset/odia/common_voice_or_21843616.mp3,7.656,-101.67,False,5.696,odia,
/content/drive/MyDrive/Audio_dataset/odia/common_voice_or_21884220.mp3,6.696,-117.39,False,4.672,odia,
/content/drive/MyDrive/Audio_dataset/odia/common_voice_or_22243279.mp3,6.48,-126.31,False,5.184,odia,
/content/drive/MyDrive/Audio_dataset/odia/common_voice_or_22157162.mp3,4.272,-105.75,False,2.88,odia,
/content/drive/MyDrive/Audio_dataset/odia/common_voice_or_21834335.mp3,7.056,-123.2,False,5.472,odia,
/content/drive/MyDrive/Audio_dataset/odia/common_voice_or_21845748.mp3,4.128,-101.04,False,2.656,odia,
/content/drive/MyDrive/Audio_dataset/odia/common_voice_or_22239440.mp3,6.024,-97.78,False,4.448,odia,
/content/drive/MyDrive/Audio_dataset/odia/common_voice_or_21832131.mp3,4.224,-109.04,False,2.688,odia,
/content/drive/MyDrive/Audio_dataset/odia/common_voice_or_21834494.mp3,5.304,-99.24,False,3.68,odia,
/content/drive/MyDrive/Audio_dataset/odia/common_voice_or_21843501.mp3,4.704,-103.63,False,3.136,odia,
/content/drive/MyDrive/Audio_dataset/odia/common_voice_or_21838008.mp3,5.544,-125.73,False,3.04,odia,
/content/drive/MyDrive/Audio_dataset/odia/common_voice_or_21862533.mp3,2.76,-97.62,False,1.28,odia,
/content/drive/MyDrive/Audio_dataset/odia/common_voice_or_22220016.mp3,6.552,-100.11,False,5.152,odia,
/content/drive/MyDrive/Audio_dataset/odia/common_voice_or_21862512.mp3,6.912,-110.18,False,5.376,odia,
/content/drive/MyDrive/Audio_dataset/odia/common_voice_or_21845825.mp3,7.224,-104.02,False,5.984,odia,
/content/drive/MyDrive/Audio_dataset/odia/common_voice_or_22238896.mp3,3.672,-100.68,False,1.984,odia,
/content/drive/MyDrive/Audio_dataset/odia/common_voice_or_21832689.mp3,6.096,-95.69,False,4.544,odia,
/content/drive/MyDrive/Audio_dataset/odia/common_voice_or_21832245.mp3,6.792,-93.88,False,5.056,odia,
/content/drive/MyDrive/Audio_dataset/odia/common_voice_or_21820830.mp3,4.752,-114.1,False,2.752,odia,
/content/drive/MyDrive/Audio_dataset/odia/common_voice_or_21879887.mp3,6.336,-98.68,False,4.832,odia,
/content/drive/MyDrive/Audio_dataset/odia/common_voice_or_22127381.mp3,3.696,-90.13,False,2.432,odia,
/content/drive/MyDrive/Audio_dataset/odia/common_voice_or_21845770.mp3,5.16,-103.83,False,3.2,odia,
/content/drive/MyDrive/Audio_dataset/odia/common_voice_or_21845802.mp3,4.128,-109.11,False,2.752,odia,
/content/drive/MyDrive/Audio_dataset/odia/common_voice_or_22256342.mp3,4.944,-97.82,False,1.76,odia,
/content/drive/MyDrive/Audio_dataset/odia/common_voice_or_21884784.mp3,5.784,-98.12,False,3.936,odia,
/content/drive/MyDrive/Audio_dataset/odia/common_voice_or_21861832.mp3,4.944,-105.54,False,3.712,odia,
/content/drive/MyDrive/Audio_dataset/odia/common_voice_or_21832075.mp3,7.08,-113.5,False,5.152,odia,
/content/drive/MyDrive/Audio_dataset/odia/common_voice_or_21823965.mp3,4.896,-91.39,False,3.68,odia,
/content/drive/MyDrive/Audio_dataset/odia/common_voice_or_22220263.mp3,5.304,-120.69,False,3.616,odia,
/content/drive/MyDrive/Audio_dataset/odia/common_voice_or_21832650.mp3,7.824,-107.65,False,6.048,odia,
/content/drive/MyDrive/Audio_dataset/odia/common_voice_or_21833023.mp3,4.968,-95.86,False,3.552,odia,
/content/drive/MyDrive/Audio_dataset/odia/common_voice_or_21884686.mp3,6.048,-107.1,False,4.416,odia,
/content/drive/MyDrive/Audio_dataset/odia/common_voice_or_21821649.mp3,5.784,-107.46,False,4.128,odia,
/content/drive/MyDrive/Audio_dataset/odia/common_voice_or_22220169.mp3,4.704,-107.92,False,3.008,odia,
/content/drive/MyDrive/Audio_dataset/odia/common_voice_or_21838040.mp3,4.224,-123.53,False,2.528,odia,
/content/drive/MyDrive/Audio_dataset/odia/common_voice_or_21843554.mp3,3.312,-101.06,False,1.632,odia,
/content/drive/MyDrive/Audio_dataset/odia/common_voice_or_21832056.mp3,4.848,-97.92,False,3.36,odia,
/content/drive/MyDrive/Audio_dataset/odia/common_voice_or_21843278.mp3,7.944,-106.55,False,5.632,odia,
/content/drive/MyDrive/Audio_dataset/odia/common_voice_or_21832066.mp3,6.36,-107.13,False,4.608,odia,
/content/drive/MyDrive/Audio_dataset/odia/common_voice_or_21832091.mp3,7.32,-107.76,False,5.344,odia,
/content/drive/MyDrive/Audio_dataset/odia/common_voice_or_22220930.mp3,7.464,-113.23,False,5.76,odia,
/content/drive/MyDrive/Audio_dataset/odia/common_voice_or_21861961.mp3,2.976,-93.26,False,1.248,odia,
/content/drive/MyDrive/Audio_dataset/odia/common_voice_or_21820804.mp3,6.576,-102.66,False,4.992,odia,
/content/drive/MyDrive/Audio_dataset/odia/common_voice_or_21884418.mp3,6.792,-99.15,False,5.184,odia,
/content/drive/MyDrive/Audio_dataset/odia/common_voice_or_21832875.mp3,5.184,-89.81,False,3.584,odia,
/content/drive/MyDrive/Audio_dataset/odia/common_voice_or_21823936.mp3,3.744,-115.26,False,2.304,odia,
/content/drive/MyDrive/Audio_dataset/odia/common_voice_or_22107242.mp3,5.016,-97.18,False,3.2,odia,
/content/drive/MyDrive/Audio_dataset/odia/common_voice_or_21845814.mp3,6.48,-105.04,False,5.216,odia,
/content/drive/MyDrive/Audio_dataset/odia/common_voice_or_22220223.mp3,5.208,-103.37,False,3.392,odia,
/content/drive/MyDrive/Audio_dataset/odia/common_voice_or_22107123.mp3,6.768,-125.24,False,5.312,odia,
/content/drive/MyDrive/Audio_dataset/odia/common_voice_or_21832162.mp3,6.888,-115.07,False,5.28,odia,
/content/drive/MyDrive/Audio_dataset/odia/common_voice_or_22238687.mp3,5.064,-103.92,False,4.032,odia,
/content/drive/MyDrive/Audio_dataset/odia/common_voice_or_22258085.mp3,6.144,-111.34,False,2.432,odia,
/content/drive/MyDrive/Audio_dataset/odia/common_voice_or_22127377.mp3,5.184,-97.7,False,4.064,odia,
/content/drive/MyDrive/Audio_dataset/odia/common_voice_or_21843874.mp3,4.416,-108.92,False,3.36,odia,
/content/drive/MyDrive/Audio_dataset/odia/common_voice_or_21844152.mp3,5.64,-131.68,False,4.448,odia,
/content/drive/MyDrive/Audio_dataset/odia/common_voice_or_22239418.mp3,3.0,-97.08,False,1.696,odia,
/content/drive/MyDrive/Audio_dataset/odia/common_voice_or_21861853.mp3,5.544,-99.73,False,4.256,odia,
/content/drive/MyDrive/Audio_dataset/odia/common_voice_or_21832688.mp3,4.92,-93.64,False,3.104,odia,
/content/drive/MyDrive/Audio_dataset/odia/common_voice_or_21862558.mp3,3.192,-107.51,False,2.08,odia,
/content/drive/MyDrive/Audio_dataset/odia/common_voice_or_21821650.mp3,7.824,-113.39,False,5.984,odia,
/content/drive/MyDrive/Audio_dataset/odia/common_voice_or_22087090.mp3,3.672,-95.47,False,1.6,odia,
/content/drive/MyDrive/Audio_dataset/odia/common_voice_or_22157001.mp3,6.384,-113.01,False,5.024,odia,
/content/drive/MyDrive/Audio_dataset/odia/common_voice_or_22157166.mp3,5.208,-92.67,False,3.616,odia,
/content/drive/MyDrive/Audio_dataset/odia/common_voice_or_21843963.mp3,3.912,-116.26,False,2.464,odia,
/content/drive/MyDrive/Audio_dataset/odia/common_voice_or_21821600.mp3,7.704,-94.66,False,6.048,odia,
/content/drive/MyDrive/Audio_dataset/odia/common_voice_or_21842386.mp3,2.784,-92.61,False,0.896,odia,
/content/drive/MyDrive/Audio_dataset/odia/common_voice_or_21861901.mp3,3.984,-98.29,False,1.856,odia,
/content/drive/MyDrive/Audio_dataset/odia/common_voice_or_22238872.mp3,6.624,-105.34,False,4.608,odia,
/content/drive/MyDrive/Audio_dataset/odia/common_voice_or_22220160.mp3,5.184,-100.15,False,3.36,odia,
/content/drive/MyDrive/Audio_dataset/odia/common_voice_or_21821318.mp3,2.88,-96.54,False,1.44,odia,
/content/drive/MyDrive/Audio_dataset/odia/common_voice_or_21845813.mp3,3.432,-101.74,False,1.856,odia,
/content/drive/MyDrive/Audio_dataset/odia/common_voice_or_21862871.mp3,6.456,-107.28,False,4.8,odia,
/content/drive/MyDrive/Audio_dataset/odia/common_voice_or_21843542.mp3,2.952,-97.7,False,2.24,odia,
/content/drive/MyDrive/Audio_dataset/odia/common_voice_or_22239185.mp3,6.336,-99.2,False,4.8,odia,
/content/drive/MyDrive/Audio_dataset/odia/common_voice_or_22156964.mp3,4.104,-97.17,False,2.208,odia,
/content/drive/MyDrive/Audio_dataset/odia/common_voice_or_22147921.mp3,5.064,-112.78,False,3.712,odia,
/content/drive/MyDrive/Audio_dataset/odia/common_voice_or_21884218.mp3,4.08,-91.04,False,2.304,odia,
/content/drive/MyDrive/Audio_dataset/odia/common_voice_or_22105730.mp3,5.64,-104.6,False,3.872,odia,
/content/drive/MyDrive/Audio_dataset/odia/common_voice_or_21821314.mp3,7.92,-116.62,False,6.912,odia,
/content/drive/MyDrive/Audio_dataset/odia/common_voice_or_21862472.mp3,4.128,-115.53,False,2.784,odia,
/content/drive/MyDrive/Audio_dataset/odia/common_voice_or_21884721.mp3,5.592,-94.16,False,3.936,odia,
/content/drive/MyDrive/Audio_dataset/odia/common_voice_or_21884684.mp3,3.504,-120.19,False,1.376,odia,
/content/drive/MyDrive/Audio_dataset/odia/common_voice_or_21832654.mp3,3.312,-108.75,False,1.536,odia,
/content/drive/MyDrive/Audio_dataset/odia/common_voice_or_22187128.mp3,3.0,-123.39,False,0.96,odia,
/content/drive/MyDrive/Audio_dataset/odia/common_voice_or_22238876.mp3,4.776,-104.7,False,2.912,odia,
/content/drive/MyDrive/Audio_dataset/odia/common_voice_or_21832037.mp3,6.336,-117.93,False,4.384,odia,
/content/drive/MyDrive/Audio_dataset/odia/common_voice_or_21832061.mp3,4.464,-102.9,False,2.656,odia,
/content/drive/MyDrive/Audio_dataset/odia/common_voice_or_22220833.mp3,5.736,-94.98,False,3.68,odia,
/content/drive/MyDrive/Audio_dataset/odia/common_voice_or_21884753.mp3,4.896,-98.26,False,3.232,odia,
/content/drive/MyDrive/Audio_dataset/odia/common_voice_or_22250585.mp3,3.576,-105.27,False,2.08,odia,
/content/drive/MyDrive/Audio_dataset/odia/common_voice_or_22187007.mp3,4.608,-102.35,False,3.2,odia,
/content/drive/MyDrive/Audio_dataset/odia/common_voice_or_21844222.mp3,9.384,-112.32,False,8.096,odia,
/content/drive/MyDrive/Audio_dataset/odia/common_voice_or_22220851.mp3,6.816,-121.95,False,5.216,odia,
/content/drive/MyDrive/Audio_dataset/odia/common_voice_or_22108030.mp3,3.888,-93.7,False,2.464,odia,
/content/drive/MyDrive/Audio_dataset/odia/common_voice_or_21884292.mp3,4.896,-94.61,False,3.456,odia,
/content/drive/MyDrive/Audio_dataset/odia/common_voice_or_21843519.mp3,7.632,-106.14,False,6.016,odia,
/content/drive/MyDrive/Audio_dataset/odia/common_voice_or_21884552.mp3,5.496,-99.09,False,3.872,odia,
/content/drive/MyDrive/Audio_dataset/odia/common_voice_or_21845787.mp3,4.968,-94.92,False,3.584,odia,
/content/drive/MyDrive/Audio_dataset/odia/common_voice_or_21884723.mp3,6.216,-106.04,False,4.064,odia,
/content/drive/MyDrive/Audio_dataset/odia/common_voice_or_21834495.mp3,3.264,-96.14,False,1.888,odia,
/content/drive/MyDrive/Audio_dataset/odia/common_voice_or_21861930.mp3,4.536,-103.32,False,2.72,odia,
/content/drive/MyDrive/Audio_dataset/odia/common_voice_or_21843496.mp3,6.432,-91.89,False,4.768,odia,
/content/drive/MyDrive/Audio_dataset/odia/common_voice_or_22107925.mp3,5.136,-98.78,False,1.92,odia,
/content/drive/MyDrive/Audio_dataset/odia/common_voice_or_21820806.mp3,8.112,-118.78,False,5.504,odia,
/content/drive/MyDrive/Audio_dataset/odia/common_voice_or_22107923.mp3,6.264,-117.85,False,3.552,odia,
/content/drive/MyDrive/Audio_dataset/odia/common_voice_or_21844212.mp3,9.744,-105.33,False,8.576,odia,
/content/drive/MyDrive/Audio_dataset/odia/common_voice_or_21861883.mp3,7.68,-109.07,False,6.016,odia,
/content/drive/MyDrive/Audio_dataset/odia/common_voice_or_22219985.mp3,3.936,-99.52,False,2.528,odia,
/content/drive/MyDrive/Audio_dataset/odia/common_voice_or_21884219.mp3,2.832,-101.72,False,1.376,odia,
/content/drive/MyDrive/Audio_dataset/odia/common_voice_or_22147885.mp3,5.256,-109.69,False,3.52,odia,
/content/drive/MyDrive/Audio_dataset/odia/common_voice_or_21843965.mp3,4.512,-111.84,False,3.072,odia,
/content/drive/MyDrive/Audio_dataset/odia/common_voice_or_21821576.mp3,8.256,-103.97,False,6.624,odia,
/content/drive/MyDrive/Audio_dataset/odia/common_voice_or_22239120.mp3,4.68,-111.0,False,3.264,odia,
/content/drive/MyDrive/Audio_dataset/odia/common_voice_or_21832077.mp3,4.536,-104.76,False,2.72,odia,
/content/drive/MyDrive/Audio_dataset/odia/common_voice_or_21843575.mp3,7.632,-112.44,False,6.016,odia,
/content/drive/MyDrive/Audio_dataset/odia/common_voice_or_21844132.mp3,6.624,-125.08,False,5.44,odia,
/content/drive/MyDrive/Audio_dataset/odia/common_voice_or_21823963.mp3,6.384,-93.62,False,4.992,odia,
/content/drive/MyDrive/Audio_dataset/odia/common_voice_or_22239144.mp3,3.336,-101.65,False,1.792,odia,
/content/drive/MyDrive/Audio_dataset/odia/common_voice_or_21833739.mp3,6.216,-96.97,False,4.192,odia,
/content/drive/MyDrive/Audio_dataset/odia/common_voice_or_21845779.mp3,5.256,-113.0,False,3.392,odia,
/content/drive/MyDrive/Audio_dataset/odia/common_voice_or_21858262.mp3,4.584,-104.35,False,3.04,odia,
/content/drive/MyDrive/Audio_dataset/odia/common_voice_or_21832055.mp3,7.224,-109.7,False,5.536,odia,
/content/drive/MyDrive/Audio_dataset/odia/common_voice_or_22157080.mp3,6.336,-100.17,False,4.576,odia,
/content/drive/MyDrive/Audio_dataset/odia/common_voice_or_21845711.mp3,3.768,-96.24,False,2.368,odia,
/content/drive/MyDrive/Audio_dataset/odia/common_voice_or_22220787.mp3,4.464,-93.72,False,2.848,odia,
/content/drive/MyDrive/Audio_dataset/odia/common_voice_or_21843880.mp3,2.496,-100.82,False,1.216,odia,
/content/drive/MyDrive/Audio_dataset/odia/common_voice_or_22259322.mp3,2.976,-127.61,False,1.504,odia,
/content/drive/MyDrive/Audio_dataset/odia/common_voice_or_21844216.mp3,5.328,-107.77,False,4.192,odia,
/content/drive/MyDrive/Audio_dataset/odia/common_voice_or_22220498.mp3,3.456,-105.45,False,2.112,odia,
/content/drive/MyDrive/Audio_dataset/odia/common_voice_or_22127375.mp3,7.776,-109.08,False,6.048,odia,
/content/drive/MyDrive/Audio_dataset/odia/common_voice_or_21833022.mp3,4.08,-97.04,False,2.88,odia,
/content/drive/MyDrive/Audio_dataset/odia/common_voice_or_21833134.mp3,8.448,-123.75,False,7.392,odia,
/content/drive/MyDrive/Audio_dataset/odia/common_voice_or_22127496.mp3,8.256,-100.9,False,6.432,odia,
/content/drive/MyDrive/Audio_dataset/odia/common_voice_or_21833090.mp3,5.16,-84.76,False,3.808,odia,
/content/drive/MyDrive/Audio_dataset/odia/common_voice_or_22243380.mp3,4.152,-91.72,False,3.04,odia,
/content/drive/MyDrive/Audio_dataset/odia/common_voice_or_21843495.mp3,6.312,-113.01,False,4.096,odia,
/content/drive/MyDrive/Audio_dataset/odia/common_voice_or_21862470.mp3,3.792,-95.67,False,2.272,odia,
/content/drive/MyDrive/Audio_dataset/odia/common_voice_or_22256340.mp3,6.576,-97.79,False,2.784,odia,
/content/drive/MyDrive/Audio_dataset/odia/common_voice_or_21861951.mp3,6.504,-102.14,False,4.96,odia,
/content/drive/MyDrive/Audio_dataset/odia/common_voice_or_21862902.mp3,5.568,-115.81,False,3.904,odia,
/content/drive/MyDrive/Audio_dataset/odia/common_voice_or_21839557.mp3,4.56,-103.78,False,2.848,odia,
/content/drive/MyDrive/Audio_dataset/odia/common_voice_or_22107202.mp3,6.072,-110.64,False,4.16,odia,
/content/drive/MyDrive/Audio_dataset/odia/common_voice_or_22238892.mp3,5.256,-95.82,False,3.552,odia,
/content/drive/MyDrive/Audio_dataset/odia/common_voice_or_21843621.mp3,5.448,-106.42,False,3.456,odia,
/content/drive/MyDrive/Audio_dataset/odia/common_voice_or_22127431.mp3,8.544,-106.74,False,7.296,odia,
/content/drive/MyDrive/Audio_dataset/odia/common_voice_or_22220870.mp3,3.816,-96.65,False,2.048,odia,
/content/drive/MyDrive/Audio_dataset/odia/common_voice_or_21843577.mp3,5.784,-107.2,False,4.384,odia,
/content/drive/MyDrive/Audio_dataset/odia/common_voice_or_21832062.mp3,7.56,-94.94,False,5.344,odia,
/content/drive/MyDrive/Audio_dataset/odia/common_voice_or_21862864.mp3,4.152,-100.78,False,2.848,odia,
/content/drive/MyDrive/Audio_dataset/odia/common_voice_or_22106977.mp3,4.104,-104.61,False,2.56,odia,
/content/drive/MyDrive/Audio_dataset/odia/common_voice_or_21832630.mp3,4.344,-110.68,False,2.368,odia,
/content/drive/MyDrive/Audio_dataset/odia/common_voice_or_21833030.mp3,5.184,-95.83,False,4.032,odia,
/content/drive/MyDrive/Audio_dataset/odia/common_voice_or_21844006.mp3,5.88,-103.48,False,4.544,odia,
/content/drive/MyDrive/Audio_dataset/odia/common_voice_or_21843885.mp3,5.064,-114.97,False,3.904,odia,
/content/drive/MyDrive/Audio_dataset/odia/common_voice_or_21821317.mp3,6.84,-126.22,False,5.568,odia,
/content/drive/MyDrive/Audio_dataset/odia/common_voice_or_21823919.mp3,2.664,-87.22,False,1.12,odia,
/content/drive/MyDrive/Audio_dataset/odia/common_voice_or_22157045.mp3,8.136,-106.26,False,6.592,odia,
/content/drive/MyDrive/Audio_dataset/odia/common_voice_or_22187180.mp3,5.184,-135.82,False,3.616,odia,
/content/drive/MyDrive/Audio_dataset/odia/common_voice_or_22147918.mp3,6.264,-116.93,False,4.64,odia,
/content/drive/MyDrive/Audio_dataset/odia/common_voice_or_22239282.mp3,5.28,-110.69,False,3.136,odia,
/content/drive/MyDrive/Audio_dataset/odia/common_voice_or_21861944.mp3,6.96,-97.84,False,5.312,odia,
/content/drive/MyDrive/Audio_dataset/odia/common_voice_or_21838005.mp3,5.112,-117.82,False,3.36,odia,
/content/drive/MyDrive/Audio_dataset/odia/common_voice_or_22239160.mp3,5.256,-106.9,False,3.648,odia,
/content/drive/MyDrive/Audio_dataset/odia/common_voice_or_21861919.mp3,4.536,-121.65,False,3.136,odia,
/content/drive/MyDrive/Audio_dataset/odia/common_voice_or_22243227.mp3,5.352,-86.13,False,4.0,odia,
/content/drive/MyDrive/Audio_dataset/odia/common_voice_or_21838052.mp3,3.816,-141.68,False,1.952,odia,
/content/drive/MyDrive/Audio_dataset/odia/common_voice_or_22238849.mp3,3.384,-101.02,False,1.536,odia,
/content/drive/MyDrive/Audio_dataset/odia/common_voice_or_21857558.mp3,2.544,-78.8,False,1.28,odia,
/content/drive/MyDrive/Audio_dataset/odia/common_voice_or_21834353.mp3,4.368,-99.06,False,2.144,odia,
/content/drive/MyDrive/Audio_dataset/odia/common_voice_or_21861918.mp3,4.056,-105.47,False,2.24,odia,
/content/drive/MyDrive/Audio_dataset/odia/common_voice_or_21884847.mp3,3.936,-93.12,False,1.824,odia,
/content/drive/MyDrive/Audio_dataset/odia/common_voice_or_21884529.mp3,3.36,-93.0,False,1.568,odia,
/content/drive/MyDrive/Audio_dataset/odia/common_voice_or_21862889.mp3,4.536,-93.16,False,2.784,odia,
/content/drive/MyDrive/Audio_dataset/odia/common_voice_or_22108023.mp3,5.448,-135.2,False,2.72,odia,
/content/drive/MyDrive/Audio_dataset/odia/common_voice_or_21843534.mp3,6.84,-107.87,False,5.216,odia,
/content/drive/MyDrive/Audio_dataset/odia/common_voice_or_21845805.mp3,4.536,-110.6,False,3.456,odia,
/content/drive/MyDrive/Audio_dataset/odia/common_voice_or_21842400.mp3,10.536,-111.36,False,8.704,odia,
/content/drive/MyDrive/Audio_dataset/odia/common_voice_or_22257579.mp3,4.944,-102.09,False,0.992,odia,
/content/drive/MyDrive/Audio_dataset/odia/common_voice_or_21844187.mp3,3.264,-103.76,False,1.888,odia,
/content/drive/MyDrive/Audio_dataset/odia/common_voice_or_22220219.mp3,6.912,-142.7,False,5.408,odia,
/content/drive/MyDrive/Audio_dataset/odia/common_voice_or_21861906.mp3,2.568,-98.22,False,1.216,odia,
/content/drive/MyDrive/Audio_dataset/odia/common_voice_or_22186750.mp3,3.576,-98.35,False,2.016,odia,
/content/drive/MyDrive/Audio_dataset/odia/common_voice_or_22156981.mp3,5.016,-99.39,False,3.328,odia,
/content/drive/MyDrive/Audio_dataset/odia/common_voice_or_22087393.mp3,3.384,-98.41,False,1.504,odia,
/content/drive/MyDrive/Audio_dataset/odia/common_voice_or_22157083.mp3,5.16,-109.11,False,3.456,odia,
/content/drive/MyDrive/Audio_dataset/odia/common_voice_or_21844134.mp3,5.28,-98.36,False,4.224,odia,
/content/drive/MyDrive/Audio_dataset/odia/common_voice_or_22238762.mp3,2.256,-90.47,False,0.992,odia,
/content/drive/MyDrive/Audio_dataset/odia/common_voice_or_21861972.mp3,5.856,-114.52,False,4.032,odia,
/content/drive/MyDrive/Audio_dataset/odia/common_voice_or_21845821.mp3,2.904,-100.05,False,1.312,odia,
/content/drive/MyDrive/Audio_dataset/odia/common_voice_or_21845822.mp3,6.768,-106.61,False,5.152,odia,
/content/drive/MyDrive/Audio_dataset/odia/common_voice_or_21843517.mp3,7.008,-113.81,False,5.536,odia,
/content/drive/MyDrive/Audio_dataset/odia/common_voice_or_21861914.mp3,3.6,-87.61,False,1.952,odia,
/content/drive/MyDrive/Audio_dataset/odia/common_voice_or_21861933.mp3,3.72,-113.45,False,1.792,odia,
/content/drive/MyDrive/Audio_dataset/odia/common_voice_or_21845811.mp3,3.504,-95.91,False,1.792,odia,
/content/drive/MyDrive/Audio_dataset/odia/common_voice_or_22187083.mp3,4.728,-102.0,False,3.04,odia,
/content/drive/MyDrive/Audio_dataset/odia/common_voice_or_21832834.mp3,3.36,-98.75,False,1.664,odia,
/content/drive/MyDrive/Audio_dataset/odia/common_voice_or_22238765.mp3,5.712,-107.19,False,4.256,odia,
/content/drive/MyDrive/Audio_dataset/odia/common_voice_or_21832870.mp3,7.8,-116.67,False,5.92,odia,
/content/drive/MyDrive/Audio_dataset/odia/common_voice_or_21832254.mp3,6.432,-112.83,False,5.568,odia,
/content/drive/MyDrive/Audio_dataset/odia/common_voice_or_21832657.mp3,3.432,-104.59,False,1.792,odia,
/content/drive/MyDrive/Audio_dataset/odia/common_voice_or_21823924.mp3,3.624,-95.0,False,2.272,odia,
/content/drive/MyDrive/Audio_dataset/odia/common_voice_or_21843521.mp3,6.696,-102.14,False,5.024,odia,
/content/drive/MyDrive/Audio_dataset/odia/common_voice_or_21833689.mp3,8.064,-102.7,False,6.272,odia,
/content/drive/MyDrive/Audio_dataset/odia/common_voice_or_22251099.mp3,8.376,-98.23,False,6.848,odia,
/content/drive/MyDrive/Audio_dataset/odia/common_voice_or_21821691.mp3,6.264,-108.24,False,5.152,odia,
/content/drive/MyDrive/Audio_dataset/odia/common_voice_or_21844188.mp3,5.664,-106.23,False,3.744,odia,
/content/drive/MyDrive/Audio_dataset/odia/common_voice_or_21839558.mp3,4.92,-96.45,False,3.264,odia,
/content/drive/MyDrive/Audio_dataset/odia/common_voice_or_22243384.mp3,6.312,-111.03,False,5.28,odia,
/content/drive/MyDrive/Audio_dataset/odia/common_voice_or_21884752.mp3,6.024,-106.18,False,4.32,odia,
/content/drive/MyDrive/Audio_dataset/odia/common_voice_or_21861925.mp3,5.76,-101.93,False,4.256,odia,
/content/drive/MyDrive/Audio_dataset/odia/common_voice_or_22238894.mp3,5.976,-105.11,False,4.384,odia,
/content/drive/MyDrive/Audio_dataset/odia/common_voice_or_21833132.mp3,5.64,-88.77,False,4.416,odia,
/content/drive/MyDrive/Audio_dataset/odia/common_voice_or_21861852.mp3,3.24,-93.9,False,1.408,odia,
/content/drive/MyDrive/Audio_dataset/odia/common_voice_or_21862890.mp3,6.048,-97.92,False,4.64,odia,
/content/drive/MyDrive/Audio_dataset/odia/common_voice_or_21832686.mp3,3.504,-130.29,False,2.304,odia,
/content/drive/MyDrive/Audio_dataset/odia/common_voice_or_21843600.mp3,4.128,-93.24,False,2.656,odia,
/content/drive/MyDrive/Audio_dataset/odia/common_voice_or_21884750.mp3,5.544,-104.86,False,3.776,odia,
/content/drive/MyDrive/Audio_dataset/odia/common_voice_or_21821327.mp3,7.344,-106.82,False,5.728,odia,
/content/drive/MyDrive/Audio_dataset/odia/common_voice_or_21832137.mp3,2.904,-90.52,False,0.992,odia,
/content/drive/MyDrive/Audio_dataset/odia/common_voice_or_21862922.mp3,6.96,-99.76,False,5.088,odia,
/content/drive/MyDrive/Audio_dataset/odia/common_voice_or_21832159.mp3,5.808,-99.85,False,3.552,odia,
/content/drive/MyDrive/Audio_dataset/odia/common_voice_or_22243232.mp3,4.248,-97.48,False,3.04,odia,
/content/drive/MyDrive/Audio_dataset/odia/common_voice_or_21884531.mp3,4.128,-101.13,False,2.272,odia,
/content/drive/MyDrive/Audio_dataset/odia/common_voice_or_22239358.mp3,4.872,-106.21,False,2.976,odia,
/content/drive/MyDrive/Audio_dataset/odia/common_voice_or_21833354.mp3,7.968,-121.56,False,6.464,odia,
/content/drive/MyDrive/Audio_dataset/odia/common_voice_or_21843507.mp3,8.088,-115.15,False,6.496,odia,
/content/drive/MyDrive/Audio_dataset/odia/common_voice_or_21821653.mp3,4.944,-116.25,False,3.232,odia,
/content/drive/MyDrive/Audio_dataset/odia/common_voice_or_21833343.mp3,4.896,-94.72,False,3.456,odia,
/content/drive/MyDrive/Audio_dataset/odia/common_voice_or_21843494.mp3,7.464,-104.91,False,5.824,odia,
/content/drive/MyDrive/Audio_dataset/odia/common_voice_or_22239232.mp3,5.76,-100.64,False,4.512,odia,
/content/drive/MyDrive/Audio_dataset/odia/common_voice_or_21862577.mp3,5.208,-123.44,False,3.744,odia,
/content/drive/MyDrive/Audio_dataset/odia/common_voice_or_22239350.mp3,3.96,-110.78,False,2.4,odia,
/content/drive/MyDrive/Audio_dataset/odia/common_voice_or_22239393.mp3,6.312,-117.75,False,4.864,odia,
/content/drive/MyDrive/Audio_dataset/odia/common_voice_or_21843618.mp3,3.432,-92.09,False,2.048,odia,
/content/drive/MyDrive/Audio_dataset/odia/common_voice_or_21843877.mp3,4.152,-132.79,False,2.88,odia,
/content/drive/MyDrive/Audio_dataset/odia/common_voice_or_21832047.mp3,3.984,-95.61,False,2.112,odia,
/content/drive/MyDrive/Audio_dataset/odia/common_voice_or_22239302.mp3,6.864,-120.53,False,5.152,odia,
/content/drive/MyDrive/Audio_dataset/odia/common_voice_or_21862449.mp3,6.216,-98.01,False,4.576,odia,
/content/drive/MyDrive/Audio_dataset/odia/common_voice_or_21845694.mp3,3.528,-99.56,False,1.824,odia,
/content/drive/MyDrive/Audio_dataset/odia/common_voice_or_21884714.mp3,6.24,-99.56,False,4.704,odia,
/content/drive/MyDrive/Audio_dataset/odia/common_voice_or_21862520.mp3,4.176,-120.56,False,2.432,odia,
/content/drive/MyDrive/Audio_dataset/odia/common_voice_or_21844137.mp3,3.36,-96.49,False,2.176,odia,
/content/drive/MyDrive/Audio_dataset/odia/common_voice_or_22239354.mp3,2.88,-95.44,False,1.248,odia,
/content/drive/MyDrive/Audio_dataset/odia/common_voice_or_21833069.mp3,6.168,-110.92,False,5.664,odia,
/content/drive/MyDrive/Audio_dataset/odia/common_voice_or_21845793.mp3,6.048,-124.71,False,4.704,odia,
/content/drive/MyDrive/Audio_dataset/odia/common_voice_or_21832258.mp3,5.088,-112.23,False,3.36,odia,
/content/drive/MyDrive/Audio_dataset/odia/common_voice_or_21884554.mp3,6.624,-116.08,False,4.672,odia,
/content/drive/MyDrive/Audio_dataset/odia/common_voice_or_22220852.mp3,5.64,-101.56,False,4.192,odia,
/content/drive/MyDrive/Audio_dataset/odia/common_voice_or_21832161.mp3,3.744,-100.39,False,2.496,odia,
/content/drive/MyDrive/Audio_dataset/odia/common_voice_or_21829760.mp3,6.792,-107.74,False,4.704,odia,
/content/drive/MyDrive/Audio_dataset/odia/common_voice_or_21838043.mp3,3.864,-107.17,False,2.176,odia,
/content/drive/MyDrive/Audio_dataset/odia/common_voice_or_21858266.mp3,6.336,-93.74,False,5.376,odia,
/content/drive/MyDrive/Audio_dataset/odia/common_voice_or_22187013.mp3,4.488,-95.34,False,3.2,odia,
/content/drive/MyDrive/Audio_dataset/odia/common_voice_or_22186863.mp3,6.744,-100.82,False,5.312,odia,
/content/drive/MyDrive/Audio_dataset/odia/common_voice_or_21879878.mp3,5.784,-81.86,False,4.384,odia,
/content/drive/MyDrive/Audio_dataset/odia/common_voice_or_21861903.mp3,3.672,-102.12,False,2.176,odia,
/content/drive/MyDrive/Audio_dataset/odia/common_voice_or_21823918.mp3,4.896,-97.27,False,3.392,odia,
/content/drive/MyDrive/Audio_dataset/odia/common_voice_or_22239371.mp3,5.424,-102.58,False,4.064,odia,
/content/drive/MyDrive/Audio_dataset/odia/common_voice_or_22087312.mp3,4.056,-106.64,False,2.432,odia,
/content/drive/MyDrive/Audio_dataset/odia/common_voice_or_22087320.mp3,4.248,-99.65,False,2.528,odia,
/content/drive/MyDrive/Audio_dataset/odia/common_voice_or_22219851.mp3,6.576,-108.57,False,5.152,odia,
/content/drive/MyDrive/Audio_dataset/odia/common_voice_or_21821693.mp3,6.864,-92.24,False,5.6,odia,
/content/drive/MyDrive/Audio_dataset/odia/common_voice_or_22107927.mp3,6.672,-104.16,False,5.392,odia,
/content/drive/MyDrive/Audio_dataset/odia/common_voice_or_22147952.mp3,7.056,-112.93,False,5.6,odia,
/content/drive/MyDrive/Audio_dataset/odia/common_voice_or_21833027.mp3,4.2,-93.64,False,2.976,odia,
/content/drive/MyDrive/Audio_dataset/odia/common_voice_or_22186742.mp3,6.552,-141.58,False,4.896,odia,
/content/drive/MyDrive/Audio_dataset/odia/common_voice_or_22243389.mp3,4.392,-100.51,False,3.232,odia,
/content/drive/MyDrive/Audio_dataset/odia/common_voice_or_21884200.mp3,6.192,-103.35,False,4.64,odia,
/content/drive/MyDrive/Audio_dataset/odia/common_voice_or_21861916.mp3,4.56,-100.49,False,2.976,odia,
/content/drive/MyDrive/Audio_dataset/odia/common_voice_or_21862536.mp3,2.376,-115.6,False,0.896,odia,
/content/drive/MyDrive/Audio_dataset/odia/common_voice_or_22127339.mp3,6.336,-102.04,False,5.088,odia,
/content/drive/MyDrive/Audio_dataset/odia/common_voice_or_21821306.mp3,10.248,-101.95,False,8.544,odia,
/content/drive/MyDrive/Audio_dataset/odia/common_voice_or_21833070.mp3,7.32,-93.38,False,6.336,odia,
/content/drive/MyDrive/Audio_dataset/odia/common_voice_or_21861937.mp3,2.856,-95.93,False,1.216,odia,
/content/drive/MyDrive/Audio_dataset/odia/common_voice_or_21834379.mp3,7.32,-110.5,False,5.536,odia,
/content/drive/MyDrive/Audio_dataset/odia/common_voice_or_21879855.mp3,3.864,-108.0,False,2.592,odia,
/content/drive/MyDrive/Audio_dataset/odia/common_voice_or_22219923.mp3,5.28,-103.89,False,3.616,odia,
/content/drive/MyDrive/Audio_dataset/odia/common_voice_or_21861931.mp3,3.24,-105.0,False,1.664,odia,
/content/drive/MyDrive/Audio_dataset/odia/common_voice_or_21844147.mp3,2.736,-91.42,False,1.44,odia,
/content/drive/MyDrive/Audio_dataset/odia/common_voice_or_21832136.mp3,6.672,-103.35,False,4.768,odia,
/content/drive/MyDrive/Audio_dataset/odia/common_voice_or_21821315.mp3,6.288,-125.24,False,4.672,odia,
/content/drive/MyDrive/Audio_dataset/odia/common_voice_or_21845792.mp3,3.768,-98.9,False,1.856,odia,
/content/drive/MyDrive/Audio_dataset/odia/common_voice_or_21845768.mp3,6.072,-101.89,False,4.576,odia,
/content/drive/MyDrive/Audio_dataset/odia/common_voice_or_22238865.mp3,4.344,-116.05,False,2.784,odia,
/content/drive/MyDrive/Audio_dataset/odia/common_voice_or_22157047.mp3,4.968,-104.15,False,3.392,odia,
/content/drive/MyDrive/Audio_dataset/odia/common_voice_or_21833024.mp3,4.008,-100.43,False,2.528,odia,
/content/drive/MyDrive/Audio_dataset/odia/common_voice_or_22186885.mp3,6.744,-110.22,False,5.472,odia,
/content/drive/MyDrive/Audio_dataset/odia/common_voice_or_22156983.mp3,5.04,-103.46,False,3.168,odia,
/content/drive/MyDrive/Audio_dataset/odia/common_voice_or_21857555.mp3,6.384,-89.01,False,4.8,odia,
/content/drive/MyDrive/Audio_dataset/odia/common_voice_or_22108032.mp3,6.672,-112.45,False,5.024,odia,
/content/drive/MyDrive/Audio_dataset/odia/common_voice_or_21843511.mp3,4.416,-92.29,False,2.848,odia,
/content/drive/MyDrive/Audio_dataset/odia/common_voice_or_21861900.mp3,6.36,-93.45,False,4.96,odia,
/content/drive/MyDrive/Audio_dataset/odia/common_voice_or_22220832.mp3,7.272,-107.73,False,5.28,odia,
/content/drive/MyDrive/Audio_dataset/odia/common_voice_or_21862588.mp3,2.952,-116.63,False,1.312,odia,
/content/drive/MyDrive/Audio_dataset/odia/common_voice_or_21833135.mp3,6.096,-92.57,False,4.96,odia,
/content/drive/MyDrive/Audio_dataset/odia/common_voice_or_21832674.mp3,5.088,-96.6,False,3.456,odia,
/content/drive/MyDrive/Audio_dataset/odia/common_voice_or_22186888.mp3,2.952,-101.77,False,1.504,odia,
/content/drive/MyDrive/Audio_dataset/odia/common_voice_or_22243255.mp3,4.2,-94.84,False,3.008,odia,
/content/drive/MyDrive/Audio_dataset/odia/common_voice_or_22238789.mp3,2.112,-102.11,False,0.672,odia,
/content/drive/MyDrive/Audio_dataset/odia/common_voice_or_21884199.mp3,5.232,-115.82,False,3.68,odia,
/content/drive/MyDrive/Audio_dataset/odia/common_voice_or_21821304.mp3,3.72,-121.53,False,2.272,odia,
/content/drive/MyDrive/Audio_dataset/odia/common_voice_or_21884383.mp3,6.624,-98.67,False,4.704,odia,
/content/drive/MyDrive/Audio_dataset/odia/common_voice_or_22087077.mp3,3.672,-106.18,False,1.856,odia,
/content/drive/MyDrive/Audio_dataset/odia/common_voice_or_21857624.mp3,5.376,-112.78,False,4.288,odia,
/content/drive/MyDrive/Audio_dataset/odia/common_voice_or_21833067.mp3,7.68,-94.46,False,6.624,odia,
/content/drive/MyDrive/Audio_dataset/odia/common_voice_or_22105772.mp3,4.032,-95.29,False,2.24,odia,
/content/drive/MyDrive/Audio_dataset/odia/common_voice_or_21862559.mp3,5.448,-129.51,False,4.032,odia,
/content/drive/MyDrive/Audio_dataset/odia/common_voice_or_21821331.mp3,4.896,-102.13,False,3.36,odia,
/content/drive/MyDrive/Audio_dataset/odia/common_voice_or_21843948.mp3,3.456,-135.03,False,2.496,odia,
/content/drive/MyDrive/Audio_dataset/odia/common_voice_or_22239392.mp3,4.872,-104.14,False,3.424,odia,
/content/drive/MyDrive/Audio_dataset/odia/common_voice_or_22220929.mp3,6.432,-114.74,False,4.8,odia,
/content/drive/MyDrive/Audio_dataset/odia/common_voice_or_21879880.mp3,3.504,-86.91,False,2.368,odia,
/content/drive/MyDrive/Audio_dataset/odia/common_voice_or_21843909.mp3,5.04,-103.77,False,4.064,odia,
/content/drive/MyDrive/Audio_dataset/odia/common_voice_or_21862914.mp3,5.64,-98.44,False,4.064,odia,
/content/drive/MyDrive/Audio_dataset/odia/common_voice_or_22243192.mp3,4.704,-81.4,False,3.36,odia,
/content/drive/MyDrive/Audio_dataset/odia/common_voice_or_21861891.mp3,5.304,-107.58,False,3.52,odia,
/content/drive/MyDrive/Audio_dataset/odia/common_voice_or_21884816.mp3,6.384,-107.99,False,4.704,odia,
/content/drive/MyDrive/Audio_dataset/odia/common_voice_or_21834350.mp3,6.36,-106.94,False,4.608,odia,
/content/drive/MyDrive/Audio_dataset/odia/common_voice_or_22220853.mp3,4.248,-99.76,False,2.848,odia,
/content/drive/MyDrive/Audio_dataset/odia/common_voice_or_21862591.mp3,6.672,-98.13,False,4.768,odia,
/content/drive/MyDrive/Audio_dataset/odia/common_voice_or_22238763.mp3,7.392,-99.04,False,5.824,odia,
/content/drive/MyDrive/Audio_dataset/odia/common_voice_or_22219850.mp3,6.024,-113.69,False,4.288,odia,
/content/drive/MyDrive/Audio_dataset/odia/common_voice_or_21833585.mp3,5.664,-93.77,False,3.552,odia,
/content/drive/MyDrive/Audio_dataset/odia/common_voice_or_21862499.mp3,4.824,-96.78,False,3.2,odia,
/content/drive/MyDrive/Audio_dataset/odia/common_voice_or_22147892.mp3,3.744,-103.3,False,2.4,odia,
/content/drive/MyDrive/Audio_dataset/odia/common_voice_or_22186825.mp3,6.024,-108.64,False,4.544,odia,
/content/drive/MyDrive/Audio_dataset/odia/common_voice_or_21821988.mp3,5.256,-102.69,False,2.496,odia,
/content/drive/MyDrive/Audio_dataset/odia/common_voice_or_21834497.mp3,5.928,-114.26,False,3.968,odia,
/content/drive/MyDrive/Audio_dataset/odia/common_voice_or_22243247.mp3,3.024,-90.56,False,1.632,odia,
/content/drive/MyDrive/Audio_dataset/odia/common_voice_or_21833026.mp3,7.656,-108.11,False,6.272,odia,
/content/drive/MyDrive/Audio_dataset/odia/common_voice_or_21843563.mp3,5.616,-110.03,False,4.192,odia,
/content/drive/MyDrive/Audio_dataset/odia/common_voice_or_21845786.mp3,3.888,-96.1,False,2.336,odia,
/content/drive/MyDrive/Audio_dataset/odia/common_voice_or_22147962.mp3,5.28,-115.39,False,3.296,odia,
/content/drive/MyDrive/Audio_dataset/odia/common_voice_or_21884325.mp3,2.664,-102.93,False,1.248,odia,
/content/drive/MyDrive/Audio_dataset/odia/common_voice_or_22186865.mp3,4.632,-106.33,False,3.392,odia,
/content/drive/MyDrive/Audio_dataset/odia/common_voice_or_21844220.mp3,4.176,-105.52,False,3.36,odia,
/content/drive/MyDrive/Audio_dataset/odia/common_voice_or_21834487.mp3,7.872,-101.55,False,6.592,odia,
/content/drive/MyDrive/Audio_dataset/odia/common_voice_or_22157109.mp3,2.544,-108.3,False,0.8,odia,
/content/drive/MyDrive/Audio_dataset/odia/common_voice_or_22147924.mp3,8.208,-98.5,False,6.688,odia,
/content/drive/MyDrive/Audio_dataset/odia/common_voice_or_22220461.mp3,6.84,-110.09,False,5.056,odia,
/content/drive/MyDrive/Audio_dataset/odia/common_voice_or_22259320.mp3,3.624,-95.1,False,1.888,odia,
/content/drive/MyDrive/Audio_dataset/odia/common_voice_or_21843499.mp3,3.144,-131.1,False,1.12,odia,
/content/drive/MyDrive/Audio_dataset/odia/common_voice_or_22258086.mp3,10.176,-117.34,False,7.744,odia,
/content/drive/MyDrive/Audio_dataset/odia/common_voice_or_21862462.mp3,4.968,-120.06,False,3.488,odia,
/content/drive/MyDrive/Audio_dataset/odia/common_voice_or_21832060.mp3,5.232,-100.19,False,3.552,odia,
/content/drive/MyDrive/Audio_dataset/odia/common_voice_or_22105773.mp3,4.08,-98.52,False,2.016,odia,
/content/drive/MyDrive/Audio_dataset/odia/common_voice_or_22147954.mp3,2.76,-96.43,False,1.6,odia,
/content/drive/MyDrive/Audio_dataset/odia/common_voice_or_21862846.mp3,3.24,-100.28,False,1.536,odia,
/content/drive/MyDrive/Audio_dataset/odia/common_voice_or_22147896.mp3,5.712,-99.24,False,4.224,odia,
/content/drive/MyDrive/Audio_dataset/odia/common_voice_or_22220216.mp3,6.12,-100.24,False,4.096,odia,
/content/drive/MyDrive/Audio_dataset/odia/common_voice_or_21861956.mp3,4.176,-128.58,False,2.816,odia,
/content/drive/MyDrive/Audio_dataset/odia/common_voice_or_22220752.mp3,3.144,-100.74,False,1.568,odia,
/content/drive/MyDrive/Audio_dataset/odia/common_voice_or_22239322.mp3,5.328,-100.53,False,3.872,odia,
/content/drive/MyDrive/Audio_dataset/odia/common_voice_or_22239353.mp3,4.032,-97.08,False,2.208,odia,
/content/drive/MyDrive/Audio_dataset/odia/common_voice_or_21833690.mp3,4.008,-102.68,False,2.08,odia,
/content/drive/MyDrive/Audio_dataset/odia/common_voice_or_22147965.mp3,3.0,-100.66,False,1.376,odia,
/content/drive/MyDrive/Audio_dataset/odia/common_voice_or_22259253.mp3,4.464,-94.58,False,3.04,odia,
/content/drive/MyDrive/Audio_dataset/odia/common_voice_or_21884326.mp3,4.104,-106.42,False,2.144,odia,
/content/drive/MyDrive/Audio_dataset/odia/common_voice_or_21832725.mp3,5.112,-106.39,False,3.744,odia,
/content/drive/MyDrive/Audio_dataset/odia/common_voice_or_21843544.mp3,4.68,-106.55,False,2.912,odia,
/content/drive/MyDrive/Audio_dataset/odia/common_voice_or_21832074.mp3,7.632,-127.64,False,5.472,odia,
/content/drive/MyDrive/Audio_dataset/odia/common_voice_or_21832651.mp3,5.904,-112.81,False,4.416,odia,
/content/drive/MyDrive/Audio_dataset/odia/common_voice_or_21884389.mp3,5.76,-97.69,False,3.776,odia,
/content/drive/MyDrive/Audio_dataset/odia/common_voice_or_21886238.mp3,5.64,-113.37,False,4.096,odia,
/content/drive/MyDrive/Audio_dataset/odia/common_voice_or_21861959.mp3,5.208,-86.9,False,3.52,odia,
/content/drive/MyDrive/Audio_dataset/odia/common_voice_or_22105671.mp3,4.056,-112.1,False,2.176,odia,
/content/drive/MyDrive/Audio_dataset/odia/common_voice_or_22087217.mp3,4.104,-99.7,False,2.496,odia,
/content/drive/MyDrive/Audio_dataset/odia/common_voice_or_21842404.mp3,5.184,-91.71,False,3.68,odia,
/content/drive/MyDrive/Audio_dataset/odia/common_voice_or_22239301.mp3,2.904,-112.18,False,1.632,odia,
/content/drive/MyDrive/Audio_dataset/odia/common_voice_or_21843533.mp3,3.744,-96.05,False,2.304,odia,
/content/drive/MyDrive/Audio_dataset/odia/common_voice_or_22259256.mp3,7.704,-108.18,False,5.728,odia,
/content/drive/MyDrive/Audio_dataset/odia/common_voice_or_21862861.mp3,5.232,-97.33,False,3.552,odia,
/content/drive/MyDrive/Audio_dataset/odia/common_voice_or_21879857.mp3,4.104,-104.8,False,2.816,odia,
/content/drive/MyDrive/Audio_dataset/odia/common_voice_or_21843572.mp3,5.856,-104.15,False,4.0,odia,
/content/drive/MyDrive/Audio_dataset/odia/common_voice_or_22239233.mp3,5.712,-103.16,False,4.352,odia,
/content/drive/MyDrive/Audio_dataset/odia/common_voice_or_21861921.mp3,5.88,-107.94,False,4.576,odia,
/content/drive/MyDrive/Audio_dataset/odia/common_voice_or_22239391.mp3,6.36,-110.52,False,4.768,odia,
/content/drive/MyDrive/Audio_dataset/odia/common_voice_or_22087092.mp3,6.624,-141.43,False,5.152,odia,
/content/drive/MyDrive/Audio_dataset/odia/common_voice_or_21861851.mp3,6.12,-102.35,False,4.096,odia,
/content/drive/MyDrive/Audio_dataset/odia/common_voice_or_21821308.mp3,5.088,-117.96,False,3.776,odia,
/content/drive/MyDrive/Audio_dataset/odia/common_voice_or_22147926.mp3,3.576,-124.03,False,2.208,odia,
/content/drive/MyDrive/Audio_dataset/odia/common_voice_or_22251100.mp3,8.976,-127.75,False,6.432,odia,
/content/drive/MyDrive/Audio_dataset/odia/common_voice_or_21884260.mp3,6.864,-106.69,False,5.216,odia,
/content/drive/MyDrive/Audio_dataset/odia/common_voice_or_21833365.mp3,5.352,-98.18,False,4.256,odia,
/content/drive/MyDrive/Audio_dataset/odia/common_voice_or_21884387.mp3,6.792,-108.59,False,5.312,odia,
/content/drive/MyDrive/Audio_dataset/odia/common_voice_or_21832790.mp3,6.096,-103.82,False,4.384,odia,
/content/drive/MyDrive/Audio_dataset/odia/common_voice_or_21843504.mp3,7.224,-121.79,False,5.6,odia,
/content/drive/MyDrive/Audio_dataset/odia/common_voice_or_22220415.mp3,6.36,-113.44,False,4.544,odia,
/content/drive/MyDrive/Audio_dataset/odia/common_voice_or_21862508.mp3,5.736,-107.38,False,4.192,odia,
/content/drive/MyDrive/Audio_dataset/odia/common_voice_or_21834467.mp3,4.128,-129.35,False,2.592,odia,
/content/drive/MyDrive/Audio_dataset/odia/common_voice_or_21832148.mp3,4.704,-103.55,False,2.816,odia,
/content/drive/MyDrive/Audio_dataset/odia/common_voice_or_21862490.mp3,3.72,-103.12,False,2.208,odia,
/content/drive/MyDrive/Audio_dataset/odia/common_voice_or_22238720.mp3,5.736,-116.39,False,3.84,odia,
/content/drive/MyDrive/Audio_dataset/odia/common_voice_or_22239140.mp3,2.904,-105.91,False,1.088,odia,
/content/drive/MyDrive/Audio_dataset/odia/common_voice_or_21832724.mp3,6.096,-98.05,False,4.32,odia,
/content/drive/MyDrive/Audio_dataset/odia/common_voice_or_21844224.mp3,2.568,-94.53,False,1.408,odia,
/content/drive/MyDrive/Audio_dataset/odia/common_voice_or_21857673.mp3,3.024,-91.18,False,1.792,odia,
/content/drive/MyDrive/Audio_dataset/odia/common_voice_or_22256538.mp3,7.416,-101.59,False,5.856,odia,
/content/drive/MyDrive/Audio_dataset/odia/common_voice_or_22220497.mp3,3.456,-94.66,False,1.568,odia,
/content/drive/MyDrive/Audio_dataset/odia/common_voice_or_21834339.mp3,7.032,-113.51,False,5.248,odia,
/content/drive/MyDrive/Audio_dataset/odia/common_voice_or_21832068.mp3,3.504,-98.63,False,1.664,odia,
/content/drive/MyDrive/Audio_dataset/odia/common_voice_or_21833712.mp3,2.808,-99.19,False,1.056,odia,
/content/drive/MyDrive/Audio_dataset/odia/common_voice_or_21833268.mp3,3.36,-103.27,False,2.144,odia,
/content/drive/MyDrive/Audio_dataset/odia/common_voice_or_21845751.mp3,4.536,-106.33,False,2.624,odia,
/content/drive/MyDrive/Audio_dataset/odia/common_voice_or_21833353.mp3,3.144,-103.9,False,1.76,odia,
/content/drive/MyDrive/Audio_dataset/odia/common_voice_or_22243202.mp3,6.768,-98.24,False,5.696,odia,
/content/drive/MyDrive/Audio_dataset/odia/common_voice_or_22239118.mp3,4.656,-111.51,False,3.104,odia,
/content/drive/MyDrive/Audio_dataset/odia/common_voice_or_21832065.mp3,3.552,-114.3,False,1.504,odia,
/content/drive/MyDrive/Audio_dataset/odia/common_voice_or_21834484.mp3,5.784,-100.9,False,4.256,odia,
/content/drive/MyDrive/Audio_dataset/odia/common_voice_or_22106962.mp3,5.664,-103.63,False,3.616,odia,
/content/drive/MyDrive/Audio_dataset/odia/common_voice_or_21862469.mp3,3.264,-106.09,False,1.504,odia,
/content/drive/MyDrive/Audio_dataset/odia/common_voice_or_21834496.mp3,5.904,-112.81,False,4.672,odia,
/content/drive/MyDrive/Audio_dataset/odia/common_voice_or_21832837.mp3,6.216,-98.17,False,4.832,odia,
/content/drive/MyDrive/Audio_dataset/odia/common_voice_or_21843553.mp3,5.064,-103.96,False,3.36,odia,
/content/drive/MyDrive/Audio_dataset/odia/common_voice_or_21834460.mp3,2.784,-99.0,False,0.416,odia,
/content/drive/MyDrive/Audio_dataset/odia/common_voice_or_21833089.mp3,3.48,-85.1,False,2.496,odia,
/content/drive/MyDrive/Audio_dataset/odia/common_voice_or_21832163.mp3,4.776,-107.35,False,2.496,odia,
/content/drive/MyDrive/Audio_dataset/odia/common_voice_or_22259325.mp3,5.424,-94.68,False,3.648,odia,
/content/drive/MyDrive/Audio_dataset/odia/common_voice_or_21832670.mp3,3.6,-97.36,False,2.176,odia,
/content/drive/MyDrive/Audio_dataset/odia/common_voice_or_22106683.mp3,5.064,-103.12,False,3.264,odia,
/content/drive/MyDrive/Audio_dataset/odia/common_voice_or_21843876.mp3,2.76,-98.29,False,0.96,odia,
/content/drive/MyDrive/Audio_dataset/odia/common_voice_or_22238824.mp3,6.096,-108.1,False,4.48,odia,
/content/drive/MyDrive/Audio_dataset/odia/common_voice_or_22220785.mp3,2.76,-99.06,False,0.96,odia,
/content/drive/MyDrive/Audio_dataset/odia/common_voice_or_21844205.mp3,8.064,-112.38,False,6.816,odia,
/content/drive/MyDrive/Audio_dataset/odia/common_voice_or_21857699.mp3,5.784,-103.66,False,4.416,odia,
/content/drive/MyDrive/Audio_dataset/odia/common_voice_or_21844221.mp3,3.408,-95.94,False,2.496,odia,
/content/drive/MyDrive/Audio_dataset/odia/common_voice_or_22238790.mp3,6.144,-104.22,False,4.544,odia,
/content/drive/MyDrive/Audio_dataset/odia/common_voice_or_22187087.mp3,3.48,-113.57,False,2.176,odia,
/content/drive/MyDrive/Audio_dataset/odia/common_voice_or_22256537.mp3,8.664,-136.17,False,5.92,odia,
/content/drive/MyDrive/Audio_dataset/odia/common_voice_or_21832793.mp3,6.408,-125.1,False,4.544,odia,
/content/drive/MyDrive/Audio_dataset/odia/common_voice_or_21833100.mp3,5.064,-88.01,False,4.096,odia,
/content/drive/MyDrive/Audio_dataset/odia/common_voice_or_21884751.mp3,5.208,-104.72,False,3.456,odia,
/content/drive/MyDrive/Audio_dataset/odia/common_voice_or_21845766.mp3,7.536,-108.68,False,5.888,odia,
/content/drive/MyDrive/Audio_dataset/odia/common_voice_or_22157434.mp3,5.568,-110.72,False,3.456,odia,
/content/drive/MyDrive/Audio_dataset/odia/common_voice_or_22243226.mp3,8.352,-85.4,False,6.688,odia,
/content/drive/MyDrive/Audio_dataset/odia/common_voice_or_21832147.mp3,4.632,-101.21,False,3.04,odia,
/content/drive/MyDrive/Audio_dataset/odia/common_voice_or_22187205.mp3,4.08,-119.41,False,2.048,odia,
/content/drive/MyDrive/Audio_dataset/odia/common_voice_or_21832228.mp3,3.168,-104.99,False,1.728,odia,
/content/drive/MyDrive/Audio_dataset/odia/common_voice_or_21839551.mp3,8.496,-110.23,False,5.312,odia,
/content/drive/MyDrive/Audio_dataset/odia/common_voice_or_21832252.mp3,3.912,-97.04,False,2.176,odia,
/content/drive/MyDrive/Audio_dataset/odia/common_voice_or_21833586.mp3,4.08,-100.87,False,2.592,odia,
/content/drive/MyDrive/Audio_dataset/odia/common_voice_or_22239400.mp3,3.984,-99.8,False,2.656,odia,
/content/drive/MyDrive/Audio_dataset/odia/common_voice_or_21833352.mp3,5.664,-110.7,False,4.352,odia,
/content/drive/MyDrive/Audio_dataset/odia/common_voice_or_21832778.mp3,5.424,-97.67,False,3.584,odia,
/content/drive/MyDrive/Audio_dataset/odia/common_voice_or_22187202.mp3,3.816,-118.64,False,2.272,odia,
/content/drive/MyDrive/Audio_dataset/odia/common_voice_or_22220069.mp3,4.296,-104.12,False,2.688,odia,
/content/drive/MyDrive/Audio_dataset/odia/common_voice_or_21832184.mp3,4.584,-100.11,False,2.944,odia,
/content/drive/MyDrive/Audio_dataset/odia/common_voice_or_22219989.mp3,6.144,-103.34,False,4.928,odia,
/content/drive/MyDrive/Audio_dataset/odia/common_voice_or_22239360.mp3,4.968,-118.72,False,3.136,odia,
/content/drive/MyDrive/Audio_dataset/odia/common_voice_or_21879891.mp3,6.096,-96.76,False,4.768,odia,
/content/drive/MyDrive/Audio_dataset/odia/common_voice_or_21832227.mp3,6.504,-104.0,False,3.744,odia,
/content/drive/MyDrive/Audio_dataset/odia/common_voice_or_21857650.mp3,3.696,-93.35,False,2.4,odia,
/content/drive/MyDrive/Audio_dataset/odia/common_voice_or_21843875.mp3,5.52,-101.59,False,3.968,odia,
/content/drive/MyDrive/Audio_dataset/odia/common_voice_or_21832067.mp3,6.984,-94.77,False,5.152,odia,
/content/drive/MyDrive/Audio_dataset/odia/common_voice_or_21843509.mp3,4.992,-96.21,False,3.456,odia,
/content/drive/MyDrive/Audio_dataset/odia/common_voice_or_22087001.mp3,7.008,-100.74,False,5.312,odia,
/content/drive/MyDrive/Audio_dataset/odia/common_voice_or_22220788.mp3,5.664,-98.15,False,4.192,odia,
/content/drive/MyDrive/Audio_dataset/odia/common_voice_or_22250638.mp3,4.056,-103.92,False,2.432,odia,
/content/drive/MyDrive/Audio_dataset/odia/common_voice_or_21861966.mp3,6.816,-103.71,False,5.408,odia,
/content/drive/MyDrive/Audio_dataset/odia/common_voice_or_21845777.mp3,5.28,-106.48,False,3.648,odia,
/content/drive/MyDrive/Audio_dataset/odia/common_voice_or_21884530.mp3,5.448,-108.17,False,3.776,odia,
/content/drive/MyDrive/Audio_dataset/odia/common_voice_or_21832662.mp3,7.224,-97.64,False,5.184,odia,
/content/drive/MyDrive/Audio_dataset/odia/common_voice_or_21862868.mp3,5.976,-101.22,False,4.384,odia,
/content/drive/MyDrive/Audio_dataset/odia/common_voice_or_21862500.mp3,4.728,-99.08,False,3.296,odia,
/content/drive/MyDrive/Audio_dataset/odia/common_voice_or_21832242.mp3,5.328,-113.47,False,3.712,odia,
/content/drive/MyDrive/Audio_dataset/odia/common_voice_or_22147951.mp3,4.968,-103.13,False,3.68,odia,
/content/drive/MyDrive/Audio_dataset/odia/common_voice_or_21834432.mp3,3.768,-107.39,False,2.016,odia,
/content/drive/MyDrive/Audio_dataset/odia/common_voice_or_21843513.mp3,5.64,-119.46,False,3.84,odia,
/content/drive/MyDrive/Audio_dataset/odia/common_voice_or_21862920.mp3,4.344,-99.08,False,3.104,odia,
/content/drive/MyDrive/Audio_dataset/odia/common_voice_or_21861892.mp3,5.784,-108.07,False,4.384,odia,
/content/drive/MyDrive/Audio_dataset/odia/common_voice_or_21862525.mp3,2.376,-116.35,False,0.64,odia,
/content/drive/MyDrive/Audio_dataset/odia/common_voice_or_22239124.mp3,5.328,-106.3,False,3.936,odia,
/content/drive/MyDrive/Audio_dataset/odia/common_voice_or_21843502.mp3,4.344,-96.53,False,2.336,odia,
/content/drive/MyDrive/Audio_dataset/odia/common_voice_or_22148004.mp3,2.856,-132.59,False,1.536,odia,
/content/drive/MyDrive/Audio_dataset/odia/common_voice_or_21843514.mp3,3.192,-102.04,False,1.28,odia,
/content/drive/MyDrive/Audio_dataset/odia/common_voice_or_22147927.mp3,4.824,-101.17,False,3.488,odia,
/content/drive/MyDrive/Audio_dataset/odia/common_voice_or_22251098.mp3,6.096,-101.88,False,3.872,odia,
/content/drive/MyDrive/Audio_dataset/odia/common_voice_or_22259288.mp3,3.384,-94.0,False,1.728,odia,
/content/drive/MyDrive/Audio_dataset/odia/common_voice_or_21843518.mp3,6.264,-110.55,False,4.448,odia,
/content/drive/MyDrive/Audio_dataset/odia/common_voice_or_22239413.mp3,3.096,-104.83,False,1.568,odia,
/content/drive/MyDrive/Audio_dataset/odia/common_voice_or_21879842.mp3,3.624,-96.74,False,1.696,odia,
/content/drive/MyDrive/Audio_dataset/odia/common_voice_or_21857559.mp3,4.944,-91.86,False,3.392,odia,
/content/drive/MyDrive/Audio_dataset/odia/common_voice_or_22156998.mp3,3.312,-116.27,False,1.792,odia,
/content/drive/MyDrive/Audio_dataset/odia/common_voice_or_21861834.mp3,5.64,-124.76,False,4.352,odia,
/content/drive/MyDrive/Audio_dataset/odia/common_voice_or_22087214.mp3,5.52,-100.63,False,3.84,odia,
/content/drive/MyDrive/Audio_dataset/odia/common_voice_or_21843906.mp3,4.08,-115.58,False,2.72,odia,
/content/drive/MyDrive/Audio_dataset/odia/common_voice_or_22263585.mp3,7.704,-118.62,False,4.512,odia,
/content/drive/MyDrive/Audio_dataset/odia/common_voice_or_21842398.mp3,7.656,-105.88,False,5.696,odia,
/content/drive/MyDrive/Audio_dataset/odia/common_voice_or_22186908.mp3,3.168,-97.22,False,1.824,odia,
/content/drive/MyDrive/Audio_dataset/odia/common_voice_or_22127336.mp3,5.616,-98.55,False,3.968,odia,
/content/drive/MyDrive/Audio_dataset/odia/common_voice_or_21843619.mp3,8.04,-105.72,False,6.368,odia,
/content/drive/MyDrive/Audio_dataset/odia/common_voice_or_21862473.mp3,4.008,-111.1,False,2.08,odia,
/content/drive/MyDrive/Audio_dataset/odia/common_voice_or_22219993.mp3,5.712,-122.56,False,4.128,odia,
/content/drive/MyDrive/Audio_dataset/odia/common_voice_or_21821309.mp3,6.456,-102.74,False,5.184,odia,
/content/drive/MyDrive/Audio_dataset/odia/common_voice_or_22238875.mp3,4.704,-103.35,False,2.944,odia,
/content/drive/MyDrive/Audio_dataset/odia/common_voice_or_21832779.mp3,4.344,-101.23,False,2.784,odia,
/content/drive/MyDrive/Audio_dataset/odia/common_voice_or_21834394.mp3,3.96,-103.61,False,2.432,odia,
/content/drive/MyDrive/Audio_dataset/odia/common_voice_or_21884368.mp3,3.768,-104.82,False,2.048,odia,
/content/drive/MyDrive/Audio_dataset/odia/common_voice_or_22250550.mp3,4.896,-105.01,False,2.816,odia,
/content/drive/MyDrive/Audio_dataset/odia/common_voice_or_21833361.mp3,4.776,-108.89,False,3.2,odia,
/content/drive/MyDrive/Audio_dataset/odia/common_voice_or_21832054.mp3,6.456,-96.77,False,4.8,odia,
/content/drive/MyDrive/Audio_dataset/odia/common_voice_or_21861923.mp3,2.28,-82.29,False,0.512,odia,
/content/drive/MyDrive/Audio_dataset/odia/common_voice_or_22239385.mp3,6.456,-100.42,False,4.704,odia,
/content/drive/MyDrive/Audio_dataset/odia/common_voice_or_22186946.mp3,6.504,-104.52,False,5.024,odia,
/content/drive/MyDrive/Audio_dataset/odia/common_voice_or_21843937.mp3,7.296,-105.01,False,5.952,odia,
/content/drive/MyDrive/Audio_dataset/odia/common_voice_or_21884644.mp3,7.248,-97.58,False,5.216,odia,
/content/drive/MyDrive/Audio_dataset/odia/common_voice_or_21821302.mp3,10.2,-117.75,False,8.48,odia,
/content/drive/MyDrive/Audio_dataset/odia/common_voice_or_22157071.mp3,5.544,-112.79,False,3.616,odia,
/content/drive/MyDrive/Audio_dataset/odia/common_voice_or_21843895.mp3,4.224,-109.29,False,2.912,odia,
/content/drive/MyDrive/Audio_dataset/odia/common_voice_or_22219965.mp3,4.368,-112.94,False,2.624,odia,
/content/drive/MyDrive/Audio_dataset/odia/common_voice_or_22148003.mp3,5.448,-104.7,False,4.288,odia,
/content/drive/MyDrive/Audio_dataset/odia/common_voice_or_22243180.mp3,4.44,-86.24,False,2.976,odia,
/content/drive/MyDrive/Audio_dataset/odia/common_voice_or_22148000.mp3,2.472,-94.82,False,1.024,odia,
/content/drive/MyDrive/Audio_dataset/odia/common_voice_or_21857526.mp3,2.736,-82.08,False,1.28,odia,
/content/drive/MyDrive/Audio_dataset/odia/common_voice_or_21884848.mp3,8.112,-102.27,False,6.432,odia,
/content/drive/MyDrive/Audio_dataset/odia/common_voice_or_21843529.mp3,4.872,-118.2,False,3.04,odia,
/content/drive/MyDrive/Audio_dataset/odia/common_voice_or_21861948.mp3,5.952,-100.66,False,4.416,odia,
/content/drive/MyDrive/Audio_dataset/odia/common_voice_or_22187203.mp3,6.888,-105.69,False,5.184,odia,
/content/drive/MyDrive/Audio_dataset/odia/common_voice_or_21843541.mp3,8.256,-116.24,False,6.56,odia,
/content/drive/MyDrive/Audio_dataset/odia/common_voice_or_22239399.mp3,4.944,-113.4,False,3.584,odia,
/content/drive/MyDrive/Audio_dataset/odia/common_voice_or_22257577.mp3,8.304,-108.09,False,2.208,odia,
/content/drive/MyDrive/Audio_dataset/odia/common_voice_or_21838055.mp3,7.584,-100.4,False,6.048,odia,
/content/drive/MyDrive/Audio_dataset/odia/common_voice_or_22243397.mp3,7.152,-110.66,False,5.92,odia,
/content/drive/MyDrive/Audio_dataset/odia/common_voice_or_22239412.mp3,2.952,-93.69,False,1.504,odia,
/content/drive/MyDrive/Audio_dataset/odia/common_voice_or_22087210.mp3,6.24,-108.98,False,4.64,odia,
/content/drive/MyDrive/Audio_dataset/odia/common_voice_or_22105844.mp3,5.688,-106.21,False,3.68,odia,
/content/drive/MyDrive/Audio_dataset/odia/common_voice_or_22238717.mp3,5.4,-91.65,False,3.744,odia,
/content/drive/MyDrive/Audio_dataset/odia/common_voice_or_21879881.mp3,6.024,-92.23,False,4.544,odia,
/content/drive/MyDrive/Audio_dataset/odia/common_voice_or_21843935.mp3,3.48,-123.24,False,2.272,odia,
/content/drive/MyDrive/Audio_dataset/odia/common_voice_or_22220884.mp3,5.544,-105.62,False,3.552,odia,
/content/drive/MyDrive/Audio_dataset/odia/common_voice_or_21834434.mp3,3.336,-127.6,False,1.6,odia,
/content/drive/MyDrive/Audio_dataset/odia/common_voice_or_21832064.mp3,3.984,-93.32,False,2.4,odia,
/content/drive/MyDrive/Audio_dataset/odia/common_voice_or_22105842.mp3,5.496,-102.25,False,3.648,odia,
/content/drive/MyDrive/Audio_dataset/odia/common_voice_or_21832744.mp3,3.912,-95.05,False,2.592,odia,
/content/drive/MyDrive/Audio_dataset/odia/common_voice_or_22186824.mp3,3.192,-104.86,False,1.792,odia,
/content/drive/MyDrive/Audio_dataset/odia/common_voice_or_21845769.mp3,3.192,-100.47,False,1.568,odia,
/content/drive/MyDrive/Audio_dataset/odia/common_voice_or_21857698.mp3,3.696,-99.76,False,2.496,odia,
/content/drive/MyDrive/Audio_dataset/odia/common_voice_or_22186852.mp3,3.552,-89.51,False,2.08,odia,
/content/drive/MyDrive/Audio_dataset/odia/common_voice_or_21843949.mp3,7.056,-110.2,False,5.728,odia,
/content/drive/MyDrive/Audio_dataset/odia/common_voice_or_21838049.mp3,8.304,-110.91,False,6.688,odia,
/content/drive/MyDrive/Audio_dataset/odia/common_voice_or_22187206.mp3,2.712,-92.43,False,1.024,odia,
/content/drive/MyDrive/Audio_dataset/odia/common_voice_or_22186912.mp3,3.12,-98.93,False,1.152,odia,
/content/drive/MyDrive/Audio_dataset/odia/common_voice_or_21844223.mp3,7.008,-135.24,False,5.76,odia,
/content/drive/MyDrive/Audio_dataset/odia/common_voice_or_21862459.mp3,5.784,-100.92,False,4.512,odia,
/content/drive/MyDrive/Audio_dataset/odia/common_voice_or_21833584.mp3,6.72,-113.9,False,4.96,odia,
/content/drive/MyDrive/Audio_dataset/odia/common_voice_or_21845789.mp3,6.096,-123.31,False,4.768,odia,
/content/drive/MyDrive/Audio_dataset/odia/common_voice_or_21834466.mp3,5.424,-101.46,False,4.352,odia,
/content/drive/MyDrive/Audio_dataset/odia/common_voice_or_21861927.mp3,5.616,-127.3,False,4.064,odia,
/content/drive/MyDrive/Audio_dataset/odia/common_voice_or_21862451.mp3,6.0,-98.51,False,4.256,odia,
/content/drive/MyDrive/Audio_dataset/odia/common_voice_or_22263602.mp3,5.064,-128.08,False,2.336,odia,
/content/drive/MyDrive/Audio_dataset/odia/common_voice_or_22087396.mp3,2.448,-92.21,False,1.184,odia,
/content/drive/MyDrive/Audio_dataset/odia/common_voice_or_22243210.mp3,2.256,-90.07,False,0.64,odia,
/content/drive/MyDrive/Audio_dataset/odia/common_voice_or_21844217.mp3,3.456,-108.15,False,2.368,odia,
/content/drive/MyDrive/Audio_dataset/odia/common_voice_or_21857647.mp3,4.824,-92.98,False,3.328,odia,
/content/drive/MyDrive/Audio_dataset/odia/common_voice_or_22187178.mp3,3.696,-98.01,False,2.176,odia,
/content/drive/MyDrive/Audio_dataset/odia/common_voice_or_21832795.mp3,4.464,-108.66,False,2.944,odia,
/content/drive/MyDrive/Audio_dataset/odia/common_voice_or_21861968.mp3,5.736,-103.66,False,4.192,odia,
/content/drive/MyDrive/Audio_dataset/odia/common_voice_or_22186959.mp3,3.648,-94.95,False,2.336,odia,
/content/drive/MyDrive/Audio_dataset/odia/common_voice_or_22238691.mp3,7.008,-103.51,False,5.472,odia,
/content/drive/MyDrive/Audio_dataset/odia/common_voice_or_21843508.mp3,6.024,-100.52,False,4.32,odia,
/content/drive/MyDrive/Audio_dataset/odia/common_voice_or_22239159.mp3,4.92,-116.72,False,3.232,odia,
/content/drive/MyDrive/Audio_dataset/odia/common_voice_or_21843535.mp3,3.768,-94.7,False,1.792,odia,
/content/drive/MyDrive/Audio_dataset/odia/common_voice_or_22238863.mp3,5.424,-111.45,False,3.744,odia,
/content/drive/MyDrive/Audio_dataset/odia/common_voice_or_21833583.mp3,7.368,-99.22,False,5.568,odia,
/content/drive/MyDrive/Audio_dataset/odia/common_voice_or_22220495.mp3,5.064,-95.87,False,3.264,odia,
/content/drive/MyDrive/Audio_dataset/odia/common_voice_or_22186774.mp3,5.688,-106.56,False,4.288,odia,
/content/drive/MyDrive/Audio_dataset/odia/common_voice_or_22239349.mp3,4.44,-109.96,False,2.88,odia,
/content/drive/MyDrive/Audio_dataset/odia/common_voice_or_21884395.mp3,4.776,-101.64,False,3.232,odia,
/content/drive/MyDrive/Audio_dataset/odia/common_voice_or_22220172.mp3,3.744,-97.27,False,1.728,odia,
/content/drive/MyDrive/Audio_dataset/odia/common_voice_or_21879861.mp3,7.464,-100.94,False,6.208,odia,
/content/drive/MyDrive/Audio_dataset/odia/common_voice_or_22259292.mp3,5.424,-95.54,False,2.976,odia,
/content/drive/MyDrive/Audio_dataset/odia/common_voice_or_21832132.mp3,3.048,-90.06,False,1.44,odia,
/content/drive/MyDrive/Audio_dataset/odia/common_voice_or_22087087.mp3,3.696,-123.24,False,2.016,odia,
/content/drive/MyDrive/Audio_dataset/odia/common_voice_or_21832256.mp3,3.48,-109.16,False,2.08,odia,
/content/drive/MyDrive/Audio_dataset/odia/common_voice_or_21862886.mp3,5.136,-96.77,False,3.424,odia,
/content/drive/MyDrive/Audio_dataset/odia/common_voice_or_22157048.mp3,5.28,-133.61,False,3.872,odia,
/content/drive/MyDrive/Audio_dataset/odia/common_voice_or_21832655.mp3,4.656,-103.95,False,3.008,odia,
/content/drive/MyDrive/Audio_dataset/odia/common_voice_or_21862528.mp3,4.008,-97.73,False,2.656,odia,
/content/drive/MyDrive/Audio_dataset/odia/common_voice_or_21833088.mp3,4.8,-85.5,False,3.68,odia,
/content/drive/MyDrive/Audio_dataset/odia/common_voice_or_21832035.mp3,8.568,-98.76,False,4.928,odia,
/content/drive/MyDrive/Audio_dataset/odia/common_voice_or_21843620.mp3,8.112,-109.35,False,6.4,odia,
/content/drive/MyDrive/Audio_dataset/odia/common_voice_or_21884384.mp3,3.84,-93.99,False,2.08,odia,
/content/drive/MyDrive/Audio_dataset/odia/common_voice_or_21861967.mp3,5.256,-106.18,False,3.968,odia,
/content/drive/MyDrive/Audio_dataset/odia/common_voice_or_22156954.mp3,2.856,-92.8,False,0.96,odia,
/content/drive/MyDrive/Audio_dataset/odia/common_voice_or_22157112.mp3,4.44,-107.59,False,2.752,odia,
/content/drive/MyDrive/Audio_dataset/odia/common_voice_or_22239323.mp3,2.832,-111.71,False,1.568,odia,
/content/drive/MyDrive/Audio_dataset/odia/common_voice_or_21832819.mp3,4.224,-97.73,False,2.848,odia,
/content/drive/MyDrive/Audio_dataset/odia/common_voice_or_22157431.mp3,3.888,-134.16,False,2.08,odia,
/content/drive/MyDrive/Audio_dataset/odia/common_voice_or_21821652.mp3,6.864,-114.24,False,5.44,odia,
/content/drive/MyDrive/Audio_dataset/odia/common_voice_or_21861882.mp3,6.216,-107.39,False,4.448,odia,
/content/drive/MyDrive/Audio_dataset/odia/common_voice_or_21832111.mp3,7.368,-129.84,False,5.856,odia,
/content/drive/MyDrive/Audio_dataset/odia/common_voice_or_22187131.mp3,4.392,-125.63,False,2.688,odia,
/content/drive/MyDrive/Audio_dataset/odia/common_voice_or_22219920.mp3,6.432,-107.19,False,4.768,odia,
/content/drive/MyDrive/Audio_dataset/odia/common_voice_or_21884367.mp3,8.4,-107.42,False,6.816,odia,
/content/drive/MyDrive/Audio_dataset/odia/common_voice_or_22239445.mp3,4.824,-105.84,False,3.488,odia,
/content/drive/MyDrive/Audio_dataset/odia/common_voice_or_22157164.mp3,5.688,-104.77,False,4.288,odia,
/content/drive/MyDrive/Audio_dataset/odia/common_voice_or_21832036.mp3,8.112,-101.73,False,6.144,odia,
/content/drive/MyDrive/Audio_dataset/odia/common_voice_or_21832044.mp3,6.144,-94.14,False,3.584,odia,
/content/drive/MyDrive/Audio_dataset/odia/common_voice_or_22157429.mp3,6.36,-100.97,False,4.736,odia,
/content/drive/MyDrive/Audio_dataset/odia/common_voice_or_22147893.mp3,4.56,-92.74,False,2.848,odia,
/content/drive/MyDrive/Audio_dataset/odia/common_voice_or_22186961.mp3,3.36,-96.4,False,1.312,odia,
/content/drive/MyDrive/Audio_dataset/odia/common_voice_or_21832653.mp3,5.04,-99.3,False,3.52,odia,
/content/drive/MyDrive/Audio_dataset/odia/common_voice_or_21861849.mp3,2.616,-96.44,False,1.184,odia,
/content/drive/MyDrive/Audio_dataset/odia/common_voice_or_21884334.mp3,2.952,-126.12,False,1.28,odia,
/content/drive/MyDrive/Audio_dataset/odia/common_voice_or_22220127.mp3,2.76,-99.35,False,0.8,odia,
/content/drive/MyDrive/Audio_dataset/odia/common_voice_or_22238766.mp3,4.248,-100.33,False,2.432,odia,
/content/drive/MyDrive/Audio_dataset/odia/common_voice_or_21844229.mp3,4.488,-104.3,False,3.328,odia,
/content/drive/MyDrive/Audio_dataset/odia/common_voice_or_22127325.mp3,7.464,-102.06,False,5.536,odia,
/content/drive/MyDrive/Audio_dataset/odia/common_voice_or_21884561.mp3,3.792,-119.82,False,1.984,odia,
/content/drive/MyDrive/Audio_dataset/odia/common_voice_or_21834392.mp3,6.744,-101.36,False,5.312,odia,
/content/drive/MyDrive/Audio_dataset/odia/common_voice_or_22147960.mp3,2.832,-96.6,False,1.344,odia,
/content/drive/MyDrive/Audio_dataset/odia/common_voice_or_21832863.mp3,3.36,-100.63,False,1.312,odia,
/content/drive/MyDrive/Audio_dataset/odia/common_voice_or_21832117.mp3,4.56,-104.12,False,2.976,odia,
/content/drive/MyDrive/Audio_dataset/odia/common_voice_or_21884259.mp3,5.4,-109.29,False,3.744,odia,
/content/drive/MyDrive/Audio_dataset/odia/common_voice_or_22156959.mp3,6.864,-104.03,False,5.184,odia,
/content/drive/MyDrive/Audio_dataset/odia/common_voice_or_22239369.mp3,4.56,-108.52,False,3.2,odia,
/content/drive/MyDrive/Audio_dataset/odia/common_voice_or_22220452.mp3,7.152,-113.67,False,4.704,odia,
/content/drive/MyDrive/Audio_dataset/odia/common_voice_or_21879844.mp3,4.176,-105.66,False,2.4,odia,
/content/drive/MyDrive/Audio_dataset/odia/common_voice_or_22127331.mp3,5.784,-120.08,False,4.448,odia,
/content/drive/MyDrive/Audio_dataset/odia/common_voice_or_21862917.mp3,3.216,-93.93,False,1.856,odia,
/content/drive/MyDrive/Audio_dataset/odia/common_voice_or_21884382.mp3,7.032,-104.84,False,5.216,odia,
/content/drive/MyDrive/Audio_dataset/odia/common_voice_or_22239382.mp3,4.224,-109.43,False,2.944,odia,
/content/drive/MyDrive/Audio_dataset/odia/common_voice_or_22186859.mp3,6.696,-116.72,False,5.376,odia,
/content/drive/MyDrive/Audio_dataset/odia/common_voice_or_22220046.mp3,6.024,-96.99,False,4.64,odia,
/content/drive/MyDrive/Audio_dataset/odia/common_voice_or_21862521.mp3,3.048,-93.28,False,1.728,odia,
/content/drive/MyDrive/Audio_dataset/odia/common_voice_or_21862888.mp3,4.464,-107.9,False,2.784,odia,
/content/drive/MyDrive/Audio_dataset/odia/common_voice_or_21833742.mp3,4.824,-93.92,False,2.272,odia,
/content/drive/MyDrive/Audio_dataset/odia/common_voice_or_21833362.mp3,3.576,-96.66,False,2.208,odia,
/content/drive/MyDrive/Audio_dataset/odia/common_voice_or_22147966.mp3,2.304,-91.55,False,0.864,odia,
/content/drive/MyDrive/Audio_dataset/odia/common_voice_or_21834491.mp3,4.968,-108.47,False,3.328,odia,
/content/drive/MyDrive/Audio_dataset/odia/common_voice_or_21832039.mp3,4.8,-92.31,False,2.048,odia,
/content/drive/MyDrive/Audio_dataset/odia/common_voice_or_22220119.mp3,5.544,-103.11,False,3.872,odia,
/content/drive/MyDrive/Audio_dataset/odia/common_voice_or_21861971.mp3,2.088,-93.45,False,0.832,odia,
/content/drive/MyDrive/Audio_dataset/odia/common_voice_or_21844189.mp3,3.768,-104.63,False,2.688,odia,
/content/drive/MyDrive/Audio_dataset/odia/common_voice_or_22187086.mp3,5.76,-102.59,False,4.0,odia,
/content/drive/MyDrive/Audio_dataset/odia/common_voice_or_21857560.mp3,5.304,-114.86,False,3.776,odia,
/content/drive/MyDrive/Audio_dataset/odia/common_voice_or_21832713.mp3,5.04,-93.18,False,3.68,odia,
/content/drive/MyDrive/Audio_dataset/odia/common_voice_or_21832814.mp3,5.352,-114.54,False,3.776,odia,
/content/drive/MyDrive/Audio_dataset/odia/common_voice_or_21857660.mp3,5.376,-109.52,False,3.744,odia,
/content/drive/MyDrive/Audio_dataset/odia/common_voice_or_21832090.mp3,5.856,-112.79,False,4.16,odia,
/content/drive/MyDrive/Audio_dataset/odia/common_voice_or_22186777.mp3,5.4,-98.5,False,4.064,odia,
/content/drive/MyDrive/Audio_dataset/odia/common_voice_or_22250548.mp3,6.816,-109.75,False,4.608,odia,
/content/drive/MyDrive/Audio_dataset/odia/common_voice_or_21843275.mp3,6.216,-94.37,False,3.936,odia,
/content/drive/MyDrive/Audio_dataset/odia/common_voice_or_21832817.mp3,7.56,-114.03,False,5.824,odia,
/content/drive/MyDrive/Audio_dataset/odia/common_voice_or_21861922.mp3,2.136,-131.73,False,0.736,odia,
/content/drive/MyDrive/Audio_dataset/odia/common_voice_or_21843512.mp3,4.992,-105.8,False,3.488,odia,
/content/drive/MyDrive/Audio_dataset/odia/common_voice_or_21834341.mp3,5.808,-113.24,False,4.0,odia,
/content/drive/MyDrive/Audio_dataset/odia/common_voice_or_21857591.mp3,4.464,-98.63,False,2.912,odia,
/content/drive/MyDrive/Audio_dataset/odia/common_voice_or_21832726.mp3,6.024,-106.94,False,4.32,odia,
/content/drive/MyDrive/Audio_dataset/odia/common_voice_or_21843602.mp3,7.704,-108.09,False,6.08,odia,
/content/drive/MyDrive/Audio_dataset/odia/common_voice_or_22186856.mp3,4.68,-101.5,False,3.168,odia,
/content/drive/MyDrive/Audio_dataset/odia/common_voice_or_21879879.mp3,3.864,-132.92,False,2.528,odia,
/content/drive/MyDrive/Audio_dataset/odia/common_voice_or_22186911.mp3,3.912,-124.25,False,2.432,odia,
/content/drive/MyDrive/Audio_dataset/odia/common_voice_or_21845759.mp3,3.72,-90.56,False,2.336,odia,
/content/drive/MyDrive/Audio_dataset/odia/common_voice_or_22238791.mp3,4.104,-100.99,False,2.176,odia,
/content/drive/MyDrive/Audio_dataset/odia/common_voice_or_21879870.mp3,3.696,-93.91,False,2.496,odia,
/content/drive/MyDrive/Audio_dataset/odia/common_voice_or_21843505.mp3,3.864,-121.17,False,2.112,odia,
/content/drive/MyDrive/Audio_dataset/odia/common_voice_or_21858265.mp3,2.784,-104.28,False,1.664,odia,
/content/drive/MyDrive/Audio_dataset/odia/common_voice_or_22220496.mp3,4.44,-103.55,False,2.688,odia,
/content/drive/MyDrive/Audio_dataset/odia/common_voice_or_22259249.mp3,6.264,-97.73,False,4.192,odia,
/content/drive/MyDrive/Audio_dataset/odia/common_voice_or_21844010.mp3,6.024,-112.77,False,4.8,odia,
/content/drive/MyDrive/Audio_dataset/odia/common_voice_or_21821310.mp3,4.656,-105.14,False,3.136,odia,
/content/drive/MyDrive/Audio_dataset/odia/common_voice_or_22127327.mp3,6.336,-97.22,False,4.896,odia,
/content/drive/MyDrive/Audio_dataset/odia/common_voice_or_21834485.mp3,7.008,-102.06,False,5.504,odia,
/content/drive/MyDrive/Audio_dataset/odia/common_voice_or_21843938.mp3,4.344,-110.31,False,2.88,odia,
/content/drive/MyDrive/Audio_dataset/odia/common_voice_or_22256343.mp3,8.976,-103.34,False,6.304,odia,
/content/drive/MyDrive/Audio_dataset/odia/common_voice_or_21843493.mp3,7.944,-112.37,False,4.448,odia,
/content/drive/MyDrive/Audio_dataset/odia/common_voice_or_22105846.mp3,5.448,-118.63,False,4.0,odia,
/content/drive/MyDrive/Audio_dataset/odia/common_voice_or_22243228.mp3,6.744,-91.79,False,5.696,odia,
/content/drive/MyDrive/Audio_dataset/odia/common_voice_or_21884642.mp3,5.184,-99.85,False,3.456,odia,
/content/drive/MyDrive/Audio_dataset/odia/common_voice_or_21845812.mp3,7.344,-110.52,False,5.824,odia,
/content/drive/MyDrive/Audio_dataset/odia/common_voice_or_21884174.mp3,5.112,-126.41,False,3.296,odia,
/content/drive/MyDrive/Audio_dataset/odia/common_voice_or_22087397.mp3,4.92,-103.64,False,3.328,odia,
/content/drive/MyDrive/Audio_dataset/odia/common_voice_or_22156994.mp3,3.096,-95.84,False,1.312,odia,
/content/drive/MyDrive/Audio_dataset/odia/common_voice_or_21861890.mp3,3.072,-90.66,False,1.504,odia,
/content/drive/MyDrive/Audio_dataset/odia/common_voice_or_21862461.mp3,4.896,-99.99,False,3.456,odia,
/content/drive/MyDrive/Audio_dataset/odia/common_voice_or_21845778.mp3,4.704,-105.9,False,3.072,odia,
/content/drive/MyDrive/Audio_dataset/odia/common_voice_or_21821312.mp3,5.04,-112.66,False,4.0,odia,
/content/drive/MyDrive/Audio_dataset/odia/common_voice_or_21861905.mp3,5.664,-108.98,False,4.704,odia,
/content/drive/MyDrive/Audio_dataset/odia/common_voice_or_22148001.mp3,3.432,-99.36,False,2.208,odia,
/content/drive/MyDrive/Audio_dataset/odia/common_voice_or_21862531.mp3,5.352,-106.38,False,3.776,odia,
/content/drive/MyDrive/Audio_dataset/odia/common_voice_or_21832187.mp3,6.144,-133.77,False,4.448,odia,
/content/drive/MyDrive/Audio_dataset/odia/common_voice_or_21884419.mp3,5.448,-94.17,False,3.776,odia,
/content/drive/MyDrive/Audio_dataset/odia/common_voice_or_22239281.mp3,5.568,-102.98,False,4.288,odia,
/content/drive/MyDrive/Audio_dataset/odia/common_voice_or_22220054.mp3,3.744,-113.18,False,2.432,odia,
/content/drive/MyDrive/Audio_dataset/odia/common_voice_or_21832710.mp3,6.024,-104.98,False,4.672,odia,
/content/drive/MyDrive/Audio_dataset/odia/common_voice_or_21862851.mp3,5.952,-106.64,False,4.224,odia,
/content/drive/MyDrive/Audio_dataset/odia/common_voice_or_22186755.mp3,5.064,-110.95,False,3.68,odia,
/content/drive/MyDrive/Audio_dataset/odia/common_voice_or_21862448.mp3,8.16,-113.04,False,6.176,odia,
/content/drive/MyDrive/Audio_dataset/odia/common_voice_or_21834360.mp3,6.624,-110.14,False,4.704,odia,
/content/drive/MyDrive/Audio_dataset/odia/common_voice_or_21834407.mp3,8.304,-130.29,False,6.56,odia,
/content/drive/MyDrive/Audio_dataset/odia/common_voice_or_22219918.mp3,5.016,-122.04,False,3.776,odia,
/content/drive/MyDrive/Audio_dataset/odia/common_voice_or_21857622.mp3,7.056,-86.45,False,5.216,odia,
/content/drive/MyDrive/Audio_dataset/odia/common_voice_or_21862489.mp3,2.568,-94.65,False,0.8,odia,
/content/drive/MyDrive/Audio_dataset/odia/common_voice_or_21843615.mp3,4.728,-108.08,False,2.656,odia,
/content/drive/MyDrive/Audio_dataset/odia/common_voice_or_22107924.mp3,8.976,-95.86,False,7.04,odia,
/content/drive/MyDrive/Audio_dataset/odia/common_voice_or_22186960.mp3,2.448,-102.99,False,1.216,odia,
/content/drive/MyDrive/Audio_dataset/odia/common_voice_or_21862468.mp3,7.08,-103.22,False,5.6,odia,
/content/drive/MyDrive/Audio_dataset/odia/common_voice_or_21832659.mp3,2.568,-102.24,False,0.672,odia,
/content/drive/MyDrive/Audio_dataset/odia/common_voice_or_21832249.mp3,5.304,-104.46,False,3.808,odia,
/content/drive/MyDrive/Audio_dataset/odia/common_voice_or_21832145.mp3,5.256,-110.84,False,3.936,odia,
/content/drive/MyDrive/Audio_dataset/odia/common_voice_or_21861924.mp3,3.576,-98.85,False,2.08,odia,
/content/drive/MyDrive/Audio_dataset/odia/common_voice_or_22127391.mp3,7.344,-93.58,False,6.08,odia,
/content/drive/MyDrive/Audio_dataset/odia/common_voice_or_22263627.mp3,4.224,-99.09,False,1.856,odia,
/content/drive/MyDrive/Audio_dataset/odia/common_voice_or_21832138.mp3,3.144,-94.75,False,1.536,odia,
/content/drive/MyDrive/Audio_dataset/odia/common_voice_or_21862848.mp3,2.256,-99.5,False,0.736,odia,
/content/drive/MyDrive/Audio_dataset/odia/common_voice_or_21843871.mp3,2.952,-85.19,False,1.664,odia,
/content/drive/MyDrive/Audio_dataset/odia/common_voice_or_22157436.mp3,7.896,-102.26,False,5.408,odia,
/content/drive/MyDrive/Audio_dataset/odia/common_voice_or_21884385.mp3,4.152,-93.4,False,2.432,odia,
/content/drive/MyDrive/Audio_dataset/odia/common_voice_or_21833099.mp3,6.0,-87.09,False,5.216,odia,
/content/drive/MyDrive/Audio_dataset/odia/common_voice_or_22239355.mp3,3.936,-111.4,False,2.272,odia,
/content/drive/MyDrive/Audio_dataset/odia/common_voice_or_22187009.mp3,4.056,-110.17,False,2.784,odia,
/content/drive/MyDrive/Audio_dataset/odia/common_voice_or_21884201.mp3,4.92,-97.99,False,3.264,odia,
/content/drive/MyDrive/Audio_dataset/odia/common_voice_or_21844172.mp3,3.048,-94.53,False,1.504,odia,
/content/drive/MyDrive/Audio_dataset/odia/common_voice_or_21843924.mp3,3.576,-97.57,False,2.656,odia,
/content/drive/MyDrive/Audio_dataset/odia/common_voice_or_22239395.mp3,6.552,-110.62,False,5.056,odia,
/content/drive/MyDrive/Audio_dataset/odia/common_voice_or_22250636.mp3,6.096,-121.65,False,4.352,odia,
/content/drive/MyDrive/Audio_dataset/odia/common_voice_or_21884338.mp3,4.656,-99.33,False,3.136,odia,
/content/drive/MyDrive/Audio_dataset/odia/common_voice_or_22108018.mp3,5.76,-112.9,False,3.424,odia,
/content/drive/MyDrive/Audio_dataset/odia/common_voice_or_21832667.mp3,5.328,-94.8,False,3.776,odia,
/content/drive/MyDrive/Audio_dataset/odia/common_voice_or_22219976.mp3,5.832,-97.37,False,4.192,odia,
/content/drive/MyDrive/Audio_dataset/odia/common_voice_or_21821601.mp3,6.384,-97.73,False,4.704,odia,
/content/drive/MyDrive/Audio_dataset/odia/common_voice_or_21843893.mp3,5.352,-112.15,False,3.872,odia,
/content/drive/MyDrive/Audio_dataset/odia/common_voice_or_22220457.mp3,5.976,-103.61,False,3.936,odia,
/content/drive/MyDrive/Audio_dataset/odia/common_voice_or_21821316.mp3,4.68,-104.82,False,3.392,odia,
/content/drive/MyDrive/Audio_dataset/odia/common_voice_or_21861965.mp3,4.872,-97.83,False,3.712,odia,
/content/drive/MyDrive/Audio_dataset/odia/common_voice_or_22239337.mp3,2.544,-101.74,False,1.28,odia,
/content/drive/MyDrive/Audio_dataset/odia/common_voice_or_21834370.mp3,5.688,-110.32,False,4.032,odia,
/content/drive/MyDrive/Audio_dataset/odia/common_voice_or_22087014.mp3,3.408,-107.33,False,1.376,odia,
/content/drive/MyDrive/Audio_dataset/odia/common_voice_or_21833156.mp3,3.168,-81.97,False,2.016,odia,
/content/drive/MyDrive/Audio_dataset/odia/common_voice_or_21861850.mp3,4.488,-98.85,False,2.752,odia,
/content/drive/MyDrive/Audio_dataset/odia/common_voice_or_22219874.mp3,3.168,-98.89,False,1.728,odia,
/content/drive/MyDrive/Audio_dataset/odia/common_voice_or_21861949.mp3,5.64,-109.63,False,4.64,odia,
/content/drive/MyDrive/Audio_dataset/odia/common_voice_or_22087398.mp3,4.224,-101.11,False,2.72,odia,
/content/drive/MyDrive/Audio_dataset/odia/common_voice_or_21861928.mp3,3.624,-109.41,False,2.272,odia,
/content/drive/MyDrive/Audio_dataset/odia/common_voice_or_22186891.mp3,3.432,-100.37,False,1.28,odia,
/content/drive/MyDrive/Audio_dataset/odia/common_voice_or_22186746.mp3,6.36,-98.69,False,4.864,odia,
/content/drive/MyDrive/Audio_dataset/odia/common_voice_or_22256539.mp3,3.504,-96.31,False,1.76,odia,
/content/drive/MyDrive/Audio_dataset/odia/common_voice_or_22127385.mp3,3.984,-92.32,False,2.464,odia,
/content/drive/MyDrive/Audio_dataset/odia/common_voice_or_21845785.mp3,3.864,-96.23,False,2.624,odia,
/content/drive/MyDrive/Audio_dataset/odia/common_voice_or_21843537.mp3,5.424,-98.96,False,3.712,odia,
/content/drive/MyDrive/Audio_dataset/odia/common_voice_or_22186822.mp3,6.528,-123.34,False,4.512,odia,
/content/drive/MyDrive/Audio_dataset/odia/common_voice_or_21832244.mp3,7.656,-103.13,False,6.272,odia,
/content/drive/MyDrive/Audio_dataset/odia/common_voice_or_21842401.mp3,6.576,-106.81,False,4.64,odia,
/content/drive/MyDrive/Audio_dataset/odia/common_voice_or_21834381.mp3,5.616,-98.16,False,3.744,odia,
/content/drive/MyDrive/Audio_dataset/odia/common_voice_or_21834312.mp3,4.152,-105.63,False,2.4,odia,
/content/drive/MyDrive/Audio_dataset/odia/common_voice_or_22239186.mp3,2.688,-98.11,False,0.736,odia,
/content/drive/MyDrive/Audio_dataset/odia/common_voice_or_21832866.mp3,5.784,-114.05,False,3.872,odia,
/content/drive/MyDrive/Audio_dataset/odia/common_voice_or_22243283.mp3,5.544,-96.08,False,4.128,odia,
/content/drive/MyDrive/Audio_dataset/odia/common_voice_or_21834431.mp3,3.744,-99.06,False,2.336,odia,
/content/drive/MyDrive/Audio_dataset/odia/common_voice_or_22239345.mp3,5.472,-111.51,False,3.776,odia,
/content/drive/MyDrive/Audio_dataset/odia/common_voice_or_21844186.mp3,4.344,-93.19,False,3.392,odia,
/content/drive/MyDrive/Audio_dataset/odia/common_voice_or_22219870.mp3,4.464,-101.76,False,2.912,odia,
/content/drive/MyDrive/Audio_dataset/odia/common_voice_or_21861969.mp3,4.512,-107.65,False,3.264,odia,
/content/drive/MyDrive/Audio_dataset/odia/common_voice_or_21879869.mp3,5.376,-107.7,False,4.0,odia,
/content/drive/MyDrive/Audio_dataset/odia/common_voice_or_21845801.mp3,2.88,-91.59,False,1.344,odia,
/content/drive/MyDrive/Audio_dataset/odia/common_voice_or_21884341.mp3,5.04,-96.53,False,3.424,odia,
/content/drive/MyDrive/Audio_dataset/odia/common_voice_or_21834383.mp3,3.816,-105.64,False,2.336,odia,
/content/drive/MyDrive/Audio_dataset/odia/common_voice_or_21842388.mp3,7.296,-120.53,False,5.344,odia,
/content/drive/MyDrive/Audio_dataset/odia/common_voice_or_21857577.mp3,5.376,-96.95,False,4.032,odia,
/content/drive/MyDrive/Audio_dataset/odia/common_voice_or_21832146.mp3,6.216,-150.85,False,4.48,odia,
/content/drive/MyDrive/Audio_dataset/odia/common_voice_or_22087013.mp3,3.264,-105.49,False,1.088,odia,
/content/drive/MyDrive/Audio_dataset/odia/common_voice_or_21857676.mp3,3.744,-107.98,False,2.432,odia,
/content/drive/MyDrive/Audio_dataset/odia/common_voice_or_22238895.mp3,3.288,-93.89,False,1.824,odia,
/content/drive/MyDrive/Audio_dataset/odia/common_voice_or_22156948.mp3,5.544,-103.68,False,4.16,odia,
/content/drive/MyDrive/Audio_dataset/odia/common_voice_or_22239122.mp3,4.104,-112.19,False,2.656,odia,
/content/drive/MyDrive/Audio_dataset/odia/common_voice_or_22263594.mp3,5.184,-101.77,False,2.4,odia,
/content/drive/MyDrive/Audio_dataset/odia/common_voice_or_21821313.mp3,2.784,-105.68,False,1.312,odia,
/content/drive/MyDrive/Audio_dataset/odia/common_voice_or_21823920.mp3,6.984,-111.25,False,5.248,odia,
/content/drive/MyDrive/Audio_dataset/odia/common_voice_or_21844203.mp3,6.696,-109.91,False,5.728,odia,
/content/drive/MyDrive/Audio_dataset/odia/common_voice_or_21862501.mp3,4.08,-119.79,False,2.656,odia,
/content/drive/MyDrive/Audio_dataset/odia/common_voice_or_22087007.mp3,6.408,-117.98,False,4.704,odia,
/content/drive/MyDrive/Audio_dataset/odia/common_voice_or_21844215.mp3,6.936,-116.08,False,5.92,odia,
/content/drive/MyDrive/Audio_dataset/odia/common_voice_or_21834489.mp3,4.32,-94.61,False,2.56,odia,
/content/drive/MyDrive/Audio_dataset/odia/common_voice_or_21832663.mp3,4.512,-108.47,False,2.656,odia,
/content/drive/MyDrive/Audio_dataset/odia/common_voice_or_21842396.mp3,5.184,-95.1,False,2.912,odia,
/content/drive/MyDrive/Audio_dataset/odia/common_voice_or_22127490.mp3,8.784,-102.34,False,7.136,odia,
/content/drive/MyDrive/Audio_dataset/odia/common_voice_or_21884787.mp3,7.44,-107.13,False,6.016,odia,
/content/drive/MyDrive/Audio_dataset/odia/common_voice_or_22250584.mp3,6.744,-112.45,False,4.576,odia,
/content/drive/MyDrive/Audio_dataset/odia/common_voice_or_22220458.mp3,4.632,-101.54,False,3.264,odia,
/content/drive/MyDrive/Audio_dataset/odia/common_voice_or_21861942.mp3,3.48,-110.94,False,2.464,odia,
/content/drive/MyDrive/Audio_dataset/odia/common_voice_or_21821330.mp3,6.096,-104.98,False,4.64,odia,
/content/drive/MyDrive/Audio_dataset/odia/common_voice_or_22220214.mp3,5.472,-106.86,False,3.872,odia,
/content/drive/MyDrive/Audio_dataset/odia/common_voice_or_21861837.mp3,7.248,-98.69,False,5.824,odia,
/content/drive/MyDrive/Audio_dataset/odia/common_voice_or_21838010.mp3,3.696,-98.24,False,1.856,odia,
/content/drive/MyDrive/Audio_dataset/odia/common_voice_or_21832872.mp3,4.584,-92.78,False,2.848,odia,
/content/drive/MyDrive/Audio_dataset/odia/common_voice_or_21843503.mp3,7.32,-93.1,False,5.92,odia,
/content/drive/MyDrive/Audio_dataset/odia/common_voice_or_21834393.mp3,5.04,-102.27,False,3.52,odia,
/content/drive/MyDrive/Audio_dataset/odia/common_voice_or_21845823.mp3,5.544,-141.95,False,3.776,odia,
/content/drive/MyDrive/Audio_dataset/odia/common_voice_or_21832742.mp3,4.704,-99.22,False,3.104,odia,
/content/drive/MyDrive/Audio_dataset/odia/common_voice_or_21844225.mp3,5.232,-113.03,False,4.192,odia,
/content/drive/MyDrive/Audio_dataset/odia/common_voice_or_22219883.mp3,4.896,-102.98,False,3.136,odia,
/content/drive/MyDrive/Audio_dataset/odia/common_voice_or_22157438.mp3,5.424,-102.6,False,3.904,odia,
/content/drive/MyDrive/Audio_dataset/odia/common_voice_or_22259327.mp3,3.456,-119.87,False,1.728,odia,
/content/drive/MyDrive/Audio_dataset/odia/common_voice_or_22220272.mp3,3.336,-97.3,False,1.472,odia,
/content/drive/MyDrive/Audio_dataset/odia/common_voice_or_22220926.mp3,3.624,-94.13,False,1.888,odia,
/content/drive/MyDrive/Audio_dataset/odia/common_voice_or_21834310.mp3,5.232,-101.92,False,3.488,odia,
/content/drive/MyDrive/Audio_dataset/odia/common_voice_or_22239123.mp3,3.288,-118.6,False,1.728,odia,
/content/drive/MyDrive/Audio_dataset/odia/common_voice_or_21884646.mp3,4.224,-97.82,False,2.368,odia,
/content/drive/MyDrive/Audio_dataset/odia/common_voice_or_21843922.mp3,4.488,-110.51,False,3.136,odia,
/content/drive/MyDrive/Audio_dataset/odia/common_voice_or_21861953.mp3,2.784,-87.5,False,0.96,odia,
/content/drive/MyDrive/Audio_dataset/odia/common_voice_or_22220413.mp3,4.08,-113.42,False,2.112,odia,
/content/drive/MyDrive/Audio_dataset/odia/common_voice_or_22087018.mp3,3.84,-103.98,False,1.952,odia,
/content/drive/MyDrive/Audio_dataset/odia/common_voice_or_21884323.mp3,5.328,-95.9,False,3.552,odia,
/content/drive/MyDrive/Audio_dataset/odia/common_voice_or_22087326.mp3,3.48,-108.24,False,1.92,odia,
/content/drive/MyDrive/Audio_dataset/odia/common_voice_or_21829271.mp3,8.904,-110.33,False,3.424,odia,
/content/drive/MyDrive/Audio_dataset/odia/common_voice_or_21832658.mp3,4.464,-107.12,False,2.784,odia,
/content/drive/MyDrive/Audio_dataset/odia/common_voice_or_22239442.mp3,4.176,-103.77,False,2.56,odia,
/content/drive/MyDrive/Audio_dataset/odia/common_voice_or_22107205.mp3,4.32,-102.65,False,2.176,odia,
/content/drive/MyDrive/Audio_dataset/odia/common_voice_or_21862862.mp3,2.376,-102.15,False,0.416,odia,
/content/drive/MyDrive/Audio_dataset/odia/common_voice_or_21833351.mp3,5.832,-119.08,False,4.608,odia,
/content/drive/MyDrive/Audio_dataset/odia/common_voice_or_22243207.mp3,8.688,-82.42,False,7.296,odia,
/content/drive/MyDrive/Audio_dataset/odia/common_voice_or_22219954.mp3,6.192,-118.42,False,4.512,odia,
/content/drive/MyDrive/Audio_dataset/odia/common_voice_or_22239299.mp3,3.912,-100.71,False,2.56,odia,
/content/drive/MyDrive/Audio_dataset/odia/common_voice_or_21843894.mp3,3.648,-98.77,False,2.56,odia,
/content/drive/MyDrive/Audio_dataset/odia/common_voice_or_21843570.mp3,5.208,-90.82,False,3.84,odia,
/content/drive/MyDrive/Audio_dataset/odia/common_voice_or_22105675.mp3,5.232,-109.16,False,3.584,odia,
/content/drive/MyDrive/Audio_dataset/odia/common_voice_or_22239443.mp3,2.904,-113.57,False,1.6,odia,
/content/drive/MyDrive/Audio_dataset/odia/common_voice_or_21862854.mp3,2.592,-138.4,False,0.864,odia,
/content/drive/MyDrive/Audio_dataset/odia/common_voice_or_22107114.mp3,3.384,-102.2,False,1.344,odia,
/content/drive/MyDrive/Audio_dataset/odia/common_voice_or_21857661.mp3,3.744,-100.01,False,2.112,odia,
/content/drive/MyDrive/Audio_dataset/odia/common_voice_or_21843547.mp3,4.032,-100.32,False,2.432,odia,
/content/drive/MyDrive/Audio_dataset/odia/common_voice_or_21861957.mp3,2.664,-106.02,False,1.088,odia,
/content/drive/MyDrive/Audio_dataset/odia/common_voice_or_22087317.mp3,5.712,-107.53,False,4.192,odia,
/content/drive/MyDrive/Audio_dataset/odia/common_voice_or_22263598.mp3,5.376,-109.13,False,2.624,odia,
/content/drive/MyDrive/Audio_dataset/odia/common_voice_or_22239348.mp3,6.96,-103.96,False,5.44,odia,
/content/drive/MyDrive/Audio_dataset/odia/common_voice_or_22220254.mp3,4.104,-121.5,False,2.688,odia,
/content/drive/MyDrive/Audio_dataset/odia/common_voice_or_21833071.mp3,7.392,-105.69,False,6.208,odia,
/content/drive/MyDrive/Audio_dataset/odia/common_voice_or_21857527.mp3,3.624,-87.89,False,2.08,odia,
/content/drive/MyDrive/Audio_dataset/odia/common_voice_or_21879888.mp3,4.416,-102.23,False,2.88,odia,
/content/drive/MyDrive/Audio_dataset/odia/common_voice_or_21832107.mp3,4.224,-90.92,False,2.208,odia,
/content/drive/MyDrive/Audio_dataset/odia/common_voice_or_22220221.mp3,4.512,-103.51,False,3.136,odia,
/content/drive/MyDrive/Audio_dataset/odia/common_voice_or_21844214.mp3,6.384,-118.81,False,5.216,odia,
/content/drive/MyDrive/Audio_dataset/odia/common_voice_or_22259293.mp3,5.136,-107.96,False,3.488,odia,
/content/drive/MyDrive/Audio_dataset/odia/common_voice_or_21843573.mp3,4.872,-112.93,False,3.136,odia,
/content/drive/MyDrive/Audio_dataset/odia/common_voice_or_22156925.mp3,4.896,-92.15,False,3.36,odia,
/content/drive/MyDrive/Audio_dataset/odia/common_voice_or_22187012.mp3,4.512,-103.52,False,3.008,odia,
/content/drive/MyDrive/Audio_dataset/odia/common_voice_or_22157324.mp3,3.648,-102.82,False,1.792,odia,
/content/drive/MyDrive/Audio_dataset/odia/common_voice_or_22105845.mp3,4.944,-98.88,False,2.592,odia,
/content/drive/MyDrive/Audio_dataset/odia/common_voice_or_22087211.mp3,6.216,-101.69,False,4.736,odia,
/content/drive/MyDrive/Audio_dataset/odia/common_voice_or_21821581.mp3,3.864,-107.72,False,1.696,odia,
/content/drive/MyDrive/Audio_dataset/odia/common_voice_or_22238690.mp3,6.456,-108.97,False,4.544,odia,
/content/drive/MyDrive/Audio_dataset/odia/common_voice_or_21832046.mp3,4.128,-97.13,False,2.08,odia,
/content/drive/MyDrive/Audio_dataset/odia/common_voice_or_21886236.mp3,5.856,-127.74,False,4.128,odia,
/content/drive/MyDrive/Audio_dataset/odia/common_voice_or_21884371.mp3,6.0,-118.32,False,3.808,odia,
/content/drive/MyDrive/Audio_dataset/odia/common_voice_or_21834323.mp3,4.536,-96.67,False,2.624,odia,
/content/drive/MyDrive/Audio_dataset/odia/common_voice_or_21884814.mp3,5.088,-112.55,False,3.456,odia,
/content/drive/MyDrive/Audio_dataset/odia/common_voice_or_22251101.mp3,5.976,-114.19,False,3.968,odia,
/content/drive/MyDrive/Audio_dataset/odia/common_voice_or_21884819.mp3,5.664,-111.19,False,3.52,odia,
/content/drive/MyDrive/Audio_dataset/odia/common_voice_or_22147887.mp3,2.064,-102.99,False,0.576,odia,
/content/drive/MyDrive/Audio_dataset/odia/common_voice_or_21845712.mp3,6.648,-108.49,False,5.216,odia,
/content/drive/MyDrive/Audio_dataset/odia/common_voice_or_21862474.mp3,3.264,-108.7,False,1.28,odia,
/content/drive/MyDrive/Audio_dataset/odia/common_voice_or_21857625.mp3,5.136,-105.77,False,3.488,odia,
/content/drive/MyDrive/Audio_dataset/odia/common_voice_or_21832765.mp3,8.016,-100.65,False,6.016,odia,
/content/drive/MyDrive/Audio_dataset/odia/common_voice_or_22258082.mp3,9.216,-110.71,False,6.304,odia,
/content/drive/MyDrive/Audio_dataset/odia/common_voice_or_21845723.mp3,5.832,-98.64,False,4.32,odia,
/content/drive/MyDrive/Audio_dataset/odia/common_voice_or_22147894.mp3,6.168,-106.1,False,4.928,odia,
/content/drive/MyDrive/Audio_dataset/odia/common_voice_or_21845780.mp3,6.24,-110.02,False,4.768,odia,
/content/drive/MyDrive/Audio_dataset/odia/common_voice_or_21884643.mp3,6.336,-111.3,False,4.352,odia,
/content/drive/MyDrive/Audio_dataset/odia/common_voice_or_21833582.mp3,5.376,-114.33,False,3.36,odia,
/content/drive/MyDrive/Audio_dataset/odia/common_voice_or_21861970.mp3,7.776,-103.29,False,6.464,odia,
/content/drive/MyDrive/Audio_dataset/odia/common_voice_or_21845824.mp3,6.672,-100.34,False,5.28,odia,
/content/drive/MyDrive/Audio_dataset/odia/common_voice_or_21833133.mp3,6.504,-92.18,False,5.376,odia,
/content/drive/MyDrive/Audio_dataset/odia/common_voice_or_21844213.mp3,5.472,-106.32,False,4.224,odia,
/content/drive/MyDrive/Audio_dataset/odia/common_voice_or_22147895.mp3,4.248,-125.27,False,2.944,odia,
/content/drive/MyDrive/Audio_dataset/odia/common_voice_or_21862925.mp3,3.48,-97.58,False,1.856,odia,
/content/drive/MyDrive/Audio_dataset/odia/common_voice_or_21884221.mp3,7.272,-126.56,False,5.312,odia,
/content/drive/MyDrive/Audio_dataset/odia/common_voice_or_21884682.mp3,3.816,-87.54,False,1.952,odia,
/content/drive/MyDrive/Audio_dataset/odia/common_voice_or_21843613.mp3,3.408,-92.36,False,1.504,odia,
/content/drive/MyDrive/Audio_dataset/odia/common_voice_or_21834493.mp3,3.48,-91.03,False,1.632,odia,
/content/drive/MyDrive/Audio_dataset/odia/common_voice_or_21857701.mp3,5.544,-101.93,False,4.32,odia,
/content/drive/MyDrive/Audio_dataset/odia/common_voice_or_21862905.mp3,4.2,-101.09,False,2.688,odia,
/content/drive/MyDrive/Audio_dataset/odia/common_voice_or_21862478.mp3,3.36,-92.9,False,1.728,odia,
/content/drive/MyDrive/Audio_dataset/odia/common_voice_or_21843274.mp3,8.784,-96.77,False,3.84,odia,
/content/drive/MyDrive/Audio_dataset/odia/common_voice_or_21862903.mp3,3.984,-91.37,False,2.4,odia,
/content/drive/MyDrive/Audio_dataset/odia/common_voice_or_22108031.mp3,5.544,-101.13,False,3.552,odia,
/content/drive/MyDrive/Audio_dataset/odia/common_voice_or_21833327.mp3,4.464,-109.43,False,3.072,odia,
/content/drive/MyDrive/Audio_dataset/odia/common_voice_or_21832633.mp3,5.52,-107.03,False,4.384,odia,
/content/drive/MyDrive/Audio_dataset/odia/common_voice_or_21861926.mp3,3.768,-100.69,False,2.016,odia,
/content/drive/MyDrive/Audio_dataset/odia/common_voice_or_21879877.mp3,4.584,-106.1,False,3.36,odia,
/content/drive/MyDrive/Audio_dataset/odia/common_voice_or_21832855.mp3,4.44,-110.55,False,2.784,odia,
/content/drive/MyDrive/Audio_dataset/odia/common_voice_or_21821320.mp3,8.76,-121.79,False,7.424,odia,
/content/drive/MyDrive/Audio_dataset/odia/common_voice_or_21844226.mp3,4.776,-107.84,False,3.008,odia,
/content/drive/MyDrive/Audio_dataset/odia/common_voice_or_22238736.mp3,4.944,-94.95,False,3.584,odia,
/content/drive/MyDrive/Audio_dataset/odia/common_voice_or_21832857.mp3,4.032,-126.03,False,2.336,odia,
/content/drive/MyDrive/Audio_dataset/odia/common_voice_or_21857675.mp3,3.264,-85.83,False,2.016,odia,
/content/drive/MyDrive/Audio_dataset/odia/common_voice_or_21821689.mp3,6.144,-92.61,False,4.512,odia,
/content/drive/MyDrive/Audio_dataset/odia/common_voice_or_21843276.mp3,3.264,-133.01,False,0.864,odia,
/content/drive/MyDrive/Audio_dataset/odia/common_voice_or_21861935.mp3,4.488,-87.14,False,2.752,odia,
/content/drive/MyDrive/Audio_dataset/odia/common_voice_or_21862522.mp3,4.608,-92.61,False,3.104,odia,
/content/drive/MyDrive/Audio_dataset/odia/common_voice_or_21843896.mp3,3.576,-103.88,False,2.112,odia,
/content/drive/MyDrive/Audio_dataset/odia/common_voice_or_21857672.mp3,3.144,-110.69,False,1.888,odia,
/content/drive/MyDrive/Audio_dataset/odia/common_voice_or_21845695.mp3,6.336,-99.32,False,4.576,odia,
/content/drive/MyDrive/Audio_dataset/odia/common_voice_or_21833324.mp3,6.432,-100.03,False,5.344,odia,
/content/drive/MyDrive/Audio_dataset/odia/common_voice_or_21833098.mp3,3.264,-93.27,False,2.752,odia,
/content/drive/MyDrive/Audio_dataset/odia/common_voice_or_21862916.mp3,3.48,-104.31,False,1.76,odia,
/content/drive/MyDrive/Audio_dataset/odia/common_voice_or_21832780.mp3,4.2,-99.52,False,2.56,odia,
/content/drive/MyDrive/Audio_dataset/odia/common_voice_or_21845696.mp3,4.488,-98.47,False,2.816,odia,
/content/drive/MyDrive/Audio_dataset/odia/common_voice_or_21844204.mp3,3.504,-111.87,False,2.144,odia,
/content/drive/MyDrive/Audio_dataset/odia/common_voice_or_21843516.mp3,2.832,-104.44,False,1.216,odia,
/content/drive/MyDrive/Audio_dataset/odia/common_voice_or_22256540.mp3,6.744,-110.43,False,4.896,odia,
/content/drive/MyDrive/Audio_dataset/odia/common_voice_or_21844008.mp3,5.424,-112.28,False,4.256,odia,
/content/drive/MyDrive/Audio_dataset/odia/common_voice_or_21843907.mp3,7.392,-111.23,False,6.016,odia,
/content/drive/MyDrive/Audio_dataset/odia/common_voice_or_21884722.mp3,2.448,-129.29,False,0.928,odia,
/content/drive/MyDrive/Audio_dataset/odia/common_voice_or_21842387.mp3,6.456,-108.25,False,4.032,odia,
/content/drive/MyDrive/Audio_dataset/odia/common_voice_or_21832854.mp3,7.2,-103.13,False,5.536,odia,
/content/drive/MyDrive/Audio_dataset/odia/common_voice_or_22186756.mp3,2.976,-102.77,False,1.216,odia,
/content/drive/MyDrive/Audio_dataset/odia/common_voice_or_21833068.mp3,5.88,-92.62,False,4.864,odia,
/content/drive/MyDrive/Audio_dataset/odia/common_voice_or_21834417.mp3,5.04,-121.51,False,3.424,odia,
/content/drive/MyDrive/Audio_dataset/odia/common_voice_or_21832040.mp3,7.032,-95.93,False,5.248,odia,
/content/drive/MyDrive/Audio_dataset/odia/common_voice_or_22239357.mp3,4.992,-101.73,False,3.52,odia,
/content/drive/MyDrive/Audio_dataset/odia/common_voice_or_22220416.mp3,5.136,-100.51,False,3.552,odia,
/content/drive/MyDrive/Audio_dataset/odia/common_voice_or_22238689.mp3,4.104,-101.63,False,2.464,odia,
/content/drive/MyDrive/Audio_dataset/odia/common_voice_or_21862912.mp3,4.536,-92.63,False,2.816,odia,
/content/drive/MyDrive/Audio_dataset/odia/common_voice_or_21844202.mp3,5.424,-105.92,False,4.352,odia,
/content/drive/MyDrive/Audio_dataset/odia/common_voice_or_22186778.mp3,5.976,-101.3,False,4.032,odia,
/content/drive/MyDrive/Audio_dataset/odia/common_voice_or_21845790.mp3,5.4,-108.76,False,4.192,odia,
/content/drive/MyDrive/Audio_dataset/odia/common_voice_or_21884254.mp3,5.976,-99.69,False,4.256,odia,
/content/drive/MyDrive/Audio_dataset/odia/common_voice_or_21843950.mp3,2.64,-101.69,False,1.568,odia,
/content/drive/MyDrive/Audio_dataset/odia/common_voice_or_21843599.mp3,4.728,-113.4,False,3.072,odia,
/content/drive/MyDrive/Audio_dataset/odia/common_voice_or_21832652.mp3,6.264,-113.65,False,4.736,odia,
/content/drive/MyDrive/Audio_dataset/odia/common_voice_or_22220163.mp3,5.424,-105.59,False,3.904,odia,
/content/drive/MyDrive/Audio_dataset/odia/common_voice_or_21838009.mp3,5.088,-104.12,False,3.104,odia,
/content/drive/MyDrive/Audio_dataset/odia/common_voice_or_21861946.mp3,6.408,-122.83,False,4.992,odia,
/content/drive/MyDrive/Audio_dataset/odia/common_voice_or_21832257.mp3,4.968,-90.17,False,3.36,odia,
/content/drive/MyDrive/Audio_dataset/odia/common_voice_or_22239336.mp3,4.2,-112.61,False,2.72,odia,
/content/drive/MyDrive/Audio_dataset/odia/common_voice_or_22239370.mp3,5.592,-128.57,False,4.32,odia,
/content/drive/MyDrive/Audio_dataset/odia/common_voice_or_21862855.mp3,5.88,-107.28,False,4.192,odia,
/content/drive/MyDrive/Audio_dataset/odia/common_voice_or_21832225.mp3,5.808,-96.48,False,4.0,odia,
/content/drive/MyDrive/Audio_dataset/odia/common_voice_or_22238851.mp3,6.72,-109.69,False,5.504,odia,
/content/drive/MyDrive/Audio_dataset/odia/common_voice_or_22239283.mp3,3.528,-94.02,False,1.984,odia,
/content/drive/MyDrive/Audio_dataset/odia/common_voice_or_22106979.mp3,3.576,-100.66,False,1.984,odia,
/content/drive/MyDrive/Audio_dataset/odia/common_voice_or_21834371.mp3,5.4,-107.91,False,3.552,odia,
/content/drive/MyDrive/Audio_dataset/odia/common_voice_or_21834363.mp3,3.528,-98.62,False,1.984,odia,
/content/drive/MyDrive/Audio_dataset/odia/common_voice_or_22108019.mp3,5.28,-128.18,False,3.296,odia,
/content/drive/MyDrive/Audio_dataset/odia/common_voice_or_22238733.mp3,3.072,-102.23,False,1.504,odia,
/content/drive/MyDrive/Audio_dataset/odia/common_voice_or_21832836.mp3,5.112,-137.16,False,3.68,odia,
/content/drive/MyDrive/Audio_dataset/odia/common_voice_or_21823897.mp3,5.064,-115.34,False,3.712,odia,
/content/drive/MyDrive/Audio_dataset/odia/common_voice_or_21820828.mp3,5.304,-102.94,False,3.968,odia,
/content/drive/MyDrive/Audio_dataset/odia/common_voice_or_21834352.mp3,4.44,-101.94,False,2.784,odia,
/content/drive/MyDrive/Audio_dataset/odia/common_voice_or_22220855.mp3,4.68,-95.52,False,3.296,odia,
/content/drive/MyDrive/Audio_dataset/odia/common_voice_or_21832668.mp3,4.176,-105.03,False,2.816,odia,
/content/drive/MyDrive/Audio_dataset/odia/common_voice_or_22239362.mp3,4.896,-102.57,False,3.36,odia,
/content/drive/MyDrive/Audio_dataset/odia/common_voice_or_22220124.mp3,6.648,-112.47,False,4.704,odia,
/content/drive/MyDrive/Audio_dataset/odia/common_voice_or_21842403.mp3,6.696,-119.39,False,4.768,odia,
/content/drive/MyDrive/Audio_dataset/odia/common_voice_or_21832739.mp3,5.64,-122.84,False,3.936,odia,
/content/drive/MyDrive/Audio_dataset/odia/common_voice_or_22220786.mp3,6.336,-106.34,False,4.608,odia,
/content/drive/MyDrive/Audio_dataset/odia/common_voice_or_21821328.mp3,4.944,-114.77,False,4.096,odia,
/content/drive/MyDrive/Audio_dataset/odia/common_voice_or_21862498.mp3,4.824,-109.49,False,2.752,odia,
/content/drive/MyDrive/Audio_dataset/odia/common_voice_or_21862587.mp3,5.424,-107.33,False,3.776,odia,
/content/drive/MyDrive/Audio_dataset/odia/common_voice_or_22187177.mp3,6.528,-100.69,False,4.928,odia,
/content/drive/MyDrive/Audio_dataset/odia/common_voice_or_21884420.mp3,7.296,-94.35,False,5.824,odia,
/content/drive/MyDrive/Audio_dataset/odia/common_voice_or_21843539.mp3,5.64,-132.95,False,3.776,odia,
/content/drive/MyDrive/Audio_dataset/odia/common_voice_or_21833322.mp3,3.408,-99.56,False,2.336,odia,
/content/drive/MyDrive/Audio_dataset/odia/common_voice_or_22239444.mp3,2.568,-94.77,False,0.96,odia,
/content/drive/MyDrive/Audio_dataset/odia/common_voice_or_21832130.mp3,4.776,-113.54,False,3.072,odia,
/content/drive/MyDrive/Audio_dataset/odia/common_voice_or_21862560.mp3,7.752,-108.31,False,6.304,odia,
/content/drive/MyDrive/Audio_dataset/odia/common_voice_or_21832714.mp3,3.984,-91.72,False,2.592,odia,
/content/drive/MyDrive/Audio_dataset/odia/common_voice_or_21832712.mp3,4.128,-118.31,False,2.464,odia,
/content/drive/MyDrive/Audio_dataset/odia/common_voice_or_21829759.mp3,8.736,-108.93,False,2.816,odia,
/content/drive/MyDrive/Audio_dataset/odia/common_voice_or_21832666.mp3,2.664,-86.32,False,1.344,odia,
/content/drive/MyDrive/Audio_dataset/odia/common_voice_or_22157004.mp3,4.704,-125.39,False,3.232,odia,
/content/drive/MyDrive/Audio_dataset/odia/common_voice_or_22087395.mp3,8.16,-105.34,False,6.368,odia,
/content/drive/MyDrive/Audio_dataset/odia/common_voice_or_21843976.mp3,3.984,-108.05,False,2.912,odia,
/content/drive/MyDrive/Audio_dataset/odia/common_voice_or_22105733.mp3,5.04,-96.36,False,3.488,odia,
/content/drive/MyDrive/Audio_dataset/odia/common_voice_or_21862488.mp3,4.728,-96.66,False,3.072,odia,
/content/drive/MyDrive/Audio_dataset/odia/common_voice_or_21857523.mp3,4.344,-97.33,False,2.72,odia,
/content/drive/MyDrive/Audio_dataset/odia/common_voice_or_21861915.mp3,5.568,-108.8,False,3.936,odia,
/content/drive/MyDrive/Audio_dataset/odia/common_voice_or_22156971.mp3,5.448,-103.74,False,3.744,odia,
/content/drive/MyDrive/Audio_dataset/odia/common_voice_or_22243370.mp3,4.2,-98.98,False,2.784,odia,
/content/drive/MyDrive/Audio_dataset/odia/common_voice_or_22220876.mp3,7.728,-122.54,False,5.952,odia,
/content/drive/MyDrive/Audio_dataset/odia/common_voice_or_21884340.mp3,3.624,-119.96,False,1.984,odia,
/content/drive/MyDrive/Audio_dataset/odia/common_voice_or_21862867.mp3,3.048,-100.71,False,1.248,odia,
/content/drive/MyDrive/Audio_dataset/odia/common_voice_or_22238693.mp3,5.424,-103.46,False,3.008,odia,
/content/drive/MyDrive/Audio_dataset/odia/common_voice_or_21862524.mp3,6.048,-121.44,False,4.608,odia,
/content/drive/MyDrive/Audio_dataset/odia/common_voice_or_22087212.mp3,6.048,-111.67,False,4.16,odia,
/content/drive/MyDrive/Audio_dataset/odia/common_voice_or_21833342.mp3,5.112,-90.2,False,3.744,odia,
/content/drive/MyDrive/Audio_dataset/odia/common_voice_or_22220854.mp3,5.904,-117.98,False,4.128,odia,
/content/drive/MyDrive/Audio_dataset/odia/common_voice_or_21823968.mp3,3.624,-86.96,False,1.824,odia,
/content/drive/MyDrive/Audio_dataset/odia/common_voice_or_21823902.mp3,7.536,-95.42,False,5.92,odia,
/content/drive/MyDrive/Audio_dataset/odia/common_voice_or_21862915.mp3,5.544,-98.26,False,4.32,odia,
/content/drive/MyDrive/Audio_dataset/odia/common_voice_or_21857651.mp3,4.656,-100.93,False,3.264,odia,
/content/drive/MyDrive/Audio_dataset/odia/common_voice_or_21832253.mp3,3.816,-98.02,False,1.856,odia,
/content/drive/MyDrive/Audio_dataset/odia/common_voice_or_21884180.mp3,3.984,-99.08,False,2.208,odia,
/content/drive/MyDrive/Audio_dataset/odia/common_voice_or_21862561.mp3,5.208,-101.89,False,3.648,odia,
/content/drive/MyDrive/Audio_dataset/odia/common_voice_or_22147964.mp3,5.424,-129.34,False,4.032,odia,
/content/drive/MyDrive/Audio_dataset/odia/common_voice_or_22238695.mp3,3.816,-99.71,False,2.432,odia,
/content/drive/MyDrive/Audio_dataset/odia/common_voice_or_21884386.mp3,3.168,-84.84,False,1.28,odia,
/content/drive/MyDrive/Audio_dataset/odia/common_voice_or_22186950.mp3,3.48,-96.11,False,2.08,odia,
/content/drive/MyDrive/Audio_dataset/odia/common_voice_or_21843978.mp3,7.128,-105.19,False,5.792,odia,
/content/drive/MyDrive/Audio_dataset/odia/common_voice_or_22106956.mp3,5.856,-105.31,False,3.424,odia,
/content/drive/MyDrive/Audio_dataset/odia/common_voice_or_21884217.mp3,5.112,-132.28,False,3.424,odia,
/content/drive/MyDrive/Audio_dataset/odia/common_voice_or_21844170.mp3,3.984,-94.57,False,3.008,odia,
/content/drive/MyDrive/Audio_dataset/odia/common_voice_or_21845794.mp3,5.904,-98.86,False,4.512,odia,
/content/drive/MyDrive/Audio_dataset/odia/common_voice_or_21879868.mp3,5.064,-103.95,False,3.776,odia,
/content/drive/MyDrive/Audio_dataset/odia/common_voice_or_21833363.mp3,7.368,-99.87,False,5.632,odia,
/content/drive/MyDrive/Audio_dataset/odia/common_voice_or_21857648.mp3,5.304,-93.41,False,3.872,odia,
/content/drive/MyDrive/Audio_dataset/odia/common_voice_or_22157165.mp3,5.688,-102.28,False,3.936,odia,
/content/drive/MyDrive/Audio_dataset/odia/common_voice_or_21845693.mp3,3.168,-129.38,False,1.6,odia,
/content/drive/MyDrive/Audio_dataset/odia/common_voice_or_21832727.mp3,3.168,-111.16,False,1.408,odia,
/content/drive/MyDrive/Audio_dataset/odia/common_voice_or_21821687.mp3,3.216,-96.08,False,1.632,odia,
/content/drive/MyDrive/Audio_dataset/odia/common_voice_or_21821603.mp3,4.584,-92.17,False,2.784,odia,
/content/drive/MyDrive/Audio_dataset/odia/common_voice_or_22186823.mp3,5.832,-100.53,False,4.64,odia,
/content/drive/MyDrive/Audio_dataset/odia/common_voice_or_21832763.mp3,7.08,-100.6,False,5.28,odia,
/content/drive/MyDrive/Audio_dataset/odia/common_voice_or_21832160.mp3,2.424,-90.68,False,0.736,odia,
/content/drive/MyDrive/Audio_dataset/odia/common_voice_or_22239381.mp3,4.944,-99.37,False,3.168,odia,
/content/drive/MyDrive/Audio_dataset/odia/common_voice_or_21834308.mp3,5.256,-94.83,False,3.584,odia,
/content/drive/MyDrive/Audio_dataset/odia/common_voice_or_21857556.mp3,4.824,-103.16,False,3.264,odia,
/content/drive/MyDrive/Audio_dataset/odia/common_voice_or_22259247.mp3,4.584,-112.71,False,2.688,odia,
/content/drive/MyDrive/Audio_dataset/odia/common_voice_or_21884417.mp3,4.512,-104.87,False,2.848,odia,
/content/drive/MyDrive/Audio_dataset/odia/common_voice_or_21861973.mp3,4.056,-98.8,False,2.464,odia,
/content/drive/MyDrive/Audio_dataset/odia/common_voice_or_22239184.mp3,6.648,-109.52,False,3.136,odia,
/content/drive/MyDrive/Audio_dataset/odia/common_voice_or_21823901.mp3,3.696,-123.42,False,2.208,odia,
/content/drive/MyDrive/Audio_dataset/odia/common_voice_or_21834349.mp3,5.16,-138.0,False,3.488,odia,
/content/drive/MyDrive/Audio_dataset/odia/common_voice_or_21843881.mp3,2.832,-113.4,False,1.12,odia,
/content/drive/MyDrive/Audio_dataset/odia/common_voice_or_21844174.mp3,6.528,-105.72,False,5.28,odia,
/content/drive/MyDrive/Audio_dataset/odia/common_voice_or_21834351.mp3,4.296,-101.2,False,2.72,odia,
/content/drive/MyDrive/Audio_dataset/odia/common_voice_or_22239397.mp3,3.96,-100.07,False,2.4,odia,
/content/drive/MyDrive/Audio_dataset/odia/common_voice_or_21884261.mp3,3.6,-98.74,False,1.824,odia,
/content/drive/MyDrive/Audio_dataset/odia/common_voice_or_21843980.mp3,5.928,-117.06,False,4.512,odia,
/content/drive/MyDrive/Audio_dataset/odia/common_voice_or_21843536.mp3,5.952,-141.2,False,4.32,odia,
/content/drive/MyDrive/Audio_dataset/odia/common_voice_or_22220750.mp3,3.456,-94.92,False,1.44,odia,
/content/drive/MyDrive/Audio_dataset/odia/common_voice_or_22156921.mp3,4.848,-99.94,False,3.104,odia,
/content/drive/MyDrive/Audio_dataset/odia/common_voice_or_22186884.mp3,6.096,-96.77,False,4.48,odia,
/content/drive/MyDrive/Audio_dataset/odia/common_voice_or_22186943.mp3,4.704,-107.82,False,3.008,odia,
/content/drive/MyDrive/Audio_dataset/odia/common_voice_or_21832105.mp3,6.744,-109.06,False,4.864,odia,
/content/drive/MyDrive/Audio_dataset/odia/common_voice_or_21857574.mp3,6.336,-93.11,False,4.096,odia,
/content/drive/MyDrive/Audio_dataset/odia/common_voice_or_22157163.mp3,6.432,-109.98,False,4.864,odia,
/content/drive/MyDrive/Audio_dataset/odia/common_voice_or_21839554.mp3,5.112,-93.98,False,3.584,odia,
/content/drive/MyDrive/Audio_dataset/odia/common_voice_or_21834330.mp3,8.904,-112.64,False,7.264,odia,
/content/drive/MyDrive/Audio_dataset/odia/common_voice_or_21833716.mp3,7.608,-107.01,False,5.728,odia,
/content/drive/MyDrive/Audio_dataset/odia/common_voice_or_21862904.mp3,3.528,-101.1,False,2.464,odia,
/content/drive/MyDrive/Audio_dataset/odia/common_voice_or_22239143.mp3,3.312,-103.51,False,1.44,odia,
/content/drive/MyDrive/Audio_dataset/odia/common_voice_or_21844149.mp3,4.992,-101.07,False,3.904,odia,
/content/drive/MyDrive/Audio_dataset/odia/common_voice_or_21884645.mp3,3.216,-106.66,False,1.28,odia,
/content/drive/MyDrive/Audio_dataset/odia/common_voice_or_21832126.mp3,6.216,-98.05,False,4.544,odia,
/content/drive/MyDrive/Audio_dataset/odia/common_voice_or_22186776.mp3,3.336,-120.1,False,1.92,odia,
/content/drive/MyDrive/Audio_dataset/odia/common_voice_or_21861889.mp3,6.336,-105.47,False,4.64,odia,
/content/drive/MyDrive/Audio_dataset/odia/common_voice_or_21833031.mp3,3.552,-85.7,False,2.304,odia,
/content/drive/MyDrive/Audio_dataset/odia/common_voice_or_21832255.mp3,7.248,-112.52,False,5.6,odia,
/content/drive/MyDrive/Audio_dataset/odia/common_voice_or_21843908.mp3,5.976,-101.3,False,4.672,odia,
/content/drive/MyDrive/Audio_dataset/odia/common_voice_or_21829757.mp3,7.656,-111.63,False,2.336,odia,
/content/drive/MyDrive/Audio_dataset/odia/common_voice_or_21862562.mp3,3.264,-99.99,False,1.6,odia,
/content/drive/MyDrive/Audio_dataset/odia/common_voice_or_22186881.mp3,3.936,-97.12,False,2.656,odia,
/content/drive/MyDrive/Audio_dataset/odia/common_voice_or_22148002.mp3,3.96,-95.23,False,2.72,odia,
/content/drive/MyDrive/Audio_dataset/odia/common_voice_or_22258084.mp3,6.336,-105.69,False,4.192,odia,
/content/drive/MyDrive/Audio_dataset/odia/common_voice_or_22243229.mp3,7.656,-92.74,False,6.4,odia,
/content/drive/MyDrive/Audio_dataset/odia/common_voice_or_21829761.mp3,6.24,-110.95,False,3.168,odia,
/content/drive/MyDrive/Audio_dataset/odia/common_voice_or_22105770.mp3,2.88,-86.67,False,1.152,odia,
/content/drive/MyDrive/Audio_dataset/odia/common_voice_or_21834488.mp3,4.056,-91.99,False,2.656,odia,
/content/drive/MyDrive/Audio_dataset/odia/common_voice_or_21843528.mp3,7.368,-105.32,False,5.76,odia,
/content/drive/MyDrive/Audio_dataset/odia/common_voice_or_21857594.mp3,5.376,-100.9,False,3.744,odia,
/content/drive/MyDrive/Audio_dataset/odia/common_voice_or_22106680.mp3,3.888,-112.52,False,2.176,odia,
/content/drive/MyDrive/Audio_dataset/odia/common_voice_or_21862852.mp3,4.728,-106.32,False,3.04,odia,
/content/drive/MyDrive/Audio_dataset/odia/common_voice_or_21820803.mp3,4.608,-104.0,False,2.848,odia,
/content/drive/MyDrive/Audio_dataset/odia/common_voice_or_21832226.mp3,3.36,-100.47,False,1.856,odia,
/content/drive/MyDrive/Audio_dataset/odia/common_voice_or_22239162.mp3,4.512,-126.83,False,3.2,odia,
/content/drive/MyDrive/Audio_dataset/odia/common_voice_or_21862918.mp3,7.488,-99.63,False,5.888,odia,
/content/drive/MyDrive/Audio_dataset/odia/common_voice_or_22239398.mp3,5.112,-105.27,False,3.584,odia,
/content/drive/MyDrive/Audio_dataset/odia/common_voice_or_21884392.mp3,2.808,-90.35,False,1.184,odia,
/content/drive/MyDrive/Audio_dataset/odia/common_voice_or_22220057.mp3,4.056,-96.15,False,2.656,odia,
/content/drive/MyDrive/Audio_dataset/odia/common_voice_or_22238820.mp3,5.28,-100.53,False,3.392,odia,
/content/drive/MyDrive/Audio_dataset/odia/common_voice_or_22220928.mp3,4.08,-105.6,False,2.56,odia,
/content/drive/MyDrive/Audio_dataset/odia/common_voice_or_21844227.mp3,3.36,-94.5,False,2.336,odia,
/content/drive/MyDrive/Audio_dataset/odia/common_voice_or_21844228.mp3,2.52,-95.91,False,1.44,odia,
/content/drive/MyDrive/Audio_dataset/odia/common_voice_or_22220830.mp3,4.176,-105.49,False,1.984,odia,
/content/drive/MyDrive/Audio_dataset/odia/common_voice_or_21821307.mp3,6.312,-93.41,False,5.024,odia,
/content/drive/MyDrive/Audio_dataset/odia/common_voice_or_21843543.mp3,3.96,-109.59,False,1.76,odia,
/content/drive/MyDrive/Audio_dataset/odia/common_voice_or_21832818.mp3,4.56,-112.76,False,3.168,odia,
/content/drive/MyDrive/Audio_dataset/odia/common_voice_or_21857649.mp3,8.184,-108.57,False,6.464,odia,
/content/drive/MyDrive/Audio_dataset/odia/common_voice_or_21886237.mp3,2.952,-104.95,False,1.184,odia,
/content/drive/MyDrive/Audio_dataset/odia/common_voice_or_22238719.mp3,2.784,-93.11,False,1.28,odia,
/content/drive/MyDrive/Audio_dataset/odia/common_voice_or_22187130.mp3,2.712,-100.44,False,0.992,odia,
/content/drive/MyDrive/Audio_dataset/odia/common_voice_or_21862458.mp3,3.816,-100.85,False,2.208,odia,
/content/drive/MyDrive/Audio_dataset/odia/common_voice_or_21833154.mp3,3.144,-93.36,False,2.176,odia,
/content/drive/MyDrive/Audio_dataset/odia/common_voice_or_21879871.mp3,7.704,-97.75,False,6.176,odia,
/content/drive/MyDrive/Audio_dataset/odia/common_voice_or_22127439.mp3,4.416,-80.76,False,2.688,odia,
/content/drive/MyDrive/Audio_dataset/odia/common_voice_or_21844190.mp3,7.272,-126.36,False,6.112,odia,
/content/drive/MyDrive/Audio_dataset/odia/common_voice_or_21884296.mp3,7.656,-102.01,False,5.568,odia,
/content/drive/MyDrive/Audio_dataset/odia/common_voice_or_21832106.mp3,7.392,-115.0,False,5.632,odia,
/content/drive/MyDrive/Audio_dataset/odia/common_voice_or_22238696.mp3,6.312,-118.59,False,4.8,odia,
/content/drive/MyDrive/Audio_dataset/odia/common_voice_or_21842402.mp3,3.216,-95.46,False,1.152,odia,
/content/drive/MyDrive/Audio_dataset/odia/common_voice_or_22250583.mp3,7.224,-104.06,False,5.344,odia,
/content/drive/MyDrive/Audio_dataset/odia/common_voice_or_21861952.mp3,5.52,-94.96,False,4.32,odia,
/content/drive/MyDrive/Audio_dataset/odia/common_voice_or_21843532.mp3,3.912,-97.65,False,2.176,odia,
/content/drive/MyDrive/Audio_dataset/odia/common_voice_or_22259289.mp3,3.864,-121.43,False,2.144,odia,
/content/drive/MyDrive/Audio_dataset/odia/common_voice_or_21879843.mp3,5.304,-87.68,False,3.744,odia,
/content/drive/MyDrive/Audio_dataset/odia/common_voice_or_22238721.mp3,6.84,-105.6,False,4.864,odia,
/content/drive/MyDrive/Audio_dataset/odia/common_voice_or_21843531.mp3,3.912,-101.14,False,2.048,odia,
/content/drive/MyDrive/Audio_dataset/odia/common_voice_or_21843571.mp3,4.56,-100.68,False,2.912,odia,
/content/drive/MyDrive/Audio_dataset/odia/common_voice_or_22250639.mp3,2.784,-118.42,False,1.824,odia,
/content/drive/MyDrive/Audio_dataset/odia/common_voice_or_21820829.mp3,8.208,-108.6,False,6.624,odia,
/content/drive/MyDrive/Audio_dataset/odia/common_voice_or_21884198.mp3,8.112,-99.45,False,6.528,odia,
/content/drive/MyDrive/Audio_dataset/odia/common_voice_or_21821583.mp3,5.616,-95.98,False,4.064,odia,
/content/drive/MyDrive/Audio_dataset/odia/common_voice_or_22127517.mp3,7.104,-103.8,False,6.08,odia,
/content/drive/MyDrive/Audio_dataset/odia/common_voice_or_21843569.mp3,5.112,-102.95,False,3.04,odia,
/content/drive/MyDrive/Audio_dataset/odia/common_voice_or_21843921.mp3,3.072,-112.93,False,1.888,odia,
/content/drive/MyDrive/Audio_dataset/odia/common_voice_or_21832093.mp3,3.456,-98.37,False,1.6,odia,
/content/drive/MyDrive/Audio_dataset/odia/common_voice_or_21861938.mp3,6.12,-101.39,False,4.512,odia,
/content/drive/MyDrive/Audio_dataset/odia/common_voice_or_22156922.mp3,5.616,-109.37,False,4.224,odia,
/content/drive/MyDrive/Audio_dataset/odia/common_voice_or_22239235.mp3,5.808,-126.44,False,4.32,odia,
/content/drive/MyDrive/Audio_dataset/odia/common_voice_or_21832251.mp3,6.408,-121.03,False,4.928,odia,
/content/drive/MyDrive/Audio_dataset/odia/common_voice_or_22238694.mp3,6.792,-119.22,False,5.056,odia,
/content/drive/MyDrive/Audio_dataset/odia/common_voice_or_22106684.mp3,5.184,-96.92,False,3.552,odia,
/content/drive/MyDrive/Audio_dataset/odia/common_voice_or_21843506.mp3,6.72,-109.12,False,5.248,odia,
/content/drive/MyDrive/Audio_dataset/odia/common_voice_or_21857702.mp3,3.264,-105.11,False,1.888,odia,
/content/drive/MyDrive/Audio_dataset/odia/common_voice_or_21844131.mp3,5.232,-121.27,False,3.968,odia,
/content/drive/MyDrive/Audio_dataset/odia/common_voice_or_21823935.mp3,3.696,-117.09,False,2.592,odia,
/content/drive/MyDrive/Audio_dataset/odia/common_voice_or_21832660.mp3,2.976,-100.14,False,1.312,odia,
/content/drive/MyDrive/Audio_dataset/odia/common_voice_or_21823938.mp3,3.864,-91.9,False,2.752,odia,
/content/drive/MyDrive/Audio_dataset/odia/common_voice_or_21833136.mp3,6.048,-91.65,False,5.12,odia,
/content/drive/MyDrive/Audio_dataset/odia/common_voice_or_21886234.mp3,4.152,-107.7,False,2.368,odia,
/content/drive/MyDrive/Audio_dataset/odia/common_voice_or_21832631.mp3,4.56,-90.79,False,2.72,odia,
/content/drive/MyDrive/Audio_dataset/odia/common_voice_or_21857530.mp3,3.864,-104.58,False,2.176,odia,
/content/drive/MyDrive/Audio_dataset/odia/common_voice_or_21862913.mp3,4.296,-97.0,False,2.752,odia,
/content/drive/MyDrive/Audio_dataset/odia/common_voice_or_21833688.mp3,4.44,-121.39,False,2.528,odia,
/content/drive/MyDrive/Audio_dataset/odia/common_voice_or_21834380.mp3,2.736,-111.68,False,0.608,odia,
/content/drive/MyDrive/Audio_dataset/odia/common_voice_or_21862535.mp3,2.928,-92.67,False,1.056,odia,
/content/drive/MyDrive/Audio_dataset/odia/common_voice_or_21862576.mp3,4.92,-96.97,False,2.912,odia,
/content/drive/MyDrive/Audio_dataset/odia/common_voice_or_21858260.mp3,5.664,-95.94,False,3.552,odia,
/content/drive/MyDrive/Audio_dataset/odia/common_voice_or_21844150.mp3,2.664,-103.01,False,1.44,odia,
/content/drive/MyDrive/Audio_dataset/odia/common_voice_or_21833737.mp3,7.344,-111.26,False,3.776,odia,
/content/drive/MyDrive/Audio_dataset/odia/common_voice_or_21843545.mp3,5.112,-130.01,False,3.456,odia,
/content/drive/MyDrive/Audio_dataset/odia/common_voice_or_22220494.mp3,6.048,-104.92,False,4.608,odia,
/content/drive/MyDrive/Audio_dataset/odia/common_voice_or_22238788.mp3,5.112,-120.01,False,3.68,odia,
/content/drive/MyDrive/Audio_dataset/odia/common_voice_or_21857724.mp3,3.696,-106.79,False,2.336,odia,
/content/drive/MyDrive/Audio_dataset/odia/common_voice_or_21834419.mp3,3.192,-91.77,False,1.6,odia,
/content/drive/MyDrive/Audio_dataset/odia/common_voice_or_21833029.mp3,5.112,-89.85,False,4.032,odia,
/content/drive/MyDrive/Audio_dataset/odia/common_voice_or_21832119.mp3,4.968,-94.13,False,3.488,odia,
/content/drive/MyDrive/Audio_dataset/odia/common_voice_or_21879890.mp3,6.864,-91.36,False,5.696,odia,
/content/drive/MyDrive/Audio_dataset/odia/common_voice_or_21857578.mp3,4.824,-100.68,False,2.976,odia,
/content/drive/MyDrive/Audio_dataset/odia/common_voice_or_21862526.mp3,3.312,-101.74,False,1.44,odia,
/content/drive/MyDrive/Audio_dataset/odia/common_voice_or_21842389.mp3,9.696,-98.44,False,8.672,odia,
/content/drive/MyDrive/Audio_dataset/odia/common_voice_or_21832113.mp3,7.176,-123.27,False,5.568,odia,
/content/drive/MyDrive/Audio_dataset/odia/common_voice_or_21832050.mp3,5.304,-108.39,False,3.104,odia,
/content/drive/MyDrive/Audio_dataset/odia/common_voice_or_21884820.mp3,4.728,-122.32,False,3.424,odia,
/content/drive/MyDrive/Audio_dataset/odia/common_voice_or_21862921.mp3,5.88,-98.09,False,4.608,odia,
/content/drive/MyDrive/Audio_dataset/odia/common_voice_or_21832121.mp3,3.168,-97.74,False,1.184,odia,
/content/drive/MyDrive/Audio_dataset/odia/common_voice_or_21862452.mp3,3.84,-96.18,False,2.432,odia,
/content/drive/MyDrive/Audio_dataset/odia/common_voice_or_21884689.mp3,6.456,-115.2,False,4.16,odia,
/content/drive/MyDrive/Audio_dataset/odia/common_voice_or_21884416.mp3,6.888,-104.28,False,5.024,odia,
/content/drive/MyDrive/Audio_dataset/odia/common_voice_or_21843614.mp3,4.512,-101.91,False,2.912,odia,
/content/drive/MyDrive/Audio_dataset/odia/common_voice_or_21832791.mp3,5.424,-107.96,False,3.744,odia,
/content/drive/MyDrive/Audio_dataset/odia/common_voice_or_21845752.mp3,5.256,-93.95,False,3.68,odia,
/content/drive/MyDrive/Audio_dataset/odia/common_voice_or_21821303.mp3,8.256,-108.27,False,6.4,odia,
/content/drive/MyDrive/Audio_dataset/odia/common_voice_or_21843910.mp3,6.936,-108.69,False,5.92,odia,
/content/drive/MyDrive/Audio_dataset/odia/common_voice_or_21884179.mp3,6.576,-105.78,False,4.8,odia,
/content/drive/MyDrive/Audio_dataset/odia/common_voice_or_21862482.mp3,3.768,-109.8,False,2.144,odia,
/content/drive/MyDrive/Audio_dataset/odia/common_voice_or_21843939.mp3,8.976,-109.23,False,7.968,odia,
/content/drive/MyDrive/Audio_dataset/odia/common_voice_or_21862519.mp3,5.088,-98.65,False,3.424,odia,
/content/drive/MyDrive/Audio_dataset/odia/common_voice_or_21821329.mp3,5.064,-108.06,False,3.072,odia,
/content/drive/MyDrive/Audio_dataset/odia/common_voice_or_22239187.mp3,5.664,-106.7,False,4.224,odia,
/content/drive/MyDrive/Audio_dataset/odia/common_voice_or_21820831.mp3,7.632,-101.79,False,6.016,odia,
/content/drive/MyDrive/Audio_dataset/odia/common_voice_or_21843540.mp3,6.888,-98.05,False,5.376,odia,
/content/drive/MyDrive/Audio_dataset/odia/common_voice_or_21832223.mp3,4.92,-104.7,False,3.52,odia,
/content/drive/MyDrive/Audio_dataset/odia/common_voice_or_22239307.mp3,5.376,-107.36,False,3.808,odia,
/content/drive/MyDrive/Audio_dataset/odia/common_voice_or_21843497.mp3,6.0,-105.76,False,4.128,odia,
/content/drive/MyDrive/Audio_dataset/odia/common_voice_or_22238873.mp3,5.352,-105.05,False,3.616,odia,
/content/drive/MyDrive/Audio_dataset/odia/common_voice_or_21884369.mp3,4.08,-115.49,False,2.688,odia,
/content/drive/MyDrive/Audio_dataset/odia/common_voice_or_21861881.mp3,7.56,-104.67,False,6.016,odia,
/content/drive/MyDrive/Audio_dataset/odia/common_voice_or_21832135.mp3,3.072,-96.26,False,1.248,odia,
/content/drive/MyDrive/Audio_dataset/odia/common_voice_or_21832144.mp3,4.176,-103.09,False,2.336,odia,
/content/drive/MyDrive/Audio_dataset/odia/common_voice_or_22238814.mp3,3.96,-112.31,False,2.176,odia,
/content/drive/MyDrive/Audio_dataset/odia/common_voice_or_21861939.mp3,4.176,-92.88,False,2.464,odia,
/content/drive/MyDrive/Audio_dataset/odia/common_voice_or_21833746.mp3,6.264,-105.54,False,4.928,odia,
/content/drive/MyDrive/Audio_dataset/odia/common_voice_or_22107120.mp3,6.744,-106.23,False,4.64,odia,
/content/drive/MyDrive/Audio_dataset/odia/common_voice_or_21857621.mp3,6.336,-100.99,False,4.864,odia,
/content/drive/MyDrive/Audio_dataset/odia/common_voice_or_21843617.mp3,4.896,-111.52,False,3.456,odia,
/content/drive/MyDrive/Audio_dataset/odia/common_voice_or_21834372.mp3,7.512,-110.9,False,5.888,odia,
/content/drive/MyDrive/Audio_dataset/odia/common_voice_or_21862532.mp3,5.784,-101.93,False,4.064,odia,
/content/drive/MyDrive/Audio_dataset/odia/common_voice_or_21843622.mp3,3.216,-101.42,False,1.824,odia,
/content/drive/MyDrive/Audio_dataset/odia/common_voice_or_21842385.mp3,9.144,-103.05,False,6.88,odia,
/content/drive/MyDrive/Audio_dataset/odia/common_voice_or_21843879.mp3,2.472,-121.23,False,1.12,odia,
/content/drive/MyDrive/Audio_dataset/odia/common_voice_or_21832685.mp3,6.072,-99.39,False,4.48,odia,
/content/drive/MyDrive/Audio_dataset/odia/common_voice_or_22156976.mp3,3.456,-122.19,False,1.664,odia,
/content/drive/MyDrive/Audio_dataset/odia/common_voice_or_22105731.mp3,5.472,-104.9,False,4.0,odia,
/content/drive/MyDrive/Audio_dataset/odia/common_voice_or_22238735.mp3,4.176,-107.89,False,2.4,odia,
/content/drive/MyDrive/Audio_dataset/odia/common_voice_or_22239361.mp3,5.28,-107.32,False,3.808,odia,
/content/drive/MyDrive/Audio_dataset/odia/common_voice_or_21862537.mp3,5.688,-93.1,False,4.32,odia,
/content/drive/MyDrive/Audio_dataset/odia/common_voice_or_21861835.mp3,6.48,-110.06,False,4.672,odia,
/content/drive/MyDrive/Audio_dataset/odia/common_voice_or_21821651.mp3,9.216,-102.93,False,7.264,odia,
/content/drive/MyDrive/Audio_dataset/odia/common_voice_or_21823966.mp3,3.024,-104.05,False,1.888,odia,
/content/drive/MyDrive/Audio_dataset/odia/common_voice_or_21833153.mp3,7.224,-92.46,False,6.08,odia,
/content/drive/MyDrive/Audio_dataset/odia/common_voice_or_21821987.mp3,10.224,-107.65,False,5.312,odia,
/content/drive/MyDrive/Audio_dataset/odia/common_voice_or_21821686.mp3,5.544,-90.58,False,3.968,odia,
/content/drive/MyDrive/Audio_dataset/odia/common_voice_or_21879889.mp3,6.384,-93.38,False,5.056,odia,
/content/drive/MyDrive/Audio_dataset/odia/common_voice_or_22220166.mp3,4.296,-119.94,False,2.688,odia,
/content/drive/MyDrive/Audio_dataset/odia/common_voice_or_22239383.mp3,5.016,-111.87,False,3.296,odia,
/content/drive/MyDrive/Audio_dataset/odia/common_voice_or_21861920.mp3,6.504,-98.74,False,5.024,odia,
/content/drive/MyDrive/Audio_dataset/odia/common_voice_or_22105673.mp3,3.984,-101.12,False,1.984,odia,
/content/drive/MyDrive/Audio_dataset/odia/common_voice_or_21832041.mp3,6.84,-110.47,False,4.928,odia,
/content/drive/MyDrive/Audio_dataset/odia/common_voice_or_22238692.mp3,3.48,-93.75,False,1.376,odia,
/content/drive/MyDrive/Audio_dataset/odia/common_voice_or_21844218.mp3,3.768,-135.7,False,2.72,odia,
/content/drive/MyDrive/Audio_dataset/odia/common_voice_or_21834409.mp3,2.976,-97.11,False,1.184,odia,
/content/drive/MyDrive/Audio_dataset/odia/common_voice_or_22239335.mp3,4.68,-112.75,False,3.232,odia,
/content/drive/MyDrive/Audio_dataset/odia/common_voice_or_21832820.mp3,3.528,-94.87,False,2.08,odia,
/content/drive/MyDrive/Audio_dataset/odia/common_voice_or_21832063.mp3,4.464,-104.06,False,2.944,odia,
/content/drive/MyDrive/Audio_dataset/odia/common_voice_or_22238866.mp3,5.592,-101.16,False,4.032,odia,
/content/drive/MyDrive/Audio_dataset/odia/common_voice_or_22238847.mp3,5.688,-104.76,False,3.52,odia,
/content/drive/MyDrive/Audio_dataset/odia/common_voice_or_21862924.mp3,4.872,-113.39,False,3.072,odia,
/content/drive/MyDrive/Audio_dataset/odia/common_voice_or_21834309.mp3,4.416,-94.78,False,1.92,odia,
/content/drive/MyDrive/Audio_dataset/odia/common_voice_or_21862575.mp3,4.56,-93.89,False,2.976,odia,
/content/drive/MyDrive/Audio_dataset/odia/common_voice_or_21843884.mp3,7.44,-110.43,False,6.272,odia,
/content/drive/MyDrive/Audio_dataset/odia/common_voice_or_21832122.mp3,4.992,-101.99,False,3.136,odia,
/content/drive/MyDrive/Audio_dataset/odia/common_voice_or_22239394.mp3,5.16,-108.58,False,3.552,odia,
/content/drive/MyDrive/Audio_dataset/odia/common_voice_or_22106969.mp3,5.4,-92.96,False,3.552,odia,
/content/drive/MyDrive/Audio_dataset/odia/common_voice_or_21843500.mp3,3.504,-91.22,False,2.016,odia,
/content/drive/MyDrive/Audio_dataset/odia/common_voice_or_21845749.mp3,7.2,-95.65,False,5.984,odia,
/content/drive/MyDrive/Audio_dataset/odia/common_voice_or_21857723.mp3,3.144,-85.99,False,1.44,odia,
/content/drive/MyDrive/Audio_dataset/odia/common_voice_or_22251102.mp3,5.784,-110.58,False,3.84,odia,
/content/drive/MyDrive/Audio_dataset/odia/common_voice_or_21832669.mp3,3.528,-102.5,False,1.76,odia,
/content/drive/MyDrive/Audio_dataset/odia/common_voice_or_21832104.mp3,4.344,-95.69,False,2.56,odia,
/content/drive/MyDrive/Audio_dataset/odia/common_voice_or_22239279.mp3,4.2,-109.78,False,2.688,odia,
/content/drive/MyDrive/Audio_dataset/odia/common_voice_or_22250641.mp3,7.224,-107.57,False,5.76,odia,
/content/drive/MyDrive/Audio_dataset/odia/common_voice_or_21857722.mp3,6.504,-101.31,False,5.184,odia,
/content/drive/MyDrive/Audio_dataset/odia/common_voice_or_21862573.mp3,4.752,-116.4,False,3.104,odia,
/content/drive/MyDrive/Audio_dataset/odia/common_voice_or_22238764.mp3,7.176,-112.01,False,6.016,odia,
/content/drive/MyDrive/Audio_dataset/odia/common_voice_or_21845697.mp3,4.296,-116.54,False,2.176,odia,
/content/drive/MyDrive/Audio_dataset/odia/common_voice_or_21884339.mp3,7.224,-104.92,False,5.536,odia,
/content/drive/MyDrive/Audio_dataset/odia/common_voice_or_22108020.mp3,5.448,-110.95,False,3.616,odia,
/content/drive/MyDrive/Audio_dataset/odia/common_voice_or_22157114.mp3,3.576,-101.74,False,1.824,odia,
/content/drive/MyDrive/Audio_dataset/odia/common_voice_or_22220007.mp3,5.616,-97.0,False,4.288,odia,
/content/drive/MyDrive/Audio_dataset/odia/common_voice_or_21845726.mp3,6.096,-104.29,False,4.224,odia,
/content/drive/MyDrive/Audio_dataset/odia/common_voice_or_22219917.mp3,5.28,-101.2,False,3.808,odia,
/content/drive/MyDrive/Audio_dataset/odia/common_voice_or_21844211.mp3,4.728,-98.6,False,3.552,odia,
/content/drive/MyDrive/Audio_dataset/odia/common_voice_or_22239415.mp3,4.872,-106.93,False,3.36,odia,
/content/drive/MyDrive/Audio_dataset/odia/common_voice_or_22105732.mp3,6.912,-149.99,False,5.408,odia,
/content/drive/MyDrive/Audio_dataset/odia/common_voice_or_22243285.mp3,4.248,-88.38,False,3.52,odia,
/content/drive/MyDrive/Audio_dataset/odia/common_voice_or_21843277.mp3,5.904,-103.79,False,4.032,odia,
/content/drive/MyDrive/Audio_dataset/odia/common_voice_or_21879845.mp3,6.984,-92.81,False,5.504,odia,
/content/drive/MyDrive/Audio_dataset/odia/common_voice_or_21834327.mp3,5.232,-104.41,False,3.744,odia,
/content/drive/MyDrive/Audio_dataset/odia/common_voice_or_21834391.mp3,4.512,-123.8,False,2.784,odia,
/content/drive/MyDrive/Audio_dataset/odia/common_voice_or_21862853.mp3,4.056,-93.97,False,2.592,odia,
/content/drive/MyDrive/Audio_dataset/odia/common_voice_or_21832038.mp3,5.592,-94.04,False,4.192,odia,
/content/drive/MyDrive/Audio_dataset/odia/common_voice_or_21844167.mp3,7.104,-120.82,False,5.824,odia,
/content/drive/MyDrive/Audio_dataset/odia/common_voice_or_21843598.mp3,7.08,-113.12,False,5.792,odia,
/content/drive/MyDrive/Audio_dataset/odia/common_voice_or_21862511.mp3,4.632,-104.1,False,2.784,odia,
/content/drive/MyDrive/Audio_dataset/odia/common_voice_or_22263592.mp3,7.824,-98.28,False,4.64,odia,
/content/drive/MyDrive/Audio_dataset/odia/common_voice_or_21858263.mp3,5.784,-107.54,False,4.128,odia,
/content/drive/MyDrive/Audio_dataset/odia/common_voice_or_22187011.mp3,3.384,-106.74,False,1.856,odia,
/content/drive/MyDrive/Audio_dataset/odia/common_voice_or_21857720.mp3,6.384,-94.52,False,4.832,odia,
/content/drive/MyDrive/Audio_dataset/odia/common_voice_or_22239344.mp3,3.624,-101.61,False,2.24,odia,
/content/drive/MyDrive/Audio_dataset/odia/common_voice_or_22238815.mp3,4.872,-111.33,False,2.752,odia,
/content/drive/MyDrive/Audio_dataset/odia/common_voice_or_21843925.mp3,5.496,-118.34,False,4.064,odia,
/content/drive/MyDrive/Audio_dataset/odia/common_voice_or_22107201.mp3,6.312,-100.41,False,4.288,odia,
/content/drive/MyDrive/Audio_dataset/odia/common_voice_or_21821311.mp3,3.696,-93.69,False,2.624,odia,
/content/drive/MyDrive/Audio_dataset/odia/common_voice_or_21845791.mp3,3.552,-92.65,False,1.824,odia,
/content/drive/MyDrive/Audio_dataset/odia/common_voice_or_21833364.mp3,5.712,-111.87,False,4.32,odia,
/content/drive/MyDrive/Audio_dataset/odia/common_voice_or_21861954.mp3,6.576,-110.63,False,4.928,odia,
/content/drive/MyDrive/Audio_dataset/odia/common_voice_or_21843498.mp3,8.664,-124.99,False,7.296,odia,
/content/drive/MyDrive/Audio_dataset/odia/common_voice_or_21861929.mp3,4.944,-102.02,False,3.584,odia,
/content/drive/MyDrive/Audio_dataset/odia/common_voice_or_22250549.mp3,4.344,-106.04,False,2.336,odia,
/content/drive/MyDrive/Audio_dataset/odia/common_voice_or_21844230.mp3,4.512,-103.46,False,3.456,odia,
/content/drive/MyDrive/Audio_dataset/odia/common_voice_or_21843530.mp3,5.544,-169.88,False,3.584,odia,
/content/drive/MyDrive/Audio_dataset/odia/common_voice_or_21832243.mp3,6.456,-121.99,False,4.736,odia,
/content/drive/MyDrive/Audio_dataset/odia/common_voice_or_21832123.mp3,5.592,-119.35,False,3.744,odia,
/content/drive/MyDrive/Audio_dataset/odia/common_voice_or_21884785.mp3,6.96,-106.38,False,4.992,odia,
/content/drive/MyDrive/Audio_dataset/odia/common_voice_or_21857576.mp3,7.584,-99.55,False,6.016,odia,
/content/drive/MyDrive/Audio_dataset/odia/common_voice_or_21845776.mp3,5.832,-106.01,False,4.544,odia,
/content/drive/MyDrive/Audio_dataset/odia/common_voice_or_22105769.mp3,4.56,-105.52,False,2.496,odia,
/content/drive/MyDrive/Audio_dataset/odia/common_voice_or_22219945.mp3,5.28,-109.9,False,3.232,odia,
/content/drive/MyDrive/Audio_dataset/odia/common_voice_or_21845710.mp3,5.352,-122.69,False,3.04,odia,
/content/drive/MyDrive/Audio_dataset/odia/common_voice_or_22250582.mp3,9.624,-117.05,False,6.72,odia,
/content/drive/MyDrive/Audio_dataset/odia/common_voice_or_22127436.mp3,4.704,-105.26,False,3.68,odia,
/content/drive/MyDrive/Audio_dataset/odia/common_voice_or_21861907.mp3,4.464,-97.59,False,2.784,odia,
/content/drive/MyDrive/Audio_dataset/odia/common_voice_or_21861960.mp3,2.184,-86.56,False,0.768,odia,
/content/drive/MyDrive/Audio_dataset/odia/common_voice_or_21884849.mp3,5.16,-112.13,False,3.488,odia,
/content/drive/MyDrive/Audio_dataset/odia/common_voice_or_21832059.mp3,4.92,-100.57,False,2.816,odia,
/content/drive/MyDrive/Audio_dataset/odia/common_voice_or_21832741.mp3,5.856,-105.62,False,4.288,odia,
/content/drive/MyDrive/Audio_dataset/odia/common_voice_or_21884850.mp3,6.024,-109.99,False,4.192,odia,
/content/drive/MyDrive/Audio_dataset/odia/common_voice_or_21834369.mp3,3.504,-89.32,False,2.016,odia,
/content/drive/MyDrive/Audio_dataset/odia/common_voice_or_21834382.mp3,4.896,-103.42,False,2.944,odia,
/content/drive/MyDrive/Audio_dataset/odia/common_voice_or_22220121.mp3,3.936,-107.25,False,2.24,odia,
/content/drive/MyDrive/Audio_dataset/odia/common_voice_or_21861950.mp3,3.432,-106.8,False,1.984,odia,
/content/drive/MyDrive/Audio_dataset/odia/common_voice_or_21861902.mp3,4.992,-113.19,False,3.424,odia,
/content/drive/MyDrive/Audio_dataset/odia/common_voice_or_22186913.mp3,3.144,-108.8,False,1.376,odia,
/content/drive/MyDrive/Audio_dataset/odia/common_voice_or_22127434.mp3,7.584,-94.8,False,6.56,odia,
/content/drive/MyDrive/Audio_dataset/odia/common_voice_or_22238862.mp3,4.392,-106.23,False,2.592,odia,
/content/drive/MyDrive/Audio_dataset/odia/common_voice_or_21832042.mp3,6.288,-96.12,False,4.128,odia,
/content/drive/MyDrive/Audio_dataset/odia/common_voice_or_21862887.mp3,4.464,-106.73,False,3.2,odia,
/content/drive/MyDrive/Audio_dataset/odia/common_voice_or_22239234.mp3,3.528,-106.33,False,2.016,odia,
/content/drive/MyDrive/Audio_dataset/odia/common_voice_or_22157035.mp3,5.904,-122.16,False,4.064,odia,
/content/drive/MyDrive/Audio_dataset/odia/common_voice_or_21884754.mp3,6.384,-95.85,False,4.32,odia,
/content/drive/MyDrive/Audio_dataset/odia/common_voice_or_21820827.mp3,6.552,-107.98,False,4.768,odia,
/content/drive/MyDrive/Audio_dataset/odia/common_voice_or_21884197.mp3,5.568,-120.93,False,3.68,odia,
/content/drive/MyDrive/Audio_dataset/odia/common_voice_or_21834486.mp3,4.584,-104.99,False,2.816,odia,
/content/drive/MyDrive/Audio_dataset/odia/common_voice_or_21832856.mp3,6.984,-110.63,False,5.248,odia,
/content/drive/MyDrive/Audio_dataset/odia/common_voice_or_21820805.mp3,6.72,-96.55,False,4.8,odia,
/content/drive/MyDrive/Audio_dataset/odia/common_voice_or_21832110.mp3,4.488,-98.59,False,2.592,odia,
/content/drive/MyDrive/Audio_dataset/odia/common_voice_or_22238874.mp3,4.344,-94.92,False,2.496,odia,
/content/drive/MyDrive/Audio_dataset/odia/common_voice_or_22243259.mp3,5.808,-102.03,False,4.768,odia,
/content/drive/MyDrive/Audio_dataset/odia/common_voice_or_21862592.mp3,7.056,-111.4,False,5.312,odia,
/content/drive/MyDrive/Audio_dataset/odia/common_voice_or_21832109.mp3,6.576,-100.61,False,5.184,odia,
/content/drive/MyDrive/Audio_dataset/odia/common_voice_or_21844005.mp3,8.112,-107.06,False,6.72,odia,
/content/drive/MyDrive/Audio_dataset/odia/common_voice_or_21834359.mp3,3.48,-108.41,False,1.408,odia,
/content/drive/MyDrive/Audio_dataset/odia/common_voice_or_21861963.mp3,2.904,-105.09,False,1.536,odia,
/content/drive/MyDrive/Audio_dataset/odia/common_voice_or_22186940.mp3,5.832,-105.63,False,3.968,odia,
/content/drive/MyDrive/Audio_dataset/odia/common_voice_or_22107111.mp3,3.912,-96.98,False,2.4,odia,
/content/drive/MyDrive/Audio_dataset/odia/common_voice_or_21832052.mp3,6.48,-100.11,False,4.832,odia,
/content/drive/MyDrive/Audio_dataset/odia/common_voice_or_22239320.mp3,3.528,-96.1,False,1.888,odia,
/content/drive/MyDrive/Audio_dataset/odia/common_voice_or_21832835.mp3,7.752,-99.39,False,6.24,odia,
/content/drive/MyDrive/Audio_dataset/odia/common_voice_or_22106682.mp3,3.528,-104.81,False,2.304,odia,
/content/drive/MyDrive/Audio_dataset/odia/common_voice_or_22105843.mp3,4.824,-102.67,False,3.168,odia,
/content/drive/MyDrive/Audio_dataset/odia/common_voice_or_21834361.mp3,3.408,-105.38,False,1.344,odia,
/content/drive/MyDrive/Audio_dataset/odia/common_voice_or_21843520.mp3,8.328,-118.31,False,6.144,odia,
/content/drive/MyDrive/Audio_dataset/odia/common_voice_or_22219853.mp3,5.448,-103.99,False,3.552,odia,
/content/drive/MyDrive/Audio_dataset/odia/common_voice_or_22108021.mp3,4.176,-105.28,False,2.176,odia,
/content/drive/MyDrive/Audio_dataset/odia/common_voice_or_22108028.mp3,5.04,-110.63,False,3.104,odia,
/content/drive/MyDrive/Audio_dataset/odia/common_voice_or_22250640.mp3,3.576,-122.1,False,2.272,odia,
/content/drive/MyDrive/Audio_dataset/odia/common_voice_or_22105678.mp3,6.024,-103.49,False,4.288,odia,
/content/drive/MyDrive/Audio_dataset/odia/common_voice_or_21833091.mp3,7.392,-99.1,False,6.464,odia,
/content/drive/MyDrive/Audio_dataset/odia/common_voice_or_21861962.mp3,5.232,-114.61,False,3.84,odia,
/content/drive/MyDrive/Audio_dataset/odia/common_voice_or_21834332.mp3,4.896,-98.62,False,3.104,odia,
/content/drive/MyDrive/Audio_dataset/odia/common_voice_or_21845709.mp3,5.04,-100.85,False,3.424,odia,
/content/drive/MyDrive/Audio_dataset/odia/common_voice_or_22219871.mp3,6.12,-104.64,False,4.512,odia,
/content/drive/MyDrive/Audio_dataset/odia/common_voice_or_21861964.mp3,5.664,-99.66,False,4.48,odia,
/content/drive/MyDrive/Audio_dataset/odia/common_voice_or_21884370.mp3,4.32,-93.91,False,2.4,odia,
/content/drive/MyDrive/Audio_dataset/odia/common_voice_or_21845803.mp3,5.712,-110.24,False,3.808,odia,
/content/drive/MyDrive/Audio_dataset/odia/common_voice_or_21843952.mp3,2.76,-95.92,False,1.28,odia,
/content/drive/MyDrive/Audio_dataset/odia/common_voice_or_21884324.mp3,3.504,-130.65,False,1.568,odia,
/content/drive/MyDrive/Audio_dataset/odia/common_voice_or_22220892.mp3,4.824,-100.49,False,2.848,odia,
/content/drive/MyDrive/Audio_dataset/odia/common_voice_or_21862866.mp3,2.568,-108.03,False,1.216,odia,
/content/drive/MyDrive/Audio_dataset/odia/common_voice_or_22239321.mp3,4.68,-103.1,False,3.264,odia,
/content/drive/MyDrive/Audio_dataset/odia/common_voice_or_21862574.mp3,5.28,-112.17,False,3.808,odia,
/content/drive/MyDrive/Audio_dataset/odia/common_voice_or_22127508.mp3,6.744,-91.42,False,4.928,odia,
/content/drive/MyDrive/Audio_dataset/odia/common_voice_or_21821599.mp3,3.144,-100.36,False,1.696,odia,
/content/drive/MyDrive/Audio_dataset/odia/common_voice_or_22107204.mp3,3.84,-101.04,False,1.984,odia,
/content/drive/MyDrive/Audio_dataset/odia/common_voice_or_21862450.mp3,5.016,-101.99,False,3.552,odia,
/content/drive/MyDrive/Audio_dataset/odia/common_voice_or_21857721.mp3,5.136,-92.91,False,3.616,odia,
/content/drive/MyDrive/Audio_dataset/odia/common_voice_or_21821321.mp3,8.208,-116.3,False,7.104,odia,
/content/drive/MyDrive/Audio_dataset/odia/common_voice_or_21832862.mp3,4.176,-98.5,False,2.464,odia,
/content/drive/MyDrive/Audio_dataset/odia/common_voice_or_21884783.mp3,3.48,-94.31,False,1.664,odia,
/content/drive/MyDrive/Audio_dataset/odia/common_voice_or_21861880.mp3,5.544,-95.06,False,3.968,odia,
/content/drive/MyDrive/Audio_dataset/odia/common_voice_or_21862530.mp3,4.464,-101.82,False,3.008,odia,
/content/drive/MyDrive/Audio_dataset/odia/common_voice_or_22105771.mp3,5.256,-109.16,False,3.648,odia,
/content/drive/MyDrive/Audio_dataset/odia/common_voice_or_21833087.mp3,5.064,-87.99,False,4.032,odia,
/content/drive/MyDrive/Audio_dataset/odia/common_voice_or_21839555.mp3,6.912,-112.69,False,5.088,odia,
/content/drive/MyDrive/Audio_dataset/odia/common_voice_or_21832858.mp3,4.944,-96.11,False,3.68,odia,
/content/drive/MyDrive/Audio_dataset/odia/common_voice_or_21843982.mp3,5.616,-99.01,False,4.128,odia,
/content/drive/MyDrive/Audio_dataset/odia/common_voice_or_21832672.mp3,6.0,-104.22,False,4.608,odia,
/content/drive/MyDrive/Audio_dataset/odia/common_voice_or_21879867.mp3,8.064,-96.49,False,6.496,odia,
/content/drive/MyDrive/Audio_dataset/odia/common_voice_or_21857596.mp3,5.376,-101.93,False,3.712,odia,
/content/drive/MyDrive/Audio_dataset/odia/common_voice_or_21833715.mp3,6.6,-108.34,False,4.704,odia,
/content/drive/MyDrive/Audio_dataset/odia/common_voice_or_22220755.mp3,5.592,-109.93,False,3.808,odia,
/content/drive/MyDrive/Audio_dataset/odia/common_voice_or_22243276.mp3,4.8,-88.13,False,3.52,odia,
/content/drive/MyDrive/Audio_dataset/odia/common_voice_or_21861879.mp3,4.776,-102.62,False,3.52,odia,
/content/drive/MyDrive/Audio_dataset/odia/common_voice_or_21884322.mp3,6.624,-96.83,False,4.8,odia,
/content/drive/MyDrive/Audio_dataset/odia/common_voice_or_21843946.mp3,4.608,-104.77,False,3.52,odia,
/content/drive/MyDrive/Audio_dataset/odia/common_voice_or_22157345.mp3,4.944,-101.42,False,3.232,odia,
/content/drive/MyDrive/Audio_dataset/odia/common_voice_or_21843515.mp3,5.88,-113.78,False,4.224,odia,
/content/drive/MyDrive/Audio_dataset/odia/common_voice_or_22219943.mp3,3.888,-98.23,False,2.432,odia,
/content/drive/MyDrive/Audio_dataset/odia/common_voice_or_21843882.mp3,4.464,-97.88,False,4.0,odia,
/content/drive/MyDrive/Audio_dataset/odia/common_voice_or_22157121.mp3,6.144,-106.87,False,4.736,odia,
/content/drive/MyDrive/Audio_dataset/odia/common_voice_or_21862534.mp3,3.6,-104.67,False,1.728,odia,
/content/drive/MyDrive/Audio_dataset/odia/common_voice_or_21823934.mp3,4.344,-96.99,False,2.976,odia,
/content/drive/MyDrive/Audio_dataset/odia/common_voice_or_21833714.mp3,3.504,-115.55,False,1.728,odia,
/content/drive/MyDrive/Audio_dataset/odia/common_voice_or_21833345.mp3,6.0,-103.08,False,4.864,odia,
/content/drive/MyDrive/Audio_dataset/odia/common_voice_or_21823970.mp3,6.816,-93.5,False,5.28,odia,
/content/drive/MyDrive/Audio_dataset/odia/common_voice_or_22105729.mp3,5.16,-103.91,False,3.488,odia,
/content/drive/MyDrive/Audio_dataset/odia/common_voice_or_21843546.mp3,5.664,-109.69,False,3.904,odia,
/content/drive/MyDrive/Audio_dataset/odia/common_voice_or_21845767.mp3,4.776,-108.17,False,3.008,odia,
/content/drive/MyDrive/Audio_dataset/odia/common_voice_or_21832634.mp3,4.44,-108.96,False,2.624,odia,
/content/drive/MyDrive/Audio_dataset/odia/common_voice_or_22156929.mp3,6.504,-112.37,False,5.152,odia,
/content/drive/MyDrive/Audio_dataset/konkani/konkani_033.wav,2.707,-103.94,False,2.016,konkani,
/content/drive/MyDrive/Audio_dataset/konkani/konkani_043.wav,2.579,-102.39,False,1.28,konkani,
/content/drive/MyDrive/Audio_dataset/konkani/konkani_010.wav,4.37,-111.15,False,1.856,konkani,
/content/drive/MyDrive/Audio_dataset/konkani/konkani_023.wav,2.132,-101.33,False,1.312,konkani,
/content/drive/MyDrive/Audio_dataset/konkani/konkani_003.wav,4.135,-108.37,False,1.376,konkani,
/content/drive/MyDrive/Audio_dataset/konkani/konkani_036.wav,1.748,-100.03,False,0.96,konkani,
/content/drive/MyDrive/Audio_dataset/konkani/konkani_029.wav,2.835,-107.59,False,1.664,konkani,
/content/drive/MyDrive/Audio_dataset/konkani/konkani_046.wav,2.451,-94.3,False,1.952,konkani,
/content/drive/MyDrive/Audio_dataset/konkani/konkani_016.wav,2.238,-92.96,False,0.96,konkani,
/content/drive/MyDrive/Audio_dataset/konkani/konkani_007.wav,1.897,-93.95,False,1.184,konkani,
/content/drive/MyDrive/Audio_dataset/konkani/konkani_024.wav,1.556,-100.85,False,0.864,konkani,
/content/drive/MyDrive/Audio_dataset/konkani/konkani_027.wav,2.259,-107.39,False,1.024,konkani,
/content/drive/MyDrive/Audio_dataset/konkani/konkani_012.wav,2.025,-90.18,False,0.864,konkani,
/content/drive/MyDrive/Audio_dataset/konkani/konkani_042.wav,2.196,-99.64,False,1.408,konkani,
/content/drive/MyDrive/Audio_dataset/konkani/konkani_002.wav,3.474,-100.85,False,2.24,konkani,
/content/drive/MyDrive/Audio_dataset/konkani/konkani_006.wav,3.389,-106.15,False,1.568,konkani,
/content/drive/MyDrive/Audio_dataset/konkani/konkani_053.wav,2.217,-91.67,False,1.28,konkani,
/content/drive/MyDrive/Audio_dataset/konkani/konkani_052.wav,2.984,-105.06,False,2.304,konkani,
/content/drive/MyDrive/Audio_dataset/konkani/konkani_015.wav,2.963,-98.26,False,0.96,konkani,
/content/drive/MyDrive/Audio_dataset/konkani/konkani_050.wav,3.645,-115.28,False,2.432,konkani,
/content/drive/MyDrive/Audio_dataset/konkani/konkani_022.wav,2.6,-104.33,False,1.44,konkani,
/content/drive/MyDrive/Audio_dataset/konkani/konkani_047.wav,2.686,-99.94,False,2.144,konkani,
/content/drive/MyDrive/Audio_dataset/konkani/konkani_054.wav,2.686,-89.57,False,2.208,konkani,
/content/drive/MyDrive/Audio_dataset/konkani/konkani_057.wav,2.835,-102.38,False,2.4,konkani,
/content/drive/MyDrive/Audio_dataset/konkani/konkani_014.wav,4.093,-100.79,False,2.4,konkani,
/content/drive/MyDrive/Audio_dataset/konkani/konkani_041.wav,1.961,-93.55,False,1.344,konkani,
/content/drive/MyDrive/Audio_dataset/konkani/konkani_020.wav,3.922,-93.87,False,2.752,konkani,
/content/drive/MyDrive/Audio_dataset/konkani/konkani_004.wav,4.284,-101.69,False,1.536,konkani,
/content/drive/MyDrive/Audio_dataset/konkani/konkani_034.wav,8.377,-120.21,False,2.592,konkani,
/content/drive/MyDrive/Audio_dataset/konkani/konkani_031.wav,2.302,-100.64,False,1.344,konkani,
/content/drive/MyDrive/Audio_dataset/konkani/konkani_056.wav,3.091,-117.56,False,2.496,konkani,
/content/drive/MyDrive/Audio_dataset/konkani/konkani_037.wav,3.219,-114.39,False,2.432,konkani,
/content/drive/MyDrive/Audio_dataset/konkani/konkani_019.wav,1.897,-108.07,False,1.024,konkani,
/content/drive/MyDrive/Audio_dataset/konkani/konkani_039.wav,2.409,-113.82,False,1.568,konkani,
/content/drive/MyDrive/Audio_dataset/konkani/konkani_045.wav,3.283,-106.14,False,1.856,konkani,
/content/drive/MyDrive/Audio_dataset/konkani/konkani_032.wav,1.812,-97.05,False,1.312,konkani,
/content/drive/MyDrive/Audio_dataset/konkani/konkani_038.wav,0.959,-97.83,False,0.384,konkani,
/content/drive/MyDrive/Audio_dataset/konkani/konkani_028.wav,1.918,-96.22,False,0.864,konkani,
/content/drive/MyDrive/Audio_dataset/konkani/konkani_040.wav,2.537,-105.7,False,1.664,konkani,
/content/drive/MyDrive/Audio_dataset/konkani/konkani_051.wav,1.982,-95.66,False,1.44,konkani,
/content/drive/MyDrive/Audio_dataset/konkani/konkani_009.wav,3.666,-93.07,False,1.568,konkani,
/content/drive/MyDrive/Audio_dataset/konkani/konkani_011.wav,2.771,-98.43,False,1.536,konkani,
/content/drive/MyDrive/Audio_dataset/konkani/konkani_049.wav,4.86,-101.65,False,3.584,konkani,
/content/drive/MyDrive/Audio_dataset/konkani/konkani_044.wav,2.409,-95.58,False,1.248,konkani,
/content/drive/MyDrive/Audio_dataset/konkani/konkani_021.wav,3.325,-97.38,False,1.76,konkani,
/content/drive/MyDrive/Audio_dataset/konkani/konkani_025.wav,1.556,-89.11,False,0.896,konkani,
/content/drive/MyDrive/Audio_dataset/konkani/konkani_058.wav,5.713,-115.31,False,4.192,konkani,
/content/drive/MyDrive/Audio_dataset/konkani/konkani_055.wav,3.41,-101.8,False,1.728,konkani,
/content/drive/MyDrive/Audio_dataset/konkani/konkani_013.wav,1.428,-97.98,False,0.576,konkani,
/content/drive/MyDrive/Audio_dataset/konkani/konkani_017.wav,1.94,-102.92,False,1.216,konkani,
/content/drive/MyDrive/Audio_dataset/konkani/konkani_030.wav,2.323,-98.02,False,1.728,konkani,
/content/drive/MyDrive/Audio_dataset/konkani/konkani_005.wav,3.112,-110.16,False,1.984,konkani,
/content/drive/MyDrive/Audio_dataset/konkani/konkani_026.wav,2.323,-100.75,False,1.504,konkani,
/content/drive/MyDrive/Audio_dataset/konkani/konkani_048.wav,2.643,-100.77,False,1.824,konkani,
/content/drive/MyDrive/Audio_dataset/konkani/konkani_035.wav,1.385,-97.91,False,0.864,konkani,
/content/drive/MyDrive/Audio_dataset/konkani/konkani_001.wav,3.219,-103.18,False,2.656,konkani,
/content/drive/MyDrive/Audio_dataset/konkani/konkani_018.wav,3.006,-96.92,False,1.472,konkani,
/content/drive/MyDrive/Audio_dataset/konkani/konkani_008.wav,3.773,-108.3,False,2.496,konkani,
/content/drive/MyDrive/Audio_dataset/konkani/konkani_100.wav,2.963,-103.46,False,1.44,konkani,
/content/drive/MyDrive/Audio_dataset/konkani/konkani_062.wav,2.664,-98.6,False,2.368,konkani,
/content/drive/MyDrive/Audio_dataset/konkani/konkani_063.wav,3.538,-102.45,False,2.048,konkani,
/content/drive/MyDrive/Audio_dataset/konkani/konkani_076.wav,3.752,-123.34,False,2.72,konkani,
/content/drive/MyDrive/Audio_dataset/konkani/konkani_061.wav,3.965,-104.04,False,1.536,konkani,
/content/drive/MyDrive/Audio_dataset/konkani/konkani_089.wav,2.579,-99.12,False,1.504,konkani,
/content/drive/MyDrive/Audio_dataset/konkani/konkani_069.wav,3.389,-104.64,False,2.368,konkani,
/content/drive/MyDrive/Audio_dataset/konkani/konkani_072.wav,3.006,-101.72,False,1.056,konkani,
/content/drive/MyDrive/Audio_dataset/konkani/konkani_085.wav,3.752,-104.4,False,2.848,konkani,
/content/drive/MyDrive/Audio_dataset/konkani/konkani_103.wav,2.217,-94.56,False,1.632,konkani,
/content/drive/MyDrive/Audio_dataset/konkani/konkani_077.wav,2.6,-100.24,False,1.248,konkani,
/content/drive/MyDrive/Audio_dataset/konkani/konkani_093.wav,3.602,-103.52,False,1.888,konkani,
/content/drive/MyDrive/Audio_dataset/konkani/konkani_060.wav,2.366,-97.28,False,2.208,konkani,
/content/drive/MyDrive/Audio_dataset/konkani/konkani_068.wav,3.496,-105.52,False,2.112,konkani,
/content/drive/MyDrive/Audio_dataset/konkani/konkani_079.wav,2.6,-106.9,False,1.44,konkani,
/content/drive/MyDrive/Audio_dataset/konkani/konkani_102.wav,2.153,-110.41,False,1.504,konkani,
/content/drive/MyDrive/Audio_dataset/konkani/konkani_094.wav,3.602,-108.5,False,0.928,konkani,
/content/drive/MyDrive/Audio_dataset/konkani/konkani_096.wav,2.771,-104.04,False,1.76,konkani,
/content/drive/MyDrive/Audio_dataset/konkani/konkani_059.wav,3.602,-106.97,False,1.984,konkani,
/content/drive/MyDrive/Audio_dataset/konkani/konkani_067.wav,2.707,-112.07,False,1.92,konkani,
/content/drive/MyDrive/Audio_dataset/konkani/konkani_081.wav,2.302,-98.15,False,1.248,konkani,
/content/drive/MyDrive/Audio_dataset/konkani/konkani_092.wav,3.453,-101.88,False,2.24,konkani,
/content/drive/MyDrive/Audio_dataset/konkani/konkani_070.wav,2.6,-112.34,False,2.016,konkani,
/content/drive/MyDrive/Audio_dataset/konkani/konkani_082.wav,2.6,-102.05,False,1.376,konkani,
/content/drive/MyDrive/Audio_dataset/konkani/konkani_065.wav,2.43,-104.45,False,1.92,konkani,
/content/drive/MyDrive/Audio_dataset/konkani/konkani_098.wav,2.643,-99.0,False,1.696,konkani,
/content/drive/MyDrive/Audio_dataset/konkani/konkani_083.wav,3.091,-104.13,False,1.952,konkani,
/content/drive/MyDrive/Audio_dataset/konkani/konkani_071.wav,2.345,-94.65,False,1.056,konkani,
/content/drive/MyDrive/Audio_dataset/konkani/konkani_106.wav,3.197,-99.67,False,2.4,konkani,
/content/drive/MyDrive/Audio_dataset/konkani/konkani_099.wav,3.581,-97.92,False,2.08,konkani,
/content/drive/MyDrive/Audio_dataset/konkani/konkani_097.wav,4.093,-104.05,False,2.432,konkani,
/content/drive/MyDrive/Audio_dataset/konkani/konkani_073.wav,3.155,-106.33,False,2.336,konkani,
/content/drive/MyDrive/Audio_dataset/konkani/konkani_084.wav,3.986,-106.11,False,3.04,konkani,
/content/drive/MyDrive/Audio_dataset/konkani/konkani_091.wav,2.409,-106.56,False,1.088,konkani,
/content/drive/MyDrive/Audio_dataset/konkani/konkani_108.wav,2.643,-99.28,False,1.824,konkani,
/content/drive/MyDrive/Audio_dataset/konkani/konkani_090.wav,2.984,-114.68,False,1.344,konkani,
/content/drive/MyDrive/Audio_dataset/konkani/konkani_101.wav,3.155,-99.57,False,1.6,konkani,
/content/drive/MyDrive/Audio_dataset/konkani/konkani_088.wav,2.664,-100.91,False,1.024,konkani,
/content/drive/MyDrive/Audio_dataset/konkani/konkani_064.wav,3.155,-121.01,False,2.336,konkani,
/content/drive/MyDrive/Audio_dataset/konkani/konkani_087.wav,2.451,-101.48,False,1.568,konkani,
/content/drive/MyDrive/Audio_dataset/konkani/konkani_104.wav,2.366,-114.41,False,1.92,konkani,
/content/drive/MyDrive/Audio_dataset/konkani/konkani_075.wav,4.029,-113.84,False,2.496,konkani,
/content/drive/MyDrive/Audio_dataset/konkani/konkani_078.wav,3.261,-104.83,False,1.568,konkani,
/content/drive/MyDrive/Audio_dataset/konkani/konkani_080.wav,3.304,-103.69,False,1.248,konkani,
/content/drive/MyDrive/Audio_dataset/konkani/konkani_095.wav,3.602,-104.54,False,2.24,konkani,
/content/drive/MyDrive/Audio_dataset/konkani/konkani_107.wav,3.346,-105.59,False,1.728,konkani,
/content/drive/MyDrive/Audio_dataset/konkani/konkani_105.wav,2.75,-99.0,False,1.984,konkani,
/content/drive/MyDrive/Audio_dataset/konkani/konkani_066.wav,4.007,-112.66,False,2.176,konkani,
/content/drive/MyDrive/Audio_dataset/konkani/konkani_086.wav,4.455,-108.07,False,2.144,konkani,
/content/drive/MyDrive/Audio_dataset/konkani/konkani_109.wav,3.24,-102.64,False,2.496,konkani,
/content/drive/MyDrive/Audio_dataset/konkani/konkani_074.wav,2.6,-101.4,False,1.568,konkani,
/content/drive/MyDrive/Audio_dataset/konkani/konkani_147.wav,1.876,-86.81,False,0.992,konkani,
/content/drive/MyDrive/Audio_dataset/konkani/konkani_112.wav,2.302,-124.08,False,1.184,konkani,
/content/drive/MyDrive/Audio_dataset/konkani/konkani_137.wav,3.474,-89.29,False,2.336,konkani,
/content/drive/MyDrive/Audio_dataset/konkani/konkani_135.wav,1.663,-93.77,False,1.248,konkani,
/content/drive/MyDrive/Audio_dataset/konkani/konkani_156.wav,3.325,-126.86,False,2.016,konkani,
/content/drive/MyDrive/Audio_dataset/konkani/konkani_153.wav,2.409,-90.27,False,1.312,konkani,
/content/drive/MyDrive/Audio_dataset/konkani/konkani_114.wav,3.069,-96.17,False,2.08,konkani,
/content/drive/MyDrive/Audio_dataset/konkani/konkani_120.wav,3.879,-96.51,False,3.136,konkani,
/content/drive/MyDrive/Audio_dataset/konkani/konkani_143.wav,4.924,-108.65,False,3.52,konkani,
/content/drive/MyDrive/Audio_dataset/konkani/konkani_124.wav,2.771,-104.01,False,1.44,konkani,
/content/drive/MyDrive/Audio_dataset/konkani/konkani_132.wav,4.029,-99.94,False,1.984,konkani,
/content/drive/MyDrive/Audio_dataset/konkani/konkani_158.wav,2.814,-108.72,False,1.952,konkani,
/content/drive/MyDrive/Audio_dataset/konkani/konkani_139.wav,2.345,-115.8,False,1.44,konkani,
/content/drive/MyDrive/Audio_dataset/konkani/konkani_152.wav,2.196,-98.19,False,1.056,konkani,
/content/drive/MyDrive/Audio_dataset/konkani/konkani_121.wav,3.24,-95.94,False,2.56,konkani,
/content/drive/MyDrive/Audio_dataset/konkani/konkani_133.wav,3.709,-99.33,False,2.848,konkani,
/content/drive/MyDrive/Audio_dataset/konkani/konkani_118.wav,2.6,-88.37,False,1.76,konkani,
/content/drive/MyDrive/Audio_dataset/konkani/konkani_142.wav,4.54,-108.39,False,2.176,konkani,
/content/drive/MyDrive/Audio_dataset/konkani/konkani_160.wav,3.24,-106.01,False,1.76,konkani,
/content/drive/MyDrive/Audio_dataset/konkani/konkani_110.wav,3.432,-85.95,False,3.016,konkani,
/content/drive/MyDrive/Audio_dataset/konkani/konkani_148.wav,2.814,-101.73,False,1.28,konkani,
/content/drive/MyDrive/Audio_dataset/konkani/konkani_140.wav,3.688,-104.27,False,2.304,konkani,
/content/drive/MyDrive/Audio_dataset/konkani/konkani_134.wav,5.521,-106.47,False,2.592,konkani,
/content/drive/MyDrive/Audio_dataset/konkani/konkani_111.wav,2.856,-98.89,False,1.44,konkani,
/content/drive/MyDrive/Audio_dataset/konkani/konkani_117.wav,1.94,-110.29,False,1.376,konkani,
/content/drive/MyDrive/Audio_dataset/konkani/konkani_116.wav,2.515,-94.85,False,1.216,konkani,
/content/drive/MyDrive/Audio_dataset/konkani/konkani_144.wav,1.982,-94.87,False,1.024,konkani,
/content/drive/MyDrive/Audio_dataset/konkani/konkani_122.wav,3.197,-97.44,False,2.304,konkani,
/content/drive/MyDrive/Audio_dataset/konkani/konkani_129.wav,3.943,-104.16,False,2.464,konkani,
/content/drive/MyDrive/Audio_dataset/konkani/konkani_115.wav,3.432,-123.83,False,2.752,konkani,
/content/drive/MyDrive/Audio_dataset/konkani/konkani_123.wav,2.792,-88.43,False,1.984,konkani,
/content/drive/MyDrive/Audio_dataset/konkani/konkani_150.wav,1.79,-106.87,False,1.024,konkani,
/content/drive/MyDrive/Audio_dataset/konkani/konkani_157.wav,3.837,-106.52,False,2.496,konkani,
/content/drive/MyDrive/Audio_dataset/konkani/konkani_113.wav,3.133,-104.57,False,2.304,konkani,
/content/drive/MyDrive/Audio_dataset/konkani/konkani_131.wav,3.304,-93.42,False,1.44,konkani,
/content/drive/MyDrive/Audio_dataset/konkani/konkani_141.wav,3.41,-94.88,False,1.888,konkani,
/content/drive/MyDrive/Audio_dataset/konkani/konkani_159.wav,2.025,-106.48,False,0.864,konkani,
/content/drive/MyDrive/Audio_dataset/konkani/konkani_136.wav,3.879,-105.34,False,1.376,konkani,
/content/drive/MyDrive/Audio_dataset/konkani/konkani_125.wav,2.089,-92.15,False,1.6,konkani,
/content/drive/MyDrive/Audio_dataset/konkani/konkani_146.wav,2.366,-105.1,False,1.152,konkani,
/content/drive/MyDrive/Audio_dataset/konkani/konkani_127.wav,2.771,-114.6,False,1.568,konkani,
/content/drive/MyDrive/Audio_dataset/konkani/konkani_130.wav,3.943,-109.29,False,2.112,konkani,
/content/drive/MyDrive/Audio_dataset/konkani/konkani_145.wav,2.686,-97.6,False,1.856,konkani,
/content/drive/MyDrive/Audio_dataset/konkani/konkani_149.wav,2.792,-109.11,False,1.728,konkani,
/content/drive/MyDrive/Audio_dataset/konkani/konkani_155.wav,2.856,-98.96,False,2.208,konkani,
/content/drive/MyDrive/Audio_dataset/konkani/konkani_151.wav,2.046,-107.27,False,1.024,konkani,
/content/drive/MyDrive/Audio_dataset/konkani/konkani_126.wav,3.133,-88.83,False,1.344,konkani,
/content/drive/MyDrive/Audio_dataset/konkani/konkani_154.wav,2.771,-102.24,False,1.888,konkani,
/content/drive/MyDrive/Audio_dataset/konkani/konkani_128.wav,2.835,-97.89,False,1.568,konkani,
/content/drive/MyDrive/Audio_dataset/konkani/konkani_119.wav,2.984,-91.66,False,2.24,konkani,
/content/drive/MyDrive/Audio_dataset/konkani/konkani_138.wav,2.92,-92.78,False,1.888,konkani,
/content/drive/MyDrive/Audio_dataset/konkani/konkani_194.wav,3.069,-96.38,False,2.272,konkani,
/content/drive/MyDrive/Audio_dataset/konkani/konkani_201.wav,2.92,-101.16,False,1.824,konkani,
/content/drive/MyDrive/Audio_dataset/konkani/konkani_168.wav,3.453,-102.52,False,2.784,konkani,
/content/drive/MyDrive/Audio_dataset/konkani/konkani_196.wav,2.579,-101.44,False,1.952,konkani,
/content/drive/MyDrive/Audio_dataset/konkani/konkani_205.wav,2.707,-116.49,False,1.792,konkani,
/content/drive/MyDrive/Audio_dataset/konkani/konkani_198.wav,4.007,-122.75,False,2.944,konkani,
/content/drive/MyDrive/Audio_dataset/konkani/konkani_172.wav,2.728,-113.88,False,2.176,konkani,
/content/drive/MyDrive/Audio_dataset/konkani/konkani_182.wav,3.048,-100.79,False,2.496,konkani,
/content/drive/MyDrive/Audio_dataset/konkani/konkani_200.wav,5.222,-112.64,False,3.136,konkani,
/content/drive/MyDrive/Audio_dataset/konkani/konkani_174.wav,3.027,-99.26,False,2.016,konkani,
/content/drive/MyDrive/Audio_dataset/konkani/konkani_170.wav,3.496,-100.3,False,2.112,konkani,
/content/drive/MyDrive/Audio_dataset/konkani/konkani_195.wav,1.343,-96.53,False,1.024,konkani,
/content/drive/MyDrive/Audio_dataset/konkani/konkani_185.wav,2.771,-96.75,False,2.048,konkani,
/content/drive/MyDrive/Audio_dataset/konkani/konkani_189.wav,2.153,-93.09,False,0.896,konkani,
/content/drive/MyDrive/Audio_dataset/konkani/konkani_175.wav,4.476,-110.5,False,3.456,konkani,
/content/drive/MyDrive/Audio_dataset/konkani/konkani_178.wav,3.304,-101.2,False,2.24,konkani,
/content/drive/MyDrive/Audio_dataset/konkani/konkani_177.wav,2.75,-103.46,False,1.632,konkani,
/content/drive/MyDrive/Audio_dataset/konkani/konkani_210.wav,1.641,-111.44,False,1.056,konkani,
/content/drive/MyDrive/Audio_dataset/konkani/konkani_199.wav,3.986,-97.15,False,1.728,konkani,
/content/drive/MyDrive/Audio_dataset/konkani/konkani_211.wav,3.069,-95.48,False,1.952,konkani,
/content/drive/MyDrive/Audio_dataset/konkani/konkani_190.wav,2.707,-93.57,False,1.888,konkani,
/content/drive/MyDrive/Audio_dataset/konkani/konkani_180.wav,4.54,-109.32,False,3.2,konkani,
/content/drive/MyDrive/Audio_dataset/konkani/konkani_166.wav,3.709,-110.61,False,3.104,konkani,
/content/drive/MyDrive/Audio_dataset/konkani/konkani_179.wav,1.79,-101.49,False,0.992,konkani,
/content/drive/MyDrive/Audio_dataset/konkani/konkani_207.wav,2.451,-103.84,False,1.664,konkani,
/content/drive/MyDrive/Audio_dataset/konkani/konkani_203.wav,2.728,-99.27,False,2.112,konkani,
/content/drive/MyDrive/Audio_dataset/konkani/konkani_176.wav,3.645,-101.63,False,2.656,konkani,
/content/drive/MyDrive/Audio_dataset/konkani/konkani_188.wav,3.197,-101.08,False,2.368,konkani,
/content/drive/MyDrive/Audio_dataset/konkani/konkani_208.wav,4.775,-105.35,False,3.104,konkani,
/content/drive/MyDrive/Audio_dataset/konkani/konkani_161.wav,2.217,-108.43,False,1.344,konkani,
/content/drive/MyDrive/Audio_dataset/konkani/konkani_197.wav,2.686,-93.83,False,1.504,konkani,
/content/drive/MyDrive/Audio_dataset/konkani/konkani_192.wav,2.11,-97.97,False,1.504,konkani,
/content/drive/MyDrive/Audio_dataset/konkani/konkani_186.wav,2.75,-104.15,False,1.792,konkani,
/content/drive/MyDrive/Audio_dataset/konkani/konkani_206.wav,4.732,-100.74,False,1.824,konkani,
/content/drive/MyDrive/Audio_dataset/konkani/konkani_169.wav,3.73,-105.05,False,2.304,konkani,
/content/drive/MyDrive/Audio_dataset/konkani/konkani_171.wav,2.664,-103.48,False,1.408,konkani,
/content/drive/MyDrive/Audio_dataset/konkani/konkani_202.wav,2.771,-107.67,False,1.376,konkani,
/content/drive/MyDrive/Audio_dataset/konkani/konkani_209.wav,2.537,-116.84,False,2.112,konkani,
/content/drive/MyDrive/Audio_dataset/konkani/konkani_187.wav,3.453,-91.97,False,2.816,konkani,
/content/drive/MyDrive/Audio_dataset/konkani/konkani_162.wav,4.135,-106.04,False,3.36,konkani,
/content/drive/MyDrive/Audio_dataset/konkani/konkani_191.wav,2.856,-107.07,False,1.568,konkani,
/content/drive/MyDrive/Audio_dataset/konkani/konkani_164.wav,5.521,-103.94,False,4.192,konkani,
/content/drive/MyDrive/Audio_dataset/konkani/konkani_167.wav,2.537,-99.73,False,1.76,konkani,
/content/drive/MyDrive/Audio_dataset/konkani/konkani_165.wav,3.645,-99.64,False,2.944,konkani,
/content/drive/MyDrive/Audio_dataset/konkani/konkani_173.wav,3.666,-102.92,False,3.2,konkani,
/content/drive/MyDrive/Audio_dataset/konkani/konkani_184.wav,2.92,-103.4,False,1.92,konkani,
/content/drive/MyDrive/Audio_dataset/konkani/konkani_181.wav,3.752,-102.91,False,2.624,konkani,
/content/drive/MyDrive/Audio_dataset/konkani/konkani_163.wav,2.835,-104.47,False,1.792,konkani,
/content/drive/MyDrive/Audio_dataset/konkani/konkani_204.wav,2.686,-142.87,False,1.408,konkani,
/content/drive/MyDrive/Audio_dataset/konkani/konkani_183.wav,3.176,-103.44,False,2.592,konkani,
/content/drive/MyDrive/Audio_dataset/konkani/konkani_193.wav,2.75,-103.25,False,2.208,konkani,
/content/drive/MyDrive/Audio_dataset/konkani/konkani_245.wav,2.771,-96.9,False,2.272,konkani,
/content/drive/MyDrive/Audio_dataset/konkani/konkani_254.wav,2.792,-104.12,False,2.016,konkani,
/content/drive/MyDrive/Audio_dataset/konkani/konkani_257.wav,2.707,-97.86,False,1.888,konkani,
/content/drive/MyDrive/Audio_dataset/konkani/konkani_252.wav,2.153,-95.51,False,1.376,konkani,
/content/drive/MyDrive/Audio_dataset/konkani/konkani_260.wav,2.281,-101.32,False,1.024,konkani,
/content/drive/MyDrive/Audio_dataset/konkani/konkani_248.wav,2.558,-97.06,False,1.856,konkani,
/content/drive/MyDrive/Audio_dataset/konkani/konkani_224.wav,2.792,-117.6,False,2.24,konkani,
/content/drive/MyDrive/Audio_dataset/konkani/konkani_231.wav,4.647,-104.63,False,2.848,konkani,
/content/drive/MyDrive/Audio_dataset/konkani/konkani_227.wav,4.135,-103.33,False,2.496,konkani,
/content/drive/MyDrive/Audio_dataset/konkani/konkani_234.wav,3.432,-103.76,False,2.784,konkani,
/content/drive/MyDrive/Audio_dataset/konkani/konkani_259.wav,2.963,-105.34,False,2.016,konkani,
/content/drive/MyDrive/Audio_dataset/konkani/konkani_238.wav,2.323,-103.61,False,1.632,konkani,
/content/drive/MyDrive/Audio_dataset/konkani/konkani_223.wav,1.641,-96.4,False,1.12,konkani,
/content/drive/MyDrive/Audio_dataset/konkani/konkani_236.wav,2.686,-81.81,False,1.92,konkani,
/content/drive/MyDrive/Audio_dataset/konkani/konkani_250.wav,3.006,-96.22,False,2.336,konkani,
/content/drive/MyDrive/Audio_dataset/konkani/konkani_214.wav,4.817,-108.16,False,4.657,konkani,
/content/drive/MyDrive/Audio_dataset/konkani/konkani_230.wav,5.67,-98.66,False,3.68,konkani,
/content/drive/MyDrive/Audio_dataset/konkani/konkani_242.wav,2.579,-106.67,False,1.888,konkani,
/content/drive/MyDrive/Audio_dataset/konkani/konkani_216.wav,4.498,-104.68,False,3.008,konkani,
/content/drive/MyDrive/Audio_dataset/konkani/konkani_235.wav,2.068,-105.09,False,1.632,konkani,
/content/drive/MyDrive/Audio_dataset/konkani/konkani_253.wav,4.583,-102.76,False,2.4,konkani,
/content/drive/MyDrive/Audio_dataset/konkani/konkani_218.wav,4.263,-103.28,False,2.56,konkani,
/content/drive/MyDrive/Audio_dataset/konkani/konkani_212.wav,3.879,-103.32,False,2.368,konkani,
/content/drive/MyDrive/Audio_dataset/konkani/konkani_221.wav,1.94,-98.25,False,1.568,konkani,
/content/drive/MyDrive/Audio_dataset/konkani/konkani_247.wav,4.391,-99.69,False,1.92,konkani,
/content/drive/MyDrive/Audio_dataset/konkani/konkani_261.wav,4.007,-104.09,False,1.664,konkani,
/content/drive/MyDrive/Audio_dataset/konkani/konkani_226.wav,2.153,-102.94,False,1.12,konkani,
/content/drive/MyDrive/Audio_dataset/konkani/konkani_215.wav,4.306,-101.44,False,3.296,konkani,
/content/drive/MyDrive/Audio_dataset/konkani/konkani_256.wav,2.537,-102.92,False,1.792,konkani,
/content/drive/MyDrive/Audio_dataset/konkani/konkani_249.wav,2.942,-97.82,False,1.856,konkani,
/content/drive/MyDrive/Audio_dataset/konkani/konkani_255.wav,2.686,-105.56,False,1.696,konkani,
/content/drive/MyDrive/Audio_dataset/konkani/konkani_246.wav,1.513,-92.02,False,0.864,konkani,
/content/drive/MyDrive/Audio_dataset/konkani/konkani_251.wav,1.876,-90.22,False,1.184,konkani,
/content/drive/MyDrive/Audio_dataset/konkani/konkani_232.wav,3.197,-100.2,False,2.528,konkani,
/content/drive/MyDrive/Audio_dataset/konkani/konkani_243.wav,2.089,-112.53,False,0.992,konkani,
/content/drive/MyDrive/Audio_dataset/konkani/konkani_219.wav,2.259,-91.61,False,1.44,konkani,
/content/drive/MyDrive/Audio_dataset/konkani/konkani_220.wav,2.707,-96.14,False,1.824,konkani,
/content/drive/MyDrive/Audio_dataset/konkani/konkani_233.wav,2.622,-99.15,False,1.376,konkani,
/content/drive/MyDrive/Audio_dataset/konkani/konkani_222.wav,3.027,-98.31,False,1.92,konkani,
/content/drive/MyDrive/Audio_dataset/konkani/konkani_237.wav,3.304,-104.72,False,1.44,konkani,
/content/drive/MyDrive/Audio_dataset/konkani/konkani_244.wav,2.196,-94.86,False,1.568,konkani,
/content/drive/MyDrive/Audio_dataset/konkani/konkani_213.wav,4.37,-103.83,False,3.616,konkani,
/content/drive/MyDrive/Audio_dataset/konkani/konkani_239.wav,3.091,-95.19,False,1.92,konkani,
/content/drive/MyDrive/Audio_dataset/konkani/konkani_217.wav,3.283,-98.8,False,2.816,konkani,
/content/drive/MyDrive/Audio_dataset/konkani/konkani_262.wav,3.773,-109.04,False,2.272,konkani,
/content/drive/MyDrive/Audio_dataset/konkani/konkani_229.wav,2.728,-102.88,False,1.696,konkani,
/content/drive/MyDrive/Audio_dataset/konkani/konkani_225.wav,2.707,-94.8,False,1.92,konkani,
/content/drive/MyDrive/Audio_dataset/konkani/konkani_258.wav,3.645,-99.94,False,2.176,konkani,
/content/drive/MyDrive/Audio_dataset/konkani/konkani_241.wav,2.025,-105.58,False,1.248,konkani,
/content/drive/MyDrive/Audio_dataset/konkani/konkani_240.wav,2.835,-99.5,False,2.56,konkani,
/content/drive/MyDrive/Audio_dataset/konkani/konkani_228.wav,2.664,-102.53,False,1.504,konkani,
/content/drive/MyDrive/Audio_dataset/konkani/konkani_292.wav,2.302,-102.68,False,1.44,konkani,
/content/drive/MyDrive/Audio_dataset/konkani/konkani_308.wav,2.792,-103.96,False,1.504,konkani,
/content/drive/MyDrive/Audio_dataset/konkani/konkani_311.wav,3.517,-111.36,False,2.56,konkani,
/content/drive/MyDrive/Audio_dataset/konkani/konkani_273.wav,5.585,-102.35,False,4.448,konkani,
/content/drive/MyDrive/Audio_dataset/konkani/konkani_281.wav,3.261,-105.7,False,1.312,konkani,
/content/drive/MyDrive/Audio_dataset/konkani/konkani_291.wav,3.496,-100.65,False,2.464,konkani,
/content/drive/MyDrive/Audio_dataset/konkani/konkani_284.wav,2.409,-97.91,False,1.504,konkani,
/content/drive/MyDrive/Audio_dataset/konkani/konkani_266.wav,3.773,-99.72,False,2.112,konkani,
/content/drive/MyDrive/Audio_dataset/konkani/konkani_294.wav,4.412,-103.41,False,3.136,konkani,
/content/drive/MyDrive/Audio_dataset/konkani/konkani_303.wav,4.817,-110.2,False,3.072,konkani,
/content/drive/MyDrive/Audio_dataset/konkani/konkani_307.wav,3.837,-110.54,False,1.344,konkani,
/content/drive/MyDrive/Audio_dataset/konkani/konkani_271.wav,3.709,-104.38,False,1.44,konkani,
/content/drive/MyDrive/Audio_dataset/konkani/konkani_282.wav,3.666,-99.16,False,2.496,konkani,
/content/drive/MyDrive/Audio_dataset/konkani/konkani_299.wav,3.645,-99.63,False,2.912,konkani,
/content/drive/MyDrive/Audio_dataset/konkani/konkani_309.wav,2.814,-105.24,False,1.728,konkani,
/content/drive/MyDrive/Audio_dataset/konkani/konkani_269.wav,2.728,-98.85,False,1.472,konkani,
/content/drive/MyDrive/Audio_dataset/konkani/konkani_302.wav,4.583,-105.06,False,3.872,konkani,
/content/drive/MyDrive/Audio_dataset/konkani/konkani_279.wav,3.112,-98.88,False,2.176,konkani,
/content/drive/MyDrive/Audio_dataset/konkani/konkani_263.wav,2.899,-103.16,False,1.728,konkani,
/content/drive/MyDrive/Audio_dataset/konkani/konkani_306.wav,4.199,-103.15,False,2.176,konkani,
/content/drive/MyDrive/Audio_dataset/konkani/konkani_293.wav,4.157,-104.66,False,3.04,konkani,
/content/drive/MyDrive/Audio_dataset/konkani/konkani_265.wav,3.688,-104.76,False,2.08,konkani,
/content/drive/MyDrive/Audio_dataset/konkani/konkani_287.wav,6.821,-105.32,False,4.96,konkani,
/content/drive/MyDrive/Audio_dataset/konkani/konkani_296.wav,2.75,-99.74,False,1.856,konkani,
/content/drive/MyDrive/Audio_dataset/konkani/konkani_286.wav,5.094,-103.16,False,2.016,konkani,
/content/drive/MyDrive/Audio_dataset/konkani/konkani_285.wav,3.155,-127.95,False,2.112,konkani,
/content/drive/MyDrive/Audio_dataset/konkani/konkani_272.wav,2.984,-103.96,False,1.952,konkani,
/content/drive/MyDrive/Audio_dataset/konkani/konkani_283.wav,2.856,-97.13,False,1.6,konkani,
/content/drive/MyDrive/Audio_dataset/konkani/konkani_305.wav,4.775,-102.51,False,3.328,konkani,
/content/drive/MyDrive/Audio_dataset/konkani/konkani_288.wav,5.265,-108.86,False,2.528,konkani,
/content/drive/MyDrive/Audio_dataset/konkani/konkani_270.wav,2.515,-101.28,False,1.216,konkani,
/content/drive/MyDrive/Audio_dataset/konkani/konkani_264.wav,3.432,-113.3,False,1.792,konkani,
/content/drive/MyDrive/Audio_dataset/konkani/konkani_295.wav,4.071,-97.6,False,2.752,konkani,
/content/drive/MyDrive/Audio_dataset/konkani/konkani_289.wav,2.558,-107.01,False,1.792,konkani,
/content/drive/MyDrive/Audio_dataset/konkani/konkani_277.wav,2.473,-99.17,False,1.44,konkani,
/content/drive/MyDrive/Audio_dataset/konkani/konkani_304.wav,3.304,-106.11,False,1.568,konkani,
/content/drive/MyDrive/Audio_dataset/konkani/konkani_275.wav,3.219,-110.64,False,1.728,konkani,
/content/drive/MyDrive/Audio_dataset/konkani/konkani_276.wav,3.474,-97.03,False,2.272,konkani,
/content/drive/MyDrive/Audio_dataset/konkani/konkani_301.wav,2.835,-106.12,False,1.952,konkani,
/content/drive/MyDrive/Audio_dataset/konkani/konkani_297.wav,3.432,-106.22,False,1.632,konkani,
/content/drive/MyDrive/Audio_dataset/konkani/konkani_274.wav,2.43,-98.29,False,1.568,konkani,
/content/drive/MyDrive/Audio_dataset/konkani/konkani_290.wav,3.496,-101.71,False,2.656,konkani,
/content/drive/MyDrive/Audio_dataset/konkani/konkani_268.wav,3.56,-104.93,False,2.08,konkani,
/content/drive/MyDrive/Audio_dataset/konkani/konkani_298.wav,3.176,-99.9,False,1.408,konkani,
/content/drive/MyDrive/Audio_dataset/konkani/konkani_300.wav,4.178,-99.15,False,3.104,konkani,
/content/drive/MyDrive/Audio_dataset/konkani/konkani_310.wav,2.814,-97.81,False,1.472,konkani,
/content/drive/MyDrive/Audio_dataset/konkani/konkani_278.wav,2.664,-102.31,False,1.952,konkani,
/content/drive/MyDrive/Audio_dataset/konkani/konkani_267.wav,3.261,-111.98,False,1.824,konkani,
/content/drive/MyDrive/Audio_dataset/konkani/konkani_280.wav,6.245,-101.85,False,4.736,konkani,
/content/drive/MyDrive/Audio_dataset/konkani/konkani_353.wav,2.345,-97.29,False,1.568,konkani,
/content/drive/MyDrive/Audio_dataset/konkani/konkani_324.wav,3.624,-118.18,False,1.952,konkani,
/content/drive/MyDrive/Audio_dataset/konkani/konkani_318.wav,4.689,-104.54,False,3.104,konkani,
/content/drive/MyDrive/Audio_dataset/konkani/konkani_348.wav,3.027,-102.46,False,1.824,konkani,
/content/drive/MyDrive/Audio_dataset/konkani/konkani_330.wav,3.027,-97.72,False,1.824,konkani,
/content/drive/MyDrive/Audio_dataset/konkani/konkani_332.wav,3.048,-102.94,False,1.792,konkani,
/content/drive/MyDrive/Audio_dataset/konkani/konkani_349.wav,3.538,-99.64,False,1.888,konkani,
/content/drive/MyDrive/Audio_dataset/konkani/konkani_336.wav,3.112,-105.56,False,1.6,konkani,
/content/drive/MyDrive/Audio_dataset/konkani/konkani_327.wav,2.558,-103.74,False,1.856,konkani,
/content/drive/MyDrive/Audio_dataset/konkani/konkani_352.wav,2.537,-98.95,False,1.92,konkani,
/content/drive/MyDrive/Audio_dataset/konkani/konkani_340.wav,4.114,-102.94,False,2.752,konkani,
/content/drive/MyDrive/Audio_dataset/konkani/konkani_351.wav,3.048,-100.28,False,1.952,konkani,
/content/drive/MyDrive/Audio_dataset/konkani/konkani_339.wav,2.92,-98.48,False,1.888,konkani,
/content/drive/MyDrive/Audio_dataset/konkani/konkani_355.wav,5.563,-117.53,False,2.752,konkani,
/content/drive/MyDrive/Audio_dataset/konkani/konkani_338.wav,2.473,-103.27,False,1.6,konkani,
/content/drive/MyDrive/Audio_dataset/konkani/konkani_342.wav,3.624,-95.97,False,2.656,konkani,
/content/drive/MyDrive/Audio_dataset/konkani/konkani_361.wav,3.283,-103.69,False,2.24,konkani,
/content/drive/MyDrive/Audio_dataset/konkani/konkani_312.wav,2.75,-106.52,False,2.048,konkani,
/content/drive/MyDrive/Audio_dataset/konkani/konkani_356.wav,2.323,-102.73,False,1.696,konkani,
/content/drive/MyDrive/Audio_dataset/konkani/konkani_329.wav,3.155,-103.7,False,2.08,konkani,
/content/drive/MyDrive/Audio_dataset/konkani/konkani_354.wav,3.091,-104.5,False,1.76,konkani,
/content/drive/MyDrive/Audio_dataset/konkani/konkani_341.wav,2.153,-101.53,False,1.568,konkani,
/content/drive/MyDrive/Audio_dataset/konkani/konkani_320.wav,2.963,-97.99,False,2.144,konkani,
/content/drive/MyDrive/Audio_dataset/konkani/konkani_317.wav,3.474,-101.27,False,2.272,konkani,
/content/drive/MyDrive/Audio_dataset/konkani/konkani_333.wav,2.75,-100.23,False,1.408,konkani,
/content/drive/MyDrive/Audio_dataset/konkani/konkani_331.wav,2.409,-97.3,False,1.376,konkani,
/content/drive/MyDrive/Audio_dataset/konkani/konkani_362.wav,2.878,-97.84,False,2.112,konkani,
/content/drive/MyDrive/Audio_dataset/konkani/konkani_316.wav,1.727,-96.95,False,1.408,konkani,
/content/drive/MyDrive/Audio_dataset/konkani/konkani_337.wav,2.92,-109.69,False,1.984,konkani,
/content/drive/MyDrive/Audio_dataset/konkani/konkani_313.wav,2.792,-95.04,False,1.664,konkani,
/content/drive/MyDrive/Audio_dataset/konkani/konkani_322.wav,3.389,-99.88,False,2.56,konkani,
/content/drive/MyDrive/Audio_dataset/konkani/konkani_326.wav,2.622,-104.6,False,2.048,konkani,
/content/drive/MyDrive/Audio_dataset/konkani/konkani_325.wav,3.943,-117.92,False,1.696,konkani,
/content/drive/MyDrive/Audio_dataset/konkani/konkani_345.wav,2.345,-96.39,False,1.312,konkani,
/content/drive/MyDrive/Audio_dataset/konkani/konkani_314.wav,3.325,-102.5,False,1.248,konkani,
/content/drive/MyDrive/Audio_dataset/konkani/konkani_343.wav,3.453,-105.57,False,1.92,konkani,
/content/drive/MyDrive/Audio_dataset/konkani/konkani_323.wav,2.217,-107.46,False,1.728,konkani,
/content/drive/MyDrive/Audio_dataset/konkani/konkani_335.wav,2.728,-110.27,False,1.856,konkani,
/content/drive/MyDrive/Audio_dataset/konkani/konkani_346.wav,2.43,-96.85,False,1.472,konkani,
/content/drive/MyDrive/Audio_dataset/konkani/konkani_350.wav,2.771,-97.01,False,1.6,konkani,
/content/drive/MyDrive/Audio_dataset/konkani/konkani_321.wav,3.091,-107.34,False,2.144,konkani,
/content/drive/MyDrive/Audio_dataset/konkani/konkani_359.wav,3.069,-104.73,False,2.016,konkani,
/content/drive/MyDrive/Audio_dataset/konkani/konkani_344.wav,2.899,-107.91,False,1.792,konkani,
/content/drive/MyDrive/Audio_dataset/konkani/konkani_363.wav,4.178,-105.62,False,3.328,konkani,
/content/drive/MyDrive/Audio_dataset/konkani/konkani_319.wav,2.92,-98.43,False,2.24,konkani,
/content/drive/MyDrive/Audio_dataset/konkani/konkani_315.wav,2.537,-112.28,False,1.824,konkani,
/content/drive/MyDrive/Audio_dataset/konkani/konkani_360.wav,2.217,-96.97,False,1.664,konkani,
/content/drive/MyDrive/Audio_dataset/konkani/konkani_347.wav,2.302,-99.12,False,1.632,konkani,
/content/drive/MyDrive/Audio_dataset/konkani/konkani_328.wav,2.558,-103.89,False,1.952,konkani,
/content/drive/MyDrive/Audio_dataset/konkani/konkani_358.wav,3.176,-99.5,False,2.304,konkani,
/content/drive/MyDrive/Audio_dataset/konkani/konkani_334.wav,2.217,-95.89,False,1.184,konkani,
/content/drive/MyDrive/Audio_dataset/konkani/konkani_357.wav,3.986,-101.51,False,3.392,konkani,
/content/drive/MyDrive/Audio_dataset/konkani/konkani_386.wav,2.473,-103.49,False,1.248,konkani,
/content/drive/MyDrive/Audio_dataset/konkani/konkani_368.wav,2.942,-100.09,False,2.016,konkani,
/content/drive/MyDrive/Audio_dataset/konkani/konkani_391.wav,2.174,-100.87,False,1.664,konkani,
/content/drive/MyDrive/Audio_dataset/konkani/konkani_380.wav,2.323,-98.59,False,1.6,konkani,
/content/drive/MyDrive/Audio_dataset/konkani/konkani_400.wav,1.982,-100.99,False,1.376,konkani,
/content/drive/MyDrive/Audio_dataset/konkani/konkani_393.wav,4.455,-107.26,False,3.584,konkani,
/content/drive/MyDrive/Audio_dataset/konkani/konkani_377.wav,2.579,-110.77,False,1.408,konkani,
/content/drive/MyDrive/Audio_dataset/konkani/konkani_372.wav,2.132,-109.63,False,1.408,konkani,
/content/drive/MyDrive/Audio_dataset/konkani/konkani_390.wav,2.387,-105.37,False,1.28,konkani,
/content/drive/MyDrive/Audio_dataset/konkani/konkani_382.wav,2.068,-101.35,False,1.088,konkani,
/content/drive/MyDrive/Audio_dataset/konkani/konkani_366.wav,2.323,-107.19,False,1.184,konkani,
/content/drive/MyDrive/Audio_dataset/konkani/konkani_395.wav,4.711,-106.09,False,3.424,konkani,
/content/drive/MyDrive/Audio_dataset/konkani/konkani_370.wav,2.984,-100.64,False,2.176,konkani,
/content/drive/MyDrive/Audio_dataset/konkani/konkani_369.wav,2.643,-101.66,False,1.6,konkani,
/content/drive/MyDrive/Audio_dataset/konkani/konkani_394.wav,2.792,-98.12,False,1.792,konkani,
/content/drive/MyDrive/Audio_dataset/konkani/konkani_385.wav,2.046,-98.5,False,1.152,konkani,
/content/drive/MyDrive/Audio_dataset/konkani/konkani_387.wav,2.6,-120.63,False,1.12,konkani,
/content/drive/MyDrive/Audio_dataset/konkani/konkani_397.wav,2.664,-96.56,False,1.984,konkani,
/content/drive/MyDrive/Audio_dataset/konkani/konkani_396.wav,2.473,-103.14,False,1.024,konkani,
/content/drive/MyDrive/Audio_dataset/konkani/konkani_384.wav,2.323,-97.01,False,1.344,konkani,
/content/drive/MyDrive/Audio_dataset/konkani/konkani_373.wav,2.217,-102.31,False,1.216,konkani,
/content/drive/MyDrive/Audio_dataset/konkani/konkani_379.wav,2.068,-101.48,False,1.568,konkani,
/content/drive/MyDrive/Audio_dataset/konkani/konkani_378.wav,2.664,-97.0,False,1.792,konkani,
/content/drive/MyDrive/Audio_dataset/konkani/konkani_374.wav,2.451,-100.03,False,1.216,konkani,
/content/drive/MyDrive/Audio_dataset/konkani/konkani_398.wav,2.174,-97.93,False,1.28,konkani,
/content/drive/MyDrive/Audio_dataset/konkani/konkani_371.wav,1.833,-93.4,False,1.056,konkani,
/content/drive/MyDrive/Audio_dataset/konkani/konkani_392.wav,2.878,-104.43,False,2.112,konkani,
/content/drive/MyDrive/Audio_dataset/konkani/konkani_389.wav,2.579,-100.67,False,1.504,konkani,
/content/drive/MyDrive/Audio_dataset/konkani/konkani_383.wav,2.046,-107.91,False,1.024,konkani,
/content/drive/MyDrive/Audio_dataset/konkani/konkani_381.wav,1.833,-102.56,False,0.928,konkani,
/content/drive/MyDrive/Audio_dataset/konkani/konkani_388.wav,1.79,-103.89,False,1.152,konkani,
/content/drive/MyDrive/Audio_dataset/konkani/konkani_375.wav,1.62,-99.76,False,0.736,konkani,
/content/drive/MyDrive/Audio_dataset/konkani/konkani_399.wav,1.535,-100.39,False,0.576,konkani,
/content/drive/MyDrive/Audio_dataset/konkani/konkani_367.wav,3.56,-98.63,False,2.432,konkani,
/content/drive/MyDrive/Audio_dataset/konkani/konkani_364.wav,2.558,-95.21,False,1.6,konkani,
/content/drive/MyDrive/Audio_dataset/konkani/konkani_365.wav,2.728,-93.45,False,1.696,konkani,
/content/drive/MyDrive/Audio_dataset/konkani/konkani_376.wav,2.004,-97.42,False,1.248,konkani,
